clearing_day,market,product,n_contracts,sum_vol,market_cn
20230703,XSGE,AO,8,77490,上期所
20230704,XSGE,AO,8,79293,上期所
20230705,XSGE,AO,8,52396,上期所
20230706,XSGE,AO,8,65453,上期所
20230707,XSGE,AO,8,63426,上期所
20230710,XSGE,AO,8,88602,上期所
20230711,XSGE,AO,8,33930,上期所
20230712,XSGE,AO,8,93594,上期所
20230713,XSGE,AO,8,89423,上期所
20230714,XSGE,AO,8,95955,上期所
20230717,XSGE,AO,8,163318,上期所
20230718,XSGE,AO,9,112770,上期所
20230719,XSGE,AO,9,57992,上期所
20230720,XSGE,AO,9,210544,上期所
20230721,XSGE,AO,9,108409,上期所
20230724,XSGE,AO,9,110043,上期所
20230725,XSGE,AO,9,107773,上期所
20230726,XSGE,AO,9,116063,上期所
20230727,XSGE,AO,9,88830,上期所
20230728,XSGE,AO,9,91876,上期所
20230731,XSGE,AO,9,76906,上期所
20230801,XSGE,AO,9,111785,上期所
20230802,XSGE,AO,9,78323,上期所
20230803,XSGE,AO,9,77171,上期所
20230804,XSGE,AO,9,63286,上期所
20230807,XSGE,AO,9,62112,上期所
20230808,XSGE,AO,9,46546,上期所
20230809,XSGE,AO,9,52600,上期所
20230810,XSGE,AO,9,76175,上期所
20230811,XSGE,AO,9,86508,上期所
20230814,XSGE,AO,9,90660,上期所
20230815,XSGE,AO,9,52330,上期所
20230816,XSGE,AO,10,45448,上期所
20230817,XSGE,AO,10,69958,上期所
20230818,XSGE,AO,10,76716,上期所
20230821,XSGE,AO,10,69163,上期所
20230822,XSGE,AO,10,75999,上期所
20230823,XSGE,AO,10,152362,上期所
20230824,XSGE,AO,10,114024,上期所
20230825,XSGE,AO,10,111235,上期所
20230828,XSGE,AO,10,85720,上期所
20230829,XSGE,AO,10,65944,上期所
20230830,XSGE,AO,10,85585,上期所
20230831,XSGE,AO,10,105694,上期所
20230901,XSGE,AO,10,159810,上期所
20230904,XSGE,AO,10,350377,上期所
20230905,XSGE,AO,10,311828,上期所
20230906,XSGE,AO,10,218343,上期所
20230907,XSGE,AO,10,174184,上期所
20230908,XSGE,AO,10,135766,上期所
20230911,XSGE,AO,10,77933,上期所
20230912,XSGE,AO,10,86647,上期所
20230913,XSGE,AO,10,103631,上期所
20230914,XSGE,AO,10,103647,上期所
20230915,XSGE,AO,10,201268,上期所
20230918,XSGE,AO,11,89195,上期所
20230919,XSGE,AO,11,126780,上期所
20230920,XSGE,AO,11,80884,上期所
20230921,XSGE,AO,11,143648,上期所
20230922,XSGE,AO,11,105816,上期所
20230925,XSGE,AO,11,109476,上期所
20230926,XSGE,AO,11,94504,上期所
20230927,XSGE,AO,11,93975,上期所
20230928,XSGE,AO,11,79197,上期所
20231009,XSGE,AO,11,53137,上期所
20231010,XSGE,AO,11,102574,上期所
20231011,XSGE,AO,11,129467,上期所
20231012,XSGE,AO,11,88448,上期所
20231013,XSGE,AO,11,91604,上期所
20231016,XSGE,AO,11,145181,上期所
20231017,XSGE,AO,12,252733,上期所
20231018,XSGE,AO,12,104688,上期所
20231019,XSGE,AO,12,141900,上期所
20231020,XSGE,AO,12,138241,上期所
20231023,XSGE,AO,12,122654,上期所
20231024,XSGE,AO,12,92087,上期所
20231025,XSGE,AO,12,99631,上期所
20231026,XSGE,AO,12,142121,上期所
20231027,XSGE,AO,12,78074,上期所
20231030,XSGE,AO,12,87438,上期所
20231031,XSGE,AO,12,91775,上期所
20231101,XSGE,AO,12,61940,上期所
20231102,XSGE,AO,12,59446,上期所
20231103,XSGE,AO,12,65032,上期所
20231106,XSGE,AO,12,71897,上期所
20231107,XSGE,AO,12,47526,上期所
20231108,XSGE,AO,12,59783,上期所
20231109,XSGE,AO,12,59793,上期所
20231110,XSGE,AO,12,69404,上期所
20231113,XSGE,AO,12,125840,上期所
20231114,XSGE,AO,12,85299,上期所
20231115,XSGE,AO,12,63704,上期所
20231116,XSGE,AO,12,62314,上期所
20231117,XSGE,AO,12,56953,上期所
20231120,XSGE,AO,12,62518,上期所
20231121,XSGE,AO,12,56853,上期所
20231122,XSGE,AO,12,74842,上期所
20231123,XSGE,AO,12,54264,上期所
20231124,XSGE,AO,12,76435,上期所
20231127,XSGE,AO,12,80788,上期所
20231128,XSGE,AO,12,70587,上期所
20231129,XSGE,AO,12,51683,上期所
20231130,XSGE,AO,12,73514,上期所
20231201,XSGE,AO,12,65261,上期所
20231204,XSGE,AO,12,63144,上期所
20231205,XSGE,AO,12,64659,上期所
20231206,XSGE,AO,12,109987,上期所
20231207,XSGE,AO,12,58265,上期所
20231208,XSGE,AO,12,49327,上期所
20231211,XSGE,AO,12,53501,上期所
20231212,XSGE,AO,12,56947,上期所
20231213,XSGE,AO,12,49916,上期所
20231214,XSGE,AO,12,52542,上期所
20231215,XSGE,AO,12,50102,上期所
20231218,XSGE,AO,12,46850,上期所
20231219,XSGE,AO,12,31585,上期所
20231220,XSGE,AO,12,52733,上期所
20231221,XSGE,AO,12,70582,上期所
20231222,XSGE,AO,12,144346,上期所
20231225,XSGE,AO,12,496439,上期所
20231226,XSGE,AO,12,259970,上期所
20231227,XSGE,AO,12,270036,上期所
20231228,XSGE,AO,12,310009,上期所
20231229,XSGE,AO,12,266633,上期所
20240102,XSGE,AO,12,282772,上期所
20240103,XSGE,AO,12,1267137,上期所
20240104,XSGE,AO,12,949309,上期所
20240105,XSGE,AO,12,555748,上期所
20240108,XSGE,AO,12,346145,上期所
20240109,XSGE,AO,12,324007,上期所
20240110,XSGE,AO,12,218488,上期所
20240111,XSGE,AO,12,304019,上期所
20240112,XSGE,AO,12,287766,上期所
20240115,XSGE,AO,12,221929,上期所
20240116,XSGE,AO,12,165058,上期所
20240117,XSGE,AO,12,96546,上期所
20240118,XSGE,AO,12,101505,上期所
20240119,XSGE,AO,12,69490,上期所
20240122,XSGE,AO,12,92182,上期所
20240123,XSGE,AO,12,67067,上期所
20240124,XSGE,AO,12,149985,上期所
20240125,XSGE,AO,12,72134,上期所
20240126,XSGE,AO,12,88353,上期所
20240129,XSGE,AO,12,77934,上期所
20240130,XSGE,AO,12,52051,上期所
20240131,XSGE,AO,12,75113,上期所
20240201,XSGE,AO,12,49462,上期所
20240202,XSGE,AO,12,65847,上期所
20240205,XSGE,AO,12,32445,上期所
20240206,XSGE,AO,12,42620,上期所
20240207,XSGE,AO,12,26424,上期所
20240208,XSGE,AO,12,33295,上期所
20240219,XSGE,AO,12,18974,上期所
20240220,XSGE,AO,12,31152,上期所
20240221,XSGE,AO,12,91161,上期所
20240222,XSGE,AO,12,65121,上期所
20240223,XSGE,AO,12,157058,上期所
20240226,XSGE,AO,12,124314,上期所
20240227,XSGE,AO,12,77382,上期所
20240228,XSGE,AO,12,88628,上期所
20240229,XSGE,AO,12,109487,上期所
20240301,XSGE,AO,12,77851,上期所
20240304,XSGE,AO,12,78113,上期所
20240305,XSGE,AO,12,64411,上期所
20240306,XSGE,AO,12,53328,上期所
20240307,XSGE,AO,12,66060,上期所
20240308,XSGE,AO,12,138514,上期所
20240311,XSGE,AO,12,91746,上期所
20240312,XSGE,AO,12,67309,上期所
20240313,XSGE,AO,12,44152,上期所
20240314,XSGE,AO,12,118077,上期所
20240315,XSGE,AO,12,79347,上期所
20240318,XSGE,AO,12,130473,上期所
20240319,XSGE,AO,12,171583,上期所
20240320,XSGE,AO,12,83692,上期所
20240321,XSGE,AO,12,136155,上期所
20240322,XSGE,AO,12,135318,上期所
20240325,XSGE,AO,12,97315,上期所
20240326,XSGE,AO,12,82246,上期所
20240327,XSGE,AO,12,76762,上期所
20240328,XSGE,AO,12,75392,上期所
20240329,XSGE,AO,12,66395,上期所
20240401,XSGE,AO,12,75233,上期所
20240402,XSGE,AO,12,51721,上期所
20240403,XSGE,AO,12,56636,上期所
20240408,XSGE,AO,12,65818,上期所
20240409,XSGE,AO,12,74708,上期所
20240410,XSGE,AO,12,85809,上期所
20240411,XSGE,AO,12,80427,上期所
20240412,XSGE,AO,12,65272,上期所
20240415,XSGE,AO,12,363211,上期所
20240416,XSGE,AO,12,118401,上期所
20240417,XSGE,AO,12,180240,上期所
20240418,XSGE,AO,12,145592,上期所
20240419,XSGE,AO,12,107809,上期所
20240422,XSGE,AO,12,107407,上期所
20240423,XSGE,AO,12,76551,上期所
20240424,XSGE,AO,12,71266,上期所
20240425,XSGE,AO,12,314383,上期所
20240426,XSGE,AO,12,357731,上期所
20240429,XSGE,AO,12,518500,上期所
20240430,XSGE,AO,12,274378,上期所
20240506,XSGE,AO,12,150594,上期所
20240507,XSGE,AO,12,232466,上期所
20240508,XSGE,AO,12,164693,上期所
20240509,XSGE,AO,12,271993,上期所
20240510,XSGE,AO,12,259487,上期所
20240513,XSGE,AO,12,205888,上期所
20240514,XSGE,AO,12,178319,上期所
20240515,XSGE,AO,12,145138,上期所
20240516,XSGE,AO,12,243048,上期所
20240517,XSGE,AO,12,166490,上期所
20240520,XSGE,AO,12,409425,上期所
20240521,XSGE,AO,12,601544,上期所
20240522,XSGE,AO,12,887840,上期所
20240523,XSGE,AO,12,560048,上期所
20240524,XSGE,AO,12,555056,上期所
20240527,XSGE,AO,12,657424,上期所
20240528,XSGE,AO,12,463433,上期所
20240529,XSGE,AO,12,428138,上期所
20240530,XSGE,AO,12,502748,上期所
20240531,XSGE,AO,12,332766,上期所
20240603,XSGE,AO,12,605850,上期所
20240604,XSGE,AO,12,341923,上期所
20240605,XSGE,AO,12,384661,上期所
20240606,XSGE,AO,12,304040,上期所
20240607,XSGE,AO,12,305549,上期所
20240611,XSGE,AO,12,129027,上期所
20240612,XSGE,AO,12,299662,上期所
20240613,XSGE,AO,12,295550,上期所
20240614,XSGE,AO,12,278210,上期所
20240617,XSGE,AO,12,395265,上期所
20240618,XSGE,AO,12,216221,上期所
20240619,XSGE,AO,12,268796,上期所
20240620,XSGE,AO,12,236472,上期所
20240621,XSGE,AO,12,242187,上期所
20240624,XSGE,AO,12,227894,上期所
20240625,XSGE,AO,12,206417,上期所
20240626,XSGE,AO,12,306966,上期所
20240627,XSGE,AO,12,165769,上期所
20240628,XSGE,AO,12,180839,上期所
20240701,XSGE,AO,12,161383,上期所
20240702,XSGE,AO,12,225690,上期所
20240703,XSGE,AO,12,190337,上期所
20240704,XSGE,AO,12,133833,上期所
20240705,XSGE,AO,12,144451,上期所
20240708,XSGE,AO,12,193301,上期所
20240709,XSGE,AO,12,222005,上期所
20240710,XSGE,AO,12,251191,上期所
20240711,XSGE,AO,12,407897,上期所
20240712,XSGE,AO,12,453812,上期所
20240715,XSGE,AO,12,564027,上期所
20240716,XSGE,AO,12,342851,上期所
20240717,XSGE,AO,12,247029,上期所
20240718,XSGE,AO,12,356881,上期所
20240719,XSGE,AO,12,322974,上期所
20240722,XSGE,AO,12,336746,上期所
20240723,XSGE,AO,12,222736,上期所
20240724,XSGE,AO,12,238801,上期所
20240725,XSGE,AO,12,298817,上期所
20240726,XSGE,AO,12,297937,上期所
20240729,XSGE,AO,12,374226,上期所
20240730,XSGE,AO,12,258926,上期所
20240731,XSGE,AO,12,304959,上期所
20240801,XSGE,AO,12,233653,上期所
20240802,XSGE,AO,12,259871,上期所
20240805,XSGE,AO,12,325039,上期所
20240806,XSGE,AO,12,300360,上期所
20240807,XSGE,AO,12,221390,上期所
20240808,XSGE,AO,12,243355,上期所
20240809,XSGE,AO,12,528073,上期所
20240812,XSGE,AO,12,420426,上期所
20240813,XSGE,AO,12,339376,上期所
20240814,XSGE,AO,12,372991,上期所
20240815,XSGE,AO,12,303846,上期所
20240816,XSGE,AO,12,529381,上期所
20240819,XSGE,AO,12,582481,上期所
20240820,XSGE,AO,12,631374,上期所
20240821,XSGE,AO,12,589921,上期所
20240822,XSGE,AO,12,618357,上期所
20240823,XSGE,AO,12,483061,上期所
20240826,XSGE,AO,12,621485,上期所
20240827,XSGE,AO,12,522034,上期所
20240828,XSGE,AO,12,463945,上期所
20240829,XSGE,AO,12,314885,上期所
20240830,XSGE,AO,12,336017,上期所
20240902,XSGE,AO,12,386395,上期所
20240903,XSGE,AO,12,343071,上期所
20240904,XSGE,AO,12,396934,上期所
20240905,XSGE,AO,12,442596,上期所
20240906,XSGE,AO,12,413523,上期所
20240909,XSGE,AO,12,527753,上期所
20240910,XSGE,AO,12,332461,上期所
20240911,XSGE,AO,12,398270,上期所
20240912,XSGE,AO,12,380256,上期所
20240913,XSGE,AO,12,381605,上期所
20240918,XSGE,AO,12,201453,上期所
20240919,XSGE,AO,12,375216,上期所
20240920,XSGE,AO,12,262738,上期所
20240923,XSGE,AO,12,323882,上期所
20240924,XSGE,AO,12,308815,上期所
20240925,XSGE,AO,12,472848,上期所
20240926,XSGE,AO,12,326211,上期所
20240927,XSGE,AO,12,295129,上期所
20240930,XSGE,AO,12,277930,上期所
20241008,XSGE,AO,12,276637,上期所
20241009,XSGE,AO,12,287142,上期所
20241010,XSGE,AO,12,539134,上期所
20241011,XSGE,AO,12,992361,上期所
20241014,XSGE,AO,12,1282517,上期所
20241015,XSGE,AO,12,1336810,上期所
20241016,XSGE,AO,12,1298299,上期所
20241017,XSGE,AO,12,1117954,上期所
20241018,XSGE,AO,12,1283432,上期所
20241021,XSGE,AO,12,924525,上期所
20241022,XSGE,AO,12,784156,上期所
20241023,XSGE,AO,12,703006,上期所
20241024,XSGE,AO,12,758042,上期所
20241025,XSGE,AO,12,726778,上期所
20241028,XSGE,AO,12,712659,上期所
20241029,XSGE,AO,12,610501,上期所
20241030,XSGE,AO,12,771850,上期所
20241031,XSGE,AO,12,467281,上期所
20241101,XSGE,AO,12,522490,上期所
20241104,XSGE,AO,12,671394,上期所
20241105,XSGE,AO,12,747266,上期所
20241106,XSGE,AO,12,690338,上期所
20241107,XSGE,AO,12,481890,上期所
20241108,XSGE,AO,12,521939,上期所
20241111,XSGE,AO,12,770889,上期所
20241112,XSGE,AO,12,518925,上期所
20241113,XSGE,AO,12,478465,上期所
20241114,XSGE,AO,12,585671,上期所
20241115,XSGE,AO,12,480708,上期所
20241118,XSGE,AO,12,487060,上期所
20241119,XSGE,AO,12,290937,上期所
20241120,XSGE,AO,12,415624,上期所
20241121,XSGE,AO,12,471261,上期所
20241122,XSGE,AO,12,328446,上期所
20241125,XSGE,AO,12,360981,上期所
20241126,XSGE,AO,12,220952,上期所
20241127,XSGE,AO,12,304161,上期所
20241128,XSGE,AO,12,345024,上期所
20241129,XSGE,AO,12,296164,上期所
20241202,XSGE,AO,12,271786,上期所
20241203,XSGE,AO,12,287882,上期所
20241204,XSGE,AO,12,246825,上期所
20241205,XSGE,AO,12,367765,上期所
20241206,XSGE,AO,12,464106,上期所
20241209,XSGE,AO,12,397789,上期所
20241210,XSGE,AO,12,375470,上期所
20241211,XSGE,AO,12,452506,上期所
20241212,XSGE,AO,12,333353,上期所
20241213,XSGE,AO,12,254271,上期所
20241216,XSGE,AO,12,289775,上期所
20241217,XSGE,AO,12,236088,上期所
20241218,XSGE,AO,12,345821,上期所
20241219,XSGE,AO,12,322256,上期所
20241220,XSGE,AO,12,189934,上期所
20241223,XSGE,AO,12,377910,上期所
20241224,XSGE,AO,12,257724,上期所
20241225,XSGE,AO,12,343868,上期所
20241226,XSGE,AO,12,247592,上期所
20241227,XSGE,AO,12,223580,上期所
20241230,XSGE,AO,12,260175,上期所
20241231,XSGE,AO,12,237699,上期所
20250102,XSGE,AO,12,177079,上期所
20250103,XSGE,AO,12,524145,上期所
20250106,XSGE,AO,12,418124,上期所
20250107,XSGE,AO,12,313084,上期所
20250108,XSGE,AO,12,337227,上期所
20250109,XSGE,AO,12,320158,上期所
20250110,XSGE,AO,12,239469,上期所
20250113,XSGE,AO,12,289449,上期所
20250114,XSGE,AO,12,307839,上期所
20250115,XSGE,AO,12,378256,上期所
20250116,XSGE,AO,12,367403,上期所
20250117,XSGE,AO,12,511221,上期所
20250120,XSGE,AO,12,504124,上期所
20250121,XSGE,AO,12,266100,上期所
20250122,XSGE,AO,12,166884,上期所
20250123,XSGE,AO,12,260844,上期所
20250124,XSGE,AO,12,205228,上期所
20250127,XSGE,AO,12,114650,上期所
20250205,XSGE,AO,12,132322,上期所
20250206,XSGE,AO,12,234659,上期所
20250207,XSGE,AO,12,179052,上期所
20250210,XSGE,AO,12,200415,上期所
20250211,XSGE,AO,12,230001,上期所
20250212,XSGE,AO,12,165031,上期所
20250213,XSGE,AO,12,171869,上期所
20250214,XSGE,AO,12,184246,上期所
20250217,XSGE,AO,12,299323,上期所
20250218,XSGE,AO,12,185415,上期所
20250219,XSGE,AO,12,106974,上期所
20250220,XSGE,AO,12,141535,上期所
20250221,XSGE,AO,12,156083,上期所
20250224,XSGE,AO,12,197453,上期所
20250225,XSGE,AO,12,105701,上期所
20250226,XSGE,AO,12,192347,上期所
20250227,XSGE,AO,12,146435,上期所
20250228,XSGE,AO,12,109164,上期所
20250303,XSGE,AO,12,140523,上期所
20250304,XSGE,AO,12,152223,上期所
20250305,XSGE,AO,12,132603,上期所
20250306,XSGE,AO,12,116792,上期所
20250310,XSGE,AO,12,177904,上期所
20250311,XSGE,AO,12,135181,上期所
20250312,XSGE,AO,12,182920,上期所
20250313,XSGE,AO,12,158002,上期所
20250319,XSGE,AO,12,214164,上期所
20250320,XSGE,AO,12,311736,上期所
20250321,XSGE,AO,12,339619,上期所
20250324,XSGE,AO,12,362732,上期所
20250325,XSGE,AO,12,358319,上期所
20250326,XSGE,AO,12,297054,上期所
20250327,XSGE,AO,12,266700,上期所
20250328,XSGE,AO,12,231391,上期所
20250331,XSGE,AO,12,339825,上期所
20250401,XSGE,AO,12,287639,上期所
20250402,XSGE,AO,12,382161,上期所
20250403,XSGE,AO,12,291300,上期所
20250407,XSGE,AO,12,387702,上期所
20250408,XSGE,AO,12,426975,上期所
20250409,XSGE,AO,12,679444,上期所
20250410,XSGE,AO,12,659289,上期所
20250411,XSGE,AO,12,489141,上期所
20250414,XSGE,AO,12,539858,上期所
20250415,XSGE,AO,12,405104,上期所
20250416,XSGE,AO,12,435315,上期所
20250417,XSGE,AO,12,410937,上期所
20250418,XSGE,AO,12,583271,上期所
20250421,XSGE,AO,12,501481,上期所
20250422,XSGE,AO,12,375474,上期所
20250423,XSGE,AO,12,439476,上期所
20250424,XSGE,AO,12,618400,上期所
20250425,XSGE,AO,12,412691,上期所
20250428,XSGE,AO,12,347457,上期所
20250429,XSGE,AO,12,585243,上期所
20250430,XSGE,AO,12,607163,上期所
20250506,XSGE,AO,12,363619,上期所
20250507,XSGE,AO,12,530766,上期所
20250508,XSGE,AO,12,844786,上期所
20250509,XSGE,AO,12,1065360,上期所
20250512,XSGE,AO,12,953940,上期所
20250513,XSGE,AO,12,577565,上期所
20250514,XSGE,AO,12,1198561,上期所
20250515,XSGE,AO,12,1396627,上期所
20250516,XSGE,AO,12,1598009,上期所
20250519,XSGE,AO,12,3435338,上期所
20250520,XSGE,AO,12,2165904,上期所
20250521,XSGE,AO,12,2745784,上期所
20250522,XSGE,AO,12,1639203,上期所
20250523,XSGE,AO,12,2145549,上期所
20250526,XSGE,AO,12,1610844,上期所
20250527,XSGE,AO,12,1339091,上期所
20250528,XSGE,AO,12,1230347,上期所
20250529,XSGE,AO,12,973569,上期所
20250530,XSGE,AO,12,642801,上期所
20250603,XSGE,AO,12,506377,上期所
20250604,XSGE,AO,12,726024,上期所
20250605,XSGE,AO,12,812210,上期所
20250606,XSGE,AO,12,823347,上期所
20250609,XSGE,AO,12,608949,上期所
20250610,XSGE,AO,12,417079,上期所
20250611,XSGE,AO,12,378907,上期所
20250612,XSGE,AO,12,382417,上期所
20250613,XSGE,AO,12,793552,上期所
20250616,XSGE,AO,12,343575,上期所
20250618,XSGE,AO,12,550654,上期所
20250619,XSGE,AO,12,298029,上期所
20250620,XSGE,AO,12,387941,上期所
20250623,XSGE,AO,12,401716,上期所
20250624,XSGE,AO,12,301047,上期所
20250625,XSGE,AO,12,275438,上期所
20250626,XSGE,AO,12,381772,上期所
20250627,XSGE,AO,12,445463,上期所
20250630,XSGE,AO,12,299676,上期所
20250701,XSGE,AO,12,340606,上期所
20250702,XSGE,AO,12,459468,上期所
20250703,XSGE,AO,12,399140,上期所
20250704,XSGE,AO,12,311203,上期所
20250707,XSGE,AO,12,419495,上期所
20250708,XSGE,AO,12,551282,上期所
20250709,XSGE,AO,12,424164,上期所
20250710,XSGE,AO,12,620736,上期所
20250711,XSGE,AO,12,671383,上期所
20250714,XSGE,AO,12,428593,上期所
20250715,XSGE,AO,12,469824,上期所
20250716,XSGE,AO,12,447591,上期所
20250717,XSGE,AO,12,457706,上期所
20250718,XSGE,AO,12,435098,上期所
20250721,XSGE,AO,12,1248695,上期所
20250723,XSGE,AO,12,1216720,上期所
20250724,XSGE,AO,12,1036946,上期所
20250728,XSGE,AO,12,1321603,上期所
20250729,XSGE,AO,12,614274,上期所
20250730,XSGE,AO,12,779949,上期所
20250731,XSGE,AO,12,547874,上期所
20250801,XSGE,AO,12,419686,上期所
20250804,XSGE,AO,12,394742,上期所
20250805,XSGE,AO,12,393225,上期所
20250806,XSGE,AO,12,307676,上期所
20250807,XSGE,AO,12,496657,上期所
20250808,XSGE,AO,12,346916,上期所
20250811,XSGE,AO,12,339289,上期所
20250812,XSGE,AO,12,696112,上期所
20250813,XSGE,AO,12,533742,上期所
20250814,XSGE,AO,12,556882,上期所
20250815,XSGE,AO,12,537690,上期所
20250818,XSGE,AO,12,426121,上期所
20250819,XSGE,AO,12,342258,上期所
20250820,XSGE,AO,12,537594,上期所
20250821,XSGE,AO,12,391962,上期所
20250822,XSGE,AO,12,313301,上期所
20250825,XSGE,AO,12,546697,上期所
20250826,XSGE,AO,12,541551,上期所
20250827,XSGE,AO,12,389314,上期所
20250828,XSGE,AO,12,288551,上期所
20250829,XSGE,AO,12,341631,上期所
20250902,XSGE,AO,12,346257,上期所
20250903,XSGE,AO,12,273184,上期所
20250904,XSGE,AO,12,312691,上期所
20250905,XSGE,AO,12,477007,上期所
20250908,XSGE,AO,12,339766,上期所
20250909,XSGE,AO,12,251991,上期所
20250910,XSGE,AO,12,260540,上期所
20250911,XSGE,AO,12,279364,上期所
20250912,XSGE,AO,12,263847,上期所
20250915,XSGE,AO,12,288976,上期所
20250916,XSGE,AO,12,640633,上期所
20250917,XSGE,AO,12,490408,上期所
20250918,XSGE,AO,12,469449,上期所
20250919,XSGE,AO,12,340710,上期所
20250922,XSGE,AO,12,338982,上期所
20250923,XSGE,AO,12,491833,上期所
20250924,XSGE,AO,12,339718,上期所
20250925,XSGE,AO,12,372051,上期所
20250926,XSGE,AO,12,321187,上期所
20250929,XSGE,AO,12,395135,上期所
20250930,XSGE,AO,12,264654,上期所
20251009,XSGE,AO,12,210664,上期所
20251010,XSGE,AO,12,338674,上期所
20251013,XSGE,AO,12,316079,上期所
20251014,XSGE,AO,12,258647,上期所
20251015,XSGE,AO,12,268159,上期所
20251016,XSGE,AO,12,225738,上期所
20251017,XSGE,AO,12,311564,上期所
20251020,XSGE,AO,12,260168,上期所
20251021,XSGE,AO,12,258394,上期所
20251022,XSGE,AO,12,287758,上期所
20251023,XSGE,AO,12,239153,上期所
20251024,XSGE,AO,12,273393,上期所
20251027,XSGE,AO,12,306936,上期所
20251028,XSGE,AO,12,348200,上期所
20251029,XSGE,AO,12,375256,上期所
20251030,XSGE,AO,12,476749,上期所
20251031,XSGE,AO,12,327865,上期所
20251103,XSGE,AO,12,292968,上期所
20251104,XSGE,AO,12,218062,上期所
20251105,XSGE,AO,12,244018,上期所
20251106,XSGE,AO,12,225195,上期所
20251107,XSGE,AO,12,189843,上期所
20251110,XSGE,AO,12,548458,上期所
20251111,XSGE,AO,12,246990,上期所
20251112,XSGE,AO,12,298162,上期所
20251113,XSGE,AO,12,330589,上期所
20251114,XSGE,AO,12,369388,上期所
20251117,XSGE,AO,12,555305,上期所
20251118,XSGE,AO,12,293707,上期所
20251119,XSGE,AO,12,348380,上期所
20251120,XSGE,AO,12,313500,上期所
20251121,XSGE,AO,12,258587,上期所
20251124,XSGE,AO,12,302429,上期所
20251125,XSGE,AO,12,207056,上期所
20251126,XSGE,AO,12,251512,上期所
20251127,XSGE,AO,12,293830,上期所
20251128,XSGE,AO,12,249345,上期所
20251201,XSGE,AO,12,322048,上期所
20251202,XSGE,AO,12,236632,上期所
20251203,XSGE,AO,12,301168,上期所
20251204,XSGE,AO,12,289886,上期所
20251205,XSGE,AO,12,387345,上期所
20251208,XSGE,AO,12,376379,上期所
20251209,XSGE,AO,12,329845,上期所
20251210,XSGE,AO,12,455789,上期所
20251211,XSGE,AO,12,395712,上期所
20251212,XSGE,AO,12,441611,上期所
20251215,XSGE,AO,12,1021200,上期所
20251216,XSGE,AO,12,532805,上期所
20251217,XSGE,AO,12,372105,上期所
20251218,XSGE,AO,12,553235,上期所
20251219,XSGE,AO,12,450396,上期所
20251222,XSGE,AO,12,444439,上期所
20251223,XSGE,AO,12,503529,上期所
20251224,XSGE,AO,12,647789,上期所
20251225,XSGE,AO,12,541168,上期所
20251226,XSGE,AO,12,1967715,上期所
20251229,XSGE,AO,12,1699935,上期所
20251230,XSGE,AO,12,858467,上期所
20251231,XSGE,AO,12,911342,上期所
20260105,XSGE,AO,12,609008,上期所
20260106,XSGE,AO,12,821403,上期所
20260107,XSGE,AO,12,2143001,上期所
20260108,XSGE,AO,12,1540172,上期所
20260109,XSGE,AO,12,1140558,上期所
20260112,XSGE,AO,12,955057,上期所
20260113,XSGE,AO,12,1071424,上期所
20260114,XSGE,AO,12,771852,上期所
20260115,XSGE,AO,12,690079,上期所
20260116,XSGE,AO,12,874460,上期所
20260119,XSGE,AO,12,519883,上期所
20260120,XSGE,AO,12,619468,上期所
20260121,XSGE,AO,12,416012,上期所
20260122,XSGE,AO,12,632358,上期所
20260123,XSGE,AO,12,511796,上期所
20260126,XSGE,AO,12,689438,上期所
20260127,XSGE,AO,12,453409,上期所
20260128,XSGE,AO,12,961761,上期所
20260129,XSGE,AO,12,911625,上期所
20260130,XSGE,AO,12,1087080,上期所
20260202,XSGE,AO,12,1079834,上期所
20260203,XSGE,AO,12,790155,上期所
20260204,XSGE,AO,12,451663,上期所
20260205,XSGE,AO,12,476903,上期所
20260206,XSGE,AO,12,1203647,上期所
20260209,XSGE,AO,12,1173615,上期所
20260210,XSGE,AO,12,410466,上期所
20260211,XSGE,AO,12,478324,上期所
20260212,XSGE,AO,12,294756,上期所
20260213,XSGE,AO,12,370006,上期所
20260224,XSGE,AO,12,281944,上期所
20260225,XSGE,AO,12,310382,上期所
20260226,XSGE,AO,12,500033,上期所
20260227,XSGE,AO,12,616871,上期所
20260303,XSGE,AO,12,507501,上期所
20260304,XSGE,AO,12,429212,上期所
20260305,XSGE,AO,12,551402,上期所
20260306,XSGE,AO,12,448934,上期所
20260310,XSGE,AO,12,694233,上期所
20260311,XSGE,AO,12,401811,上期所
20260312,XSGE,AO,12,664436,上期所
20260313,XSGE,AO,12,833349,上期所
20260316,XSGE,AO,12,910114,上期所
20260317,XSGE,AO,12,1581918,上期所
20260318,XSGE,AO,12,1138686,上期所
20260319,XSGE,AO,12,1115643,上期所
20260320,XSGE,AO,12,801702,上期所
20260324,XSGE,AO,12,607236,上期所
20260325,XSGE,AO,12,666462,上期所
20260326,XSGE,AO,12,367479,上期所
20260327,XSGE,AO,12,457723,上期所
20260401,XSGE,AO,12,493492,上期所
20260402,XSGE,AO,12,362990,上期所
20260403,XSGE,AO,12,366216,上期所
20260407,XSGE,AO,12,281307,上期所
20260409,XSGE,AO,12,276854,上期所
20260410,XSGE,AO,12,311867,上期所
20260414,XSGE,AO,12,243277,上期所
20260415,XSGE,AO,12,385943,上期所
20260416,XSGE,AO,12,449258,上期所
20260420,XSGE,AO,12,510929,上期所
20260421,XSGE,AO,12,599301,上期所
20260422,XSGE,AO,12,320631,上期所
20260423,XSGE,AO,12,379766,上期所
20260424,XSGE,AO,12,329678,上期所
20260427,XSGE,AO,12,948901,上期所
20260428,XSGE,AO,12,479364,上期所
20260429,XSGE,AO,12,327370,上期所
20260430,XSGE,AO,12,384288,上期所
20260506,XSGE,AO,12,275525,上期所
20260507,XSGE,AO,12,384824,上期所
20260511,XSGE,AO,12,321475,上期所
20260512,XSGE,AO,12,426448,上期所
20260513,XSGE,AO,12,213238,上期所
20260514,XSGE,AO,12,325780,上期所
20260515,XSGE,AO,12,341550,上期所
20260518,XSGE,AO,12,281129,上期所
20260522,XSGE,AO,12,304987,上期所
20260525,XSGE,AO,12,426827,上期所
20260526,XSGE,AO,12,1053087,上期所
20260527,XSGE,AO,12,700379,上期所
20260528,XSGE,AO,12,404416,上期所
20260601,XSGE,AO,12,440902,上期所
20260602,XSGE,AO,12,404498,上期所
20260603,XSGE,AO,12,327939,上期所
20260609,XSGE,AO,12,453119,上期所
20260610,XSGE,AO,12,613626,上期所
20260611,XSGE,AO,12,533130,上期所
20260612,XSGE,AO,12,498598,上期所
20260616,XSGE,AO,12,368699,上期所
20260617,XSGE,AO,12,389165,上期所
20260618,XSGE,AO,12,471342,上期所
20260622,XSGE,AO,12,423847,上期所
20260623,XSGE,AO,12,480427,上期所
20260624,XSGE,AO,12,294415,上期所
20260625,XSGE,AO,12,366660,上期所
20260626,XSGE,AO,12,300352,上期所
20260629,XSGE,AO,12,220576,上期所
20260630,XSGE,AO,12,259479,上期所
20260701,XSGE,AO,12,177193,上期所
20260702,XSGE,AO,12,283253,上期所
20260703,XSGE,AO,12,306213,上期所
20260706,XSGE,AO,12,228392,上期所
20260707,XSGE,AO,12,213733,上期所
20260708,XSGE,AO,12,202680,上期所
20260710,XSGE,AO,12,203442,上期所
20260713,XSGE,AO,12,334596,上期所
20260714,XSGE,AO,12,244779,上期所
20260715,XSGE,AO,12,239461,上期所
20260716,XSGE,AO,12,270368,上期所
20260717,XSGE,AO,12,282073,上期所
20260721,XSGE,AO,12,272329,上期所
20260723,XSGE,AO,12,292612,上期所
20260724,XSGE,AO,12,248002,上期所
20260727,XSGE,AO,12,278332,上期所
20260728,XSGE,AO,12,290912,上期所
20260729,XSGE,AO,12,294351,上期所
20260730,XSGE,AO,12,575334,上期所
20260731,XSGE,AO,12,301035,上期所
20260803,XSGE,AO,12,230949,上期所
20260805,XSGE,AO,12,240176,上期所
20260806,XSGE,AO,12,515214,上期所
20260807,XSGE,AO,12,256367,上期所
20260810,XSGE,AO,12,294558,上期所
20260811,XSGE,AO,12,380902,上期所
20230728,XSGE,BR,7,92411,上期所
20230731,XSGE,BR,7,109285,上期所
20230801,XSGE,BR,7,31280,上期所
20230802,XSGE,BR,7,41360,上期所
20230803,XSGE,BR,7,133935,上期所
20230804,XSGE,BR,7,45012,上期所
20230807,XSGE,BR,7,46218,上期所
20230808,XSGE,BR,7,37777,上期所
20230809,XSGE,BR,7,26790,上期所
20230810,XSGE,BR,7,31250,上期所
20230811,XSGE,BR,7,33241,上期所
20230814,XSGE,BR,7,29073,上期所
20230815,XSGE,BR,7,27906,上期所
20230816,XSGE,BR,8,28063,上期所
20230817,XSGE,BR,8,30746,上期所
20230818,XSGE,BR,8,45099,上期所
20230821,XSGE,BR,8,39484,上期所
20230822,XSGE,BR,8,38779,上期所
20230823,XSGE,BR,8,75604,上期所
20230824,XSGE,BR,8,92968,上期所
20230825,XSGE,BR,8,82584,上期所
20230828,XSGE,BR,8,72860,上期所
20230829,XSGE,BR,8,46359,上期所
20230830,XSGE,BR,8,54651,上期所
20230831,XSGE,BR,8,47675,上期所
20230901,XSGE,BR,8,126099,上期所
20230904,XSGE,BR,8,524522,上期所
20230905,XSGE,BR,8,744728,上期所
20230906,XSGE,BR,8,607697,上期所
20230907,XSGE,BR,8,528944,上期所
20230908,XSGE,BR,8,545578,上期所
20230911,XSGE,BR,8,263923,上期所
20230912,XSGE,BR,8,308098,上期所
20230913,XSGE,BR,8,224778,上期所
20230914,XSGE,BR,8,173594,上期所
20230915,XSGE,BR,8,156006,上期所
20230918,XSGE,BR,9,123389,上期所
20230919,XSGE,BR,9,107463,上期所
20230920,XSGE,BR,9,95589,上期所
20230921,XSGE,BR,9,132956,上期所
20230922,XSGE,BR,9,69286,上期所
20230925,XSGE,BR,9,77647,上期所
20230926,XSGE,BR,9,96149,上期所
20230927,XSGE,BR,9,84719,上期所
20230928,XSGE,BR,9,95274,上期所
20231009,XSGE,BR,9,39714,上期所
20231010,XSGE,BR,9,124462,上期所
20231011,XSGE,BR,9,94871,上期所
20231012,XSGE,BR,9,149688,上期所
20231013,XSGE,BR,9,169451,上期所
20231016,XSGE,BR,9,116154,上期所
20231017,XSGE,BR,10,119962,上期所
20231018,XSGE,BR,10,142011,上期所
20231019,XSGE,BR,10,123662,上期所
20231020,XSGE,BR,10,205027,上期所
20231023,XSGE,BR,10,126778,上期所
20231024,XSGE,BR,10,114832,上期所
20231025,XSGE,BR,10,125599,上期所
20231026,XSGE,BR,10,187796,上期所
20231027,XSGE,BR,10,107127,上期所
20231030,XSGE,BR,10,97797,上期所
20231031,XSGE,BR,10,116702,上期所
20231101,XSGE,BR,10,78515,上期所
20231102,XSGE,BR,10,68525,上期所
20231103,XSGE,BR,10,65716,上期所
20231106,XSGE,BR,10,84551,上期所
20231107,XSGE,BR,10,99969,上期所
20231108,XSGE,BR,10,76944,上期所
20231109,XSGE,BR,10,63171,上期所
20231110,XSGE,BR,10,127151,上期所
20231113,XSGE,BR,10,72285,上期所
20231114,XSGE,BR,10,72140,上期所
20231115,XSGE,BR,10,55068,上期所
20231116,XSGE,BR,11,52577,上期所
20231117,XSGE,BR,11,91060,上期所
20231120,XSGE,BR,11,56529,上期所
20231121,XSGE,BR,11,75643,上期所
20231122,XSGE,BR,11,95713,上期所
20231123,XSGE,BR,11,76093,上期所
20231124,XSGE,BR,11,56745,上期所
20231127,XSGE,BR,11,83713,上期所
20231128,XSGE,BR,11,73476,上期所
20231129,XSGE,BR,11,54854,上期所
20231130,XSGE,BR,11,115552,上期所
20231201,XSGE,BR,11,55745,上期所
20231204,XSGE,BR,11,48671,上期所
20231205,XSGE,BR,11,63973,上期所
20231206,XSGE,BR,11,70385,上期所
20231207,XSGE,BR,11,40299,上期所
20231208,XSGE,BR,11,60464,上期所
20231211,XSGE,BR,11,33055,上期所
20231212,XSGE,BR,11,36118,上期所
20231213,XSGE,BR,11,42016,上期所
20231214,XSGE,BR,11,27910,上期所
20231215,XSGE,BR,11,29426,上期所
20231218,XSGE,BR,12,41557,上期所
20231219,XSGE,BR,12,22718,上期所
20231220,XSGE,BR,12,43444,上期所
20231221,XSGE,BR,12,75776,上期所
20231222,XSGE,BR,12,51119,上期所
20231225,XSGE,BR,12,152005,上期所
20231226,XSGE,BR,12,157124,上期所
20231227,XSGE,BR,12,77987,上期所
20231228,XSGE,BR,12,61178,上期所
20231229,XSGE,BR,12,70240,上期所
20240102,XSGE,BR,12,55671,上期所
20240103,XSGE,BR,12,41234,上期所
20240104,XSGE,BR,12,34139,上期所
20240105,XSGE,BR,12,43832,上期所
20240108,XSGE,BR,12,39003,上期所
20240109,XSGE,BR,12,29831,上期所
20240110,XSGE,BR,12,20273,上期所
20240111,XSGE,BR,12,22620,上期所
20240112,XSGE,BR,12,28952,上期所
20240115,XSGE,BR,12,23095,上期所
20240116,XSGE,BR,12,21278,上期所
20240117,XSGE,BR,12,18055,上期所
20240118,XSGE,BR,12,21244,上期所
20240119,XSGE,BR,12,17151,上期所
20240122,XSGE,BR,12,24596,上期所
20240123,XSGE,BR,12,23051,上期所
20240124,XSGE,BR,12,19943,上期所
20240125,XSGE,BR,12,21967,上期所
20240126,XSGE,BR,12,15912,上期所
20240129,XSGE,BR,12,60075,上期所
20240130,XSGE,BR,12,19683,上期所
20240131,XSGE,BR,12,38975,上期所
20240201,XSGE,BR,12,18161,上期所
20240202,XSGE,BR,12,29090,上期所
20240205,XSGE,BR,12,20505,上期所
20240206,XSGE,BR,12,14342,上期所
20240207,XSGE,BR,12,32745,上期所
20240208,XSGE,BR,12,23037,上期所
20240219,XSGE,BR,12,22488,上期所
20240220,XSGE,BR,12,15325,上期所
20240221,XSGE,BR,12,29034,上期所
20240222,XSGE,BR,12,29249,上期所
20240223,XSGE,BR,12,38371,上期所
20240226,XSGE,BR,12,50578,上期所
20240227,XSGE,BR,12,66564,上期所
20240228,XSGE,BR,12,44231,上期所
20240229,XSGE,BR,12,43398,上期所
20240301,XSGE,BR,12,27629,上期所
20240304,XSGE,BR,12,27672,上期所
20240305,XSGE,BR,12,24916,上期所
20240306,XSGE,BR,12,23845,上期所
20240307,XSGE,BR,12,20160,上期所
20240308,XSGE,BR,12,31654,上期所
20240311,XSGE,BR,12,31768,上期所
20240312,XSGE,BR,12,23379,上期所
20240313,XSGE,BR,12,21991,上期所
20240314,XSGE,BR,12,48894,上期所
20240315,XSGE,BR,12,49854,上期所
20240318,XSGE,BR,12,211434,上期所
20240319,XSGE,BR,12,83734,上期所
20240320,XSGE,BR,12,49249,上期所
20240321,XSGE,BR,12,54630,上期所
20240322,XSGE,BR,12,42961,上期所
20240325,XSGE,BR,12,32683,上期所
20240326,XSGE,BR,12,23194,上期所
20240327,XSGE,BR,12,26813,上期所
20240328,XSGE,BR,12,16586,上期所
20240329,XSGE,BR,12,18545,上期所
20240401,XSGE,BR,12,26663,上期所
20240402,XSGE,BR,12,18250,上期所
20240403,XSGE,BR,12,25576,上期所
20240408,XSGE,BR,12,22388,上期所
20240409,XSGE,BR,12,24581,上期所
20240410,XSGE,BR,12,18535,上期所
20240411,XSGE,BR,12,17606,上期所
20240412,XSGE,BR,12,30279,上期所
20240415,XSGE,BR,12,18588,上期所
20240416,XSGE,BR,12,24174,上期所
20240417,XSGE,BR,12,16960,上期所
20240418,XSGE,BR,12,20167,上期所
20240419,XSGE,BR,12,27378,上期所
20240422,XSGE,BR,12,24581,上期所
20240423,XSGE,BR,12,25506,上期所
20240424,XSGE,BR,12,21922,上期所
20240425,XSGE,BR,12,24352,上期所
20240426,XSGE,BR,12,54250,上期所
20240429,XSGE,BR,12,36807,上期所
20240430,XSGE,BR,12,38352,上期所
20240506,XSGE,BR,12,17467,上期所
20240507,XSGE,BR,12,38647,上期所
20240508,XSGE,BR,12,32378,上期所
20240509,XSGE,BR,12,40440,上期所
20240510,XSGE,BR,12,47493,上期所
20240513,XSGE,BR,12,70597,上期所
20240514,XSGE,BR,12,62917,上期所
20240515,XSGE,BR,12,36279,上期所
20240516,XSGE,BR,12,48147,上期所
20240517,XSGE,BR,12,33872,上期所
20240520,XSGE,BR,12,55550,上期所
20240521,XSGE,BR,12,56061,上期所
20240522,XSGE,BR,12,38416,上期所
20240523,XSGE,BR,12,55798,上期所
20240524,XSGE,BR,12,64720,上期所
20240527,XSGE,BR,12,55907,上期所
20240528,XSGE,BR,12,81345,上期所
20240529,XSGE,BR,12,55903,上期所
20240530,XSGE,BR,12,93650,上期所
20240531,XSGE,BR,12,124757,上期所
20240603,XSGE,BR,12,68815,上期所
20240604,XSGE,BR,12,55492,上期所
20240605,XSGE,BR,12,89861,上期所
20240606,XSGE,BR,12,111098,上期所
20240607,XSGE,BR,12,525996,上期所
20240611,XSGE,BR,12,390443,上期所
20240612,XSGE,BR,12,717242,上期所
20240613,XSGE,BR,12,1036878,上期所
20240614,XSGE,BR,12,938089,上期所
20240617,XSGE,BR,12,559679,上期所
20240618,XSGE,BR,12,436177,上期所
20240619,XSGE,BR,12,254787,上期所
20240620,XSGE,BR,12,307261,上期所
20240621,XSGE,BR,12,228386,上期所
20240624,XSGE,BR,12,324352,上期所
20240625,XSGE,BR,12,348383,上期所
20240626,XSGE,BR,12,249906,上期所
20240627,XSGE,BR,12,234688,上期所
20240628,XSGE,BR,12,162124,上期所
20240701,XSGE,BR,12,154411,上期所
20240702,XSGE,BR,12,128453,上期所
20240703,XSGE,BR,12,102373,上期所
20240704,XSGE,BR,12,110180,上期所
20240705,XSGE,BR,12,116133,上期所
20240708,XSGE,BR,12,115698,上期所
20240709,XSGE,BR,12,130741,上期所
20240710,XSGE,BR,12,151765,上期所
20240711,XSGE,BR,12,93039,上期所
20240712,XSGE,BR,12,92778,上期所
20240715,XSGE,BR,12,118351,上期所
20240716,XSGE,BR,12,74517,上期所
20240717,XSGE,BR,12,75382,上期所
20240718,XSGE,BR,12,64637,上期所
20240719,XSGE,BR,12,100584,上期所
20240722,XSGE,BR,12,173204,上期所
20240723,XSGE,BR,12,92820,上期所
20240724,XSGE,BR,12,122087,上期所
20240725,XSGE,BR,12,115596,上期所
20240726,XSGE,BR,12,143725,上期所
20240729,XSGE,BR,12,115115,上期所
20240730,XSGE,BR,12,143407,上期所
20240731,XSGE,BR,12,114963,上期所
20240801,XSGE,BR,12,74971,上期所
20240802,XSGE,BR,12,68985,上期所
20240805,XSGE,BR,12,99446,上期所
20240806,XSGE,BR,12,101571,上期所
20240807,XSGE,BR,12,76143,上期所
20240808,XSGE,BR,12,79962,上期所
20240809,XSGE,BR,12,66349,上期所
20240812,XSGE,BR,12,62512,上期所
20240813,XSGE,BR,12,83568,上期所
20240814,XSGE,BR,12,69454,上期所
20240815,XSGE,BR,12,90189,上期所
20240816,XSGE,BR,12,70360,上期所
20240819,XSGE,BR,12,71362,上期所
20240820,XSGE,BR,12,78522,上期所
20240821,XSGE,BR,12,53329,上期所
20240822,XSGE,BR,12,58635,上期所
20240823,XSGE,BR,12,66481,上期所
20240826,XSGE,BR,12,79595,上期所
20240827,XSGE,BR,12,70177,上期所
20240828,XSGE,BR,12,178767,上期所
20240829,XSGE,BR,12,107225,上期所
20240830,XSGE,BR,12,118707,上期所
20240902,XSGE,BR,12,103129,上期所
20240903,XSGE,BR,12,84395,上期所
20240904,XSGE,BR,12,71024,上期所
20240905,XSGE,BR,12,90970,上期所
20240906,XSGE,BR,12,88499,上期所
20240909,XSGE,BR,12,137947,上期所
20240910,XSGE,BR,12,114057,上期所
20240911,XSGE,BR,12,133202,上期所
20240912,XSGE,BR,12,174423,上期所
20240913,XSGE,BR,12,121707,上期所
20240918,XSGE,BR,12,126177,上期所
20240919,XSGE,BR,12,150882,上期所
20240920,XSGE,BR,12,127724,上期所
20240923,XSGE,BR,12,168435,上期所
20240924,XSGE,BR,12,135143,上期所
20240925,XSGE,BR,12,255686,上期所
20240926,XSGE,BR,12,224319,上期所
20240927,XSGE,BR,12,180409,上期所
20240930,XSGE,BR,12,218420,上期所
20241008,XSGE,BR,12,145938,上期所
20241009,XSGE,BR,12,208057,上期所
20241010,XSGE,BR,12,213542,上期所
20241011,XSGE,BR,12,154406,上期所
20241014,XSGE,BR,12,121004,上期所
20241015,XSGE,BR,12,89200,上期所
20241016,XSGE,BR,12,103158,上期所
20241017,XSGE,BR,12,73980,上期所
20241018,XSGE,BR,12,77187,上期所
20241021,XSGE,BR,12,108253,上期所
20241022,XSGE,BR,12,58316,上期所
20241023,XSGE,BR,12,68085,上期所
20241024,XSGE,BR,12,62244,上期所
20241025,XSGE,BR,12,84910,上期所
20241028,XSGE,BR,12,70594,上期所
20241029,XSGE,BR,12,86787,上期所
20241030,XSGE,BR,12,67123,上期所
20241031,XSGE,BR,12,59203,上期所
20241101,XSGE,BR,12,88592,上期所
20241104,XSGE,BR,12,79950,上期所
20241105,XSGE,BR,12,74374,上期所
20241106,XSGE,BR,12,84905,上期所
20241107,XSGE,BR,12,82959,上期所
20241108,XSGE,BR,12,132447,上期所
20241111,XSGE,BR,12,115943,上期所
20241112,XSGE,BR,12,111682,上期所
20241113,XSGE,BR,12,86977,上期所
20241114,XSGE,BR,12,114283,上期所
20241115,XSGE,BR,12,103249,上期所
20241118,XSGE,BR,12,95773,上期所
20241119,XSGE,BR,12,94733,上期所
20241120,XSGE,BR,12,101637,上期所
20241121,XSGE,BR,12,98391,上期所
20241122,XSGE,BR,12,167817,上期所
20241125,XSGE,BR,12,167935,上期所
20241126,XSGE,BR,12,112585,上期所
20241127,XSGE,BR,12,121958,上期所
20241128,XSGE,BR,12,125326,上期所
20241129,XSGE,BR,12,347607,上期所
20241202,XSGE,BR,12,270794,上期所
20241203,XSGE,BR,12,234223,上期所
20241204,XSGE,BR,12,203124,上期所
20241205,XSGE,BR,12,247259,上期所
20241206,XSGE,BR,12,229348,上期所
20241209,XSGE,BR,12,257727,上期所
20241210,XSGE,BR,12,377814,上期所
20241211,XSGE,BR,12,255086,上期所
20241212,XSGE,BR,12,254410,上期所
20241213,XSGE,BR,12,240746,上期所
20241216,XSGE,BR,12,207424,上期所
20241217,XSGE,BR,12,141943,上期所
20241218,XSGE,BR,12,200420,上期所
20241219,XSGE,BR,12,273696,上期所
20241220,XSGE,BR,12,252280,上期所
20241223,XSGE,BR,12,257636,上期所
20241224,XSGE,BR,12,178798,上期所
20241225,XSGE,BR,12,199710,上期所
20241226,XSGE,BR,12,213271,上期所
20241227,XSGE,BR,12,189093,上期所
20241230,XSGE,BR,12,225667,上期所
20241231,XSGE,BR,12,148621,上期所
20250102,XSGE,BR,12,106778,上期所
20250103,XSGE,BR,12,283833,上期所
20250106,XSGE,BR,12,207665,上期所
20250107,XSGE,BR,12,230818,上期所
20250108,XSGE,BR,12,189408,上期所
20250109,XSGE,BR,12,201652,上期所
20250110,XSGE,BR,12,178301,上期所
20250113,XSGE,BR,12,346543,上期所
20250114,XSGE,BR,12,180946,上期所
20250115,XSGE,BR,12,168511,上期所
20250116,XSGE,BR,12,306200,上期所
20250117,XSGE,BR,12,252965,上期所
20250120,XSGE,BR,12,247985,上期所
20250121,XSGE,BR,12,249053,上期所
20250122,XSGE,BR,12,198790,上期所
20250123,XSGE,BR,12,256231,上期所
20250124,XSGE,BR,12,213618,上期所
20250127,XSGE,BR,12,157176,上期所
20250205,XSGE,BR,12,109733,上期所
20250206,XSGE,BR,12,138150,上期所
20250207,XSGE,BR,12,227135,上期所
20250210,XSGE,BR,12,154373,上期所
20250211,XSGE,BR,12,177077,上期所
20250212,XSGE,BR,12,145042,上期所
20250213,XSGE,BR,12,217929,上期所
20250214,XSGE,BR,12,157469,上期所
20250217,XSGE,BR,12,166620,上期所
20250218,XSGE,BR,12,146929,上期所
20250219,XSGE,BR,12,179077,上期所
20250220,XSGE,BR,12,128372,上期所
20250221,XSGE,BR,12,188139,上期所
20250224,XSGE,BR,12,129577,上期所
20250225,XSGE,BR,12,136618,上期所
20250226,XSGE,BR,12,203784,上期所
20250227,XSGE,BR,12,137846,上期所
20250228,XSGE,BR,12,155682,上期所
20250303,XSGE,BR,12,150306,上期所
20250304,XSGE,BR,12,127308,上期所
20250305,XSGE,BR,12,123776,上期所
20250306,XSGE,BR,12,113800,上期所
20250310,XSGE,BR,12,105353,上期所
20250311,XSGE,BR,12,111507,上期所
20250312,XSGE,BR,12,125094,上期所
20250313,XSGE,BR,12,103826,上期所
20250319,XSGE,BR,12,95241,上期所
20250320,XSGE,BR,12,127776,上期所
20250321,XSGE,BR,12,102621,上期所
20250324,XSGE,BR,12,99745,上期所
20250325,XSGE,BR,12,83679,上期所
20250326,XSGE,BR,12,85747,上期所
20250327,XSGE,BR,12,95754,上期所
20250328,XSGE,BR,12,104604,上期所
20250331,XSGE,BR,12,133373,上期所
20250401,XSGE,BR,12,114768,上期所
20250402,XSGE,BR,12,117294,上期所
20250403,XSGE,BR,12,192687,上期所
20250407,XSGE,BR,12,5475,上期所
20250408,XSGE,BR,12,227270,上期所
20250409,XSGE,BR,12,278854,上期所
20250410,XSGE,BR,12,336842,上期所
20250411,XSGE,BR,12,153604,上期所
20250414,XSGE,BR,12,117007,上期所
20250415,XSGE,BR,12,122218,上期所
20250416,XSGE,BR,12,177701,上期所
20250417,XSGE,BR,12,241856,上期所
20250418,XSGE,BR,12,252826,上期所
20250421,XSGE,BR,12,244168,上期所
20250422,XSGE,BR,12,168336,上期所
20250423,XSGE,BR,12,253237,上期所
20250424,XSGE,BR,12,198450,上期所
20250425,XSGE,BR,12,232078,上期所
20250428,XSGE,BR,12,175974,上期所
20250429,XSGE,BR,12,183556,上期所
20250430,XSGE,BR,12,171090,上期所
20250506,XSGE,BR,12,164938,上期所
20250507,XSGE,BR,12,172261,上期所
20250508,XSGE,BR,12,158607,上期所
20250509,XSGE,BR,12,165596,上期所
20250512,XSGE,BR,12,300790,上期所
20250513,XSGE,BR,12,348956,上期所
20250514,XSGE,BR,12,346323,上期所
20250515,XSGE,BR,12,216019,上期所
20250516,XSGE,BR,12,231624,上期所
20250519,XSGE,BR,12,220886,上期所
20250520,XSGE,BR,12,186951,上期所
20250521,XSGE,BR,12,189117,上期所
20250522,XSGE,BR,12,177720,上期所
20250523,XSGE,BR,12,163122,上期所
20250526,XSGE,BR,12,259718,上期所
20250527,XSGE,BR,12,174949,上期所
20250528,XSGE,BR,12,231041,上期所
20250529,XSGE,BR,12,227563,上期所
20250530,XSGE,BR,12,212315,上期所
20250603,XSGE,BR,12,199825,上期所
20250604,XSGE,BR,12,194059,上期所
20250605,XSGE,BR,12,150585,上期所
20250606,XSGE,BR,12,249407,上期所
20250609,XSGE,BR,12,167276,上期所
20250610,XSGE,BR,12,173895,上期所
20250611,XSGE,BR,12,196604,上期所
20250612,XSGE,BR,12,200407,上期所
20250613,XSGE,BR,12,356705,上期所
20250616,XSGE,BR,12,268276,上期所
20250618,XSGE,BR,12,191137,上期所
20250619,XSGE,BR,12,148718,上期所
20250620,XSGE,BR,12,212484,上期所
20250623,XSGE,BR,12,205351,上期所
20250624,XSGE,BR,12,237348,上期所
20250625,XSGE,BR,12,115100,上期所
20250626,XSGE,BR,12,146455,上期所
20250627,XSGE,BR,12,131251,上期所
20250630,XSGE,BR,12,132446,上期所
20250701,XSGE,BR,12,122536,上期所
20250702,XSGE,BR,12,122312,上期所
20250703,XSGE,BR,12,143837,上期所
20250704,XSGE,BR,12,121110,上期所
20250707,XSGE,BR,12,194879,上期所
20250708,XSGE,BR,12,264346,上期所
20250709,XSGE,BR,12,124954,上期所
20250710,XSGE,BR,12,162003,上期所
20250711,XSGE,BR,12,136874,上期所
20250714,XSGE,BR,12,114108,上期所
20250715,XSGE,BR,12,160662,上期所
20250716,XSGE,BR,12,98454,上期所
20250717,XSGE,BR,12,125662,上期所
20250718,XSGE,BR,12,175493,上期所
20250721,XSGE,BR,12,187623,上期所
20250723,XSGE,BR,12,174484,上期所
20250724,XSGE,BR,12,195812,上期所
20250728,XSGE,BR,12,200497,上期所
20250729,XSGE,BR,12,137004,上期所
20250730,XSGE,BR,12,138950,上期所
20250731,XSGE,BR,12,131522,上期所
20250801,XSGE,BR,12,100039,上期所
20250804,XSGE,BR,12,81450,上期所
20250805,XSGE,BR,12,79163,上期所
20250806,XSGE,BR,12,77652,上期所
20250807,XSGE,BR,12,97284,上期所
20250808,XSGE,BR,12,62853,上期所
20250811,XSGE,BR,12,209647,上期所
20250812,XSGE,BR,12,94984,上期所
20250813,XSGE,BR,12,141311,上期所
20250814,XSGE,BR,12,127450,上期所
20250815,XSGE,BR,12,129957,上期所
20250818,XSGE,BR,12,129470,上期所
20250819,XSGE,BR,12,150790,上期所
20250820,XSGE,BR,12,240807,上期所
20250821,XSGE,BR,12,146058,上期所
20250822,XSGE,BR,12,122447,上期所
20250825,XSGE,BR,12,214574,上期所
20250826,XSGE,BR,12,158217,上期所
20250827,XSGE,BR,12,143688,上期所
20250828,XSGE,BR,12,195666,上期所
20250829,XSGE,BR,12,129467,上期所
20250902,XSGE,BR,12,156644,上期所
20250903,XSGE,BR,12,165908,上期所
20250904,XSGE,BR,12,213333,上期所
20250905,XSGE,BR,12,241762,上期所
20250908,XSGE,BR,12,169304,上期所
20250909,XSGE,BR,12,216384,上期所
20250910,XSGE,BR,12,131850,上期所
20250911,XSGE,BR,12,135756,上期所
20250912,XSGE,BR,12,121084,上期所
20250915,XSGE,BR,12,106016,上期所
20250916,XSGE,BR,12,113796,上期所
20250917,XSGE,BR,12,101295,上期所
20250918,XSGE,BR,12,157785,上期所
20250919,XSGE,BR,12,126162,上期所
20250922,XSGE,BR,12,128353,上期所
20250923,XSGE,BR,12,146834,上期所
20250924,XSGE,BR,12,155133,上期所
20250925,XSGE,BR,12,107527,上期所
20250926,XSGE,BR,12,259320,上期所
20250929,XSGE,BR,12,225602,上期所
20250930,XSGE,BR,12,168740,上期所
20251009,XSGE,BR,12,132852,上期所
20251010,XSGE,BR,12,120430,上期所
20251013,XSGE,BR,12,203994,上期所
20251014,XSGE,BR,12,131117,上期所
20251015,XSGE,BR,12,132752,上期所
20251016,XSGE,BR,12,175422,上期所
20251017,XSGE,BR,12,145253,上期所
20251020,XSGE,BR,12,180259,上期所
20251021,XSGE,BR,12,193918,上期所
20251022,XSGE,BR,12,111088,上期所
20251023,XSGE,BR,12,134983,上期所
20251024,XSGE,BR,12,138061,上期所
20251027,XSGE,BR,12,189512,上期所
20251028,XSGE,BR,12,170912,上期所
20251029,XSGE,BR,12,294712,上期所
20251030,XSGE,BR,12,187673,上期所
20251031,XSGE,BR,12,197740,上期所
20251103,XSGE,BR,12,281960,上期所
20251104,XSGE,BR,12,200368,上期所
20251105,XSGE,BR,12,231234,上期所
20251106,XSGE,BR,12,188712,上期所
20251107,XSGE,BR,12,140085,上期所
20251110,XSGE,BR,12,148811,上期所
20251111,XSGE,BR,12,112342,上期所
20251112,XSGE,BR,12,195408,上期所
20251113,XSGE,BR,12,128065,上期所
20251114,XSGE,BR,12,123105,上期所
20251117,XSGE,BR,12,139267,上期所
20251118,XSGE,BR,12,169566,上期所
20251119,XSGE,BR,12,147467,上期所
20251120,XSGE,BR,12,137690,上期所
20251121,XSGE,BR,12,210481,上期所
20251124,XSGE,BR,12,172046,上期所
20251125,XSGE,BR,12,150561,上期所
20251126,XSGE,BR,12,177119,上期所
20251127,XSGE,BR,12,117907,上期所
20251128,XSGE,BR,12,154452,上期所
20251201,XSGE,BR,12,196454,上期所
20251202,XSGE,BR,12,274385,上期所
20251203,XSGE,BR,12,200967,上期所
20251204,XSGE,BR,12,168366,上期所
20251205,XSGE,BR,12,130733,上期所
20251208,XSGE,BR,12,149564,上期所
20251209,XSGE,BR,12,169582,上期所
20251210,XSGE,BR,12,178254,上期所
20251211,XSGE,BR,12,201638,上期所
20251212,XSGE,BR,12,156980,上期所
20251215,XSGE,BR,12,265116,上期所
20251216,XSGE,BR,12,183863,上期所
20251217,XSGE,BR,12,236210,上期所
20251218,XSGE,BR,12,167252,上期所
20251219,XSGE,BR,12,164013,上期所
20251222,XSGE,BR,12,223788,上期所
20251223,XSGE,BR,12,202977,上期所
20251224,XSGE,BR,12,250443,上期所
20251225,XSGE,BR,12,209659,上期所
20251226,XSGE,BR,12,280648,上期所
20251229,XSGE,BR,12,223992,上期所
20251230,XSGE,BR,12,186572,上期所
20251231,XSGE,BR,12,159875,上期所
20260105,XSGE,BR,12,145668,上期所
20260106,XSGE,BR,12,216237,上期所
20260107,XSGE,BR,12,262914,上期所
20260108,XSGE,BR,12,337075,上期所
20260109,XSGE,BR,12,208960,上期所
20260112,XSGE,BR,12,220195,上期所
20260113,XSGE,BR,12,195217,上期所
20260114,XSGE,BR,12,252864,上期所
20260115,XSGE,BR,12,200943,上期所
20260116,XSGE,BR,12,211767,上期所
20260119,XSGE,BR,12,152809,上期所
20260120,XSGE,BR,12,142461,上期所
20260121,XSGE,BR,12,171149,上期所
20260122,XSGE,BR,12,244731,上期所
20260123,XSGE,BR,12,453828,上期所
20260126,XSGE,BR,12,954871,上期所
20260127,XSGE,BR,12,924219,上期所
20260128,XSGE,BR,12,635274,上期所
20260129,XSGE,BR,12,615178,上期所
20260130,XSGE,BR,12,918200,上期所
20260202,XSGE,BR,12,634295,上期所
20260203,XSGE,BR,12,412815,上期所
20260204,XSGE,BR,12,328777,上期所
20260205,XSGE,BR,12,498098,上期所
20260206,XSGE,BR,12,331867,上期所
20260209,XSGE,BR,12,275959,上期所
20260210,XSGE,BR,12,311616,上期所
20260211,XSGE,BR,12,309056,上期所
20260212,XSGE,BR,12,214407,上期所
20260213,XSGE,BR,12,254037,上期所
20260224,XSGE,BR,12,214514,上期所
20260225,XSGE,BR,12,243508,上期所
20260226,XSGE,BR,12,222233,上期所
20260227,XSGE,BR,12,208448,上期所
20260303,XSGE,BR,12,436664,上期所
20260304,XSGE,BR,12,424039,上期所
20260305,XSGE,BR,12,555963,上期所
20260306,XSGE,BR,12,477931,上期所
20260310,XSGE,BR,12,602882,上期所
20260311,XSGE,BR,12,499633,上期所
20260312,XSGE,BR,12,623593,上期所
20260313,XSGE,BR,12,441757,上期所
20260316,XSGE,BR,12,425355,上期所
20260317,XSGE,BR,12,382262,上期所
20260318,XSGE,BR,12,353139,上期所
20260319,XSGE,BR,12,379476,上期所
20260320,XSGE,BR,12,449625,上期所
20260324,XSGE,BR,12,716136,上期所
20260325,XSGE,BR,12,1040734,上期所
20260326,XSGE,BR,12,1229421,上期所
20260327,XSGE,BR,12,1253496,上期所
20260401,XSGE,BR,12,1179887,上期所
20260402,XSGE,BR,12,913034,上期所
20260403,XSGE,BR,12,743054,上期所
20260407,XSGE,BR,12,418789,上期所
20260409,XSGE,BR,12,579013,上期所
20260410,XSGE,BR,12,637742,上期所
20260414,XSGE,BR,12,547926,上期所
20260415,XSGE,BR,12,600950,上期所
20260416,XSGE,BR,12,421027,上期所
20260420,XSGE,BR,12,497894,上期所
20260421,XSGE,BR,12,363789,上期所
20260422,XSGE,BR,12,374291,上期所
20260423,XSGE,BR,12,566235,上期所
20260424,XSGE,BR,12,444367,上期所
20260427,XSGE,BR,12,448642,上期所
20260428,XSGE,BR,12,539587,上期所
20260429,XSGE,BR,12,568815,上期所
20260430,XSGE,BR,12,455420,上期所
20260506,XSGE,BR,12,224235,上期所
20260507,XSGE,BR,12,398153,上期所
20260511,XSGE,BR,12,324587,上期所
20260512,XSGE,BR,12,262549,上期所
20260513,XSGE,BR,12,256666,上期所
20260514,XSGE,BR,12,196649,上期所
20260515,XSGE,BR,12,248983,上期所
20260518,XSGE,BR,12,360508,上期所
20260522,XSGE,BR,12,369473,上期所
20260525,XSGE,BR,12,317338,上期所
20260526,XSGE,BR,12,258089,上期所
20260527,XSGE,BR,12,295438,上期所
20260528,XSGE,BR,12,295475,上期所
20260601,XSGE,BR,12,318208,上期所
20260602,XSGE,BR,12,297626,上期所
20260603,XSGE,BR,12,259317,上期所
20260609,XSGE,BR,12,321537,上期所
20260610,XSGE,BR,12,302380,上期所
20260611,XSGE,BR,12,224935,上期所
20260612,XSGE,BR,12,347432,上期所
20260616,XSGE,BR,12,276151,上期所
20260617,XSGE,BR,12,316989,上期所
20260618,XSGE,BR,12,281482,上期所
20260622,XSGE,BR,12,245856,上期所
20260623,XSGE,BR,12,351242,上期所
20260624,XSGE,BR,12,244262,上期所
20260625,XSGE,BR,12,341451,上期所
20260626,XSGE,BR,12,261545,上期所
20260629,XSGE,BR,12,248141,上期所
20260630,XSGE,BR,12,218493,上期所
20260701,XSGE,BR,12,186388,上期所
20260702,XSGE,BR,12,203265,上期所
20260703,XSGE,BR,12,256992,上期所
20260706,XSGE,BR,12,224152,上期所
20260707,XSGE,BR,12,147670,上期所
20260708,XSGE,BR,12,213776,上期所
20260710,XSGE,BR,12,205686,上期所
20260713,XSGE,BR,12,246200,上期所
20260714,XSGE,BR,12,279754,上期所
20260715,XSGE,BR,12,274080,上期所
20260716,XSGE,BR,12,288029,上期所
20260717,XSGE,BR,12,272519,上期所
20260721,XSGE,BR,12,278095,上期所
20260723,XSGE,BR,12,290155,上期所
20260724,XSGE,BR,12,308191,上期所
20260727,XSGE,BR,12,276246,上期所
20260728,XSGE,BR,12,207246,上期所
20260729,XSGE,BR,12,229999,上期所
20260730,XSGE,BR,12,201171,上期所
20260731,XSGE,BR,12,221970,上期所
20260803,XSGE,BR,12,233073,上期所
20260805,XSGE,BR,12,187878,上期所
20260806,XSGE,BR,12,216663,上期所
20260807,XSGE,BR,12,235784,上期所
20260810,XSGE,BR,12,219349,上期所
20260811,XSGE,BR,12,173970,上期所
20230818,XSIE,EC,5,369097,能源中心
20230821,XSIE,EC,5,292845,能源中心
20230822,XSIE,EC,5,384338,能源中心
20230823,XSIE,EC,5,305486,能源中心
20230824,XSIE,EC,5,305347,能源中心
20230825,XSIE,EC,5,266947,能源中心
20230828,XSIE,EC,5,228141,能源中心
20230829,XSIE,EC,5,235594,能源中心
20230830,XSIE,EC,5,205968,能源中心
20230831,XSIE,EC,5,216755,能源中心
20230901,XSIE,EC,5,231493,能源中心
20230904,XSIE,EC,5,172294,能源中心
20230905,XSIE,EC,5,403672,能源中心
20230906,XSIE,EC,5,374809,能源中心
20230907,XSIE,EC,5,331577,能源中心
20230908,XSIE,EC,5,257209,能源中心
20230911,XSIE,EC,5,189777,能源中心
20230912,XSIE,EC,5,152061,能源中心
20230913,XSIE,EC,5,205674,能源中心
20230914,XSIE,EC,5,146486,能源中心
20230915,XSIE,EC,5,121431,能源中心
20230918,XSIE,EC,5,159362,能源中心
20230919,XSIE,EC,5,110660,能源中心
20230920,XSIE,EC,5,103880,能源中心
20230921,XSIE,EC,5,125144,能源中心
20230922,XSIE,EC,5,109132,能源中心
20230925,XSIE,EC,5,150600,能源中心
20230926,XSIE,EC,5,278364,能源中心
20230927,XSIE,EC,5,407876,能源中心
20230928,XSIE,EC,5,394165,能源中心
20231009,XSIE,EC,5,253695,能源中心
20231010,XSIE,EC,5,321239,能源中心
20231011,XSIE,EC,5,308000,能源中心
20231012,XSIE,EC,5,429262,能源中心
20231013,XSIE,EC,5,333943,能源中心
20231016,XSIE,EC,5,363457,能源中心
20231017,XSIE,EC,5,444274,能源中心
20231018,XSIE,EC,5,486130,能源中心
20231019,XSIE,EC,5,425748,能源中心
20231020,XSIE,EC,5,495713,能源中心
20231023,XSIE,EC,5,487759,能源中心
20231024,XSIE,EC,5,440970,能源中心
20231025,XSIE,EC,5,404253,能源中心
20231026,XSIE,EC,5,256650,能源中心
20231027,XSIE,EC,5,223727,能源中心
20231030,XSIE,EC,5,217061,能源中心
20231031,XSIE,EC,5,206496,能源中心
20231101,XSIE,EC,5,157860,能源中心
20231102,XSIE,EC,5,243827,能源中心
20231103,XSIE,EC,5,157862,能源中心
20231106,XSIE,EC,5,159897,能源中心
20231107,XSIE,EC,5,223276,能源中心
20231108,XSIE,EC,5,173052,能源中心
20231109,XSIE,EC,5,152612,能源中心
20231110,XSIE,EC,5,169100,能源中心
20231113,XSIE,EC,5,129696,能源中心
20231114,XSIE,EC,5,290930,能源中心
20231115,XSIE,EC,5,138927,能源中心
20231116,XSIE,EC,5,122437,能源中心
20231117,XSIE,EC,5,147503,能源中心
20231120,XSIE,EC,5,119785,能源中心
20231121,XSIE,EC,5,160413,能源中心
20231122,XSIE,EC,5,117223,能源中心
20231123,XSIE,EC,5,126434,能源中心
20231124,XSIE,EC,5,211700,能源中心
20231127,XSIE,EC,5,138637,能源中心
20231128,XSIE,EC,5,171818,能源中心
20231129,XSIE,EC,5,160834,能源中心
20231130,XSIE,EC,5,291389,能源中心
20231201,XSIE,EC,5,256730,能源中心
20231204,XSIE,EC,5,255092,能源中心
20231205,XSIE,EC,5,394594,能源中心
20231206,XSIE,EC,5,277565,能源中心
20231207,XSIE,EC,5,326584,能源中心
20231208,XSIE,EC,5,307951,能源中心
20231211,XSIE,EC,5,263699,能源中心
20231212,XSIE,EC,5,213103,能源中心
20231213,XSIE,EC,5,238461,能源中心
20231214,XSIE,EC,5,274854,能源中心
20231215,XSIE,EC,5,214560,能源中心
20231218,XSIE,EC,5,211491,能源中心
20231219,XSIE,EC,5,557512,能源中心
20231220,XSIE,EC,5,874763,能源中心
20231221,XSIE,EC,5,730479,能源中心
20231222,XSIE,EC,5,681318,能源中心
20231225,XSIE,EC,5,706407,能源中心
20231226,XSIE,EC,5,417212,能源中心
20231227,XSIE,EC,5,621632,能源中心
20231228,XSIE,EC,5,361271,能源中心
20231229,XSIE,EC,5,291464,能源中心
20240102,XSIE,EC,5,24434,能源中心
20240103,XSIE,EC,5,131207,能源中心
20240104,XSIE,EC,5,288200,能源中心
20240105,XSIE,EC,5,175941,能源中心
20240108,XSIE,EC,5,129428,能源中心
20240109,XSIE,EC,5,17333,能源中心
20240110,XSIE,EC,5,151109,能源中心
20240111,XSIE,EC,5,68676,能源中心
20240112,XSIE,EC,5,137682,能源中心
20240115,XSIE,EC,5,110425,能源中心
20240116,XSIE,EC,5,90128,能源中心
20240117,XSIE,EC,5,98679,能源中心
20240118,XSIE,EC,5,74671,能源中心
20240119,XSIE,EC,5,76239,能源中心
20240122,XSIE,EC,5,70770,能源中心
20240123,XSIE,EC,5,75352,能源中心
20240124,XSIE,EC,5,62560,能源中心
20240125,XSIE,EC,5,34019,能源中心
20240126,XSIE,EC,5,45249,能源中心
20240129,XSIE,EC,5,35784,能源中心
20240130,XSIE,EC,5,36155,能源中心
20240131,XSIE,EC,5,27654,能源中心
20240201,XSIE,EC,5,16536,能源中心
20240202,XSIE,EC,5,65690,能源中心
20240205,XSIE,EC,5,34315,能源中心
20240206,XSIE,EC,5,20240,能源中心
20240207,XSIE,EC,5,54495,能源中心
20240208,XSIE,EC,5,36761,能源中心
20240219,XSIE,EC,5,23917,能源中心
20240220,XSIE,EC,5,29153,能源中心
20240221,XSIE,EC,5,28279,能源中心
20240222,XSIE,EC,5,15546,能源中心
20240223,XSIE,EC,5,15817,能源中心
20240226,XSIE,EC,5,22003,能源中心
20240227,XSIE,EC,6,28974,能源中心
20240228,XSIE,EC,6,18484,能源中心
20240229,XSIE,EC,6,15731,能源中心
20240301,XSIE,EC,6,23753,能源中心
20240304,XSIE,EC,6,25552,能源中心
20240305,XSIE,EC,6,20686,能源中心
20240306,XSIE,EC,6,17992,能源中心
20240307,XSIE,EC,6,19740,能源中心
20240308,XSIE,EC,6,10101,能源中心
20240311,XSIE,EC,6,20543,能源中心
20240312,XSIE,EC,6,13563,能源中心
20240313,XSIE,EC,6,11653,能源中心
20240314,XSIE,EC,6,16294,能源中心
20240315,XSIE,EC,6,27692,能源中心
20240318,XSIE,EC,6,18504,能源中心
20240319,XSIE,EC,6,24518,能源中心
20240320,XSIE,EC,6,16700,能源中心
20240321,XSIE,EC,6,50508,能源中心
20240322,XSIE,EC,6,57850,能源中心
20240325,XSIE,EC,6,48635,能源中心
20240326,XSIE,EC,6,43331,能源中心
20240327,XSIE,EC,6,40473,能源中心
20240328,XSIE,EC,6,29145,能源中心
20240329,XSIE,EC,6,25136,能源中心
20240401,XSIE,EC,6,26858,能源中心
20240402,XSIE,EC,6,46576,能源中心
20240403,XSIE,EC,6,52724,能源中心
20240408,XSIE,EC,6,43135,能源中心
20240409,XSIE,EC,6,24627,能源中心
20240410,XSIE,EC,6,33834,能源中心
20240411,XSIE,EC,6,31294,能源中心
20240412,XSIE,EC,6,33563,能源中心
20240415,XSIE,EC,6,39264,能源中心
20240416,XSIE,EC,6,55386,能源中心
20240417,XSIE,EC,6,42570,能源中心
20240418,XSIE,EC,6,54332,能源中心
20240419,XSIE,EC,6,121853,能源中心
20240422,XSIE,EC,6,49653,能源中心
20240423,XSIE,EC,6,47638,能源中心
20240424,XSIE,EC,6,65408,能源中心
20240425,XSIE,EC,6,71656,能源中心
20240426,XSIE,EC,6,97866,能源中心
20240429,XSIE,EC,6,111558,能源中心
20240430,XSIE,EC,6,93486,能源中心
20240506,XSIE,EC,6,62956,能源中心
20240507,XSIE,EC,6,83096,能源中心
20240508,XSIE,EC,6,55461,能源中心
20240509,XSIE,EC,6,112359,能源中心
20240510,XSIE,EC,6,149215,能源中心
20240513,XSIE,EC,6,141756,能源中心
20240514,XSIE,EC,6,204129,能源中心
20240515,XSIE,EC,6,138652,能源中心
20240516,XSIE,EC,6,155398,能源中心
20240517,XSIE,EC,6,116689,能源中心
20240520,XSIE,EC,6,90624,能源中心
20240521,XSIE,EC,6,116133,能源中心
20240522,XSIE,EC,6,81331,能源中心
20240523,XSIE,EC,6,80840,能源中心
20240524,XSIE,EC,6,48113,能源中心
20240527,XSIE,EC,6,50334,能源中心
20240528,XSIE,EC,6,61587,能源中心
20240529,XSIE,EC,6,55106,能源中心
20240530,XSIE,EC,6,54357,能源中心
20240531,XSIE,EC,6,68446,能源中心
20240603,XSIE,EC,6,75542,能源中心
20240604,XSIE,EC,6,119245,能源中心
20240605,XSIE,EC,6,125161,能源中心
20240606,XSIE,EC,6,85618,能源中心
20240607,XSIE,EC,6,96264,能源中心
20240611,XSIE,EC,6,177613,能源中心
20240612,XSIE,EC,6,111211,能源中心
20240613,XSIE,EC,6,105170,能源中心
20240614,XSIE,EC,6,75716,能源中心
20240617,XSIE,EC,6,96097,能源中心
20240618,XSIE,EC,6,74160,能源中心
20240619,XSIE,EC,6,86399,能源中心
20240620,XSIE,EC,6,107291,能源中心
20240621,XSIE,EC,6,95460,能源中心
20240624,XSIE,EC,6,86594,能源中心
20240625,XSIE,EC,6,93646,能源中心
20240626,XSIE,EC,6,102211,能源中心
20240627,XSIE,EC,6,76149,能源中心
20240628,XSIE,EC,6,79165,能源中心
20240701,XSIE,EC,6,97848,能源中心
20240702,XSIE,EC,6,86746,能源中心
20240703,XSIE,EC,6,91900,能源中心
20240704,XSIE,EC,6,93213,能源中心
20240705,XSIE,EC,6,176426,能源中心
20240708,XSIE,EC,6,157264,能源中心
20240709,XSIE,EC,6,165381,能源中心
20240710,XSIE,EC,6,146868,能源中心
20240711,XSIE,EC,6,190686,能源中心
20240712,XSIE,EC,6,195471,能源中心
20240715,XSIE,EC,6,138157,能源中心
20240716,XSIE,EC,6,168880,能源中心
20240717,XSIE,EC,6,188937,能源中心
20240718,XSIE,EC,6,148911,能源中心
20240719,XSIE,EC,6,149027,能源中心
20240722,XSIE,EC,6,134207,能源中心
20240723,XSIE,EC,6,170848,能源中心
20240724,XSIE,EC,6,134204,能源中心
20240725,XSIE,EC,6,182830,能源中心
20240726,XSIE,EC,6,164565,能源中心
20240729,XSIE,EC,6,183324,能源中心
20240730,XSIE,EC,6,188786,能源中心
20240731,XSIE,EC,6,191406,能源中心
20240801,XSIE,EC,6,121133,能源中心
20240802,XSIE,EC,6,94179,能源中心
20240805,XSIE,EC,6,122619,能源中心
20240806,XSIE,EC,6,88503,能源中心
20240807,XSIE,EC,6,80658,能源中心
20240808,XSIE,EC,6,127095,能源中心
20240809,XSIE,EC,6,138303,能源中心
20240812,XSIE,EC,6,78782,能源中心
20240813,XSIE,EC,6,103885,能源中心
20240814,XSIE,EC,6,83447,能源中心
20240815,XSIE,EC,6,73038,能源中心
20240816,XSIE,EC,6,64915,能源中心
20240819,XSIE,EC,6,129585,能源中心
20240820,XSIE,EC,6,117841,能源中心
20240821,XSIE,EC,6,106718,能源中心
20240822,XSIE,EC,6,111597,能源中心
20240823,XSIE,EC,6,91000,能源中心
20240826,XSIE,EC,6,85002,能源中心
20240827,XSIE,EC,6,94778,能源中心
20240828,XSIE,EC,6,68046,能源中心
20240829,XSIE,EC,6,74394,能源中心
20240830,XSIE,EC,6,95984,能源中心
20240902,XSIE,EC,6,83050,能源中心
20240903,XSIE,EC,6,100235,能源中心
20240904,XSIE,EC,6,86274,能源中心
20240905,XSIE,EC,6,153144,能源中心
20240906,XSIE,EC,6,132770,能源中心
20240909,XSIE,EC,6,110381,能源中心
20240910,XSIE,EC,6,134160,能源中心
20240911,XSIE,EC,6,168089,能源中心
20240912,XSIE,EC,6,130494,能源中心
20240913,XSIE,EC,6,99121,能源中心
20240918,XSIE,EC,6,86625,能源中心
20240919,XSIE,EC,6,95259,能源中心
20240920,XSIE,EC,6,57371,能源中心
20240923,XSIE,EC,6,115557,能源中心
20240924,XSIE,EC,6,141711,能源中心
20240925,XSIE,EC,6,163158,能源中心
20240926,XSIE,EC,6,95829,能源中心
20240927,XSIE,EC,6,94089,能源中心
20240930,XSIE,EC,6,104365,能源中心
20241008,XSIE,EC,6,109380,能源中心
20241009,XSIE,EC,6,80204,能源中心
20241010,XSIE,EC,6,116766,能源中心
20241011,XSIE,EC,6,87607,能源中心
20241014,XSIE,EC,6,191644,能源中心
20241015,XSIE,EC,6,122206,能源中心
20241016,XSIE,EC,6,101491,能源中心
20241017,XSIE,EC,6,120404,能源中心
20241018,XSIE,EC,6,101177,能源中心
20241021,XSIE,EC,6,109190,能源中心
20241022,XSIE,EC,6,99390,能源中心
20241023,XSIE,EC,6,98370,能源中心
20241024,XSIE,EC,6,127115,能源中心
20241025,XSIE,EC,6,91446,能源中心
20241028,XSIE,EC,6,71336,能源中心
20241029,XSIE,EC,6,74621,能源中心
20241030,XSIE,EC,6,63762,能源中心
20241031,XSIE,EC,6,62298,能源中心
20241101,XSIE,EC,6,88303,能源中心
20241104,XSIE,EC,6,77883,能源中心
20241105,XSIE,EC,6,116444,能源中心
20241106,XSIE,EC,6,103143,能源中心
20241107,XSIE,EC,6,106131,能源中心
20241108,XSIE,EC,6,106400,能源中心
20241111,XSIE,EC,6,131428,能源中心
20241112,XSIE,EC,6,125136,能源中心
20241113,XSIE,EC,6,83974,能源中心
20241114,XSIE,EC,6,90655,能源中心
20241115,XSIE,EC,6,88939,能源中心
20241118,XSIE,EC,6,69345,能源中心
20241119,XSIE,EC,6,57001,能源中心
20241120,XSIE,EC,6,80560,能源中心
20241121,XSIE,EC,6,84076,能源中心
20241122,XSIE,EC,6,49121,能源中心
20241125,XSIE,EC,6,117933,能源中心
20241126,XSIE,EC,6,122532,能源中心
20241127,XSIE,EC,6,162937,能源中心
20241128,XSIE,EC,6,70942,能源中心
20241129,XSIE,EC,6,83921,能源中心
20241202,XSIE,EC,6,82145,能源中心
20241203,XSIE,EC,6,77192,能源中心
20241204,XSIE,EC,6,67255,能源中心
20241205,XSIE,EC,6,63066,能源中心
20241206,XSIE,EC,6,46538,能源中心
20241209,XSIE,EC,6,80640,能源中心
20241210,XSIE,EC,6,67379,能源中心
20241211,XSIE,EC,6,91284,能源中心
20241212,XSIE,EC,6,70297,能源中心
20241213,XSIE,EC,6,78896,能源中心
20241216,XSIE,EC,6,91396,能源中心
20241217,XSIE,EC,6,56003,能源中心
20241218,XSIE,EC,6,87288,能源中心
20241219,XSIE,EC,6,93150,能源中心
20241220,XSIE,EC,6,69672,能源中心
20241223,XSIE,EC,6,65918,能源中心
20241224,XSIE,EC,6,72496,能源中心
20241225,XSIE,EC,6,60448,能源中心
20241226,XSIE,EC,6,62005,能源中心
20241227,XSIE,EC,6,49550,能源中心
20241230,XSIE,EC,6,54446,能源中心
20241231,XSIE,EC,6,45756,能源中心
20250102,XSIE,EC,6,59896,能源中心
20250103,XSIE,EC,6,84133,能源中心
20250106,XSIE,EC,6,57468,能源中心
20250107,XSIE,EC,6,48688,能源中心
20250108,XSIE,EC,6,52272,能源中心
20250109,XSIE,EC,6,73454,能源中心
20250110,XSIE,EC,6,49520,能源中心
20250113,XSIE,EC,6,53642,能源中心
20250114,XSIE,EC,6,73547,能源中心
20250115,XSIE,EC,6,57757,能源中心
20250116,XSIE,EC,6,97474,能源中心
20250117,XSIE,EC,6,84488,能源中心
20250120,XSIE,EC,6,63276,能源中心
20250121,XSIE,EC,6,88850,能源中心
20250122,XSIE,EC,6,107204,能源中心
20250123,XSIE,EC,6,140358,能源中心
20250124,XSIE,EC,6,63045,能源中心
20250127,XSIE,EC,6,62972,能源中心
20250205,XSIE,EC,6,68777,能源中心
20250206,XSIE,EC,6,99702,能源中心
20250207,XSIE,EC,6,120117,能源中心
20250210,XSIE,EC,6,150085,能源中心
20250211,XSIE,EC,6,134122,能源中心
20250212,XSIE,EC,6,106435,能源中心
20250213,XSIE,EC,6,152823,能源中心
20250214,XSIE,EC,6,160394,能源中心
20250217,XSIE,EC,6,167589,能源中心
20250218,XSIE,EC,6,103522,能源中心
20250219,XSIE,EC,6,138521,能源中心
20250220,XSIE,EC,6,147200,能源中心
20250221,XSIE,EC,6,105275,能源中心
20250224,XSIE,EC,6,122499,能源中心
20250225,XSIE,EC,6,116713,能源中心
20250226,XSIE,EC,6,175229,能源中心
20250227,XSIE,EC,6,115446,能源中心
20250228,XSIE,EC,6,85854,能源中心
20250303,XSIE,EC,6,108312,能源中心
20250304,XSIE,EC,6,138596,能源中心
20250305,XSIE,EC,6,114894,能源中心
20250306,XSIE,EC,6,172813,能源中心
20250310,XSIE,EC,6,99320,能源中心
20250311,XSIE,EC,6,106776,能源中心
20250312,XSIE,EC,6,116488,能源中心
20250313,XSIE,EC,6,117078,能源中心
20250319,XSIE,EC,6,153421,能源中心
20250320,XSIE,EC,6,88733,能源中心
20250321,XSIE,EC,6,83305,能源中心
20250324,XSIE,EC,6,67754,能源中心
20250325,XSIE,EC,6,101182,能源中心
20250326,XSIE,EC,6,71631,能源中心
20250327,XSIE,EC,6,43173,能源中心
20250328,XSIE,EC,6,92140,能源中心
20250331,XSIE,EC,6,64746,能源中心
20250401,XSIE,EC,6,57408,能源中心
20250402,XSIE,EC,6,67631,能源中心
20250403,XSIE,EC,6,71675,能源中心
20250407,XSIE,EC,6,120506,能源中心
20250408,XSIE,EC,6,131322,能源中心
20250409,XSIE,EC,6,146453,能源中心
20250410,XSIE,EC,6,135226,能源中心
20250411,XSIE,EC,6,129641,能源中心
20250414,XSIE,EC,6,87151,能源中心
20250415,XSIE,EC,6,87819,能源中心
20250416,XSIE,EC,6,93333,能源中心
20250417,XSIE,EC,6,95525,能源中心
20250418,XSIE,EC,6,78784,能源中心
20250421,XSIE,EC,6,79792,能源中心
20250422,XSIE,EC,6,76193,能源中心
20250423,XSIE,EC,6,95684,能源中心
20250424,XSIE,EC,6,135726,能源中心
20250425,XSIE,EC,6,95926,能源中心
20250428,XSIE,EC,6,69574,能源中心
20250429,XSIE,EC,6,94687,能源中心
20250430,XSIE,EC,6,60564,能源中心
20250506,XSIE,EC,6,54308,能源中心
20250507,XSIE,EC,6,108379,能源中心
20250508,XSIE,EC,6,82790,能源中心
20250509,XSIE,EC,6,63581,能源中心
20250512,XSIE,EC,6,158451,能源中心
20250513,XSIE,EC,6,191743,能源中心
20250514,XSIE,EC,6,263372,能源中心
20250515,XSIE,EC,6,248496,能源中心
20250516,XSIE,EC,6,184976,能源中心
20250519,XSIE,EC,6,166866,能源中心
20250520,XSIE,EC,6,128281,能源中心
20250521,XSIE,EC,6,150855,能源中心
20250522,XSIE,EC,6,133162,能源中心
20250523,XSIE,EC,6,115598,能源中心
20250526,XSIE,EC,6,122594,能源中心
20250527,XSIE,EC,6,106073,能源中心
20250528,XSIE,EC,6,102136,能源中心
20250529,XSIE,EC,6,167580,能源中心
20250530,XSIE,EC,6,128247,能源中心
20250603,XSIE,EC,6,109688,能源中心
20250604,XSIE,EC,6,113681,能源中心
20250605,XSIE,EC,6,91601,能源中心
20250606,XSIE,EC,6,102081,能源中心
20250609,XSIE,EC,6,67155,能源中心
20250610,XSIE,EC,6,73577,能源中心
20250611,XSIE,EC,6,71914,能源中心
20250612,XSIE,EC,6,83555,能源中心
20250613,XSIE,EC,6,184720,能源中心
20250616,XSIE,EC,6,88628,能源中心
20250618,XSIE,EC,6,93114,能源中心
20250619,XSIE,EC,6,62531,能源中心
20250620,XSIE,EC,6,85996,能源中心
20250623,XSIE,EC,6,90549,能源中心
20250624,XSIE,EC,6,101361,能源中心
20250625,XSIE,EC,6,71243,能源中心
20250626,XSIE,EC,6,62657,能源中心
20250627,XSIE,EC,6,56745,能源中心
20250630,XSIE,EC,6,46152,能源中心
20250701,XSIE,EC,6,96679,能源中心
20250702,XSIE,EC,6,63574,能源中心
20250703,XSIE,EC,6,39157,能源中心
20250704,XSIE,EC,6,69938,能源中心
20250707,XSIE,EC,6,30740,能源中心
20250708,XSIE,EC,6,85138,能源中心
20250709,XSIE,EC,6,38843,能源中心
20250710,XSIE,EC,6,51307,能源中心
20250711,XSIE,EC,6,37358,能源中心
20250714,XSIE,EC,6,58106,能源中心
20250715,XSIE,EC,6,159135,能源中心
20250716,XSIE,EC,6,122392,能源中心
20250717,XSIE,EC,6,80457,能源中心
20250718,XSIE,EC,6,88549,能源中心
20250721,XSIE,EC,6,88745,能源中心
20250723,XSIE,EC,6,74208,能源中心
20250724,XSIE,EC,6,81678,能源中心
20250728,XSIE,EC,6,70845,能源中心
20250729,XSIE,EC,6,50661,能源中心
20250730,XSIE,EC,6,76715,能源中心
20250731,XSIE,EC,6,56182,能源中心
20250801,XSIE,EC,6,41825,能源中心
20250804,XSIE,EC,6,35840,能源中心
20250805,XSIE,EC,6,35637,能源中心
20250806,XSIE,EC,6,63874,能源中心
20250807,XSIE,EC,6,32213,能源中心
20250808,XSIE,EC,6,65325,能源中心
20250811,XSIE,EC,6,53406,能源中心
20250812,XSIE,EC,6,45620,能源中心
20250813,XSIE,EC,6,78305,能源中心
20250814,XSIE,EC,6,41318,能源中心
20250815,XSIE,EC,6,39371,能源中心
20250818,XSIE,EC,6,37185,能源中心
20250819,XSIE,EC,6,34375,能源中心
20250820,XSIE,EC,6,34210,能源中心
20250821,XSIE,EC,6,45149,能源中心
20250822,XSIE,EC,6,36720,能源中心
20250825,XSIE,EC,6,49119,能源中心
20250826,XSIE,EC,6,34224,能源中心
20250827,XSIE,EC,6,25424,能源中心
20250828,XSIE,EC,6,36721,能源中心
20250829,XSIE,EC,6,34401,能源中心
20250902,XSIE,EC,6,117491,能源中心
20250903,XSIE,EC,6,40534,能源中心
20250904,XSIE,EC,6,37244,能源中心
20250905,XSIE,EC,6,35277,能源中心
20250908,XSIE,EC,6,29667,能源中心
20250909,XSIE,EC,6,34654,能源中心
20250910,XSIE,EC,6,24845,能源中心
20250911,XSIE,EC,6,45107,能源中心
20250912,XSIE,EC,6,40145,能源中心
20250915,XSIE,EC,6,31407,能源中心
20250916,XSIE,EC,6,57388,能源中心
20250917,XSIE,EC,6,65208,能源中心
20250918,XSIE,EC,6,31831,能源中心
20250919,XSIE,EC,6,48532,能源中心
20250922,XSIE,EC,6,65644,能源中心
20250923,XSIE,EC,6,45629,能源中心
20250924,XSIE,EC,6,79474,能源中心
20250925,XSIE,EC,6,70242,能源中心
20250926,XSIE,EC,6,49660,能源中心
20250929,XSIE,EC,6,33930,能源中心
20250930,XSIE,EC,6,35056,能源中心
20251009,XSIE,EC,6,78064,能源中心
20251010,XSIE,EC,6,51174,能源中心
20251013,XSIE,EC,6,40097,能源中心
20251014,XSIE,EC,6,69843,能源中心
20251015,XSIE,EC,6,59281,能源中心
20251016,XSIE,EC,6,38960,能源中心
20251017,XSIE,EC,6,39922,能源中心
20251020,XSIE,EC,6,35646,能源中心
20251021,XSIE,EC,6,53665,能源中心
20251022,XSIE,EC,6,36842,能源中心
20251023,XSIE,EC,6,26896,能源中心
20251024,XSIE,EC,6,42095,能源中心
20251027,XSIE,EC,6,37591,能源中心
20251028,XSIE,EC,6,35535,能源中心
20251029,XSIE,EC,6,46921,能源中心
20251030,XSIE,EC,6,24647,能源中心
20251031,XSIE,EC,6,76059,能源中心
20251103,XSIE,EC,6,26649,能源中心
20251104,XSIE,EC,6,37617,能源中心
20251105,XSIE,EC,6,54169,能源中心
20251106,XSIE,EC,6,47681,能源中心
20251107,XSIE,EC,6,23904,能源中心
20251110,XSIE,EC,6,29041,能源中心
20251111,XSIE,EC,6,70447,能源中心
20251112,XSIE,EC,6,57514,能源中心
20251113,XSIE,EC,6,41971,能源中心
20251114,XSIE,EC,6,29643,能源中心
20251117,XSIE,EC,6,57165,能源中心
20251118,XSIE,EC,6,38037,能源中心
20251119,XSIE,EC,6,23971,能源中心
20251120,XSIE,EC,6,40631,能源中心
20251121,XSIE,EC,6,34443,能源中心
20251124,XSIE,EC,6,21265,能源中心
20251125,XSIE,EC,6,64306,能源中心
20251126,XSIE,EC,6,49727,能源中心
20251127,XSIE,EC,6,34563,能源中心
20251128,XSIE,EC,6,52303,能源中心
20251201,XSIE,EC,6,32303,能源中心
20251202,XSIE,EC,6,29045,能源中心
20251203,XSIE,EC,6,27148,能源中心
20251204,XSIE,EC,6,31055,能源中心
20251205,XSIE,EC,6,43008,能源中心
20251208,XSIE,EC,6,23616,能源中心
20251209,XSIE,EC,6,23235,能源中心
20251210,XSIE,EC,6,40741,能源中心
20251211,XSIE,EC,6,21544,能源中心
20251212,XSIE,EC,6,39767,能源中心
20251215,XSIE,EC,6,38062,能源中心
20251216,XSIE,EC,6,36307,能源中心
20251217,XSIE,EC,6,29873,能源中心
20251218,XSIE,EC,6,31539,能源中心
20251219,XSIE,EC,6,36972,能源中心
20251222,XSIE,EC,6,66804,能源中心
20251223,XSIE,EC,6,51004,能源中心
20251224,XSIE,EC,6,29953,能源中心
20251225,XSIE,EC,6,36322,能源中心
20251226,XSIE,EC,6,35851,能源中心
20251229,XSIE,EC,6,33246,能源中心
20251230,XSIE,EC,6,33696,能源中心
20251231,XSIE,EC,6,26823,能源中心
20260105,XSIE,EC,6,33061,能源中心
20260106,XSIE,EC,6,34329,能源中心
20260107,XSIE,EC,6,69914,能源中心
20260108,XSIE,EC,6,46089,能源中心
20260109,XSIE,EC,6,26127,能源中心
20260112,XSIE,EC,6,88935,能源中心
20260113,XSIE,EC,6,54738,能源中心
20260114,XSIE,EC,6,54675,能源中心
20260115,XSIE,EC,6,46912,能源中心
20260116,XSIE,EC,6,58946,能源中心
20260119,XSIE,EC,6,36458,能源中心
20260120,XSIE,EC,6,37315,能源中心
20260121,XSIE,EC,6,28032,能源中心
20260122,XSIE,EC,6,24650,能源中心
20260123,XSIE,EC,6,37588,能源中心
20260126,XSIE,EC,6,51020,能源中心
20260127,XSIE,EC,6,29874,能源中心
20260128,XSIE,EC,6,46760,能源中心
20260129,XSIE,EC,6,37978,能源中心
20260130,XSIE,EC,6,34682,能源中心
20260202,XSIE,EC,6,42731,能源中心
20260203,XSIE,EC,6,34792,能源中心
20260204,XSIE,EC,6,30069,能源中心
20260205,XSIE,EC,6,52502,能源中心
20260206,XSIE,EC,6,36182,能源中心
20260209,XSIE,EC,6,17605,能源中心
20260210,XSIE,EC,8,35792,能源中心
20260211,XSIE,EC,8,22275,能源中心
20260212,XSIE,EC,8,42518,能源中心
20260213,XSIE,EC,8,33623,能源中心
20260224,XSIE,EC,8,63374,能源中心
20260225,XSIE,EC,8,44121,能源中心
20260226,XSIE,EC,8,36816,能源中心
20260227,XSIE,EC,8,39426,能源中心
20260303,XSIE,EC,8,30871,能源中心
20260304,XSIE,EC,8,225015,能源中心
20260305,XSIE,EC,8,209509,能源中心
20260306,XSIE,EC,8,116136,能源中心
20260310,XSIE,EC,8,91438,能源中心
20260311,XSIE,EC,8,93131,能源中心
20260312,XSIE,EC,8,91865,能源中心
20260313,XSIE,EC,8,65098,能源中心
20260316,XSIE,EC,8,58796,能源中心
20260317,XSIE,EC,8,42987,能源中心
20260318,XSIE,EC,8,42436,能源中心
20260319,XSIE,EC,8,37755,能源中心
20260320,XSIE,EC,8,44179,能源中心
20260324,XSIE,EC,8,35849,能源中心
20260325,XSIE,EC,8,35860,能源中心
20260326,XSIE,EC,8,28823,能源中心
20260327,XSIE,EC,8,23946,能源中心
20260401,XSIE,EC,9,39722,能源中心
20260402,XSIE,EC,9,29093,能源中心
20260403,XSIE,EC,9,21245,能源中心
20260407,XSIE,EC,9,21740,能源中心
20260409,XSIE,EC,9,19398,能源中心
20260410,XSIE,EC,9,18329,能源中心
20260414,XSIE,EC,9,12336,能源中心
20260415,XSIE,EC,9,17095,能源中心
20260416,XSIE,EC,9,17587,能源中心
20260420,XSIE,EC,9,17431,能源中心
20260421,XSIE,EC,9,12703,能源中心
20260422,XSIE,EC,9,19168,能源中心
20260423,XSIE,EC,9,16017,能源中心
20260424,XSIE,EC,9,11395,能源中心
20260427,XSIE,EC,9,11530,能源中心
20260428,XSIE,EC,8,16991,能源中心
20260429,XSIE,EC,8,14710,能源中心
20260430,XSIE,EC,8,10540,能源中心
20260506,XSIE,EC,8,13435,能源中心
20260507,XSIE,EC,8,21514,能源中心
20260511,XSIE,EC,8,16546,能源中心
20260512,XSIE,EC,8,11952,能源中心
20260513,XSIE,EC,8,15661,能源中心
20260514,XSIE,EC,8,16942,能源中心
20260515,XSIE,EC,8,17301,能源中心
20260518,XSIE,EC,8,14937,能源中心
20260522,XSIE,EC,8,48745,能源中心
20260525,XSIE,EC,8,36715,能源中心
20260526,XSIE,EC,8,44656,能源中心
20260527,XSIE,EC,8,27243,能源中心
20260528,XSIE,EC,8,30820,能源中心
20260601,XSIE,EC,8,49675,能源中心
20260602,XSIE,EC,8,49642,能源中心
20260603,XSIE,EC,8,33943,能源中心
20260609,XSIE,EC,8,35204,能源中心
20260610,XSIE,EC,8,33569,能源中心
20260611,XSIE,EC,8,27172,能源中心
20260612,XSIE,EC,8,19635,能源中心
20260616,XSIE,EC,8,33264,能源中心
20260617,XSIE,EC,8,29231,能源中心
20260618,XSIE,EC,8,23906,能源中心
20260622,XSIE,EC,8,26327,能源中心
20260623,XSIE,EC,8,36289,能源中心
20260624,XSIE,EC,8,19571,能源中心
20260625,XSIE,EC,8,35681,能源中心
20260626,XSIE,EC,8,20257,能源中心
20260629,XSIE,EC,8,25711,能源中心
20260630,XSIE,EC,8,27660,能源中心
20260701,XSIE,EC,8,31782,能源中心
20260702,XSIE,EC,8,18726,能源中心
20260703,XSIE,EC,8,21910,能源中心
20260706,XSIE,EC,8,21696,能源中心
20260707,XSIE,EC,8,26219,能源中心
20260708,XSIE,EC,8,30181,能源中心
20260710,XSIE,EC,8,14100,能源中心
20260713,XSIE,EC,8,18787,能源中心
20260714,XSIE,EC,8,39380,能源中心
20260715,XSIE,EC,8,27297,能源中心
20260716,XSIE,EC,8,17066,能源中心
20260717,XSIE,EC,8,26903,能源中心
20260721,XSIE,EC,8,21920,能源中心
20260723,XSIE,EC,8,16135,能源中心
20260724,XSIE,EC,8,21126,能源中心
20260727,XSIE,EC,8,18549,能源中心
20260728,XSIE,EC,8,21756,能源中心
20260729,XSIE,EC,8,20194,能源中心
20260730,XSIE,EC,8,24230,能源中心
20260731,XSIE,EC,8,21583,能源中心
20260803,XSIE,EC,8,21821,能源中心
20260805,XSIE,EC,8,28622,能源中心
20260806,XSIE,EC,8,18647,能源中心
20260807,XSIE,EC,8,13799,能源中心
20260810,XSIE,EC,8,19711,能源中心
20260811,XSIE,EC,8,33502,能源中心
20220722,CCFX,IM,4,36487,中金所
20220725,CCFX,IM,4,34723,中金所
20220726,CCFX,IM,4,30183,中金所
20220727,CCFX,IM,4,28481,中金所
20220728,CCFX,IM,4,34935,中金所
20220729,CCFX,IM,4,39284,中金所
20220801,CCFX,IM,4,32816,中金所
20220802,CCFX,IM,4,58359,中金所
20220803,CCFX,IM,4,49576,中金所
20220804,CCFX,IM,4,54192,中金所
20220805,CCFX,IM,4,47565,中金所
20220808,CCFX,IM,4,33304,中金所
20220809,CCFX,IM,4,31834,中金所
20220810,CCFX,IM,4,34623,中金所
20220811,CCFX,IM,4,37716,中金所
20220812,CCFX,IM,4,35979,中金所
20220815,CCFX,IM,4,37269,中金所
20220816,CCFX,IM,4,41109,中金所
20220817,CCFX,IM,4,39298,中金所
20220818,CCFX,IM,4,40901,中金所
20220819,CCFX,IM,4,49752,中金所
20220822,CCFX,IM,4,35835,中金所
20220823,CCFX,IM,4,35120,中金所
20220824,CCFX,IM,4,60580,中金所
20220825,CCFX,IM,4,54313,中金所
20220826,CCFX,IM,4,46441,中金所
20220829,CCFX,IM,4,46352,中金所
20220830,CCFX,IM,4,41445,中金所
20220831,CCFX,IM,4,64400,中金所
20220901,CCFX,IM,4,52909,中金所
20220902,CCFX,IM,4,48673,中金所
20220905,CCFX,IM,4,40470,中金所
20220906,CCFX,IM,4,46224,中金所
20220907,CCFX,IM,4,37910,中金所
20220908,CCFX,IM,4,34874,中金所
20220909,CCFX,IM,4,48073,中金所
20220913,CCFX,IM,4,45646,中金所
20220914,CCFX,IM,4,50848,中金所
20220915,CCFX,IM,4,90347,中金所
20220916,CCFX,IM,4,80596,中金所
20220919,CCFX,IM,4,63199,中金所
20220920,CCFX,IM,4,55939,中金所
20220921,CCFX,IM,4,55468,中金所
20220922,CCFX,IM,4,60467,中金所
20220923,CCFX,IM,4,80618,中金所
20220927,CCFX,IM,4,62006,中金所
20220928,CCFX,IM,4,77283,中金所
20220929,CCFX,IM,4,68139,中金所
20220930,CCFX,IM,4,64228,中金所
20221010,CCFX,IM,4,53033,中金所
20221011,CCFX,IM,4,56661,中金所
20221012,CCFX,IM,4,85538,中金所
20221013,CCFX,IM,4,69101,中金所
20221014,CCFX,IM,4,67058,中金所
20221017,CCFX,IM,4,56553,中金所
20221018,CCFX,IM,4,57813,中金所
20221019,CCFX,IM,4,62751,中金所
20221020,CCFX,IM,4,102154,中金所
20221021,CCFX,IM,4,70769,中金所
20221024,CCFX,IM,4,87954,中金所
20221025,CCFX,IM,4,82968,中金所
20221026,CCFX,IM,4,100578,中金所
20221027,CCFX,IM,4,73957,中金所
20221028,CCFX,IM,4,91405,中金所
20221031,CCFX,IM,4,81441,中金所
20221101,CCFX,IM,4,84596,中金所
20221102,CCFX,IM,4,63461,中金所
20221103,CCFX,IM,4,56628,中金所
20221104,CCFX,IM,4,74143,中金所
20221107,CCFX,IM,4,60020,中金所
20221108,CCFX,IM,4,50069,中金所
20221109,CCFX,IM,4,48609,中金所
20221110,CCFX,IM,4,62244,中金所
20221111,CCFX,IM,4,82308,中金所
20221114,CCFX,IM,4,70931,中金所
20221115,CCFX,IM,4,70442,中金所
20221116,CCFX,IM,4,55618,中金所
20221117,CCFX,IM,4,64796,中金所
20221118,CCFX,IM,4,66209,中金所
20221121,CCFX,IM,4,53806,中金所
20221122,CCFX,IM,4,72970,中金所
20221123,CCFX,IM,4,68163,中金所
20221124,CCFX,IM,4,53143,中金所
20221125,CCFX,IM,4,50180,中金所
20221128,CCFX,IM,4,59447,中金所
20221129,CCFX,IM,4,57662,中金所
20221130,CCFX,IM,4,44399,中金所
20221201,CCFX,IM,4,51540,中金所
20221202,CCFX,IM,4,45781,中金所
20221205,CCFX,IM,4,51370,中金所
20221206,CCFX,IM,4,54317,中金所
20221207,CCFX,IM,4,49870,中金所
20221208,CCFX,IM,4,46354,中金所
20221209,CCFX,IM,4,53180,中金所
20221212,CCFX,IM,4,63508,中金所
20221213,CCFX,IM,4,47453,中金所
20221214,CCFX,IM,4,63046,中金所
20221215,CCFX,IM,4,61228,中金所
20221216,CCFX,IM,4,62235,中金所
20221219,CCFX,IM,4,51801,中金所
20221220,CCFX,IM,4,49752,中金所
20221221,CCFX,IM,4,48738,中金所
20221222,CCFX,IM,4,52951,中金所
20221223,CCFX,IM,4,53219,中金所
20221226,CCFX,IM,4,51519,中金所
20221227,CCFX,IM,4,40490,中金所
20221228,CCFX,IM,4,34873,中金所
20221229,CCFX,IM,4,42048,中金所
20221230,CCFX,IM,4,34774,中金所
20230103,CCFX,IM,4,47032,中金所
20230104,CCFX,IM,4,36534,中金所
20230105,CCFX,IM,4,40168,中金所
20230106,CCFX,IM,4,37483,中金所
20230109,CCFX,IM,4,34161,中金所
20230110,CCFX,IM,4,29386,中金所
20230111,CCFX,IM,4,37529,中金所
20230112,CCFX,IM,4,43680,中金所
20230113,CCFX,IM,4,42293,中金所
20230116,CCFX,IM,4,60514,中金所
20230117,CCFX,IM,4,39609,中金所
20230118,CCFX,IM,4,42629,中金所
20230119,CCFX,IM,4,55392,中金所
20230120,CCFX,IM,4,50936,中金所
20230130,CCFX,IM,4,52909,中金所
20230131,CCFX,IM,4,41344,中金所
20230201,CCFX,IM,4,53064,中金所
20230202,CCFX,IM,4,54046,中金所
20230203,CCFX,IM,4,67201,中金所
20230206,CCFX,IM,4,58000,中金所
20230207,CCFX,IM,4,55823,中金所
20230208,CCFX,IM,4,48270,中金所
20230209,CCFX,IM,4,72322,中金所
20230210,CCFX,IM,4,75153,中金所
20230213,CCFX,IM,4,52325,中金所
20230214,CCFX,IM,4,42370,中金所
20230215,CCFX,IM,4,50455,中金所
20230216,CCFX,IM,4,93511,中金所
20230217,CCFX,IM,4,75310,中金所
20230220,CCFX,IM,4,63498,中金所
20230221,CCFX,IM,4,52631,中金所
20230222,CCFX,IM,4,44235,中金所
20230223,CCFX,IM,4,47655,中金所
20230224,CCFX,IM,4,43022,中金所
20230227,CCFX,IM,4,49757,中金所
20230228,CCFX,IM,4,52594,中金所
20230301,CCFX,IM,4,51698,中金所
20230302,CCFX,IM,4,45019,中金所
20230303,CCFX,IM,4,50232,中金所
20230306,CCFX,IM,4,46358,中金所
20230307,CCFX,IM,4,65843,中金所
20230308,CCFX,IM,4,49191,中金所
20230309,CCFX,IM,4,48170,中金所
20230310,CCFX,IM,4,61072,中金所
20230313,CCFX,IM,4,61742,中金所
20230314,CCFX,IM,4,78779,中金所
20230315,CCFX,IM,4,76736,中金所
20230316,CCFX,IM,4,82341,中金所
20230317,CCFX,IM,4,81130,中金所
20230320,CCFX,IM,4,47173,中金所
20230321,CCFX,IM,4,45329,中金所
20230322,CCFX,IM,4,35545,中金所
20230323,CCFX,IM,4,36440,中金所
20230324,CCFX,IM,4,31466,中金所
20230327,CCFX,IM,4,39992,中金所
20230328,CCFX,IM,4,40650,中金所
20230329,CCFX,IM,4,38399,中金所
20230330,CCFX,IM,4,48088,中金所
20230331,CCFX,IM,4,39369,中金所
20230403,CCFX,IM,4,44059,中金所
20230404,CCFX,IM,4,35928,中金所
20230406,CCFX,IM,4,37290,中金所
20230407,CCFX,IM,4,39065,中金所
20230410,CCFX,IM,4,49603,中金所
20230411,CCFX,IM,4,39685,中金所
20230412,CCFX,IM,4,36842,中金所
20230413,CCFX,IM,4,48483,中金所
20230414,CCFX,IM,4,50028,中金所
20230417,CCFX,IM,4,45905,中金所
20230418,CCFX,IM,4,53810,中金所
20230419,CCFX,IM,4,52287,中金所
20230420,CCFX,IM,4,56347,中金所
20230421,CCFX,IM,4,77340,中金所
20230424,CCFX,IM,4,59592,中金所
20230425,CCFX,IM,4,81318,中金所
20230426,CCFX,IM,4,64236,中金所
20230427,CCFX,IM,4,61862,中金所
20230428,CCFX,IM,4,52423,中金所
20230504,CCFX,IM,4,37562,中金所
20230505,CCFX,IM,4,54719,中金所
20230508,CCFX,IM,4,49134,中金所
20230509,CCFX,IM,4,57727,中金所
20230510,CCFX,IM,4,57803,中金所
20230511,CCFX,IM,4,36612,中金所
20230512,CCFX,IM,4,57135,中金所
20230515,CCFX,IM,4,75775,中金所
20230516,CCFX,IM,4,58584,中金所
20230517,CCFX,IM,4,56015,中金所
20230518,CCFX,IM,4,58070,中金所
20230519,CCFX,IM,4,63906,中金所
20230522,CCFX,IM,4,44394,中金所
20230523,CCFX,IM,4,47082,中金所
20230524,CCFX,IM,4,54334,中金所
20230525,CCFX,IM,4,63640,中金所
20230526,CCFX,IM,4,55569,中金所
20230529,CCFX,IM,4,43439,中金所
20230530,CCFX,IM,4,56380,中金所
20230531,CCFX,IM,4,49323,中金所
20230601,CCFX,IM,4,50284,中金所
20230602,CCFX,IM,4,46294,中金所
20230605,CCFX,IM,4,34973,中金所
20230606,CCFX,IM,4,65400,中金所
20230607,CCFX,IM,4,47900,中金所
20230608,CCFX,IM,4,60761,中金所
20230609,CCFX,IM,4,57567,中金所
20230703,CCFX,IM,4,44770,中金所
20230704,CCFX,IM,4,30300,中金所
20230705,CCFX,IM,4,39296,中金所
20230706,CCFX,IM,4,44929,中金所
20230707,CCFX,IM,4,52466,中金所
20230710,CCFX,IM,4,40668,中金所
20230711,CCFX,IM,4,41205,中金所
20230712,CCFX,IM,4,51723,中金所
20230713,CCFX,IM,4,54372,中金所
20230714,CCFX,IM,4,39643,中金所
20230717,CCFX,IM,4,50146,中金所
20230718,CCFX,IM,4,52571,中金所
20230719,CCFX,IM,4,58277,中金所
20230720,CCFX,IM,4,83622,中金所
20230721,CCFX,IM,4,77316,中金所
20230724,CCFX,IM,4,42103,中金所
20230725,CCFX,IM,4,56732,中金所
20230726,CCFX,IM,4,41252,中金所
20230727,CCFX,IM,4,46797,中金所
20230728,CCFX,IM,4,64690,中金所
20230731,CCFX,IM,4,64337,中金所
20230801,CCFX,IM,4,46131,中金所
20230802,CCFX,IM,4,47900,中金所
20230803,CCFX,IM,4,43211,中金所
20230804,CCFX,IM,4,62337,中金所
20230807,CCFX,IM,4,44636,中金所
20230808,CCFX,IM,4,48802,中金所
20230809,CCFX,IM,4,46079,中金所
20230810,CCFX,IM,4,46674,中金所
20230811,CCFX,IM,4,63040,中金所
20230814,CCFX,IM,4,72507,中金所
20230815,CCFX,IM,4,73095,中金所
20230816,CCFX,IM,4,68466,中金所
20230817,CCFX,IM,4,86964,中金所
20230818,CCFX,IM,4,84990,中金所
20230821,CCFX,IM,4,65248,中金所
20230822,CCFX,IM,4,79052,中金所
20230823,CCFX,IM,4,67332,中金所
20230824,CCFX,IM,4,67436,中金所
20230825,CCFX,IM,4,87654,中金所
20230828,CCFX,IM,4,109659,中金所
20230829,CCFX,IM,4,112098,中金所
20230830,CCFX,IM,4,89393,中金所
20230831,CCFX,IM,4,66319,中金所
20230901,CCFX,IM,4,56972,中金所
20230904,CCFX,IM,4,73914,中金所
20230905,CCFX,IM,4,60391,中金所
20230906,CCFX,IM,4,65381,中金所
20230907,CCFX,IM,4,79706,中金所
20230908,CCFX,IM,4,72040,中金所
20230911,CCFX,IM,4,93715,中金所
20230912,CCFX,IM,4,72979,中金所
20230913,CCFX,IM,4,110432,中金所
20230914,CCFX,IM,4,98767,中金所
20230915,CCFX,IM,4,96198,中金所
20230918,CCFX,IM,4,67564,中金所
20230919,CCFX,IM,4,56654,中金所
20230920,CCFX,IM,4,46189,中金所
20230921,CCFX,IM,4,58913,中金所
20230922,CCFX,IM,4,81578,中金所
20230925,CCFX,IM,4,53540,中金所
20230926,CCFX,IM,4,45145,中金所
20230927,CCFX,IM,4,63583,中金所
20230928,CCFX,IM,4,49668,中金所
20231009,CCFX,IM,4,58591,中金所
20231010,CCFX,IM,4,48794,中金所
20231011,CCFX,IM,4,64759,中金所
20231012,CCFX,IM,4,55797,中金所
20231013,CCFX,IM,4,43674,中金所
20231016,CCFX,IM,4,67186,中金所
20231017,CCFX,IM,4,67634,中金所
20231018,CCFX,IM,4,82574,中金所
20231019,CCFX,IM,4,95951,中金所
20231020,CCFX,IM,4,89906,中金所
20231023,CCFX,IM,4,90306,中金所
20231024,CCFX,IM,4,98448,中金所
20231025,CCFX,IM,4,69638,中金所
20231026,CCFX,IM,4,76293,中金所
20231027,CCFX,IM,4,94419,中金所
20231030,CCFX,IM,4,73725,中金所
20231031,CCFX,IM,4,66268,中金所
20231101,CCFX,IM,4,56674,中金所
20231102,CCFX,IM,4,58492,中金所
20231103,CCFX,IM,4,80278,中金所
20231106,CCFX,IM,4,71013,中金所
20231107,CCFX,IM,4,61143,中金所
20231108,CCFX,IM,4,71563,中金所
20231109,CCFX,IM,4,75069,中金所
20231110,CCFX,IM,4,73632,中金所
20231113,CCFX,IM,4,75442,中金所
20231114,CCFX,IM,4,84551,中金所
20231115,CCFX,IM,4,86742,中金所
20231116,CCFX,IM,4,87599,中金所
20231117,CCFX,IM,4,79362,中金所
20231120,CCFX,IM,4,72334,中金所
20231121,CCFX,IM,4,67421,中金所
20231122,CCFX,IM,4,69936,中金所
20231123,CCFX,IM,4,80804,中金所
20231124,CCFX,IM,4,75565,中金所
20231127,CCFX,IM,4,75190,中金所
20231128,CCFX,IM,4,73512,中金所
20231129,CCFX,IM,4,57059,中金所
20231130,CCFX,IM,4,73746,中金所
20231201,CCFX,IM,4,80047,中金所
20231204,CCFX,IM,4,69523,中金所
20231205,CCFX,IM,4,82298,中金所
20231206,CCFX,IM,4,83573,中金所
20231207,CCFX,IM,4,102828,中金所
20231208,CCFX,IM,4,95543,中金所
20231211,CCFX,IM,4,107225,中金所
20231212,CCFX,IM,4,91446,中金所
20231213,CCFX,IM,4,86438,中金所
20231214,CCFX,IM,4,96664,中金所
20231215,CCFX,IM,4,98969,中金所
20231218,CCFX,IM,4,65383,中金所
20231219,CCFX,IM,4,67293,中金所
20231220,CCFX,IM,4,70493,中金所
20231221,CCFX,IM,4,94189,中金所
20231222,CCFX,IM,4,90363,中金所
20231225,CCFX,IM,4,61470,中金所
20231226,CCFX,IM,4,71114,中金所
20231227,CCFX,IM,4,70473,中金所
20231228,CCFX,IM,4,99693,中金所
20231229,CCFX,IM,4,87992,中金所
20240102,CCFX,IM,4,59242,中金所
20240103,CCFX,IM,4,68447,中金所
20240104,CCFX,IM,4,74951,中金所
20240105,CCFX,IM,4,85816,中金所
20240108,CCFX,IM,4,115693,中金所
20240109,CCFX,IM,4,119171,中金所
20240110,CCFX,IM,4,107449,中金所
20240111,CCFX,IM,4,124049,中金所
20240112,CCFX,IM,4,92017,中金所
20240115,CCFX,IM,4,99094,中金所
20240116,CCFX,IM,4,126042,中金所
20240117,CCFX,IM,4,124529,中金所
20240118,CCFX,IM,4,205964,中金所
20240119,CCFX,IM,4,151804,中金所
20240122,CCFX,IM,4,206819,中金所
20240123,CCFX,IM,4,218438,中金所
20240124,CCFX,IM,4,233789,中金所
20240125,CCFX,IM,4,206556,中金所
20240126,CCFX,IM,4,162904,中金所
20240129,CCFX,IM,4,167646,中金所
20240130,CCFX,IM,4,173997,中金所
20240131,CCFX,IM,4,244253,中金所
20240201,CCFX,IM,4,254051,中金所
20240202,CCFX,IM,4,316103,中金所
20240205,CCFX,IM,4,408336,中金所
20240206,CCFX,IM,4,384955,中金所
20240207,CCFX,IM,4,344282,中金所
20240208,CCFX,IM,4,317982,中金所
20240219,CCFX,IM,4,220813,中金所
20240220,CCFX,IM,4,169472,中金所
20240221,CCFX,IM,4,238648,中金所
20240222,CCFX,IM,4,194654,中金所
20240223,CCFX,IM,4,189809,中金所
20240226,CCFX,IM,4,195073,中金所
20240227,CCFX,IM,4,198255,中金所
20240228,CCFX,IM,4,294241,中金所
20240229,CCFX,IM,4,258032,中金所
20240301,CCFX,IM,4,193452,中金所
20240304,CCFX,IM,4,180603,中金所
20240305,CCFX,IM,4,174028,中金所
20240306,CCFX,IM,4,186129,中金所
20240307,CCFX,IM,4,184992,中金所
20240308,CCFX,IM,4,167720,中金所
20240311,CCFX,IM,4,160869,中金所
20240312,CCFX,IM,4,191344,中金所
20240313,CCFX,IM,4,169820,中金所
20240314,CCFX,IM,4,189839,中金所
20240315,CCFX,IM,4,182340,中金所
20240318,CCFX,IM,4,143003,中金所
20240319,CCFX,IM,4,136108,中金所
20240320,CCFX,IM,4,138946,中金所
20240321,CCFX,IM,4,133105,中金所
20240322,CCFX,IM,4,166519,中金所
20240325,CCFX,IM,4,159709,中金所
20240326,CCFX,IM,4,173048,中金所
20240327,CCFX,IM,4,176592,中金所
20240328,CCFX,IM,4,206439,中金所
20240329,CCFX,IM,4,160977,中金所
20240401,CCFX,IM,4,137203,中金所
20240402,CCFX,IM,4,141624,中金所
20240403,CCFX,IM,4,132828,中金所
20240408,CCFX,IM,4,134167,中金所
20240409,CCFX,IM,4,138290,中金所
20240410,CCFX,IM,4,163468,中金所
20240411,CCFX,IM,4,169349,中金所
20240412,CCFX,IM,4,145816,中金所
20240415,CCFX,IM,4,222100,中金所
20240416,CCFX,IM,4,238823,中金所
20240417,CCFX,IM,4,232226,中金所
20240418,CCFX,IM,4,208504,中金所
20240419,CCFX,IM,4,178067,中金所
20240422,CCFX,IM,4,146483,中金所
20240423,CCFX,IM,4,134435,中金所
20240424,CCFX,IM,4,151964,中金所
20240425,CCFX,IM,4,147295,中金所
20240426,CCFX,IM,4,168385,中金所
20240429,CCFX,IM,4,171528,中金所
20240430,CCFX,IM,4,139900,中金所
20240506,CCFX,IM,4,138087,中金所
20240507,CCFX,IM,4,105970,中金所
20240508,CCFX,IM,4,117910,中金所
20240509,CCFX,IM,4,127815,中金所
20240510,CCFX,IM,4,149096,中金所
20240513,CCFX,IM,4,139189,中金所
20240514,CCFX,IM,4,125243,中金所
20240515,CCFX,IM,4,123885,中金所
20240516,CCFX,IM,4,143753,中金所
20240517,CCFX,IM,4,150801,中金所
20240520,CCFX,IM,4,117096,中金所
20240521,CCFX,IM,4,103412,中金所
20240522,CCFX,IM,4,94101,中金所
20240523,CCFX,IM,4,127790,中金所
20240524,CCFX,IM,4,117472,中金所
20240527,CCFX,IM,4,127743,中金所
20240528,CCFX,IM,4,115138,中金所
20240529,CCFX,IM,4,125198,中金所
20240530,CCFX,IM,4,131648,中金所
20240531,CCFX,IM,4,109490,中金所
20240603,CCFX,IM,4,143139,中金所
20240604,CCFX,IM,4,139244,中金所
20240605,CCFX,IM,4,105869,中金所
20240606,CCFX,IM,4,173746,中金所
20240607,CCFX,IM,4,160125,中金所
20240611,CCFX,IM,4,144815,中金所
20240612,CCFX,IM,4,112488,中金所
20240613,CCFX,IM,4,116824,中金所
20240614,CCFX,IM,4,142209,中金所
20240617,CCFX,IM,4,118291,中金所
20240618,CCFX,IM,4,133839,中金所
20240619,CCFX,IM,4,148171,中金所
20240620,CCFX,IM,4,163360,中金所
20240621,CCFX,IM,4,154091,中金所
20240624,CCFX,IM,4,154763,中金所
20240625,CCFX,IM,4,158718,中金所
20240626,CCFX,IM,4,184572,中金所
20240627,CCFX,IM,4,159858,中金所
20240628,CCFX,IM,4,181594,中金所
20240701,CCFX,IM,4,166113,中金所
20240702,CCFX,IM,4,131811,中金所
20240703,CCFX,IM,4,127930,中金所
20240704,CCFX,IM,4,152291,中金所
20240705,CCFX,IM,4,171531,中金所
20240708,CCFX,IM,4,155120,中金所
20240709,CCFX,IM,4,220700,中金所
20240710,CCFX,IM,4,148978,中金所
20240711,CCFX,IM,4,169077,中金所
20240712,CCFX,IM,4,127879,中金所
20240715,CCFX,IM,4,130798,中金所
20240716,CCFX,IM,4,146958,中金所
20240717,CCFX,IM,4,145944,中金所
20240718,CCFX,IM,4,197400,中金所
20240719,CCFX,IM,4,182001,中金所
20240722,CCFX,IM,4,124518,中金所
20240723,CCFX,IM,4,130953,中金所
20240724,CCFX,IM,4,171031,中金所
20240725,CCFX,IM,4,170047,中金所
20240726,CCFX,IM,4,163311,中金所
20240729,CCFX,IM,4,113812,中金所
20240730,CCFX,IM,4,143600,中金所
20240731,CCFX,IM,4,208870,中金所
20240801,CCFX,IM,4,163354,中金所
20240802,CCFX,IM,4,158840,中金所
20240805,CCFX,IM,4,215875,中金所
20240806,CCFX,IM,4,170795,中金所
20240807,CCFX,IM,4,145202,中金所
20240808,CCFX,IM,4,174372,中金所
20240809,CCFX,IM,4,157806,中金所
20240812,CCFX,IM,4,136173,中金所
20240813,CCFX,IM,4,154270,中金所
20240814,CCFX,IM,4,136314,中金所
20240815,CCFX,IM,4,212832,中金所
20240816,CCFX,IM,4,144994,中金所
20240819,CCFX,IM,4,113882,中金所
20240820,CCFX,IM,4,136764,中金所
20240821,CCFX,IM,4,106552,中金所
20240822,CCFX,IM,4,126832,中金所
20240823,CCFX,IM,4,124440,中金所
20240826,CCFX,IM,4,110657,中金所
20240827,CCFX,IM,4,110482,中金所
20240828,CCFX,IM,4,118005,中金所
20240829,CCFX,IM,4,163985,中金所
20240830,CCFX,IM,4,220194,中金所
20240902,CCFX,IM,4,140422,中金所
20240903,CCFX,IM,4,145492,中金所
20240904,CCFX,IM,4,145473,中金所
20240905,CCFX,IM,4,142226,中金所
20240906,CCFX,IM,4,143154,中金所
20240909,CCFX,IM,4,142388,中金所
20240910,CCFX,IM,4,194375,中金所
20240911,CCFX,IM,4,146694,中金所
20240912,CCFX,IM,4,152421,中金所
20240913,CCFX,IM,4,147827,中金所
20240918,CCFX,IM,4,193116,中金所
20240919,CCFX,IM,4,265037,中金所
20240920,CCFX,IM,4,185669,中金所
20240923,CCFX,IM,4,138561,中金所
20240924,CCFX,IM,4,289746,中金所
20240925,CCFX,IM,4,262904,中金所
20240926,CCFX,IM,4,288648,中金所
20240927,CCFX,IM,4,420560,中金所
20240930,CCFX,IM,4,363015,中金所
20241008,CCFX,IM,4,434277,中金所
20241009,CCFX,IM,4,488271,中金所
20241010,CCFX,IM,4,400297,中金所
20241011,CCFX,IM,4,364904,中金所
20241014,CCFX,IM,4,338296,中金所
20241015,CCFX,IM,4,309606,中金所
20241016,CCFX,IM,4,307947,中金所
20241017,CCFX,IM,4,304157,中金所
20241018,CCFX,IM,4,505826,中金所
20241021,CCFX,IM,4,327333,中金所
20241022,CCFX,IM,4,276754,中金所
20241023,CCFX,IM,4,300244,中金所
20241024,CCFX,IM,4,234077,中金所
20241025,CCFX,IM,4,299180,中金所
20241028,CCFX,IM,4,224404,中金所
20241029,CCFX,IM,4,270868,中金所
20241030,CCFX,IM,4,255362,中金所
20241031,CCFX,IM,4,318997,中金所
20241101,CCFX,IM,4,314142,中金所
20241104,CCFX,IM,4,229861,中金所
20241105,CCFX,IM,4,322500,中金所
20241106,CCFX,IM,4,330650,中金所
20241107,CCFX,IM,4,274947,中金所
20241108,CCFX,IM,4,307144,中金所
20241111,CCFX,IM,4,271571,中金所
20241112,CCFX,IM,4,288299,中金所
20241113,CCFX,IM,4,284502,中金所
20241114,CCFX,IM,4,284706,中金所
20241115,CCFX,IM,4,313013,中金所
20241118,CCFX,IM,4,299407,中金所
20241119,CCFX,IM,4,299429,中金所
20241120,CCFX,IM,4,272504,中金所
20241121,CCFX,IM,4,243606,中金所
20241122,CCFX,IM,4,277305,中金所
20241125,CCFX,IM,4,286976,中金所
20241126,CCFX,IM,4,268650,中金所
20241127,CCFX,IM,4,345984,中金所
20241128,CCFX,IM,4,263979,中金所
20241129,CCFX,IM,4,342076,中金所
20241202,CCFX,IM,4,267345,中金所
20241203,CCFX,IM,4,269237,中金所
20241204,CCFX,IM,4,260538,中金所
20241205,CCFX,IM,4,251282,中金所
20241206,CCFX,IM,4,304973,中金所
20241209,CCFX,IM,4,225626,中金所
20241210,CCFX,IM,4,305388,中金所
20241211,CCFX,IM,4,235087,中金所
20241212,CCFX,IM,4,236854,中金所
20241213,CCFX,IM,4,282693,中金所
20241216,CCFX,IM,4,212227,中金所
20241217,CCFX,IM,4,283537,中金所
20241218,CCFX,IM,4,260062,中金所
20241219,CCFX,IM,4,289173,中金所
20241220,CCFX,IM,4,251469,中金所
20241223,CCFX,IM,4,235913,中金所
20241224,CCFX,IM,4,243284,中金所
20241225,CCFX,IM,4,247199,中金所
20241226,CCFX,IM,4,181330,中金所
20241227,CCFX,IM,4,226248,中金所
20241230,CCFX,IM,4,213527,中金所
20241231,CCFX,IM,4,264331,中金所
20250102,CCFX,IM,4,302484,中金所
20250103,CCFX,IM,4,325935,中金所
20250106,CCFX,IM,4,279070,中金所
20250107,CCFX,IM,4,252906,中金所
20250108,CCFX,IM,4,360456,中金所
20250109,CCFX,IM,4,229041,中金所
20250110,CCFX,IM,4,282774,中金所
20250113,CCFX,IM,4,286472,中金所
20250114,CCFX,IM,4,365636,中金所
20250115,CCFX,IM,4,249064,中金所
20250116,CCFX,IM,4,325640,中金所
20250117,CCFX,IM,4,315126,中金所
20250120,CCFX,IM,4,236681,中金所
20250121,CCFX,IM,4,239066,中金所
20250122,CCFX,IM,4,218555,中金所
20250123,CCFX,IM,4,314596,中金所
20250124,CCFX,IM,4,279652,中金所
20250127,CCFX,IM,4,231341,中金所
20250205,CCFX,IM,4,230728,中金所
20250206,CCFX,IM,4,264743,中金所
20250207,CCFX,IM,4,341348,中金所
20250210,CCFX,IM,4,236350,中金所
20250211,CCFX,IM,4,210239,中金所
20250212,CCFX,IM,4,254038,中金所
20250213,CCFX,IM,4,264279,中金所
20250214,CCFX,IM,4,251830,中金所
20250217,CCFX,IM,4,257868,中金所
20250218,CCFX,IM,4,289009,中金所
20250219,CCFX,IM,4,275346,中金所
20250220,CCFX,IM,4,248544,中金所
20250221,CCFX,IM,4,295853,中金所
20250224,CCFX,IM,4,238178,中金所
20250225,CCFX,IM,4,247978,中金所
20250226,CCFX,IM,4,292222,中金所
20250227,CCFX,IM,4,290377,中金所
20250228,CCFX,IM,4,307598,中金所
20250303,CCFX,IM,4,269040,中金所
20250304,CCFX,IM,4,249328,中金所
20250305,CCFX,IM,4,257788,中金所
20250306,CCFX,IM,4,280957,中金所
20250310,CCFX,IM,4,234140,中金所
20250311,CCFX,IM,4,260104,中金所
20250312,CCFX,IM,4,255293,中金所
20250313,CCFX,IM,4,306369,中金所
20250319,CCFX,IM,4,242314,中金所
20250320,CCFX,IM,4,240970,中金所
20250321,CCFX,IM,4,317024,中金所
20250324,CCFX,IM,4,263991,中金所
20250325,CCFX,IM,4,252803,中金所
20250326,CCFX,IM,4,220855,中金所
20250327,CCFX,IM,4,263697,中金所
20250328,CCFX,IM,4,239600,中金所
20250331,CCFX,IM,4,287064,中金所
20250401,CCFX,IM,4,204434,中金所
20250402,CCFX,IM,4,183462,中金所
20250403,CCFX,IM,4,290297,中金所
20250407,CCFX,IM,4,356205,中金所
20250408,CCFX,IM,4,489144,中金所
20250409,CCFX,IM,4,515916,中金所
20250410,CCFX,IM,4,369327,中金所
20250411,CCFX,IM,4,317638,中金所
20250414,CCFX,IM,4,233895,中金所
20250415,CCFX,IM,4,225722,中金所
20250416,CCFX,IM,4,285415,中金所
20250417,CCFX,IM,4,266233,中金所
20250418,CCFX,IM,4,248096,中金所
20250421,CCFX,IM,4,222169,中金所
20250422,CCFX,IM,4,202578,中金所
20250423,CCFX,IM,4,225306,中金所
20250424,CCFX,IM,4,209041,中金所
20250425,CCFX,IM,4,226082,中金所
20250428,CCFX,IM,4,187860,中金所
20250429,CCFX,IM,4,178842,中金所
20250430,CCFX,IM,4,172444,中金所
20250506,CCFX,IM,4,175258,中金所
20250507,CCFX,IM,4,247563,中金所
20250508,CCFX,IM,4,197680,中金所
20250509,CCFX,IM,4,196447,中金所
20250512,CCFX,IM,4,212393,中金所
20250513,CCFX,IM,4,211048,中金所
20250514,CCFX,IM,4,291490,中金所
20250515,CCFX,IM,4,232044,中金所
20250516,CCFX,IM,4,194585,中金所
20250519,CCFX,IM,4,191958,中金所
20250520,CCFX,IM,4,173350,中金所
20250521,CCFX,IM,4,150678,中金所
20250522,CCFX,IM,4,202919,中金所
20250523,CCFX,IM,4,233775,中金所
20250526,CCFX,IM,4,185404,中金所
20250527,CCFX,IM,4,195063,中金所
20250528,CCFX,IM,4,164927,中金所
20250529,CCFX,IM,4,246499,中金所
20250530,CCFX,IM,4,187608,中金所
20250603,CCFX,IM,4,164487,中金所
20250604,CCFX,IM,4,151505,中金所
20250605,CCFX,IM,4,180384,中金所
20250606,CCFX,IM,4,135171,中金所
20250609,CCFX,IM,4,172233,中金所
20250610,CCFX,IM,4,212759,中金所
20250611,CCFX,IM,4,184683,中金所
20250612,CCFX,IM,4,158990,中金所
20250613,CCFX,IM,4,198024,中金所
20250616,CCFX,IM,4,172828,中金所
20250618,CCFX,IM,4,188199,中金所
20250619,CCFX,IM,4,228414,中金所
20250620,CCFX,IM,4,211961,中金所
20250623,CCFX,IM,4,183161,中金所
20250624,CCFX,IM,4,213636,中金所
20250625,CCFX,IM,4,247386,中金所
20250626,CCFX,IM,4,191303,中金所
20250627,CCFX,IM,4,194108,中金所
20250630,CCFX,IM,4,172012,中金所
20250701,CCFX,IM,4,181858,中金所
20250702,CCFX,IM,4,165735,中金所
20250703,CCFX,IM,4,162960,中金所
20250704,CCFX,IM,4,250280,中金所
20250707,CCFX,IM,4,136314,中金所
20250708,CCFX,IM,4,217782,中金所
20250709,CCFX,IM,4,162388,中金所
20250710,CCFX,IM,4,168165,中金所
20250711,CCFX,IM,4,267453,中金所
20250714,CCFX,IM,4,132782,中金所
20250715,CCFX,IM,4,210590,中金所
20250716,CCFX,IM,4,197891,中金所
20250717,CCFX,IM,4,195970,中金所
20250718,CCFX,IM,4,185326,中金所
20250721,CCFX,IM,4,183945,中金所
20250723,CCFX,IM,4,211740,中金所
20250724,CCFX,IM,4,205106,中金所
20250728,CCFX,IM,4,186257,中金所
20250729,CCFX,IM,4,188549,中金所
20250730,CCFX,IM,4,231279,中金所
20250731,CCFX,IM,4,267774,中金所
20250801,CCFX,IM,4,212982,中金所
20250804,CCFX,IM,4,189239,中金所
20250805,CCFX,IM,4,155305,中金所
20250806,CCFX,IM,4,176382,中金所
20250807,CCFX,IM,4,195495,中金所
20250808,CCFX,IM,4,157592,中金所
20250811,CCFX,IM,4,213349,中金所
20250812,CCFX,IM,4,174410,中金所
20250813,CCFX,IM,4,229667,中金所
20250814,CCFX,IM,4,265731,中金所
20250815,CCFX,IM,4,257577,中金所
20250818,CCFX,IM,4,293129,中金所
20250819,CCFX,IM,4,236188,中金所
20250820,CCFX,IM,4,298722,中金所
20250821,CCFX,IM,4,291091,中金所
20250822,CCFX,IM,4,277717,中金所
20250825,CCFX,IM,4,309362,中金所
20250826,CCFX,IM,4,241167,中金所
20250827,CCFX,IM,4,333544,中金所
20250828,CCFX,IM,4,385647,中金所
20250829,CCFX,IM,4,331183,中金所
20250902,CCFX,IM,4,337746,中金所
20250903,CCFX,IM,4,338297,中金所
20250904,CCFX,IM,4,383239,中金所
20250905,CCFX,IM,4,303786,中金所
20250908,CCFX,IM,4,251713,中金所
20250909,CCFX,IM,4,253731,中金所
20250910,CCFX,IM,4,275094,中金所
20250911,CCFX,IM,4,318107,中金所
20250912,CCFX,IM,4,240836,中金所
20250915,CCFX,IM,4,194389,中金所
20250916,CCFX,IM,4,261972,中金所
20250917,CCFX,IM,4,285903,中金所
20250918,CCFX,IM,4,428973,中金所
20250919,CCFX,IM,4,318745,中金所
20250922,CCFX,IM,4,213295,中金所
20250923,CCFX,IM,4,329024,中金所
20250924,CCFX,IM,4,293620,中金所
20250925,CCFX,IM,4,212836,中金所
20250926,CCFX,IM,4,242990,中金所
20250929,CCFX,IM,4,284619,中金所
20250930,CCFX,IM,4,216870,中金所
20251009,CCFX,IM,4,213729,中金所
20251010,CCFX,IM,4,233450,中金所
20251013,CCFX,IM,4,286550,中金所
20251014,CCFX,IM,4,332121,中金所
20251015,CCFX,IM,4,293154,中金所
20251016,CCFX,IM,4,249753,中金所
20251017,CCFX,IM,4,290913,中金所
20251020,CCFX,IM,4,228283,中金所
20251021,CCFX,IM,4,233073,中金所
20251022,CCFX,IM,4,182361,中金所
20251023,CCFX,IM,4,260447,中金所
20251024,CCFX,IM,4,224453,中金所
20251027,CCFX,IM,4,214742,中金所
20251028,CCFX,IM,4,211293,中金所
20251029,CCFX,IM,4,187636,中金所
20251030,CCFX,IM,4,248653,中金所
20251031,CCFX,IM,4,253282,中金所
20251103,CCFX,IM,4,229133,中金所
20251104,CCFX,IM,4,233578,中金所
20251105,CCFX,IM,4,238684,中金所
20251106,CCFX,IM,4,203430,中金所
20251107,CCFX,IM,4,187617,中金所
20251110,CCFX,IM,4,194473,中金所
20251111,CCFX,IM,4,186082,中金所
20251112,CCFX,IM,4,243895,中金所
20251113,CCFX,IM,4,214803,中金所
20251114,CCFX,IM,4,192579,中金所
20251117,CCFX,IM,4,197327,中金所
20251118,CCFX,IM,4,217767,中金所
20251119,CCFX,IM,4,227467,中金所
20251120,CCFX,IM,4,211533,中金所
20251121,CCFX,IM,4,322669,中金所
20251124,CCFX,IM,4,223835,中金所
20251125,CCFX,IM,4,213192,中金所
20251126,CCFX,IM,4,177550,中金所
20251127,CCFX,IM,4,183443,中金所
20251128,CCFX,IM,4,174822,中金所
20251201,CCFX,IM,4,152522,中金所
20251202,CCFX,IM,4,140116,中金所
20251203,CCFX,IM,4,177486,中金所
20251204,CCFX,IM,4,172057,中金所
20251205,CCFX,IM,4,220452,中金所
20251208,CCFX,IM,4,170428,中金所
20251209,CCFX,IM,4,140871,中金所
20251210,CCFX,IM,4,177447,中金所
20251211,CCFX,IM,4,191043,中金所
20251212,CCFX,IM,4,217676,中金所
20251215,CCFX,IM,4,192445,中金所
20251216,CCFX,IM,4,254225,中金所
20251217,CCFX,IM,4,290120,中金所
20251218,CCFX,IM,4,224616,中金所
20251219,CCFX,IM,4,219389,中金所
20251222,CCFX,IM,4,146625,中金所
20251223,CCFX,IM,4,144993,中金所
20251224,CCFX,IM,4,185772,中金所
20251225,CCFX,IM,4,171176,中金所
20251226,CCFX,IM,4,212959,中金所
20251229,CCFX,IM,4,159717,中金所
20251230,CCFX,IM,4,163327,中金所
20251231,CCFX,IM,4,157425,中金所
20260105,CCFX,IM,4,181910,中金所
20260106,CCFX,IM,4,200114,中金所
20260107,CCFX,IM,4,177522,中金所
20260108,CCFX,IM,4,196014,中金所
20260109,CCFX,IM,4,247789,中金所
20260112,CCFX,IM,4,298563,中金所
20260113,CCFX,IM,4,305102,中金所
20260114,CCFX,IM,4,378595,中金所
20260115,CCFX,IM,4,247764,中金所
20260116,CCFX,IM,4,242338,中金所
20260119,CCFX,IM,4,206367,中金所
20260120,CCFX,IM,4,245840,中金所
20260121,CCFX,IM,4,214526,中金所
20260122,CCFX,IM,4,172599,中金所
20260123,CCFX,IM,4,222986,中金所
20260126,CCFX,IM,4,277160,中金所
20260127,CCFX,IM,4,262400,中金所
20260128,CCFX,IM,4,194080,中金所
20260129,CCFX,IM,4,247981,中金所
20260130,CCFX,IM,4,275842,中金所
20260202,CCFX,IM,4,307100,中金所
20260203,CCFX,IM,4,257636,中金所
20260204,CCFX,IM,4,228364,中金所
20260205,CCFX,IM,4,232672,中金所
20260206,CCFX,IM,4,242655,中金所
20260209,CCFX,IM,4,186838,中金所
20260210,CCFX,IM,4,133170,中金所
20260211,CCFX,IM,4,133571,中金所
20260212,CCFX,IM,4,155504,中金所
20260213,CCFX,IM,4,186228,中金所
20260224,CCFX,IM,4,171461,中金所
20260225,CCFX,IM,4,166542,中金所
20260226,CCFX,IM,4,145580,中金所
20260227,CCFX,IM,4,155823,中金所
20260303,CCFX,IM,4,293689,中金所
20260304,CCFX,IM,4,245473,中金所
20260305,CCFX,IM,4,219081,中金所
20260306,CCFX,IM,4,175659,中金所
20260310,CCFX,IM,4,190683,中金所
20260311,CCFX,IM,4,155724,中金所
20260312,CCFX,IM,4,187821,中金所
20260313,CCFX,IM,4,202030,中金所
20260316,CCFX,IM,4,218779,中金所
20260317,CCFX,IM,4,235540,中金所
20260318,CCFX,IM,4,253973,中金所
20260319,CCFX,IM,4,282196,中金所
20260320,CCFX,IM,4,290587,中金所
20260324,CCFX,IM,4,292487,中金所
20260325,CCFX,IM,4,223852,中金所
20260326,CCFX,IM,4,197047,中金所
20260327,CCFX,IM,4,225995,中金所
20260401,CCFX,IM,4,214871,中金所
20260402,CCFX,IM,4,216119,中金所
20260403,CCFX,IM,4,204004,中金所
20260407,CCFX,IM,4,184735,中金所
20260409,CCFX,IM,4,174121,中金所
20260410,CCFX,IM,4,188767,中金所
20260414,CCFX,IM,4,197963,中金所
20260415,CCFX,IM,4,196179,中金所
20260416,CCFX,IM,4,208534,中金所
20260420,CCFX,IM,4,175197,中金所
20260421,CCFX,IM,4,165451,中金所
20260422,CCFX,IM,4,187813,中金所
20260423,CCFX,IM,4,245879,中金所
20260424,CCFX,IM,4,235196,中金所
20260427,CCFX,IM,4,171343,中金所
20260428,CCFX,IM,4,202779,中金所
20260429,CCFX,IM,4,210872,中金所
20260430,CCFX,IM,4,168735,中金所
20260506,CCFX,IM,4,219906,中金所
20260507,CCFX,IM,4,175137,中金所
20260511,CCFX,IM,4,226915,中金所
20260512,CCFX,IM,4,194848,中金所
20260513,CCFX,IM,4,227434,中金所
20260514,CCFX,IM,4,295825,中金所
20260515,CCFX,IM,4,345516,中金所
20260518,CCFX,IM,4,231533,中金所
20260522,CCFX,IM,4,269756,中金所
20260525,CCFX,IM,4,231487,中金所
20260526,CCFX,IM,4,268350,中金所
20260527,CCFX,IM,4,278001,中金所
20260528,CCFX,IM,4,271842,中金所
20260601,CCFX,IM,4,277550,中金所
20260602,CCFX,IM,4,271200,中金所
20260603,CCFX,IM,4,267853,中金所
20260609,CCFX,IM,4,266257,中金所
20260610,CCFX,IM,4,255296,中金所
20260611,CCFX,IM,4,248693,中金所
20260612,CCFX,IM,4,267106,中金所
20260616,CCFX,IM,4,267602,中金所
20260617,CCFX,IM,4,243364,中金所
20260618,CCFX,IM,4,259510,中金所
20260622,CCFX,IM,4,299303,中金所
20260623,CCFX,IM,4,270703,中金所
20260624,CCFX,IM,4,235163,中金所
20260625,CCFX,IM,4,228000,中金所
20260626,CCFX,IM,4,275628,中金所
20260629,CCFX,IM,4,277510,中金所
20260630,CCFX,IM,4,232860,中金所
20260701,CCFX,IM,4,266913,中金所
20260702,CCFX,IM,4,287532,中金所
20260703,CCFX,IM,4,244497,中金所
20260706,CCFX,IM,4,252365,中金所
20260707,CCFX,IM,4,255670,中金所
20260708,CCFX,IM,4,284658,中金所
20260710,CCFX,IM,4,279236,中金所
20260713,CCFX,IM,4,346545,中金所
20260714,CCFX,IM,4,363682,中金所
20260715,CCFX,IM,4,294407,中金所
20260716,CCFX,IM,4,328581,中金所
20260717,CCFX,IM,4,468232,中金所
20260721,CCFX,IM,4,451224,中金所
20260723,CCFX,IM,4,288354,中金所
20260724,CCFX,IM,4,316165,中金所
20260727,CCFX,IM,4,334427,中金所
20260728,CCFX,IM,4,314370,中金所
20260729,CCFX,IM,4,411470,中金所
20260730,CCFX,IM,4,397990,中金所
20260731,CCFX,IM,4,375289,中金所
20260803,CCFX,IM,4,227240,中金所
20260805,CCFX,IM,4,291032,中金所
20260806,CCFX,IM,4,277273,中金所
20260807,CCFX,IM,4,281075,中金所
20260810,CCFX,IM,4,233703,中金所
20260811,CCFX,IM,4,247540,中金所
20230721,XGFE,LC,7,65439,广期所
20230724,XGFE,LC,7,53983,广期所
20230725,XGFE,LC,7,74253,广期所
20230726,XGFE,LC,7,109938,广期所
20230727,XGFE,LC,7,48989,广期所
20230728,XGFE,LC,7,46087,广期所
20230731,XGFE,LC,7,36088,广期所
20230801,XGFE,LC,7,22147,广期所
20230802,XGFE,LC,7,16943,广期所
20230803,XGFE,LC,7,21446,广期所
20230804,XGFE,LC,7,13859,广期所
20230807,XGFE,LC,7,33521,广期所
20230808,XGFE,LC,7,31800,广期所
20230809,XGFE,LC,7,27109,广期所
20230810,XGFE,LC,7,33810,广期所
20230811,XGFE,LC,7,54389,广期所
20230814,XGFE,LC,7,54541,广期所
20230815,XGFE,LC,8,86930,广期所
20230816,XGFE,LC,8,81487,广期所
20230817,XGFE,LC,8,72090,广期所
20230818,XGFE,LC,8,44755,广期所
20230821,XGFE,LC,8,62490,广期所
20230822,XGFE,LC,8,57805,广期所
20230823,XGFE,LC,8,42217,广期所
20230824,XGFE,LC,8,38394,广期所
20230825,XGFE,LC,8,39471,广期所
20230828,XGFE,LC,8,87989,广期所
20230829,XGFE,LC,8,83976,广期所
20230830,XGFE,LC,8,65100,广期所
20230831,XGFE,LC,8,83801,广期所
20230901,XGFE,LC,8,79436,广期所
20230904,XGFE,LC,8,68690,广期所
20230905,XGFE,LC,8,68568,广期所
20230906,XGFE,LC,8,46941,广期所
20230907,XGFE,LC,8,65120,广期所
20230908,XGFE,LC,8,121405,广期所
20230911,XGFE,LC,8,91036,广期所
20230912,XGFE,LC,8,91501,广期所
20230913,XGFE,LC,8,78004,广期所
20230914,XGFE,LC,8,136502,广期所
20230915,XGFE,LC,9,122691,广期所
20230918,XGFE,LC,9,86675,广期所
20230919,XGFE,LC,9,138511,广期所
20230920,XGFE,LC,9,218409,广期所
20230921,XGFE,LC,9,232964,广期所
20230922,XGFE,LC,9,271244,广期所
20230925,XGFE,LC,9,225759,广期所
20230926,XGFE,LC,9,297437,广期所
20230927,XGFE,LC,9,359610,广期所
20230928,XGFE,LC,9,229660,广期所
20231009,XGFE,LC,9,126601,广期所
20231010,XGFE,LC,9,204816,广期所
20231011,XGFE,LC,9,164711,广期所
20231012,XGFE,LC,9,268692,广期所
20231013,XGFE,LC,9,353656,广期所
20231016,XGFE,LC,9,437823,广期所
20231017,XGFE,LC,9,347794,广期所
20231018,XGFE,LC,9,308940,广期所
20231019,XGFE,LC,9,385719,广期所
20231020,XGFE,LC,9,463799,广期所
20231023,XGFE,LC,10,451066,广期所
20231024,XGFE,LC,10,325462,广期所
20231025,XGFE,LC,10,417831,广期所
20231026,XGFE,LC,10,428696,广期所
20231027,XGFE,LC,10,441480,广期所
20231030,XGFE,LC,10,373255,广期所
20231031,XGFE,LC,10,455376,广期所
20231101,XGFE,LC,10,412098,广期所
20231102,XGFE,LC,10,303836,广期所
20231103,XGFE,LC,10,290964,广期所
20231106,XGFE,LC,10,317821,广期所
20231107,XGFE,LC,10,429355,广期所
20231108,XGFE,LC,10,658495,广期所
20231109,XGFE,LC,10,360549,广期所
20231110,XGFE,LC,10,456149,广期所
20231113,XGFE,LC,10,450479,广期所
20231114,XGFE,LC,10,423584,广期所
20231115,XGFE,LC,11,326842,广期所
20231116,XGFE,LC,11,274014,广期所
20231117,XGFE,LC,11,308863,广期所
20231120,XGFE,LC,11,333700,广期所
20231121,XGFE,LC,11,427778,广期所
20231122,XGFE,LC,11,698710,广期所
20231123,XGFE,LC,11,738900,广期所
20231124,XGFE,LC,11,828813,广期所
20231127,XGFE,LC,11,769509,广期所
20231128,XGFE,LC,11,787827,广期所
20231129,XGFE,LC,11,1067886,广期所
20231130,XGFE,LC,11,812131,广期所
20231201,XGFE,LC,11,1143458,广期所
20231204,XGFE,LC,11,1245916,广期所
20231205,XGFE,LC,11,677173,广期所
20231206,XGFE,LC,11,1518548,广期所
20231207,XGFE,LC,11,533651,广期所
20231208,XGFE,LC,11,68470,广期所
20231211,XGFE,LC,11,1345262,广期所
20231212,XGFE,LC,11,824677,广期所
20231213,XGFE,LC,11,956548,广期所
20231214,XGFE,LC,11,1141109,广期所
20231215,XGFE,LC,12,646474,广期所
20231218,XGFE,LC,12,569721,广期所
20231219,XGFE,LC,12,298219,广期所
20231220,XGFE,LC,12,196646,广期所
20231221,XGFE,LC,12,383406,广期所
20231222,XGFE,LC,12,381515,广期所
20231225,XGFE,LC,12,189634,广期所
20231226,XGFE,LC,12,324872,广期所
20231227,XGFE,LC,12,320828,广期所
20231228,XGFE,LC,12,178958,广期所
20231229,XGFE,LC,12,251377,广期所
20240102,XGFE,LC,12,173730,广期所
20240103,XGFE,LC,12,149565,广期所
20240104,XGFE,LC,12,230260,广期所
20240105,XGFE,LC,12,210708,广期所
20240108,XGFE,LC,12,187772,广期所
20240109,XGFE,LC,12,238896,广期所
20240110,XGFE,LC,12,122094,广期所
20240111,XGFE,LC,12,246323,广期所
20240112,XGFE,LC,12,162505,广期所
20240115,XGFE,LC,12,118292,广期所
20240116,XGFE,LC,12,124842,广期所
20240117,XGFE,LC,12,150083,广期所
20240118,XGFE,LC,12,142542,广期所
20240119,XGFE,LC,12,98178,广期所
20240122,XGFE,LC,12,130055,广期所
20240123,XGFE,LC,12,110929,广期所
20240124,XGFE,LC,12,84764,广期所
20240125,XGFE,LC,12,102530,广期所
20240126,XGFE,LC,12,92426,广期所
20240129,XGFE,LC,12,87604,广期所
20240130,XGFE,LC,12,64661,广期所
20240131,XGFE,LC,12,121791,广期所
20240201,XGFE,LC,12,71860,广期所
20240202,XGFE,LC,12,84998,广期所
20240205,XGFE,LC,12,55372,广期所
20240206,XGFE,LC,12,137716,广期所
20240207,XGFE,LC,12,52366,广期所
20240208,XGFE,LC,12,67737,广期所
20240219,XGFE,LC,12,77626,广期所
20240220,XGFE,LC,12,119167,广期所
20240221,XGFE,LC,12,358141,广期所
20240222,XGFE,LC,12,129183,广期所
20240223,XGFE,LC,12,231990,广期所
20240226,XGFE,LC,12,239044,广期所
20240227,XGFE,LC,12,282267,广期所
20240228,XGFE,LC,12,422725,广期所
20240229,XGFE,LC,12,654445,广期所
20240301,XGFE,LC,12,483932,广期所
20240304,XGFE,LC,12,726842,广期所
20240305,XGFE,LC,12,507688,广期所
20240306,XGFE,LC,12,540495,广期所
20240307,XGFE,LC,12,398666,广期所
20240308,XGFE,LC,12,335561,广期所
20240311,XGFE,LC,12,387121,广期所
20240312,XGFE,LC,12,391735,广期所
20240313,XGFE,LC,12,363500,广期所
20240314,XGFE,LC,12,460171,广期所
20240315,XGFE,LC,12,352446,广期所
20240318,XGFE,LC,12,364134,广期所
20240319,XGFE,LC,12,288701,广期所
20240320,XGFE,LC,12,268478,广期所
20240321,XGFE,LC,12,248587,广期所
20240322,XGFE,LC,12,267596,广期所
20240325,XGFE,LC,12,351151,广期所
20240326,XGFE,LC,12,283914,广期所
20240327,XGFE,LC,12,304726,广期所
20240328,XGFE,LC,12,215002,广期所
20240329,XGFE,LC,12,219235,广期所
20240401,XGFE,LC,12,290367,广期所
20240402,XGFE,LC,12,194841,广期所
20240403,XGFE,LC,12,209956,广期所
20240408,XGFE,LC,12,189158,广期所
20240409,XGFE,LC,12,171698,广期所
20240410,XGFE,LC,12,196149,广期所
20240411,XGFE,LC,12,211087,广期所
20240412,XGFE,LC,12,141616,广期所
20240415,XGFE,LC,12,114618,广期所
20240416,XGFE,LC,12,189137,广期所
20240417,XGFE,LC,12,105630,广期所
20240418,XGFE,LC,12,145279,广期所
20240419,XGFE,LC,12,183740,广期所
20240422,XGFE,LC,12,153670,广期所
20240423,XGFE,LC,12,156706,广期所
20240424,XGFE,LC,12,195371,广期所
20240425,XGFE,LC,12,172538,广期所
20240426,XGFE,LC,12,106644,广期所
20240429,XGFE,LC,12,316938,广期所
20240430,XGFE,LC,12,263989,广期所
20240506,XGFE,LC,12,127555,广期所
20240507,XGFE,LC,12,164516,广期所
20240508,XGFE,LC,12,128730,广期所
20240509,XGFE,LC,12,149845,广期所
20240510,XGFE,LC,12,229342,广期所
20240513,XGFE,LC,12,147177,广期所
20240514,XGFE,LC,12,246187,广期所
20240515,XGFE,LC,12,211536,广期所
20240516,XGFE,LC,12,114509,广期所
20240517,XGFE,LC,12,164003,广期所
20240520,XGFE,LC,12,144655,广期所
20240521,XGFE,LC,12,216645,广期所
20240522,XGFE,LC,12,107426,广期所
20240523,XGFE,LC,12,147474,广期所
20240524,XGFE,LC,12,149784,广期所
20240527,XGFE,LC,12,123486,广期所
20240528,XGFE,LC,12,138938,广期所
20240529,XGFE,LC,12,115465,广期所
20240530,XGFE,LC,12,163722,广期所
20240531,XGFE,LC,12,127926,广期所
20240603,XGFE,LC,12,178597,广期所
20240604,XGFE,LC,12,102601,广期所
20240605,XGFE,LC,12,158386,广期所
20240606,XGFE,LC,12,123616,广期所
20240607,XGFE,LC,12,124830,广期所
20240611,XGFE,LC,12,144329,广期所
20240612,XGFE,LC,12,216374,广期所
20240613,XGFE,LC,12,186720,广期所
20240614,XGFE,LC,12,119723,广期所
20240617,XGFE,LC,12,131025,广期所
20240618,XGFE,LC,12,204462,广期所
20240619,XGFE,LC,12,141536,广期所
20240620,XGFE,LC,12,111314,广期所
20240621,XGFE,LC,12,180653,广期所
20240624,XGFE,LC,12,217524,广期所
20240625,XGFE,LC,12,287986,广期所
20240626,XGFE,LC,12,360723,广期所
20240627,XGFE,LC,12,234833,广期所
20240628,XGFE,LC,12,276964,广期所
20240701,XGFE,LC,12,236800,广期所
20240702,XGFE,LC,12,170226,广期所
20240703,XGFE,LC,12,161258,广期所
20240704,XGFE,LC,12,168945,广期所
20240705,XGFE,LC,12,177367,广期所
20240708,XGFE,LC,12,151966,广期所
20240709,XGFE,LC,12,151049,广期所
20240710,XGFE,LC,12,177429,广期所
20240711,XGFE,LC,12,180824,广期所
20240712,XGFE,LC,12,106884,广期所
20240715,XGFE,LC,12,198670,广期所
20240716,XGFE,LC,12,165092,广期所
20240717,XGFE,LC,12,141231,广期所
20240718,XGFE,LC,12,137208,广期所
20240719,XGFE,LC,12,263865,广期所
20240722,XGFE,LC,12,121580,广期所
20240723,XGFE,LC,12,165127,广期所
20240724,XGFE,LC,12,153733,广期所
20240725,XGFE,LC,12,166688,广期所
20240726,XGFE,LC,12,137722,广期所
20240729,XGFE,LC,12,195932,广期所
20240730,XGFE,LC,12,216880,广期所
20240731,XGFE,LC,12,222958,广期所
20240801,XGFE,LC,12,199562,广期所
20240802,XGFE,LC,12,204347,广期所
20240805,XGFE,LC,12,189745,广期所
20240806,XGFE,LC,12,134209,广期所
20240807,XGFE,LC,12,113144,广期所
20240808,XGFE,LC,12,158736,广期所
20240809,XGFE,LC,12,172012,广期所
20240812,XGFE,LC,12,132336,广期所
20240813,XGFE,LC,12,239136,广期所
20240814,XGFE,LC,12,252459,广期所
20240815,XGFE,LC,12,245435,广期所
20240816,XGFE,LC,12,209702,广期所
20240819,XGFE,LC,12,205287,广期所
20240820,XGFE,LC,12,187805,广期所
20240821,XGFE,LC,12,365995,广期所
20240822,XGFE,LC,12,313111,广期所
20240823,XGFE,LC,12,213821,广期所
20240826,XGFE,LC,12,211963,广期所
20240827,XGFE,LC,12,258575,广期所
20240828,XGFE,LC,12,232853,广期所
20240829,XGFE,LC,12,313388,广期所
20240830,XGFE,LC,12,340807,广期所
20240902,XGFE,LC,12,365293,广期所
20240903,XGFE,LC,12,248298,广期所
20240904,XGFE,LC,12,238662,广期所
20240905,XGFE,LC,12,306224,广期所
20240906,XGFE,LC,12,310925,广期所
20240909,XGFE,LC,12,289253,广期所
20240910,XGFE,LC,12,258309,广期所
20240911,XGFE,LC,12,755012,广期所
20240912,XGFE,LC,12,520819,广期所
20240913,XGFE,LC,12,327914,广期所
20240918,XGFE,LC,12,292634,广期所
20240919,XGFE,LC,12,325362,广期所
20240920,XGFE,LC,12,260126,广期所
20240923,XGFE,LC,12,351083,广期所
20240924,XGFE,LC,12,318261,广期所
20240925,XGFE,LC,12,505973,广期所
20240926,XGFE,LC,12,302119,广期所
20240927,XGFE,LC,12,443515,广期所
20240930,XGFE,LC,12,535016,广期所
20241008,XGFE,LC,12,624421,广期所
20241009,XGFE,LC,12,290908,广期所
20241010,XGFE,LC,12,359364,广期所
20241011,XGFE,LC,12,315191,广期所
20241014,XGFE,LC,12,311450,广期所
20241015,XGFE,LC,12,220746,广期所
20241016,XGFE,LC,12,269492,广期所
20241017,XGFE,LC,12,322160,广期所
20241018,XGFE,LC,12,469711,广期所
20241021,XGFE,LC,12,328899,广期所
20241022,XGFE,LC,12,349013,广期所
20241023,XGFE,LC,12,382262,广期所
20241024,XGFE,LC,12,316297,广期所
20241025,XGFE,LC,12,311958,广期所
20241028,XGFE,LC,12,393129,广期所
20241029,XGFE,LC,12,295144,广期所
20241030,XGFE,LC,12,294037,广期所
20241031,XGFE,LC,12,363803,广期所
20241101,XGFE,LC,12,483463,广期所
20241104,XGFE,LC,12,294041,广期所
20241105,XGFE,LC,12,361016,广期所
20241106,XGFE,LC,12,378536,广期所
20241107,XGFE,LC,12,236947,广期所
20241108,XGFE,LC,12,368838,广期所
20241111,XGFE,LC,12,477806,广期所
20241112,XGFE,LC,12,587360,广期所
20241113,XGFE,LC,12,817469,广期所
20241114,XGFE,LC,12,1041289,广期所
20241115,XGFE,LC,12,647976,广期所
20241118,XGFE,LC,12,483419,广期所
20241119,XGFE,LC,12,657479,广期所
20241120,XGFE,LC,12,617655,广期所
20241121,XGFE,LC,12,493483,广期所
20241122,XGFE,LC,12,465039,广期所
20241125,XGFE,LC,12,360712,广期所
20241126,XGFE,LC,12,394049,广期所
20241127,XGFE,LC,12,255163,广期所
20241128,XGFE,LC,12,369673,广期所
20241129,XGFE,LC,12,353805,广期所
20241202,XGFE,LC,12,246458,广期所
20241203,XGFE,LC,12,266109,广期所
20241204,XGFE,LC,12,325860,广期所
20241205,XGFE,LC,12,210028,广期所
20241206,XGFE,LC,12,240926,广期所
20241209,XGFE,LC,12,243646,广期所
20241210,XGFE,LC,12,328380,广期所
20241211,XGFE,LC,12,177745,广期所
20241212,XGFE,LC,12,190109,广期所
20241213,XGFE,LC,12,197179,广期所
20241216,XGFE,LC,12,219614,广期所
20241217,XGFE,LC,12,186858,广期所
20241218,XGFE,LC,12,218103,广期所
20241219,XGFE,LC,12,187038,广期所
20241220,XGFE,LC,12,206713,广期所
20241223,XGFE,LC,12,157470,广期所
20241224,XGFE,LC,12,162575,广期所
20241225,XGFE,LC,12,155796,广期所
20241226,XGFE,LC,12,136157,广期所
20241227,XGFE,LC,12,170213,广期所
20241230,XGFE,LC,12,357200,广期所
20241231,XGFE,LC,12,225644,广期所
20250102,XGFE,LC,12,214331,广期所
20250103,XGFE,LC,12,241316,广期所
20250106,XGFE,LC,12,364604,广期所
20250107,XGFE,LC,12,315177,广期所
20250108,XGFE,LC,12,244784,广期所
20250109,XGFE,LC,12,193554,广期所
20250110,XGFE,LC,12,167400,广期所
20250113,XGFE,LC,12,234038,广期所
20250114,XGFE,LC,12,238176,广期所
20250115,XGFE,LC,12,379981,广期所
20250116,XGFE,LC,12,205773,广期所
20250117,XGFE,LC,12,280464,广期所
20250120,XGFE,LC,12,284369,广期所
20250121,XGFE,LC,12,366011,广期所
20250122,XGFE,LC,12,154161,广期所
20250123,XGFE,LC,12,149700,广期所
20250124,XGFE,LC,12,122136,广期所
20250127,XGFE,LC,12,155418,广期所
20250205,XGFE,LC,12,179637,广期所
20250206,XGFE,LC,12,181324,广期所
20250207,XGFE,LC,12,176844,广期所
20250210,XGFE,LC,12,229986,广期所
20250211,XGFE,LC,12,197678,广期所
20250212,XGFE,LC,12,139024,广期所
20250213,XGFE,LC,12,151970,广期所
20250214,XGFE,LC,12,174464,广期所
20250217,XGFE,LC,12,135248,广期所
20250218,XGFE,LC,12,104685,广期所
20250219,XGFE,LC,12,124315,广期所
20250220,XGFE,LC,12,123788,广期所
20250221,XGFE,LC,12,153242,广期所
20250224,XGFE,LC,12,127468,广期所
20250225,XGFE,LC,12,146855,广期所
20250226,XGFE,LC,12,180640,广期所
20250227,XGFE,LC,12,139951,广期所
20250228,XGFE,LC,12,171538,广期所
20250303,XGFE,LC,12,117398,广期所
20250304,XGFE,LC,12,106412,广期所
20250305,XGFE,LC,12,124958,广期所
20250306,XGFE,LC,12,179389,广期所
20250310,XGFE,LC,12,126479,广期所
20250311,XGFE,LC,12,99280,广期所
20250312,XGFE,LC,12,89475,广期所
20250313,XGFE,LC,12,81039,广期所
20250319,XGFE,LC,12,83269,广期所
20250320,XGFE,LC,12,292666,广期所
20250321,XGFE,LC,12,186859,广期所
20250324,XGFE,LC,12,113759,广期所
20250325,XGFE,LC,12,125262,广期所
20250326,XGFE,LC,12,146732,广期所
20250327,XGFE,LC,12,137766,广期所
20250328,XGFE,LC,12,125747,广期所
20250331,XGFE,LC,12,116711,广期所
20250401,XGFE,LC,12,104298,广期所
20250402,XGFE,LC,12,154177,广期所
20250403,XGFE,LC,12,116774,广期所
20250407,XGFE,LC,12,227727,广期所
20250408,XGFE,LC,12,208458,广期所
20250409,XGFE,LC,12,206921,广期所
20250410,XGFE,LC,12,141869,广期所
20250411,XGFE,LC,12,105657,广期所
20250414,XGFE,LC,12,134149,广期所
20250415,XGFE,LC,12,78441,广期所
20250416,XGFE,LC,12,126608,广期所
20250417,XGFE,LC,12,94761,广期所
20250418,XGFE,LC,12,148232,广期所
20250421,XGFE,LC,12,267293,广期所
20250422,XGFE,LC,12,213834,广期所
20250423,XGFE,LC,12,276027,广期所
20250424,XGFE,LC,12,137595,广期所
20250425,XGFE,LC,12,151998,广期所
20250428,XGFE,LC,12,194204,广期所
20250429,XGFE,LC,12,171002,广期所
20250430,XGFE,LC,12,155537,广期所
20250506,XGFE,LC,12,138106,广期所
20250507,XGFE,LC,12,260648,广期所
20250508,XGFE,LC,12,383717,广期所
20250509,XGFE,LC,12,351602,广期所
20250512,XGFE,LC,12,401236,广期所
20250513,XGFE,LC,12,274984,广期所
20250514,XGFE,LC,12,473373,广期所
20250515,XGFE,LC,12,279303,广期所
20250516,XGFE,LC,12,404752,广期所
20250519,XGFE,LC,12,292258,广期所
20250520,XGFE,LC,12,309261,广期所
20250521,XGFE,LC,12,336081,广期所
20250522,XGFE,LC,12,532295,广期所
20250523,XGFE,LC,12,383881,广期所
20250526,XGFE,LC,12,342290,广期所
20250527,XGFE,LC,12,550133,广期所
20250528,XGFE,LC,12,541263,广期所
20250529,XGFE,LC,12,551109,广期所
20250530,XGFE,LC,12,599935,广期所
20250603,XGFE,LC,12,448099,广期所
20250604,XGFE,LC,12,630415,广期所
20250605,XGFE,LC,12,375074,广期所
20250606,XGFE,LC,12,409342,广期所
20250609,XGFE,LC,12,255444,广期所
20250610,XGFE,LC,12,356613,广期所
20250611,XGFE,LC,12,456772,广期所
20250612,XGFE,LC,12,372443,广期所
20250613,XGFE,LC,12,400281,广期所
20250616,XGFE,LC,12,363131,广期所
20250618,XGFE,LC,12,258610,广期所
20250619,XGFE,LC,12,243745,广期所
20250620,XGFE,LC,12,449957,广期所
20250623,XGFE,LC,12,357650,广期所
20250624,XGFE,LC,12,860946,广期所
20250625,XGFE,LC,12,451997,广期所
20250626,XGFE,LC,12,491404,广期所
20250627,XGFE,LC,12,791555,广期所
20250630,XGFE,LC,12,494672,广期所
20250701,XGFE,LC,12,484857,广期所
20250702,XGFE,LC,12,652707,广期所
20250703,XGFE,LC,12,510281,广期所
20250704,XGFE,LC,12,431146,广期所
20250707,XGFE,LC,12,283996,广期所
20250708,XGFE,LC,12,675144,广期所
20250709,XGFE,LC,12,416987,广期所
20250710,XGFE,LC,12,497318,广期所
20250711,XGFE,LC,12,502065,广期所
20250714,XGFE,LC,12,1230147,广期所
20250715,XGFE,LC,12,926362,广期所
20250716,XGFE,LC,12,572135,广期所
20250717,XGFE,LC,12,1041452,广期所
20250718,XGFE,LC,12,1472768,广期所
20250721,XGFE,LC,12,1040494,广期所
20250723,XGFE,LC,12,1787568,广期所
20250724,XGFE,LC,12,2394688,广期所
20250728,XGFE,LC,12,1624234,广期所
20250729,XGFE,LC,12,1304747,广期所
20250730,XGFE,LC,12,1536939,广期所
20250731,XGFE,LC,12,1139291,广期所
20250801,XGFE,LC,12,857282,广期所
20250804,XGFE,LC,12,670047,广期所
20250805,XGFE,LC,12,765248,广期所
20250806,XGFE,LC,12,662455,广期所
20250807,XGFE,LC,12,1215220,广期所
20250808,XGFE,LC,12,1317026,广期所
20250811,XGFE,LC,12,92964,广期所
20250812,XGFE,LC,12,2178400,广期所
20250813,XGFE,LC,12,1691567,广期所
20250814,XGFE,LC,12,1458233,广期所
20250815,XGFE,LC,12,1184088,广期所
20250818,XGFE,LC,12,1422254,广期所
20250819,XGFE,LC,12,980407,广期所
20250820,XGFE,LC,12,1204739,广期所
20250821,XGFE,LC,12,1040960,广期所
20250822,XGFE,LC,12,1231366,广期所
20250825,XGFE,LC,12,831873,广期所
20250826,XGFE,LC,12,733657,广期所
20250827,XGFE,LC,12,912369,广期所
20250828,XGFE,LC,12,1060665,广期所
20250829,XGFE,LC,12,643149,广期所
20250902,XGFE,LC,12,831074,广期所
20250903,XGFE,LC,12,595454,广期所
20250904,XGFE,LC,12,947387,广期所
20250905,XGFE,LC,12,1071588,广期所
20250908,XGFE,LC,12,1006332,广期所
20250909,XGFE,LC,12,794938,广期所
20250910,XGFE,LC,12,1063402,广期所
20250911,XGFE,LC,12,564454,广期所
20250912,XGFE,LC,12,523111,广期所
20250915,XGFE,LC,12,646168,广期所
20250916,XGFE,LC,12,671978,广期所
20250917,XGFE,LC,12,456716,广期所
20250918,XGFE,LC,12,661600,广期所
20250919,XGFE,LC,12,492310,广期所
20250922,XGFE,LC,12,534038,广期所
20250923,XGFE,LC,12,670365,广期所
20250924,XGFE,LC,12,467625,广期所
20250925,XGFE,LC,12,470404,广期所
20250926,XGFE,LC,12,633239,广期所
20250929,XGFE,LC,12,657174,广期所
20250930,XGFE,LC,12,432403,广期所
20251009,XGFE,LC,12,547026,广期所
20251010,XGFE,LC,12,445495,广期所
20251013,XGFE,LC,12,434460,广期所
20251014,XGFE,LC,12,435820,广期所
20251015,XGFE,LC,12,358650,广期所
20251016,XGFE,LC,12,507153,广期所
20251017,XGFE,LC,12,755131,广期所
20251020,XGFE,LC,12,400577,广期所
20251021,XGFE,LC,12,347988,广期所
20251022,XGFE,LC,12,563416,广期所
20251023,XGFE,LC,12,699824,广期所
20251024,XGFE,LC,12,864433,广期所
20251027,XGFE,LC,12,697443,广期所
20251028,XGFE,LC,12,937954,广期所
20251029,XGFE,LC,12,834935,广期所
20251030,XGFE,LC,12,1037085,广期所
20251031,XGFE,LC,12,1119094,广期所
20251103,XGFE,LC,12,745234,广期所
20251104,XGFE,LC,12,1232964,广期所
20251105,XGFE,LC,12,657037,广期所
20251106,XGFE,LC,12,705444,广期所
20251107,XGFE,LC,12,1067704,广期所
20251110,XGFE,LC,12,1306577,广期所
20251111,XGFE,LC,12,1125244,广期所
20251112,XGFE,LC,12,1413311,广期所
20251113,XGFE,LC,12,1389104,广期所
20251114,XGFE,LC,12,939478,广期所
20251117,XGFE,LC,12,1850222,广期所
20251118,XGFE,LC,12,1998474,广期所
20251119,XGFE,LC,12,2425955,广期所
20251120,XGFE,LC,12,2503762,广期所
20251121,XGFE,LC,12,2106084,广期所
20251124,XGFE,LC,12,971940,广期所
20251125,XGFE,LC,12,1264789,广期所
20251126,XGFE,LC,12,1354151,广期所
20251127,XGFE,LC,12,1092456,广期所
20251128,XGFE,LC,12,841418,广期所
20251201,XGFE,LC,12,778250,广期所
20251202,XGFE,LC,12,600263,广期所
20251203,XGFE,LC,12,874952,广期所
20251204,XGFE,LC,12,878929,广期所
20251205,XGFE,LC,12,635658,广期所
20251208,XGFE,LC,12,797660,广期所
20251209,XGFE,LC,12,658380,广期所
20251210,XGFE,LC,12,786721,广期所
20251211,XGFE,LC,12,916030,广期所
20251212,XGFE,LC,12,933571,广期所
20251215,XGFE,LC,12,850720,广期所
20251216,XGFE,LC,12,747122,广期所
20251217,XGFE,LC,12,1496124,广期所
20251218,XGFE,LC,12,1311248,广期所
20251219,XGFE,LC,12,1201502,广期所
20251222,XGFE,LC,12,1348497,广期所
20251223,XGFE,LC,12,983944,广期所
20251224,XGFE,LC,12,1341782,广期所
20251225,XGFE,LC,12,1532681,广期所
20251226,XGFE,LC,12,730772,广期所
20251229,XGFE,LC,12,1160073,广期所
20251230,XGFE,LC,12,762832,广期所
20251231,XGFE,LC,12,684725,广期所
20260105,XGFE,LC,12,589309,广期所
20260106,XGFE,LC,12,535575,广期所
20260107,XGFE,LC,12,737125,广期所
20260108,XGFE,LC,12,1144860,广期所
20260109,XGFE,LC,12,905641,广期所
20260112,XGFE,LC,12,128300,广期所
20260113,XGFE,LC,12,1181972,广期所
20260114,XGFE,LC,12,1086844,广期所
20260115,XGFE,LC,12,651211,广期所
20260116,XGFE,LC,12,879068,广期所
20260119,XGFE,LC,12,461663,广期所
20260120,XGFE,LC,12,614256,广期所
20260121,XGFE,LC,12,492964,广期所
20260122,XGFE,LC,12,598961,广期所
20260123,XGFE,LC,12,446404,广期所
20260126,XGFE,LC,12,813960,广期所
20260127,XGFE,LC,12,508892,广期所
20260128,XGFE,LC,12,633772,广期所
20260129,XGFE,LC,12,677465,广期所
20260130,XGFE,LC,12,761224,广期所
20260202,XGFE,LC,12,870563,广期所
20260203,XGFE,LC,12,791263,广期所
20260204,XGFE,LC,12,396616,广期所
20260205,XGFE,LC,12,698763,广期所
20260206,XGFE,LC,12,780535,广期所
20260209,XGFE,LC,12,397732,广期所
20260210,XGFE,LC,12,358144,广期所
20260211,XGFE,LC,12,430482,广期所
20260212,XGFE,LC,12,380835,广期所
20260213,XGFE,LC,12,368356,广期所
20260224,XGFE,LC,12,293988,广期所
20260225,XGFE,LC,12,414106,广期所
20260226,XGFE,LC,12,533300,广期所
20260227,XGFE,LC,12,366879,广期所
20260303,XGFE,LC,12,581706,广期所
20260304,XGFE,LC,12,395579,广期所
20260305,XGFE,LC,12,385826,广期所
20260306,XGFE,LC,12,289829,广期所
20260310,XGFE,LC,12,288901,广期所
20260311,XGFE,LC,12,344842,广期所
20260312,XGFE,LC,12,274541,广期所
20260313,XGFE,LC,12,357448,广期所
20260316,XGFE,LC,12,303557,广期所
20260317,XGFE,LC,12,228181,广期所
20260318,XGFE,LC,12,270448,广期所
20260319,XGFE,LC,12,398468,广期所
20260320,XGFE,LC,12,340930,广期所
20260324,XGFE,LC,12,310003,广期所
20260325,XGFE,LC,12,332725,广期所
20260326,XGFE,LC,12,376997,广期所
20260327,XGFE,LC,12,492105,广期所
20260401,XGFE,LC,12,376936,广期所
20260402,XGFE,LC,12,344114,广期所
20260403,XGFE,LC,12,236790,广期所
20260407,XGFE,LC,12,301691,广期所
20260409,XGFE,LC,12,392723,广期所
20260410,XGFE,LC,12,324678,广期所
20260414,XGFE,LC,12,276982,广期所
20260415,XGFE,LC,12,329817,广期所
20260416,XGFE,LC,12,369147,广期所
20260420,XGFE,LC,12,282626,广期所
20260421,XGFE,LC,12,422101,广期所
20260422,XGFE,LC,12,244314,广期所
20260423,XGFE,LC,12,295453,广期所
20260424,XGFE,LC,12,308174,广期所
20260427,XGFE,LC,12,307489,广期所
20260428,XGFE,LC,12,320678,广期所
20260429,XGFE,LC,12,292486,广期所
20260430,XGFE,LC,12,329738,广期所
20260506,XGFE,LC,12,277107,广期所
20260507,XGFE,LC,12,334375,广期所
20260511,XGFE,LC,12,289284,广期所
20260512,XGFE,LC,12,264441,广期所
20260513,XGFE,LC,12,516202,广期所
20260514,XGFE,LC,12,552487,广期所
20260515,XGFE,LC,12,467648,广期所
20260518,XGFE,LC,12,248849,广期所
20260522,XGFE,LC,12,332936,广期所
20260525,XGFE,LC,12,290203,广期所
20260526,XGFE,LC,12,285434,广期所
20260527,XGFE,LC,12,288518,广期所
20260528,XGFE,LC,12,319349,广期所
20260601,XGFE,LC,12,172200,广期所
20260602,XGFE,LC,12,257972,广期所
20260603,XGFE,LC,12,318707,广期所
20260609,XGFE,LC,12,288020,广期所
20260610,XGFE,LC,12,236275,广期所
20260611,XGFE,LC,12,285961,广期所
20260612,XGFE,LC,12,224294,广期所
20260616,XGFE,LC,12,216888,广期所
20260617,XGFE,LC,12,170872,广期所
20260618,XGFE,LC,12,400130,广期所
20260622,XGFE,LC,12,386366,广期所
20260623,XGFE,LC,12,295434,广期所
20260624,XGFE,LC,12,259378,广期所
20260625,XGFE,LC,12,369285,广期所
20260626,XGFE,LC,12,376119,广期所
20260629,XGFE,LC,12,352093,广期所
20260630,XGFE,LC,12,443215,广期所
20260701,XGFE,LC,12,321993,广期所
20260702,XGFE,LC,12,290373,广期所
20260703,XGFE,LC,12,251464,广期所
20260706,XGFE,LC,12,203897,广期所
20260707,XGFE,LC,12,204608,广期所
20260708,XGFE,LC,12,234066,广期所
20260710,XGFE,LC,12,220818,广期所
20260713,XGFE,LC,12,228728,广期所
20260714,XGFE,LC,12,184825,广期所
20260715,XGFE,LC,12,316582,广期所
20260716,XGFE,LC,12,377686,广期所
20260717,XGFE,LC,12,295911,广期所
20260721,XGFE,LC,12,385090,广期所
20260723,XGFE,LC,12,356549,广期所
20260724,XGFE,LC,12,237002,广期所
20260727,XGFE,LC,12,239369,广期所
20260728,XGFE,LC,12,298582,广期所
20260729,XGFE,LC,12,310990,广期所
20260730,XGFE,LC,12,304799,广期所
20260731,XGFE,LC,12,280364,广期所
20260803,XGFE,LC,12,277422,广期所
20260805,XGFE,LC,12,251998,广期所
20260806,XGFE,LC,12,241441,广期所
20260807,XGFE,LC,12,304771,广期所
20260810,XGFE,LC,12,348575,广期所
20260811,XGFE,LC,12,220789,广期所
20230915,XZCE,PX,5,242344,郑商所
20230918,XZCE,PX,5,125884,郑商所
20230919,XZCE,PX,5,99419,郑商所
20230920,XZCE,PX,5,220501,郑商所
20230921,XZCE,PX,5,106150,郑商所
20230922,XZCE,PX,5,86261,郑商所
20230925,XZCE,PX,5,86557,郑商所
20230926,XZCE,PX,5,81735,郑商所
20230927,XZCE,PX,5,48908,郑商所
20230928,XZCE,PX,5,60742,郑商所
20231009,XZCE,PX,5,53827,郑商所
20231010,XZCE,PX,5,53037,郑商所
20231011,XZCE,PX,5,75305,郑商所
20231012,XZCE,PX,5,83715,郑商所
20231013,XZCE,PX,5,92808,郑商所
20231016,XZCE,PX,5,90914,郑商所
20231017,XZCE,PX,5,81581,郑商所
20231018,XZCE,PX,5,86993,郑商所
20231019,XZCE,PX,5,79442,郑商所
20231020,XZCE,PX,5,90666,郑商所
20231023,XZCE,PX,6,82560,郑商所
20231024,XZCE,PX,6,91371,郑商所
20231025,XZCE,PX,6,165778,郑商所
20231026,XZCE,PX,6,71291,郑商所
20231027,XZCE,PX,6,91541,郑商所
20231030,XZCE,PX,6,72572,郑商所
20231031,XZCE,PX,6,84919,郑商所
20231101,XZCE,PX,6,56693,郑商所
20231102,XZCE,PX,6,47784,郑商所
20231103,XZCE,PX,6,53124,郑商所
20231106,XZCE,PX,6,99001,郑商所
20231107,XZCE,PX,6,70392,郑商所
20231108,XZCE,PX,6,71909,郑商所
20231109,XZCE,PX,6,81525,郑商所
20231110,XZCE,PX,6,61659,郑商所
20231113,XZCE,PX,6,66379,郑商所
20231114,XZCE,PX,6,63924,郑商所
20231115,XZCE,PX,7,56306,郑商所
20231116,XZCE,PX,7,64186,郑商所
20231117,XZCE,PX,7,115414,郑商所
20231120,XZCE,PX,7,67375,郑商所
20231121,XZCE,PX,7,82540,郑商所
20231122,XZCE,PX,7,55142,郑商所
20231123,XZCE,PX,7,46048,郑商所
20231124,XZCE,PX,7,36251,郑商所
20231127,XZCE,PX,7,70633,郑商所
20231128,XZCE,PX,7,37370,郑商所
20231129,XZCE,PX,7,62622,郑商所
20231130,XZCE,PX,7,92246,郑商所
20231201,XZCE,PX,7,63918,郑商所
20231204,XZCE,PX,7,51145,郑商所
20231205,XZCE,PX,7,49629,郑商所
20231206,XZCE,PX,7,85432,郑商所
20231207,XZCE,PX,7,51198,郑商所
20231208,XZCE,PX,7,57867,郑商所
20231211,XZCE,PX,7,57622,郑商所
20231212,XZCE,PX,7,74399,郑商所
20231213,XZCE,PX,7,98008,郑商所
20231214,XZCE,PX,7,83135,郑商所
20231215,XZCE,PX,8,91110,郑商所
20231218,XZCE,PX,8,49482,郑商所
20231219,XZCE,PX,8,43603,郑商所
20231220,XZCE,PX,8,72197,郑商所
20231221,XZCE,PX,8,80647,郑商所
20231222,XZCE,PX,8,82161,郑商所
20231225,XZCE,PX,8,58828,郑商所
20231226,XZCE,PX,8,45077,郑商所
20231227,XZCE,PX,8,60885,郑商所
20231228,XZCE,PX,8,64496,郑商所
20231229,XZCE,PX,8,54466,郑商所
20240102,XZCE,PX,8,48835,郑商所
20240103,XZCE,PX,8,61340,郑商所
20240104,XZCE,PX,8,63236,郑商所
20240105,XZCE,PX,8,73111,郑商所
20240108,XZCE,PX,8,107123,郑商所
20240109,XZCE,PX,8,64716,郑商所
20240110,XZCE,PX,8,57516,郑商所
20240111,XZCE,PX,8,57818,郑商所
20240112,XZCE,PX,8,61237,郑商所
20240115,XZCE,PX,8,54083,郑商所
20240116,XZCE,PX,9,61599,郑商所
20240117,XZCE,PX,9,54434,郑商所
20240118,XZCE,PX,9,70100,郑商所
20240119,XZCE,PX,9,52871,郑商所
20240122,XZCE,PX,9,58418,郑商所
20240123,XZCE,PX,9,45613,郑商所
20240124,XZCE,PX,9,63398,郑商所
20240125,XZCE,PX,9,94932,郑商所
20240126,XZCE,PX,9,80055,郑商所
20240129,XZCE,PX,9,48258,郑商所
20240130,XZCE,PX,9,39629,郑商所
20240131,XZCE,PX,9,52511,郑商所
20240201,XZCE,PX,9,62212,郑商所
20240202,XZCE,PX,9,52786,郑商所
20240205,XZCE,PX,9,36000,郑商所
20240206,XZCE,PX,9,32694,郑商所
20240207,XZCE,PX,9,32678,郑商所
20240208,XZCE,PX,9,39097,郑商所
20240219,XZCE,PX,9,41566,郑商所
20240220,XZCE,PX,9,49339,郑商所
20240221,XZCE,PX,9,57789,郑商所
20240222,XZCE,PX,9,50294,郑商所
20240223,XZCE,PX,10,59558,郑商所
20240226,XZCE,PX,10,59310,郑商所
20240227,XZCE,PX,10,53418,郑商所
20240228,XZCE,PX,10,57893,郑商所
20240229,XZCE,PX,10,55030,郑商所
20240301,XZCE,PX,10,48892,郑商所
20240304,XZCE,PX,10,99985,郑商所
20240305,XZCE,PX,10,121681,郑商所
20240306,XZCE,PX,10,108951,郑商所
20240307,XZCE,PX,10,46465,郑商所
20240308,XZCE,PX,10,98878,郑商所
20240311,XZCE,PX,10,66676,郑商所
20240312,XZCE,PX,10,60714,郑商所
20240313,XZCE,PX,10,51103,郑商所
20240314,XZCE,PX,10,103334,郑商所
20240315,XZCE,PX,11,107457,郑商所
20240318,XZCE,PX,11,69834,郑商所
20240319,XZCE,PX,11,67295,郑商所
20240320,XZCE,PX,11,59850,郑商所
20240321,XZCE,PX,11,103384,郑商所
20240322,XZCE,PX,11,50217,郑商所
20240325,XZCE,PX,11,73852,郑商所
20240326,XZCE,PX,11,65252,郑商所
20240327,XZCE,PX,11,65471,郑商所
20240328,XZCE,PX,11,53364,郑商所
20240329,XZCE,PX,11,51539,郑商所
20240401,XZCE,PX,11,61136,郑商所
20240402,XZCE,PX,11,88021,郑商所
20240403,XZCE,PX,11,106410,郑商所
20240408,XZCE,PX,11,57754,郑商所
20240409,XZCE,PX,11,69625,郑商所
20240410,XZCE,PX,11,48941,郑商所
20240411,XZCE,PX,11,69485,郑商所
20240412,XZCE,PX,11,56319,郑商所
20240415,XZCE,PX,11,75950,郑商所
20240416,XZCE,PX,11,133784,郑商所
20240417,XZCE,PX,12,72793,郑商所
20240418,XZCE,PX,12,95875,郑商所
20240419,XZCE,PX,12,103952,郑商所
20240422,XZCE,PX,12,53317,郑商所
20240423,XZCE,PX,12,45003,郑商所
20240424,XZCE,PX,12,47937,郑商所
20240425,XZCE,PX,12,76155,郑商所
20240426,XZCE,PX,12,44492,郑商所
20240429,XZCE,PX,12,46134,郑商所
20240430,XZCE,PX,12,37878,郑商所
20240506,XZCE,PX,12,42723,郑商所
20240507,XZCE,PX,12,38059,郑商所
20240508,XZCE,PX,12,44994,郑商所
20240509,XZCE,PX,12,47485,郑商所
20240510,XZCE,PX,12,91852,郑商所
20240513,XZCE,PX,12,81496,郑商所
20240514,XZCE,PX,12,65487,郑商所
20240515,XZCE,PX,12,64515,郑商所
20240516,XZCE,PX,12,82389,郑商所
20240517,XZCE,PX,12,67205,郑商所
20240520,XZCE,PX,12,64447,郑商所
20240521,XZCE,PX,12,72283,郑商所
20240522,XZCE,PX,12,40842,郑商所
20240523,XZCE,PX,12,50795,郑商所
20240524,XZCE,PX,12,53211,郑商所
20240527,XZCE,PX,12,84807,郑商所
20240528,XZCE,PX,12,56832,郑商所
20240529,XZCE,PX,12,47576,郑商所
20240530,XZCE,PX,12,145831,郑商所
20240531,XZCE,PX,12,84599,郑商所
20240603,XZCE,PX,12,76745,郑商所
20240604,XZCE,PX,12,82338,郑商所
20240605,XZCE,PX,12,66948,郑商所
20240606,XZCE,PX,12,53750,郑商所
20240607,XZCE,PX,12,64453,郑商所
20240611,XZCE,PX,12,53152,郑商所
20240612,XZCE,PX,12,57626,郑商所
20240613,XZCE,PX,12,57364,郑商所
20240614,XZCE,PX,12,45513,郑商所
20240617,XZCE,PX,12,67686,郑商所
20240618,XZCE,PX,12,44463,郑商所
20240619,XZCE,PX,12,54530,郑商所
20240620,XZCE,PX,12,44232,郑商所
20240621,XZCE,PX,12,54120,郑商所
20240624,XZCE,PX,12,53797,郑商所
20240625,XZCE,PX,12,74125,郑商所
20240626,XZCE,PX,12,70393,郑商所
20240627,XZCE,PX,12,40774,郑商所
20240628,XZCE,PX,12,62281,郑商所
20240701,XZCE,PX,12,41109,郑商所
20240702,XZCE,PX,12,49875,郑商所
20240703,XZCE,PX,12,108617,郑商所
20240704,XZCE,PX,12,102481,郑商所
20240705,XZCE,PX,12,73886,郑商所
20240708,XZCE,PX,12,54094,郑商所
20240709,XZCE,PX,12,44523,郑商所
20240710,XZCE,PX,12,47881,郑商所
20240711,XZCE,PX,12,38119,郑商所
20240712,XZCE,PX,12,40740,郑商所
20240715,XZCE,PX,12,63479,郑商所
20240716,XZCE,PX,12,54163,郑商所
20240717,XZCE,PX,12,52877,郑商所
20240718,XZCE,PX,12,55314,郑商所
20240719,XZCE,PX,12,36380,郑商所
20240722,XZCE,PX,12,52629,郑商所
20240723,XZCE,PX,12,45877,郑商所
20240724,XZCE,PX,12,69938,郑商所
20240725,XZCE,PX,12,51531,郑商所
20240726,XZCE,PX,12,70353,郑商所
20240729,XZCE,PX,12,68605,郑商所
20240730,XZCE,PX,12,64483,郑商所
20240731,XZCE,PX,12,70507,郑商所
20240801,XZCE,PX,12,67875,郑商所
20240802,XZCE,PX,12,54910,郑商所
20240805,XZCE,PX,12,99643,郑商所
20240806,XZCE,PX,12,79326,郑商所
20240807,XZCE,PX,12,89979,郑商所
20240808,XZCE,PX,12,54907,郑商所
20240809,XZCE,PX,12,127782,郑商所
20240812,XZCE,PX,12,68281,郑商所
20240813,XZCE,PX,12,62988,郑商所
20240814,XZCE,PX,12,76700,郑商所
20240815,XZCE,PX,12,246675,郑商所
20240816,XZCE,PX,12,100414,郑商所
20240819,XZCE,PX,12,146852,郑商所
20240820,XZCE,PX,12,162693,郑商所
20240821,XZCE,PX,12,112909,郑商所
20240822,XZCE,PX,12,114534,郑商所
20240823,XZCE,PX,12,105771,郑商所
20240826,XZCE,PX,12,101980,郑商所
20240827,XZCE,PX,12,86292,郑商所
20240828,XZCE,PX,12,90698,郑商所
20240829,XZCE,PX,12,84955,郑商所
20240830,XZCE,PX,12,81708,郑商所
20240902,XZCE,PX,12,158032,郑商所
20240903,XZCE,PX,12,100228,郑商所
20240904,XZCE,PX,12,138637,郑商所
20240905,XZCE,PX,12,114530,郑商所
20240906,XZCE,PX,12,190280,郑商所
20240909,XZCE,PX,12,188738,郑商所
20240910,XZCE,PX,12,190570,郑商所
20240911,XZCE,PX,12,292508,郑商所
20240912,XZCE,PX,12,216170,郑商所
20240913,XZCE,PX,12,161714,郑商所
20240918,XZCE,PX,12,129755,郑商所
20240919,XZCE,PX,12,263108,郑商所
20240920,XZCE,PX,12,158462,郑商所
20240923,XZCE,PX,12,175254,郑商所
20240924,XZCE,PX,12,185612,郑商所
20240925,XZCE,PX,12,196382,郑商所
20240926,XZCE,PX,12,215631,郑商所
20240927,XZCE,PX,12,182193,郑商所
20240930,XZCE,PX,12,186330,郑商所
20241008,XZCE,PX,12,157033,郑商所
20241009,XZCE,PX,12,157608,郑商所
20241010,XZCE,PX,12,150462,郑商所
20241011,XZCE,PX,12,133625,郑商所
20241014,XZCE,PX,12,130442,郑商所
20241015,XZCE,PX,12,126242,郑商所
20241016,XZCE,PX,12,108061,郑商所
20241017,XZCE,PX,12,123146,郑商所
20241018,XZCE,PX,12,90886,郑商所
20241021,XZCE,PX,12,88500,郑商所
20241022,XZCE,PX,12,109505,郑商所
20241023,XZCE,PX,12,110144,郑商所
20241024,XZCE,PX,12,86224,郑商所
20241025,XZCE,PX,12,144004,郑商所
20241028,XZCE,PX,12,135958,郑商所
20241029,XZCE,PX,12,165111,郑商所
20241030,XZCE,PX,12,130765,郑商所
20241031,XZCE,PX,12,80185,郑商所
20241101,XZCE,PX,12,106082,郑商所
20241104,XZCE,PX,12,78797,郑商所
20241105,XZCE,PX,12,84632,郑商所
20241106,XZCE,PX,12,135512,郑商所
20241107,XZCE,PX,12,141890,郑商所
20241108,XZCE,PX,12,140856,郑商所
20241111,XZCE,PX,12,135731,郑商所
20241112,XZCE,PX,12,92190,郑商所
20241113,XZCE,PX,12,99337,郑商所
20241114,XZCE,PX,12,126378,郑商所
20241115,XZCE,PX,12,114976,郑商所
20241118,XZCE,PX,12,98599,郑商所
20241119,XZCE,PX,12,140107,郑商所
20241120,XZCE,PX,12,115898,郑商所
20241121,XZCE,PX,12,197846,郑商所
20241122,XZCE,PX,12,109052,郑商所
20241125,XZCE,PX,12,184650,郑商所
20241126,XZCE,PX,12,104763,郑商所
20241127,XZCE,PX,12,124748,郑商所
20241128,XZCE,PX,12,132880,郑商所
20241129,XZCE,PX,12,115538,郑商所
20241202,XZCE,PX,12,108812,郑商所
20241203,XZCE,PX,12,85373,郑商所
20241204,XZCE,PX,12,152838,郑商所
20241205,XZCE,PX,12,174341,郑商所
20241206,XZCE,PX,12,208629,郑商所
20241209,XZCE,PX,12,142127,郑商所
20241210,XZCE,PX,12,180194,郑商所
20241211,XZCE,PX,12,93534,郑商所
20241212,XZCE,PX,12,148550,郑商所
20241213,XZCE,PX,12,126016,郑商所
20241216,XZCE,PX,12,181838,郑商所
20241217,XZCE,PX,12,111699,郑商所
20241218,XZCE,PX,12,95480,郑商所
20241219,XZCE,PX,12,119218,郑商所
20241220,XZCE,PX,12,108743,郑商所
20241223,XZCE,PX,12,112337,郑商所
20241224,XZCE,PX,12,94335,郑商所
20241225,XZCE,PX,12,86333,郑商所
20241226,XZCE,PX,12,115404,郑商所
20241227,XZCE,PX,12,138972,郑商所
20241230,XZCE,PX,12,105406,郑商所
20241231,XZCE,PX,12,116216,郑商所
20250102,XZCE,PX,12,126882,郑商所
20250103,XZCE,PX,12,115025,郑商所
20250106,XZCE,PX,12,186979,郑商所
20250107,XZCE,PX,12,150365,郑商所
20250108,XZCE,PX,12,111063,郑商所
20250109,XZCE,PX,12,390302,郑商所
20250110,XZCE,PX,12,348761,郑商所
20250113,XZCE,PX,12,363254,郑商所
20250114,XZCE,PX,12,230123,郑商所
20250115,XZCE,PX,12,189193,郑商所
20250116,XZCE,PX,12,267046,郑商所
20250117,XZCE,PX,12,204172,郑商所
20250120,XZCE,PX,12,190604,郑商所
20250121,XZCE,PX,12,128040,郑商所
20250122,XZCE,PX,12,169558,郑商所
20250123,XZCE,PX,12,149211,郑商所
20250124,XZCE,PX,12,132836,郑商所
20250127,XZCE,PX,12,92145,郑商所
20250205,XZCE,PX,12,102214,郑商所
20250206,XZCE,PX,12,148086,郑商所
20250207,XZCE,PX,12,274332,郑商所
20250210,XZCE,PX,12,226564,郑商所
20250211,XZCE,PX,12,201809,郑商所
20250212,XZCE,PX,12,185537,郑商所
20250213,XZCE,PX,12,255690,郑商所
20250214,XZCE,PX,12,131742,郑商所
20250217,XZCE,PX,12,141825,郑商所
20250218,XZCE,PX,12,119932,郑商所
20250219,XZCE,PX,12,108394,郑商所
20250220,XZCE,PX,12,111737,郑商所
20250221,XZCE,PX,12,209534,郑商所
20250224,XZCE,PX,12,144969,郑商所
20250225,XZCE,PX,12,114238,郑商所
20250226,XZCE,PX,12,181015,郑商所
20250227,XZCE,PX,12,138406,郑商所
20250228,XZCE,PX,12,116883,郑商所
20250303,XZCE,PX,12,132524,郑商所
20250304,XZCE,PX,12,175700,郑商所
20250305,XZCE,PX,12,116478,郑商所
20250306,XZCE,PX,12,263072,郑商所
20250310,XZCE,PX,12,187382,郑商所
20250311,XZCE,PX,12,193397,郑商所
20250312,XZCE,PX,12,219433,郑商所
20250313,XZCE,PX,12,283182,郑商所
20250319,XZCE,PX,12,201474,郑商所
20250320,XZCE,PX,12,189989,郑商所
20250321,XZCE,PX,12,208140,郑商所
20250324,XZCE,PX,12,188084,郑商所
20250325,XZCE,PX,12,130646,郑商所
20250326,XZCE,PX,12,183448,郑商所
20250327,XZCE,PX,12,136575,郑商所
20250328,XZCE,PX,12,153107,郑商所
20250331,XZCE,PX,12,202932,郑商所
20250401,XZCE,PX,12,226828,郑商所
20250402,XZCE,PX,12,145074,郑商所
20250403,XZCE,PX,12,247677,郑商所
20250407,XZCE,PX,12,8508,郑商所
20250408,XZCE,PX,12,384773,郑商所
20250409,XZCE,PX,12,408436,郑商所
20250410,XZCE,PX,12,495884,郑商所
20250411,XZCE,PX,12,314761,郑商所
20250414,XZCE,PX,12,166378,郑商所
20250415,XZCE,PX,12,206907,郑商所
20250416,XZCE,PX,12,258566,郑商所
20250417,XZCE,PX,12,271026,郑商所
20250418,XZCE,PX,12,208531,郑商所
20250421,XZCE,PX,12,225052,郑商所
20250422,XZCE,PX,12,249440,郑商所
20250423,XZCE,PX,12,272263,郑商所
20250424,XZCE,PX,12,251232,郑商所
20250425,XZCE,PX,12,288009,郑商所
20250428,XZCE,PX,12,346165,郑商所
20250429,XZCE,PX,12,232111,郑商所
20250430,XZCE,PX,12,226284,郑商所
20250506,XZCE,PX,12,204130,郑商所
20250507,XZCE,PX,12,315037,郑商所
20250508,XZCE,PX,12,369795,郑商所
20250509,XZCE,PX,12,326086,郑商所
20250512,XZCE,PX,12,405879,郑商所
20250513,XZCE,PX,12,379810,郑商所
20250514,XZCE,PX,12,553934,郑商所
20250515,XZCE,PX,12,378708,郑商所
20250516,XZCE,PX,12,338637,郑商所
20250519,XZCE,PX,12,379731,郑商所
20250520,XZCE,PX,12,323887,郑商所
20250521,XZCE,PX,12,323275,郑商所
20250522,XZCE,PX,12,335675,郑商所
20250523,XZCE,PX,12,287741,郑商所
20250526,XZCE,PX,12,484605,郑商所
20250527,XZCE,PX,12,388214,郑商所
20250528,XZCE,PX,12,381862,郑商所
20250529,XZCE,PX,12,569634,郑商所
20250530,XZCE,PX,12,384233,郑商所
20250603,XZCE,PX,12,349246,郑商所
20250604,XZCE,PX,12,406600,郑商所
20250605,XZCE,PX,12,335004,郑商所
20250606,XZCE,PX,12,323560,郑商所
20250609,XZCE,PX,12,367195,郑商所
20250610,XZCE,PX,12,444913,郑商所
20250611,XZCE,PX,12,457036,郑商所
20250612,XZCE,PX,12,466457,郑商所
20250613,XZCE,PX,12,728304,郑商所
20250616,XZCE,PX,12,474937,郑商所
20250618,XZCE,PX,12,646505,郑商所
20250619,XZCE,PX,12,464411,郑商所
20250620,XZCE,PX,12,533119,郑商所
20250623,XZCE,PX,12,414907,郑商所
20250624,XZCE,PX,12,556227,郑商所
20250625,XZCE,PX,12,282595,郑商所
20250626,XZCE,PX,12,404665,郑商所
20250627,XZCE,PX,12,300177,郑商所
20250630,XZCE,PX,12,370339,郑商所
20250701,XZCE,PX,12,368970,郑商所
20250702,XZCE,PX,12,296311,郑商所
20250703,XZCE,PX,12,314341,郑商所
20250704,XZCE,PX,12,335425,郑商所
20250707,XZCE,PX,12,219452,郑商所
20250708,XZCE,PX,12,252308,郑商所
20250709,XZCE,PX,12,255930,郑商所
20250710,XZCE,PX,12,277738,郑商所
20250711,XZCE,PX,12,315580,郑商所
20250714,XZCE,PX,12,328115,郑商所
20250715,XZCE,PX,12,320999,郑商所
20250716,XZCE,PX,12,222662,郑商所
20250717,XZCE,PX,12,252826,郑商所
20250718,XZCE,PX,12,422857,郑商所
20250721,XZCE,PX,12,317415,郑商所
20250723,XZCE,PX,12,321479,郑商所
20250724,XZCE,PX,12,243634,郑商所
20250728,XZCE,PX,12,293499,郑商所
20250729,XZCE,PX,12,198397,郑商所
20250730,XZCE,PX,12,215036,郑商所
20250731,XZCE,PX,12,256898,郑商所
20250801,XZCE,PX,12,274890,郑商所
20250804,XZCE,PX,12,203891,郑商所
20250805,XZCE,PX,12,178025,郑商所
20250806,XZCE,PX,12,236514,郑商所
20250807,XZCE,PX,12,217058,郑商所
20250808,XZCE,PX,12,199548,郑商所
20250811,XZCE,PX,12,209053,郑商所
20250812,XZCE,PX,12,231869,郑商所
20250813,XZCE,PX,12,254041,郑商所
20250814,XZCE,PX,12,313035,郑商所
20250815,XZCE,PX,12,260263,郑商所
20250818,XZCE,PX,12,243719,郑商所
20250819,XZCE,PX,12,397046,郑商所
20250820,XZCE,PX,12,559330,郑商所
20250821,XZCE,PX,12,588740,郑商所
20250822,XZCE,PX,12,380677,郑商所
20250825,XZCE,PX,12,344209,郑商所
20250826,XZCE,PX,12,656293,郑商所
20250827,XZCE,PX,12,648784,郑商所
20250828,XZCE,PX,12,567239,郑商所
20250829,XZCE,PX,12,415081,郑商所
20250902,XZCE,PX,12,454336,郑商所
20250903,XZCE,PX,12,315182,郑商所
20250904,XZCE,PX,12,426380,郑商所
20250905,XZCE,PX,12,294439,郑商所
20250908,XZCE,PX,12,241431,郑商所
20250909,XZCE,PX,12,221364,郑商所
20250910,XZCE,PX,12,221096,郑商所
20250911,XZCE,PX,12,180036,郑商所
20250912,XZCE,PX,12,238734,郑商所
20250915,XZCE,PX,12,243643,郑商所
20250916,XZCE,PX,12,288739,郑商所
20250917,XZCE,PX,12,323763,郑商所
20250918,XZCE,PX,12,429841,郑商所
20250919,XZCE,PX,12,440013,郑商所
20250922,XZCE,PX,12,318180,郑商所
20250923,XZCE,PX,12,276094,郑商所
20250924,XZCE,PX,12,305236,郑商所
20250925,XZCE,PX,12,310793,郑商所
20250926,XZCE,PX,12,315189,郑商所
20250929,XZCE,PX,12,297103,郑商所
20250930,XZCE,PX,12,324027,郑商所
20251009,XZCE,PX,12,234121,郑商所
20251010,XZCE,PX,12,307044,郑商所
20251013,XZCE,PX,12,319966,郑商所
20251014,XZCE,PX,12,387344,郑商所
20251015,XZCE,PX,12,337158,郑商所
20251016,XZCE,PX,12,338231,郑商所
20251017,XZCE,PX,12,330605,郑商所
20251020,XZCE,PX,12,408730,郑商所
20251021,XZCE,PX,12,300660,郑商所
20251022,XZCE,PX,12,395486,郑商所
20251023,XZCE,PX,12,244716,郑商所
20251024,XZCE,PX,12,407074,郑商所
20251027,XZCE,PX,12,460752,郑商所
20251028,XZCE,PX,12,396650,郑商所
20251029,XZCE,PX,12,364701,郑商所
20251030,XZCE,PX,12,307671,郑商所
20251031,XZCE,PX,12,261490,郑商所
20251103,XZCE,PX,12,424122,郑商所
20251104,XZCE,PX,12,262173,郑商所
20251105,XZCE,PX,12,344240,郑商所
20251106,XZCE,PX,12,458583,郑商所
20251107,XZCE,PX,12,571552,郑商所
20251110,XZCE,PX,12,667159,郑商所
20251111,XZCE,PX,12,789348,郑商所
20251112,XZCE,PX,12,284278,郑商所
20251113,XZCE,PX,12,435165,郑商所
20251114,XZCE,PX,12,486605,郑商所
20251117,XZCE,PX,12,385750,郑商所
20251118,XZCE,PX,12,318244,郑商所
20251119,XZCE,PX,12,820659,郑商所
20251120,XZCE,PX,12,747931,郑商所
20251121,XZCE,PX,12,732847,郑商所
20251124,XZCE,PX,12,622995,郑商所
20251125,XZCE,PX,12,376220,郑商所
20251126,XZCE,PX,12,345322,郑商所
20251127,XZCE,PX,12,510469,郑商所
20251128,XZCE,PX,12,463723,郑商所
20251201,XZCE,PX,12,412616,郑商所
20251202,XZCE,PX,12,400680,郑商所
20251203,XZCE,PX,12,402414,郑商所
20251204,XZCE,PX,12,378132,郑商所
20251205,XZCE,PX,12,510473,郑商所
20251208,XZCE,PX,12,440602,郑商所
20251209,XZCE,PX,12,478186,郑商所
20251210,XZCE,PX,12,729306,郑商所
20251211,XZCE,PX,12,536682,郑商所
20251212,XZCE,PX,12,404760,郑商所
20251215,XZCE,PX,12,371982,郑商所
20251216,XZCE,PX,12,343356,郑商所
20251217,XZCE,PX,12,360058,郑商所
20251218,XZCE,PX,12,367425,郑商所
20251219,XZCE,PX,12,855487,郑商所
20251222,XZCE,PX,12,1012594,郑商所
20251223,XZCE,PX,12,641358,郑商所
20251224,XZCE,PX,12,668841,郑商所
20251225,XZCE,PX,12,558586,郑商所
20251226,XZCE,PX,12,896125,郑商所
20251229,XZCE,PX,12,965328,郑商所
20251230,XZCE,PX,12,497845,郑商所
20251231,XZCE,PX,12,371204,郑商所
20260105,XZCE,PX,12,419480,郑商所
20260106,XZCE,PX,12,558614,郑商所
20260107,XZCE,PX,12,601346,郑商所
20260108,XZCE,PX,12,537641,郑商所
20260109,XZCE,PX,12,480759,郑商所
20260112,XZCE,PX,12,621821,郑商所
20260113,XZCE,PX,12,460284,郑商所
20260114,XZCE,PX,12,508345,郑商所
20260115,XZCE,PX,12,518700,郑商所
20260116,XZCE,PX,12,480384,郑商所
20260119,XZCE,PX,12,296529,郑商所
20260120,XZCE,PX,12,505394,郑商所
20260121,XZCE,PX,12,560784,郑商所
20260122,XZCE,PX,12,592062,郑商所
20260123,XZCE,PX,12,796200,郑商所
20260126,XZCE,PX,12,711058,郑商所
20260127,XZCE,PX,12,656781,郑商所
20260128,XZCE,PX,12,524615,郑商所
20260129,XZCE,PX,12,436989,郑商所
20260130,XZCE,PX,12,698397,郑商所
20260202,XZCE,PX,12,623606,郑商所
20260203,XZCE,PX,12,429151,郑商所
20260204,XZCE,PX,12,459351,郑商所
20260205,XZCE,PX,12,400294,郑商所
20260206,XZCE,PX,12,449159,郑商所
20260209,XZCE,PX,12,388514,郑商所
20260210,XZCE,PX,12,438806,郑商所
20260211,XZCE,PX,12,265500,郑商所
20260212,XZCE,PX,12,285837,郑商所
20260213,XZCE,PX,12,263897,郑商所
20260224,XZCE,PX,12,285952,郑商所
20260225,XZCE,PX,12,346480,郑商所
20260226,XZCE,PX,12,441538,郑商所
20260227,XZCE,PX,12,468262,郑商所
20260303,XZCE,PX,12,885190,郑商所
20260304,XZCE,PX,12,938185,郑商所
20260305,XZCE,PX,12,1141503,郑商所
20260306,XZCE,PX,12,1023462,郑商所
20260310,XZCE,PX,12,989832,郑商所
20260311,XZCE,PX,12,871396,郑商所
20260312,XZCE,PX,12,1178687,郑商所
20260313,XZCE,PX,12,1786189,郑商所
20260316,XZCE,PX,12,1152561,郑商所
20260317,XZCE,PX,12,989534,郑商所
20260318,XZCE,PX,12,909735,郑商所
20260319,XZCE,PX,12,929138,郑商所
20260320,XZCE,PX,12,903666,郑商所
20260324,XZCE,PX,12,772789,郑商所
20260325,XZCE,PX,12,690326,郑商所
20260326,XZCE,PX,12,474433,郑商所
20260327,XZCE,PX,12,674991,郑商所
20260401,XZCE,PX,12,778609,郑商所
20260402,XZCE,PX,12,675258,郑商所
20260403,XZCE,PX,12,799898,郑商所
20260407,XZCE,PX,12,442635,郑商所
20260409,XZCE,PX,12,391275,郑商所
20260410,XZCE,PX,12,434601,郑商所
20260414,XZCE,PX,12,761130,郑商所
20260415,XZCE,PX,12,960723,郑商所
20260416,XZCE,PX,12,516863,郑商所
20260420,XZCE,PX,12,692556,郑商所
20260421,XZCE,PX,12,471914,郑商所
20260422,XZCE,PX,12,356294,郑商所
20260423,XZCE,PX,12,651216,郑商所
20260424,XZCE,PX,12,466669,郑商所
20260427,XZCE,PX,12,502246,郑商所
20260428,XZCE,PX,12,527213,郑商所
20260429,XZCE,PX,12,628685,郑商所
20260430,XZCE,PX,12,420125,郑商所
20260506,XZCE,PX,12,334509,郑商所
20260507,XZCE,PX,12,552417,郑商所
20260511,XZCE,PX,12,501105,郑商所
20260512,XZCE,PX,12,324011,郑商所
20260513,XZCE,PX,12,399075,郑商所
20260514,XZCE,PX,12,510174,郑商所
20260515,XZCE,PX,12,481283,郑商所
20260518,XZCE,PX,12,447823,郑商所
20260522,XZCE,PX,12,655756,郑商所
20260525,XZCE,PX,12,638155,郑商所
20260526,XZCE,PX,12,373938,郑商所
20260527,XZCE,PX,12,442398,郑商所
20260528,XZCE,PX,12,585631,郑商所
20260601,XZCE,PX,12,382051,郑商所
20260602,XZCE,PX,12,480089,郑商所
20260603,XZCE,PX,12,485148,郑商所
20260609,XZCE,PX,12,395504,郑商所
20260610,XZCE,PX,12,456274,郑商所
20260611,XZCE,PX,12,308975,郑商所
20260612,XZCE,PX,12,449181,郑商所
20260616,XZCE,PX,12,446474,郑商所
20260617,XZCE,PX,12,397597,郑商所
20260618,XZCE,PX,12,475071,郑商所
20260622,XZCE,PX,12,251794,郑商所
20260623,XZCE,PX,12,369287,郑商所
20260624,XZCE,PX,12,424272,郑商所
20260625,XZCE,PX,12,624047,郑商所
20260626,XZCE,PX,12,493013,郑商所
20260629,XZCE,PX,12,359907,郑商所
20260630,XZCE,PX,12,294485,郑商所
20260701,XZCE,PX,12,324880,郑商所
20260702,XZCE,PX,12,500473,郑商所
20260703,XZCE,PX,12,384991,郑商所
20260706,XZCE,PX,12,287461,郑商所
20260707,XZCE,PX,12,295245,郑商所
20260708,XZCE,PX,12,402885,郑商所
20260710,XZCE,PX,12,324595,郑商所
20260713,XZCE,PX,12,398260,郑商所
20260714,XZCE,PX,12,576778,郑商所
20260715,XZCE,PX,12,321110,郑商所
20260716,XZCE,PX,12,372013,郑商所
20260717,XZCE,PX,12,289546,郑商所
20260721,XZCE,PX,12,366185,郑商所
20260723,XZCE,PX,12,413143,郑商所
20260724,XZCE,PX,12,442242,郑商所
20260727,XZCE,PX,12,434800,郑商所
20260728,XZCE,PX,12,334161,郑商所
20260729,XZCE,PX,12,346870,郑商所
20260730,XZCE,PX,12,431033,郑商所
20260731,XZCE,PX,12,351247,郑商所
20260803,XZCE,PX,12,376425,郑商所
20260805,XZCE,PX,12,577002,郑商所
20260806,XZCE,PX,12,495980,郑商所
20260807,XZCE,PX,12,417438,郑商所
20260810,XZCE,PX,12,519808,郑商所
20260811,XZCE,PX,12,393295,郑商所
20230915,XZCE,SH,5,417192,郑商所
20230918,XZCE,SH,5,287837,郑商所
20230919,XZCE,SH,5,524260,郑商所
20230920,XZCE,SH,5,603662,郑商所
20230921,XZCE,SH,5,435224,郑商所
20230922,XZCE,SH,5,328125,郑商所
20230925,XZCE,SH,5,325317,郑商所
20230926,XZCE,SH,5,293385,郑商所
20230927,XZCE,SH,5,243891,郑商所
20230928,XZCE,SH,5,220308,郑商所
20231009,XZCE,SH,5,112428,郑商所
20231010,XZCE,SH,5,347320,郑商所
20231011,XZCE,SH,5,305534,郑商所
20231012,XZCE,SH,5,219050,郑商所
20231013,XZCE,SH,5,234201,郑商所
20231016,XZCE,SH,5,233487,郑商所
20231017,XZCE,SH,5,300131,郑商所
20231018,XZCE,SH,5,207583,郑商所
20231019,XZCE,SH,5,385051,郑商所
20231020,XZCE,SH,5,300433,郑商所
20231023,XZCE,SH,6,307461,郑商所
20231024,XZCE,SH,6,300969,郑商所
20231025,XZCE,SH,6,210466,郑商所
20231026,XZCE,SH,6,237552,郑商所
20231027,XZCE,SH,6,166615,郑商所
20231030,XZCE,SH,6,201656,郑商所
20231031,XZCE,SH,6,205092,郑商所
20231101,XZCE,SH,6,176649,郑商所
20231102,XZCE,SH,6,141254,郑商所
20231103,XZCE,SH,6,163663,郑商所
20231106,XZCE,SH,6,189222,郑商所
20231107,XZCE,SH,6,159081,郑商所
20231108,XZCE,SH,6,99569,郑商所
20231109,XZCE,SH,6,158668,郑商所
20231110,XZCE,SH,6,353595,郑商所
20231113,XZCE,SH,6,171471,郑商所
20231114,XZCE,SH,6,90637,郑商所
20231115,XZCE,SH,7,93017,郑商所
20231116,XZCE,SH,7,58912,郑商所
20231117,XZCE,SH,7,99595,郑商所
20231120,XZCE,SH,7,60869,郑商所
20231121,XZCE,SH,7,94845,郑商所
20231122,XZCE,SH,7,114230,郑商所
20231123,XZCE,SH,7,94389,郑商所
20231124,XZCE,SH,7,58306,郑商所
20231127,XZCE,SH,7,80551,郑商所
20231128,XZCE,SH,7,58121,郑商所
20231129,XZCE,SH,7,147474,郑商所
20231130,XZCE,SH,7,78033,郑商所
20231201,XZCE,SH,7,76047,郑商所
20231204,XZCE,SH,7,84552,郑商所
20231205,XZCE,SH,7,73645,郑商所
20231206,XZCE,SH,7,55904,郑商所
20231207,XZCE,SH,7,127220,郑商所
20231208,XZCE,SH,7,261613,郑商所
20231211,XZCE,SH,7,132770,郑商所
20231212,XZCE,SH,7,147283,郑商所
20231213,XZCE,SH,7,90800,郑商所
20231214,XZCE,SH,7,100865,郑商所
20231215,XZCE,SH,8,77081,郑商所
20231218,XZCE,SH,8,58218,郑商所
20231219,XZCE,SH,8,80366,郑商所
20231220,XZCE,SH,8,67067,郑商所
20231221,XZCE,SH,8,90685,郑商所
20231222,XZCE,SH,8,562732,郑商所
20231225,XZCE,SH,8,230319,郑商所
20231226,XZCE,SH,8,229516,郑商所
20231227,XZCE,SH,8,112204,郑商所
20231228,XZCE,SH,8,150600,郑商所
20231229,XZCE,SH,8,127455,郑商所
20240102,XZCE,SH,8,126914,郑商所
20240103,XZCE,SH,8,153626,郑商所
20240104,XZCE,SH,8,210092,郑商所
20240105,XZCE,SH,8,102983,郑商所
20240108,XZCE,SH,8,124918,郑商所
20240109,XZCE,SH,8,112568,郑商所
20240110,XZCE,SH,8,99471,郑商所
20240111,XZCE,SH,8,81501,郑商所
20240112,XZCE,SH,8,76871,郑商所
20240115,XZCE,SH,8,64438,郑商所
20240116,XZCE,SH,9,62592,郑商所
20240117,XZCE,SH,9,61529,郑商所
20240118,XZCE,SH,9,85292,郑商所
20240119,XZCE,SH,9,66239,郑商所
20240122,XZCE,SH,9,110728,郑商所
20240123,XZCE,SH,9,54816,郑商所
20240124,XZCE,SH,9,70116,郑商所
20240125,XZCE,SH,9,50927,郑商所
20240126,XZCE,SH,9,67734,郑商所
20240129,XZCE,SH,9,42291,郑商所
20240130,XZCE,SH,9,45591,郑商所
20240131,XZCE,SH,9,43514,郑商所
20240201,XZCE,SH,9,43228,郑商所
20240202,XZCE,SH,9,36472,郑商所
20240205,XZCE,SH,9,28765,郑商所
20240206,XZCE,SH,9,26792,郑商所
20240207,XZCE,SH,9,42756,郑商所
20240208,XZCE,SH,9,34732,郑商所
20240219,XZCE,SH,9,31494,郑商所
20240220,XZCE,SH,9,40455,郑商所
20240221,XZCE,SH,9,83460,郑商所
20240222,XZCE,SH,9,45889,郑商所
20240223,XZCE,SH,10,32016,郑商所
20240226,XZCE,SH,10,51162,郑商所
20240227,XZCE,SH,10,25887,郑商所
20240228,XZCE,SH,10,39294,郑商所
20240229,XZCE,SH,10,53170,郑商所
20240301,XZCE,SH,10,37256,郑商所
20240304,XZCE,SH,10,51331,郑商所
20240305,XZCE,SH,10,58836,郑商所
20240306,XZCE,SH,10,52512,郑商所
20240307,XZCE,SH,10,49878,郑商所
20240308,XZCE,SH,10,38050,郑商所
20240311,XZCE,SH,10,50134,郑商所
20240312,XZCE,SH,10,26402,郑商所
20240313,XZCE,SH,10,38912,郑商所
20240314,XZCE,SH,10,31017,郑商所
20240315,XZCE,SH,11,26060,郑商所
20240318,XZCE,SH,11,48566,郑商所
20240319,XZCE,SH,11,35237,郑商所
20240320,XZCE,SH,11,34437,郑商所
20240321,XZCE,SH,11,38891,郑商所
20240322,XZCE,SH,11,41473,郑商所
20240325,XZCE,SH,11,81550,郑商所
20240326,XZCE,SH,11,57084,郑商所
20240327,XZCE,SH,11,40642,郑商所
20240328,XZCE,SH,11,84896,郑商所
20240329,XZCE,SH,11,83935,郑商所
20240401,XZCE,SH,11,100660,郑商所
20240402,XZCE,SH,11,52451,郑商所
20240403,XZCE,SH,11,51536,郑商所
20240408,XZCE,SH,11,72874,郑商所
20240409,XZCE,SH,11,103420,郑商所
20240410,XZCE,SH,11,112182,郑商所
20240411,XZCE,SH,11,79554,郑商所
20240412,XZCE,SH,11,69697,郑商所
20240415,XZCE,SH,11,84495,郑商所
20240416,XZCE,SH,11,66061,郑商所
20240417,XZCE,SH,12,48124,郑商所
20240418,XZCE,SH,12,84124,郑商所
20240419,XZCE,SH,12,69997,郑商所
20240422,XZCE,SH,12,64064,郑商所
20240423,XZCE,SH,12,43849,郑商所
20240424,XZCE,SH,12,52866,郑商所
20240425,XZCE,SH,12,49639,郑商所
20240426,XZCE,SH,12,34667,郑商所
20240429,XZCE,SH,12,80362,郑商所
20240430,XZCE,SH,12,63276,郑商所
20240506,XZCE,SH,12,29690,郑商所
20240507,XZCE,SH,12,42213,郑商所
20240508,XZCE,SH,12,79385,郑商所
20240509,XZCE,SH,12,85596,郑商所
20240510,XZCE,SH,12,50066,郑商所
20240513,XZCE,SH,12,90810,郑商所
20240514,XZCE,SH,12,50641,郑商所
20240515,XZCE,SH,12,51288,郑商所
20240516,XZCE,SH,12,46105,郑商所
20240517,XZCE,SH,12,59278,郑商所
20240520,XZCE,SH,12,51386,郑商所
20240521,XZCE,SH,12,122085,郑商所
20240522,XZCE,SH,12,76221,郑商所
20240523,XZCE,SH,12,62121,郑商所
20240524,XZCE,SH,12,52314,郑商所
20240527,XZCE,SH,12,40665,郑商所
20240528,XZCE,SH,12,53818,郑商所
20240529,XZCE,SH,12,68732,郑商所
20240530,XZCE,SH,12,80153,郑商所
20240531,XZCE,SH,12,167327,郑商所
20240603,XZCE,SH,12,125966,郑商所
20240604,XZCE,SH,12,68591,郑商所
20240605,XZCE,SH,12,55698,郑商所
20240606,XZCE,SH,12,96885,郑商所
20240607,XZCE,SH,12,70159,郑商所
20240611,XZCE,SH,12,55622,郑商所
20240612,XZCE,SH,12,57571,郑商所
20240613,XZCE,SH,12,59313,郑商所
20240614,XZCE,SH,12,67010,郑商所
20240617,XZCE,SH,12,62395,郑商所
20240618,XZCE,SH,12,70287,郑商所
20240619,XZCE,SH,12,52378,郑商所
20240620,XZCE,SH,12,60760,郑商所
20240621,XZCE,SH,12,46441,郑商所
20240624,XZCE,SH,12,51811,郑商所
20240625,XZCE,SH,12,69909,郑商所
20240626,XZCE,SH,12,48307,郑商所
20240627,XZCE,SH,12,50955,郑商所
20240628,XZCE,SH,12,72738,郑商所
20240701,XZCE,SH,12,114183,郑商所
20240702,XZCE,SH,12,63258,郑商所
20240703,XZCE,SH,12,63994,郑商所
20240704,XZCE,SH,12,110710,郑商所
20240705,XZCE,SH,12,97669,郑商所
20240708,XZCE,SH,12,125321,郑商所
20240709,XZCE,SH,12,121556,郑商所
20240710,XZCE,SH,12,98170,郑商所
20240711,XZCE,SH,12,65637,郑商所
20240712,XZCE,SH,12,55092,郑商所
20240715,XZCE,SH,12,80515,郑商所
20240716,XZCE,SH,12,94595,郑商所
20240717,XZCE,SH,12,62313,郑商所
20240718,XZCE,SH,12,52624,郑商所
20240719,XZCE,SH,12,49591,郑商所
20240722,XZCE,SH,12,172090,郑商所
20240723,XZCE,SH,12,128482,郑商所
20240724,XZCE,SH,12,96422,郑商所
20240725,XZCE,SH,12,117962,郑商所
20240726,XZCE,SH,12,157033,郑商所
20240729,XZCE,SH,12,129833,郑商所
20240730,XZCE,SH,12,168557,郑商所
20240731,XZCE,SH,12,151697,郑商所
20240801,XZCE,SH,12,146763,郑商所
20240802,XZCE,SH,12,142663,郑商所
20240805,XZCE,SH,12,98061,郑商所
20240806,XZCE,SH,12,103077,郑商所
20240807,XZCE,SH,12,99375,郑商所
20240808,XZCE,SH,12,127921,郑商所
20240809,XZCE,SH,12,184340,郑商所
20240812,XZCE,SH,12,158070,郑商所
20240813,XZCE,SH,12,144827,郑商所
20240814,XZCE,SH,12,153419,郑商所
20240815,XZCE,SH,12,146594,郑商所
20240816,XZCE,SH,12,105785,郑商所
20240819,XZCE,SH,12,147339,郑商所
20240820,XZCE,SH,12,111509,郑商所
20240821,XZCE,SH,12,86589,郑商所
20240822,XZCE,SH,12,150104,郑商所
20240823,XZCE,SH,12,117038,郑商所
20240826,XZCE,SH,12,184596,郑商所
20240827,XZCE,SH,12,92756,郑商所
20240828,XZCE,SH,12,89785,郑商所
20240829,XZCE,SH,12,107992,郑商所
20240830,XZCE,SH,12,78223,郑商所
20240902,XZCE,SH,12,73981,郑商所
20240903,XZCE,SH,12,98142,郑商所
20240904,XZCE,SH,12,104523,郑商所
20240905,XZCE,SH,12,137038,郑商所
20240906,XZCE,SH,12,182066,郑商所
20240909,XZCE,SH,12,169325,郑商所
20240910,XZCE,SH,12,111446,郑商所
20240911,XZCE,SH,12,131937,郑商所
20240912,XZCE,SH,12,137046,郑商所
20240913,XZCE,SH,12,125390,郑商所
20240918,XZCE,SH,12,146321,郑商所
20240919,XZCE,SH,12,111904,郑商所
20240920,XZCE,SH,12,183346,郑商所
20240923,XZCE,SH,12,111824,郑商所
20240924,XZCE,SH,12,127421,郑商所
20240925,XZCE,SH,12,178568,郑商所
20240926,XZCE,SH,12,96254,郑商所
20240927,XZCE,SH,12,138683,郑商所
20240930,XZCE,SH,12,114415,郑商所
20241008,XZCE,SH,12,109893,郑商所
20241009,XZCE,SH,12,114524,郑商所
20241010,XZCE,SH,12,188223,郑商所
20241011,XZCE,SH,12,195366,郑商所
20241014,XZCE,SH,12,193568,郑商所
20241015,XZCE,SH,12,195790,郑商所
20241016,XZCE,SH,12,167976,郑商所
20241017,XZCE,SH,12,353879,郑商所
20241018,XZCE,SH,12,781690,郑商所
20241021,XZCE,SH,12,616561,郑商所
20241022,XZCE,SH,12,438768,郑商所
20241023,XZCE,SH,12,383997,郑商所
20241024,XZCE,SH,12,335208,郑商所
20241025,XZCE,SH,12,315569,郑商所
20241028,XZCE,SH,12,281123,郑商所
20241029,XZCE,SH,12,266978,郑商所
20241030,XZCE,SH,12,313786,郑商所
20241031,XZCE,SH,12,203525,郑商所
20241101,XZCE,SH,12,171648,郑商所
20241104,XZCE,SH,12,227664,郑商所
20241105,XZCE,SH,12,164690,郑商所
20241106,XZCE,SH,12,114559,郑商所
20241107,XZCE,SH,12,178535,郑商所
20241108,XZCE,SH,12,176536,郑商所
20241111,XZCE,SH,12,150832,郑商所
20241112,XZCE,SH,12,124938,郑商所
20241113,XZCE,SH,12,105040,郑商所
20241114,XZCE,SH,12,107401,郑商所
20241115,XZCE,SH,12,158589,郑商所
20241118,XZCE,SH,12,104296,郑商所
20241119,XZCE,SH,12,147398,郑商所
20241120,XZCE,SH,12,134767,郑商所
20241121,XZCE,SH,12,177104,郑商所
20241122,XZCE,SH,12,101409,郑商所
20241125,XZCE,SH,12,134851,郑商所
20241126,XZCE,SH,12,80440,郑商所
20241127,XZCE,SH,12,86424,郑商所
20241128,XZCE,SH,12,82853,郑商所
20241129,XZCE,SH,12,64672,郑商所
20241202,XZCE,SH,12,103816,郑商所
20241203,XZCE,SH,12,57347,郑商所
20241204,XZCE,SH,12,87733,郑商所
20241205,XZCE,SH,12,82800,郑商所
20241206,XZCE,SH,12,49520,郑商所
20241209,XZCE,SH,12,89730,郑商所
20241210,XZCE,SH,12,82351,郑商所
20241211,XZCE,SH,12,55758,郑商所
20241212,XZCE,SH,12,66879,郑商所
20241213,XZCE,SH,12,94755,郑商所
20241216,XZCE,SH,12,106906,郑商所
20241217,XZCE,SH,12,75042,郑商所
20241218,XZCE,SH,12,106012,郑商所
20241219,XZCE,SH,12,211254,郑商所
20241220,XZCE,SH,12,167741,郑商所
20241223,XZCE,SH,12,178857,郑商所
20241224,XZCE,SH,12,184463,郑商所
20241225,XZCE,SH,12,171731,郑商所
20241226,XZCE,SH,12,151435,郑商所
20241227,XZCE,SH,12,125032,郑商所
20241230,XZCE,SH,12,209753,郑商所
20241231,XZCE,SH,12,408216,郑商所
20250102,XZCE,SH,12,472902,郑商所
20250103,XZCE,SH,12,492441,郑商所
20250106,XZCE,SH,12,1095082,郑商所
20250107,XZCE,SH,12,1148099,郑商所
20250108,XZCE,SH,12,1040486,郑商所
20250109,XZCE,SH,12,1381604,郑商所
20250110,XZCE,SH,12,1619683,郑商所
20250113,XZCE,SH,12,1178495,郑商所
20250114,XZCE,SH,12,901389,郑商所
20250115,XZCE,SH,12,1300632,郑商所
20250116,XZCE,SH,12,2116899,郑商所
20250117,XZCE,SH,12,1565348,郑商所
20250120,XZCE,SH,12,1979195,郑商所
20250121,XZCE,SH,12,1226593,郑商所
20250122,XZCE,SH,12,1018114,郑商所
20250123,XZCE,SH,12,916660,郑商所
20250124,XZCE,SH,12,1120879,郑商所
20250127,XZCE,SH,12,698814,郑商所
20250205,XZCE,SH,12,629052,郑商所
20250206,XZCE,SH,12,1266528,郑商所
20250207,XZCE,SH,12,1098395,郑商所
20250210,XZCE,SH,12,937081,郑商所
20250211,XZCE,SH,12,1957056,郑商所
20250212,XZCE,SH,12,1145174,郑商所
20250213,XZCE,SH,12,1600896,郑商所
20250214,XZCE,SH,12,1045998,郑商所
20250217,XZCE,SH,12,1057438,郑商所
20250218,XZCE,SH,12,522128,郑商所
20250219,XZCE,SH,12,678029,郑商所
20250220,XZCE,SH,12,845181,郑商所
20250221,XZCE,SH,12,544826,郑商所
20250224,XZCE,SH,12,506327,郑商所
20250225,XZCE,SH,12,398597,郑商所
20250226,XZCE,SH,12,746743,郑商所
20250227,XZCE,SH,12,628506,郑商所
20250228,XZCE,SH,12,870446,郑商所
20250303,XZCE,SH,12,738009,郑商所
20250304,XZCE,SH,12,648131,郑商所
20250305,XZCE,SH,12,631935,郑商所
20250306,XZCE,SH,12,755159,郑商所
20250310,XZCE,SH,12,842513,郑商所
20250311,XZCE,SH,12,636520,郑商所
20250312,XZCE,SH,12,479910,郑商所
20250313,XZCE,SH,12,664896,郑商所
20250319,XZCE,SH,12,491513,郑商所
20250320,XZCE,SH,12,566242,郑商所
20250321,XZCE,SH,12,456669,郑商所
20250324,XZCE,SH,12,628548,郑商所
20250325,XZCE,SH,12,403797,郑商所
20250326,XZCE,SH,12,378130,郑商所
20250327,XZCE,SH,12,281125,郑商所
20250328,XZCE,SH,12,587694,郑商所
20250331,XZCE,SH,12,473329,郑商所
20250401,XZCE,SH,12,425300,郑商所
20250402,XZCE,SH,12,464907,郑商所
20250403,XZCE,SH,12,374759,郑商所
20250407,XZCE,SH,12,420705,郑商所
20250408,XZCE,SH,12,604242,郑商所
20250409,XZCE,SH,12,665964,郑商所
20250410,XZCE,SH,12,539186,郑商所
20250411,XZCE,SH,12,324013,郑商所
20250414,XZCE,SH,12,452371,郑商所
20250415,XZCE,SH,12,434073,郑商所
20250416,XZCE,SH,12,329831,郑商所
20250417,XZCE,SH,12,474590,郑商所
20250418,XZCE,SH,12,420222,郑商所
20250421,XZCE,SH,12,520056,郑商所
20250422,XZCE,SH,12,321777,郑商所
20250423,XZCE,SH,12,456061,郑商所
20250424,XZCE,SH,12,429586,郑商所
20250425,XZCE,SH,12,489614,郑商所
20250428,XZCE,SH,12,323072,郑商所
20250429,XZCE,SH,12,417741,郑商所
20250430,XZCE,SH,12,444937,郑商所
20250506,XZCE,SH,12,353697,郑商所
20250507,XZCE,SH,12,492543,郑商所
20250508,XZCE,SH,12,555581,郑商所
20250509,XZCE,SH,12,459433,郑商所
20250512,XZCE,SH,12,705046,郑商所
20250513,XZCE,SH,12,547787,郑商所
20250514,XZCE,SH,12,678133,郑商所
20250515,XZCE,SH,12,699897,郑商所
20250516,XZCE,SH,12,536204,郑商所
20250519,XZCE,SH,12,1061981,郑商所
20250520,XZCE,SH,12,614714,郑商所
20250521,XZCE,SH,12,607664,郑商所
20250522,XZCE,SH,12,373143,郑商所
20250523,XZCE,SH,12,640008,郑商所
20250526,XZCE,SH,12,417870,郑商所
20250527,XZCE,SH,12,487939,郑商所
20250528,XZCE,SH,12,341091,郑商所
20250529,XZCE,SH,12,551026,郑商所
20250530,XZCE,SH,12,636153,郑商所
20250603,XZCE,SH,12,360954,郑商所
20250604,XZCE,SH,12,601510,郑商所
20250605,XZCE,SH,12,580887,郑商所
20250606,XZCE,SH,12,592980,郑商所
20250609,XZCE,SH,12,612605,郑商所
20250610,XZCE,SH,12,435615,郑商所
20250611,XZCE,SH,12,387645,郑商所
20250612,XZCE,SH,12,385099,郑商所
20250613,XZCE,SH,12,654352,郑商所
20250616,XZCE,SH,12,471901,郑商所
20250618,XZCE,SH,12,552107,郑商所
20250619,XZCE,SH,12,381222,郑商所
20250620,XZCE,SH,12,653713,郑商所
20250623,XZCE,SH,12,508458,郑商所
20250624,XZCE,SH,12,507763,郑商所
20250625,XZCE,SH,12,462022,郑商所
20250626,XZCE,SH,12,525262,郑商所
20250627,XZCE,SH,12,680824,郑商所
20250630,XZCE,SH,12,614337,郑商所
20250701,XZCE,SH,12,695136,郑商所
20250702,XZCE,SH,12,728811,郑商所
20250703,XZCE,SH,12,461303,郑商所
20250704,XZCE,SH,12,628502,郑商所
20250707,XZCE,SH,12,634275,郑商所
20250708,XZCE,SH,12,648331,郑商所
20250709,XZCE,SH,12,686671,郑商所
20250710,XZCE,SH,12,769797,郑商所
20250711,XZCE,SH,12,566254,郑商所
20250714,XZCE,SH,12,874144,郑商所
20250715,XZCE,SH,12,519090,郑商所
20250716,XZCE,SH,12,762212,郑商所
20250717,XZCE,SH,12,489248,郑商所
20250718,XZCE,SH,12,614060,郑商所
20250721,XZCE,SH,12,1186468,郑商所
20250723,XZCE,SH,12,752255,郑商所
20250724,XZCE,SH,12,766215,郑商所
20250728,XZCE,SH,12,1201008,郑商所
20250729,XZCE,SH,12,669414,郑商所
20250730,XZCE,SH,12,676015,郑商所
20250731,XZCE,SH,12,500465,郑商所
20250801,XZCE,SH,12,388738,郑商所
20250804,XZCE,SH,12,340814,郑商所
20250805,XZCE,SH,12,393033,郑商所
20250806,XZCE,SH,12,340564,郑商所
20250807,XZCE,SH,12,401337,郑商所
20250808,XZCE,SH,12,299417,郑商所
20250811,XZCE,SH,12,375808,郑商所
20250812,XZCE,SH,12,390665,郑商所
20250813,XZCE,SH,12,286346,郑商所
20250814,XZCE,SH,12,672194,郑商所
20250815,XZCE,SH,12,426099,郑商所
20250818,XZCE,SH,12,393276,郑商所
20250819,XZCE,SH,12,462931,郑商所
20250820,XZCE,SH,12,600815,郑商所
20250821,XZCE,SH,12,770028,郑商所
20250822,XZCE,SH,12,881275,郑商所
20250825,XZCE,SH,12,765885,郑商所
20250826,XZCE,SH,12,733954,郑商所
20250827,XZCE,SH,12,606530,郑商所
20250828,XZCE,SH,12,533976,郑商所
20250829,XZCE,SH,12,562462,郑商所
20250902,XZCE,SH,12,907026,郑商所
20250903,XZCE,SH,12,570864,郑商所
20250904,XZCE,SH,12,572719,郑商所
20250905,XZCE,SH,12,591191,郑商所
20250908,XZCE,SH,12,519467,郑商所
20250909,XZCE,SH,12,375332,郑商所
20250910,XZCE,SH,12,369212,郑商所
20250911,XZCE,SH,12,446275,郑商所
20250912,XZCE,SH,12,474654,郑商所
20250915,XZCE,SH,12,419912,郑商所
20250916,XZCE,SH,12,479698,郑商所
20250917,XZCE,SH,12,422311,郑商所
20250918,XZCE,SH,12,592756,郑商所
20250919,XZCE,SH,12,633241,郑商所
20250922,XZCE,SH,12,473521,郑商所
20250923,XZCE,SH,12,581605,郑商所
20250924,XZCE,SH,12,445303,郑商所
20250925,XZCE,SH,12,356703,郑商所
20250926,XZCE,SH,12,406171,郑商所
20250929,XZCE,SH,12,467028,郑商所
20250930,XZCE,SH,12,239711,郑商所
20251009,XZCE,SH,12,391951,郑商所
20251010,XZCE,SH,12,398019,郑商所
20251013,XZCE,SH,12,394532,郑商所
20251014,XZCE,SH,12,468374,郑商所
20251015,XZCE,SH,12,348888,郑商所
20251016,XZCE,SH,12,359188,郑商所
20251017,XZCE,SH,12,591951,郑商所
20251020,XZCE,SH,12,387279,郑商所
20251021,XZCE,SH,12,277910,郑商所
20251022,XZCE,SH,12,350452,郑商所
20251023,XZCE,SH,12,410376,郑商所
20251024,XZCE,SH,12,397705,郑商所
20251027,XZCE,SH,12,662079,郑商所
20251028,XZCE,SH,12,385295,郑商所
20251029,XZCE,SH,12,426261,郑商所
20251030,XZCE,SH,12,478454,郑商所
20251031,XZCE,SH,12,427464,郑商所
20251103,XZCE,SH,12,594229,郑商所
20251104,XZCE,SH,12,308779,郑商所
20251105,XZCE,SH,12,582973,郑商所
20251106,XZCE,SH,12,510725,郑商所
20251107,XZCE,SH,12,377227,郑商所
20251110,XZCE,SH,12,435913,郑商所
20251111,XZCE,SH,12,473601,郑商所
20251112,XZCE,SH,12,513082,郑商所
20251113,XZCE,SH,12,518651,郑商所
20251114,XZCE,SH,12,486120,郑商所
20251117,XZCE,SH,12,545295,郑商所
20251118,XZCE,SH,12,384776,郑商所
20251119,XZCE,SH,12,299434,郑商所
20251120,XZCE,SH,12,328245,郑商所
20251121,XZCE,SH,12,314258,郑商所
20251124,XZCE,SH,12,313514,郑商所
20251125,XZCE,SH,12,248160,郑商所
20251126,XZCE,SH,12,390877,郑商所
20251127,XZCE,SH,12,367083,郑商所
20251128,XZCE,SH,12,296821,郑商所
20251201,XZCE,SH,12,420032,郑商所
20251202,XZCE,SH,12,437163,郑商所
20251203,XZCE,SH,12,530837,郑商所
20251204,XZCE,SH,12,522727,郑商所
20251205,XZCE,SH,12,485550,郑商所
20251208,XZCE,SH,12,600249,郑商所
20251209,XZCE,SH,12,693504,郑商所
20251210,XZCE,SH,12,534036,郑商所
20251211,XZCE,SH,12,738247,郑商所
20251212,XZCE,SH,12,543355,郑商所
20251215,XZCE,SH,12,691411,郑商所
20251216,XZCE,SH,12,421858,郑商所
20251217,XZCE,SH,12,362333,郑商所
20251218,XZCE,SH,12,634376,郑商所
20251219,XZCE,SH,12,416601,郑商所
20251222,XZCE,SH,12,456468,郑商所
20251223,XZCE,SH,12,476456,郑商所
20251224,XZCE,SH,12,675973,郑商所
20251225,XZCE,SH,12,362572,郑商所
20251226,XZCE,SH,12,776638,郑商所
20251229,XZCE,SH,12,451321,郑商所
20251230,XZCE,SH,12,436360,郑商所
20251231,XZCE,SH,12,400984,郑商所
20260105,XZCE,SH,12,409336,郑商所
20260106,XZCE,SH,12,439864,郑商所
20260107,XZCE,SH,12,680274,郑商所
20260108,XZCE,SH,12,574019,郑商所
20260109,XZCE,SH,12,524272,郑商所
20260112,XZCE,SH,12,569116,郑商所
20260113,XZCE,SH,12,610928,郑商所
20260114,XZCE,SH,12,618612,郑商所
20260115,XZCE,SH,12,510802,郑商所
20260116,XZCE,SH,12,658189,郑商所
20260119,XZCE,SH,12,575550,郑商所
20260120,XZCE,SH,12,691280,郑商所
20260121,XZCE,SH,12,523803,郑商所
20260122,XZCE,SH,12,542760,郑商所
20260123,XZCE,SH,12,872028,郑商所
20260126,XZCE,SH,12,1115799,郑商所
20260127,XZCE,SH,12,789613,郑商所
20260128,XZCE,SH,12,574159,郑商所
20260129,XZCE,SH,12,637589,郑商所
20260130,XZCE,SH,12,930751,郑商所
20260202,XZCE,SH,12,1268258,郑商所
20260203,XZCE,SH,12,970548,郑商所
20260204,XZCE,SH,12,631248,郑商所
20260205,XZCE,SH,12,577196,郑商所
20260206,XZCE,SH,12,833909,郑商所
20260209,XZCE,SH,12,904440,郑商所
20260210,XZCE,SH,12,673604,郑商所
20260211,XZCE,SH,12,447104,郑商所
20260212,XZCE,SH,12,309249,郑商所
20260213,XZCE,SH,12,704493,郑商所
20260224,XZCE,SH,12,376974,郑商所
20260225,XZCE,SH,12,354136,郑商所
20260226,XZCE,SH,12,394313,郑商所
20260227,XZCE,SH,12,409583,郑商所
20260303,XZCE,SH,12,685580,郑商所
20260304,XZCE,SH,12,707190,郑商所
20260305,XZCE,SH,12,1100472,郑商所
20260306,XZCE,SH,12,1101704,郑商所
20260310,XZCE,SH,12,909462,郑商所
20260311,XZCE,SH,12,993731,郑商所
20260312,XZCE,SH,12,1165255,郑商所
20260313,XZCE,SH,12,877981,郑商所
20260316,XZCE,SH,12,962141,郑商所
20260317,XZCE,SH,12,726925,郑商所
20260318,XZCE,SH,12,603188,郑商所
20260319,XZCE,SH,12,530214,郑商所
20260320,XZCE,SH,12,711514,郑商所
20260324,XZCE,SH,12,652492,郑商所
20260325,XZCE,SH,12,526631,郑商所
20260326,XZCE,SH,12,358985,郑商所
20260327,XZCE,SH,12,360018,郑商所
20260401,XZCE,SH,12,427907,郑商所
20260402,XZCE,SH,12,406937,郑商所
20260403,XZCE,SH,12,298639,郑商所
20260407,XZCE,SH,12,321731,郑商所
20260409,XZCE,SH,12,265655,郑商所
20260410,XZCE,SH,12,305189,郑商所
20260414,XZCE,SH,12,307811,郑商所
20260415,XZCE,SH,12,353507,郑商所
20260416,XZCE,SH,12,368612,郑商所
20260420,XZCE,SH,12,442425,郑商所
20260421,XZCE,SH,12,496981,郑商所
20260422,XZCE,SH,12,540072,郑商所
20260423,XZCE,SH,12,434092,郑商所
20260424,XZCE,SH,12,481527,郑商所
20260427,XZCE,SH,12,526751,郑商所
20260428,XZCE,SH,12,747427,郑商所
20260429,XZCE,SH,12,491337,郑商所
20260430,XZCE,SH,12,481997,郑商所
20260506,XZCE,SH,12,497092,郑商所
20260507,XZCE,SH,12,630148,郑商所
20260511,XZCE,SH,12,510015,郑商所
20260512,XZCE,SH,12,519255,郑商所
20260513,XZCE,SH,12,581487,郑商所
20260514,XZCE,SH,12,535697,郑商所
20260515,XZCE,SH,12,603845,郑商所
20260518,XZCE,SH,12,790394,郑商所
20260522,XZCE,SH,12,656602,郑商所
20260525,XZCE,SH,12,759421,郑商所
20260526,XZCE,SH,12,660584,郑商所
20260527,XZCE,SH,12,629270,郑商所
20260528,XZCE,SH,12,530068,郑商所
20260601,XZCE,SH,12,752002,郑商所
20260602,XZCE,SH,12,764869,郑商所
20260603,XZCE,SH,12,905417,郑商所
20260609,XZCE,SH,12,608783,郑商所
20260610,XZCE,SH,12,767591,郑商所
20260611,XZCE,SH,12,709627,郑商所
20260612,XZCE,SH,12,604199,郑商所
20260616,XZCE,SH,12,792595,郑商所
20260617,XZCE,SH,12,728296,郑商所
20260618,XZCE,SH,12,647565,郑商所
20260622,XZCE,SH,12,480406,郑商所
20260623,XZCE,SH,12,632419,郑商所
20260624,XZCE,SH,12,465275,郑商所
20260625,XZCE,SH,12,580205,郑商所
20260626,XZCE,SH,12,639070,郑商所
20260629,XZCE,SH,12,644329,郑商所
20260630,XZCE,SH,12,592766,郑商所
20260701,XZCE,SH,12,565098,郑商所
20260702,XZCE,SH,12,552555,郑商所
20260703,XZCE,SH,12,564369,郑商所
20260706,XZCE,SH,12,538346,郑商所
20260707,XZCE,SH,12,568346,郑商所
20260708,XZCE,SH,12,898831,郑商所
20260710,XZCE,SH,12,570116,郑商所
20260713,XZCE,SH,12,638910,郑商所
20260714,XZCE,SH,12,572523,郑商所
20260715,XZCE,SH,12,683124,郑商所
20260716,XZCE,SH,12,483976,郑商所
20260717,XZCE,SH,12,771975,郑商所
20260721,XZCE,SH,12,514200,郑商所
20260723,XZCE,SH,12,507970,郑商所
20260724,XZCE,SH,12,608765,郑商所
20260727,XZCE,SH,12,976352,郑商所
20260728,XZCE,SH,12,671277,郑商所
20260729,XZCE,SH,12,551877,郑商所
20260730,XZCE,SH,12,587198,郑商所
20260731,XZCE,SH,12,488238,郑商所
20260803,XZCE,SH,12,492969,郑商所
20260805,XZCE,SH,12,643876,郑商所
20260806,XZCE,SH,12,596307,郑商所
20260807,XZCE,SH,12,432738,郑商所
20260810,XZCE,SH,12,652845,郑商所
20260811,XZCE,SH,12,522462,郑商所
20221222,XGFE,SI,5,33202,广期所
20221223,XGFE,SI,5,31876,广期所
20221226,XGFE,SI,5,25090,广期所
20221227,XGFE,SI,5,13756,广期所
20221228,XGFE,SI,5,22054,广期所
20221229,XGFE,SI,5,13151,广期所
20221230,XGFE,SI,5,38707,广期所
20230103,XGFE,SI,5,15555,广期所
20230104,XGFE,SI,5,14921,广期所
20230105,XGFE,SI,5,10884,广期所
20230106,XGFE,SI,5,8692,广期所
20230109,XGFE,SI,5,13954,广期所
20230110,XGFE,SI,5,16228,广期所
20230111,XGFE,SI,5,21827,广期所
20230112,XGFE,SI,5,40098,广期所
20230113,XGFE,SI,5,38849,广期所
20230116,XGFE,SI,5,29127,广期所
20230117,XGFE,SI,6,47371,广期所
20230118,XGFE,SI,6,57699,广期所
20230119,XGFE,SI,6,58301,广期所
20230120,XGFE,SI,6,77558,广期所
20230130,XGFE,SI,6,43060,广期所
20230131,XGFE,SI,6,45897,广期所
20230201,XGFE,SI,6,65025,广期所
20230202,XGFE,SI,6,68237,广期所
20230203,XGFE,SI,6,95713,广期所
20230206,XGFE,SI,6,36072,广期所
20230207,XGFE,SI,6,31423,广期所
20230208,XGFE,SI,6,41164,广期所
20230209,XGFE,SI,6,25862,广期所
20230210,XGFE,SI,6,23216,广期所
20230213,XGFE,SI,6,20901,广期所
20230214,XGFE,SI,6,25130,广期所
20230215,XGFE,SI,7,30842,广期所
20230216,XGFE,SI,7,43005,广期所
20230217,XGFE,SI,7,34188,广期所
20230220,XGFE,SI,7,44711,广期所
20230221,XGFE,SI,7,50577,广期所
20230222,XGFE,SI,7,56148,广期所
20230223,XGFE,SI,7,52850,广期所
20230224,XGFE,SI,7,63185,广期所
20230227,XGFE,SI,7,56886,广期所
20230228,XGFE,SI,7,101277,广期所
20230301,XGFE,SI,7,39767,广期所
20230302,XGFE,SI,7,48238,广期所
20230303,XGFE,SI,7,64153,广期所
20230306,XGFE,SI,7,47108,广期所
20230307,XGFE,SI,7,55660,广期所
20230308,XGFE,SI,7,32550,广期所
20230309,XGFE,SI,7,62586,广期所
20230310,XGFE,SI,7,75209,广期所
20230313,XGFE,SI,7,59613,广期所
20230314,XGFE,SI,7,41064,广期所
20230315,XGFE,SI,8,42459,广期所
20230316,XGFE,SI,8,58791,广期所
20230317,XGFE,SI,8,70973,广期所
20230320,XGFE,SI,8,54985,广期所
20230321,XGFE,SI,8,66153,广期所
20230322,XGFE,SI,8,75884,广期所
20230323,XGFE,SI,8,47327,广期所
20230324,XGFE,SI,8,63483,广期所
20230327,XGFE,SI,8,45540,广期所
20230328,XGFE,SI,8,61632,广期所
20230329,XGFE,SI,8,82840,广期所
20230330,XGFE,SI,8,50063,广期所
20230331,XGFE,SI,8,82605,广期所
20230403,XGFE,SI,8,74503,广期所
20230404,XGFE,SI,8,83100,广期所
20230406,XGFE,SI,8,107317,广期所
20230407,XGFE,SI,8,67834,广期所
20230410,XGFE,SI,8,71689,广期所
20230411,XGFE,SI,8,58295,广期所
20230412,XGFE,SI,8,86506,广期所
20230413,XGFE,SI,8,61857,广期所
20230414,XGFE,SI,8,94812,广期所
20230417,XGFE,SI,8,104782,广期所
20230418,XGFE,SI,8,96583,广期所
20230419,XGFE,SI,8,92694,广期所
20230420,XGFE,SI,8,95521,广期所
20230421,XGFE,SI,8,68954,广期所
20230424,XGFE,SI,8,78721,广期所
20230425,XGFE,SI,8,68993,广期所
20230426,XGFE,SI,8,93385,广期所
20230427,XGFE,SI,8,76745,广期所
20230428,XGFE,SI,8,69318,广期所
20230504,XGFE,SI,8,59023,广期所
20230505,XGFE,SI,8,72114,广期所
20230508,XGFE,SI,8,62620,广期所
20230509,XGFE,SI,8,55686,广期所
20230510,XGFE,SI,8,137687,广期所
20230511,XGFE,SI,8,99621,广期所
20230512,XGFE,SI,8,82025,广期所
20230515,XGFE,SI,8,73915,广期所
20230516,XGFE,SI,8,72535,广期所
20230517,XGFE,SI,8,82027,广期所
20230518,XGFE,SI,8,112002,广期所
20230519,XGFE,SI,8,123429,广期所
20230522,XGFE,SI,8,136147,广期所
20230523,XGFE,SI,8,117872,广期所
20230524,XGFE,SI,8,96165,广期所
20230525,XGFE,SI,8,114514,广期所
20230526,XGFE,SI,8,132705,广期所
20230529,XGFE,SI,8,91196,广期所
20230530,XGFE,SI,8,70226,广期所
20230531,XGFE,SI,8,79836,广期所
20230601,XGFE,SI,8,91357,广期所
20230602,XGFE,SI,8,123295,广期所
20230605,XGFE,SI,8,84132,广期所
20230606,XGFE,SI,8,82780,广期所
20230607,XGFE,SI,8,101739,广期所
20230608,XGFE,SI,8,104134,广期所
20230609,XGFE,SI,8,88380,广期所
20230703,XGFE,SI,8,77961,广期所
20230704,XGFE,SI,8,114463,广期所
20230705,XGFE,SI,8,87663,广期所
20230706,XGFE,SI,8,68470,广期所
20230707,XGFE,SI,8,92972,广期所
20230710,XGFE,SI,8,90621,广期所
20230711,XGFE,SI,8,89395,广期所
20230712,XGFE,SI,8,156475,广期所
20230713,XGFE,SI,8,221632,广期所
20230714,XGFE,SI,8,159073,广期所
20230717,XGFE,SI,8,146219,广期所
20230718,XGFE,SI,8,103594,广期所
20230719,XGFE,SI,8,118214,广期所
20230720,XGFE,SI,8,115755,广期所
20230721,XGFE,SI,8,103930,广期所
20230724,XGFE,SI,8,114314,广期所
20230725,XGFE,SI,8,94799,广期所
20230726,XGFE,SI,8,110191,广期所
20230727,XGFE,SI,8,98393,广期所
20230728,XGFE,SI,8,94758,广期所
20230731,XGFE,SI,8,113352,广期所
20230801,XGFE,SI,8,78526,广期所
20230802,XGFE,SI,8,113030,广期所
20230803,XGFE,SI,8,134959,广期所
20230804,XGFE,SI,8,94250,广期所
20230807,XGFE,SI,8,94069,广期所
20230808,XGFE,SI,8,57478,广期所
20230809,XGFE,SI,8,110913,广期所
20230810,XGFE,SI,8,74297,广期所
20230811,XGFE,SI,8,77939,广期所
20230814,XGFE,SI,8,92034,广期所
20230815,XGFE,SI,8,69379,广期所
20230816,XGFE,SI,8,75551,广期所
20230817,XGFE,SI,8,72923,广期所
20230818,XGFE,SI,8,67840,广期所
20230821,XGFE,SI,8,85180,广期所
20230822,XGFE,SI,8,87271,广期所
20230823,XGFE,SI,8,78334,广期所
20230824,XGFE,SI,8,92559,广期所
20230825,XGFE,SI,8,65447,广期所
20230828,XGFE,SI,8,130635,广期所
20230829,XGFE,SI,8,76238,广期所
20230830,XGFE,SI,8,72663,广期所
20230831,XGFE,SI,8,62819,广期所
20230901,XGFE,SI,8,121519,广期所
20230904,XGFE,SI,8,225674,广期所
20230905,XGFE,SI,8,111793,广期所
20230906,XGFE,SI,8,120201,广期所
20230907,XGFE,SI,8,136973,广期所
20230908,XGFE,SI,8,164680,广期所
20230911,XGFE,SI,8,143434,广期所
20230912,XGFE,SI,8,101789,广期所
20230913,XGFE,SI,8,93700,广期所
20230914,XGFE,SI,8,117815,广期所
20230915,XGFE,SI,8,128973,广期所
20230918,XGFE,SI,8,101188,广期所
20230919,XGFE,SI,8,145994,广期所
20230920,XGFE,SI,8,122090,广期所
20230921,XGFE,SI,8,104761,广期所
20230922,XGFE,SI,8,132498,广期所
20230925,XGFE,SI,8,107294,广期所
20230926,XGFE,SI,8,76598,广期所
20230927,XGFE,SI,8,93167,广期所
20230928,XGFE,SI,8,115054,广期所
20231009,XGFE,SI,8,86093,广期所
20231010,XGFE,SI,8,83678,广期所
20231011,XGFE,SI,8,91872,广期所
20231012,XGFE,SI,8,78714,广期所
20231013,XGFE,SI,8,111100,广期所
20231016,XGFE,SI,8,93872,广期所
20231017,XGFE,SI,8,107996,广期所
20231018,XGFE,SI,8,82266,广期所
20231019,XGFE,SI,8,97927,广期所
20231020,XGFE,SI,8,79087,广期所
20231023,XGFE,SI,8,78931,广期所
20231024,XGFE,SI,8,58684,广期所
20231025,XGFE,SI,8,108423,广期所
20231026,XGFE,SI,8,148007,广期所
20231027,XGFE,SI,8,84748,广期所
20231030,XGFE,SI,8,95425,广期所
20231031,XGFE,SI,8,83631,广期所
20231101,XGFE,SI,8,109669,广期所
20231102,XGFE,SI,8,79620,广期所
20231103,XGFE,SI,8,88325,广期所
20231106,XGFE,SI,8,103443,广期所
20231107,XGFE,SI,8,85916,广期所
20231108,XGFE,SI,8,117713,广期所
20231109,XGFE,SI,8,84692,广期所
20231110,XGFE,SI,8,98922,广期所
20231113,XGFE,SI,8,86984,广期所
20231114,XGFE,SI,8,90395,广期所
20231115,XGFE,SI,8,95038,广期所
20231116,XGFE,SI,8,65642,广期所
20231117,XGFE,SI,8,124934,广期所
20231120,XGFE,SI,8,97158,广期所
20231121,XGFE,SI,8,94412,广期所
20231122,XGFE,SI,8,107652,广期所
20231123,XGFE,SI,8,73018,广期所
20231124,XGFE,SI,8,69894,广期所
20231127,XGFE,SI,8,111710,广期所
20231128,XGFE,SI,8,84077,广期所
20231129,XGFE,SI,8,60768,广期所
20231130,XGFE,SI,8,96466,广期所
20231201,XGFE,SI,8,79506,广期所
20231204,XGFE,SI,8,72416,广期所
20231205,XGFE,SI,8,240059,广期所
20231206,XGFE,SI,8,138552,广期所
20231207,XGFE,SI,8,111631,广期所
20231208,XGFE,SI,8,84741,广期所
20231211,XGFE,SI,8,67927,广期所
20231212,XGFE,SI,8,56637,广期所
20231213,XGFE,SI,8,76170,广期所
20231214,XGFE,SI,8,56123,广期所
20231215,XGFE,SI,8,67705,广期所
20231218,XGFE,SI,8,67085,广期所
20231219,XGFE,SI,8,175827,广期所
20231220,XGFE,SI,8,152078,广期所
20231221,XGFE,SI,8,122030,广期所
20231222,XGFE,SI,8,71210,广期所
20231225,XGFE,SI,8,127528,广期所
20231226,XGFE,SI,8,163276,广期所
20231227,XGFE,SI,8,171699,广期所
20231228,XGFE,SI,8,192611,广期所
20231229,XGFE,SI,8,56127,广期所
20240102,XGFE,SI,8,56384,广期所
20240103,XGFE,SI,8,86721,广期所
20240104,XGFE,SI,8,42523,广期所
20240105,XGFE,SI,8,70737,广期所
20240108,XGFE,SI,8,45278,广期所
20240109,XGFE,SI,8,66783,广期所
20240110,XGFE,SI,8,99926,广期所
20240111,XGFE,SI,8,71714,广期所
20240112,XGFE,SI,8,112411,广期所
20240115,XGFE,SI,8,84615,广期所
20240116,XGFE,SI,8,209008,广期所
20240117,XGFE,SI,8,178349,广期所
20240118,XGFE,SI,8,160538,广期所
20240119,XGFE,SI,8,223903,广期所
20240122,XGFE,SI,8,225153,广期所
20240123,XGFE,SI,8,190791,广期所
20240124,XGFE,SI,8,87036,广期所
20240125,XGFE,SI,8,94175,广期所
20240126,XGFE,SI,8,227457,广期所
20240129,XGFE,SI,8,172225,广期所
20240130,XGFE,SI,8,110111,广期所
20240131,XGFE,SI,8,58365,广期所
20240201,XGFE,SI,8,96238,广期所
20240202,XGFE,SI,8,68051,广期所
20240205,XGFE,SI,8,66064,广期所
20240206,XGFE,SI,8,99574,广期所
20240207,XGFE,SI,8,166559,广期所
20240208,XGFE,SI,8,79590,广期所
20240219,XGFE,SI,8,108734,广期所
20240220,XGFE,SI,8,96221,广期所
20240221,XGFE,SI,8,118826,广期所
20240222,XGFE,SI,8,81616,广期所
20240223,XGFE,SI,8,163091,广期所
20240226,XGFE,SI,8,195801,广期所
20240227,XGFE,SI,8,104059,广期所
20240228,XGFE,SI,8,116445,广期所
20240229,XGFE,SI,8,141809,广期所
20240301,XGFE,SI,8,227233,广期所
20240304,XGFE,SI,8,137054,广期所
20240305,XGFE,SI,8,165520,广期所
20240306,XGFE,SI,8,157583,广期所
20240307,XGFE,SI,8,232416,广期所
20240308,XGFE,SI,8,207341,广期所
20240311,XGFE,SI,8,276208,广期所
20240312,XGFE,SI,8,396472,广期所
20240313,XGFE,SI,8,282870,广期所
20240314,XGFE,SI,8,246690,广期所
20240315,XGFE,SI,8,414863,广期所
20240318,XGFE,SI,8,218029,广期所
20240319,XGFE,SI,8,227501,广期所
20240320,XGFE,SI,8,190901,广期所
20240321,XGFE,SI,8,209753,广期所
20240322,XGFE,SI,8,279857,广期所
20240325,XGFE,SI,8,222979,广期所
20240326,XGFE,SI,8,237792,广期所
20240327,XGFE,SI,8,225757,广期所
20240328,XGFE,SI,8,306028,广期所
20240329,XGFE,SI,8,324061,广期所
20240401,XGFE,SI,8,273310,广期所
20240402,XGFE,SI,8,312451,广期所
20240403,XGFE,SI,8,251897,广期所
20240408,XGFE,SI,8,247570,广期所
20240409,XGFE,SI,8,340093,广期所
20240410,XGFE,SI,8,202171,广期所
20240411,XGFE,SI,8,225166,广期所
20240412,XGFE,SI,8,194411,广期所
20240415,XGFE,SI,8,349735,广期所
20240416,XGFE,SI,8,293846,广期所
20240417,XGFE,SI,8,480864,广期所
20240418,XGFE,SI,8,530203,广期所
20240419,XGFE,SI,8,327646,广期所
20240422,XGFE,SI,8,404156,广期所
20240423,XGFE,SI,8,238331,广期所
20240424,XGFE,SI,8,387665,广期所
20240425,XGFE,SI,8,369330,广期所
20240426,XGFE,SI,8,450410,广期所
20240429,XGFE,SI,8,509232,广期所
20240430,XGFE,SI,8,527811,广期所
20240506,XGFE,SI,8,361446,广期所
20240507,XGFE,SI,8,333738,广期所
20240508,XGFE,SI,8,317449,广期所
20240509,XGFE,SI,8,708583,广期所
20240510,XGFE,SI,8,388974,广期所
20240513,XGFE,SI,8,516777,广期所
20240514,XGFE,SI,8,802038,广期所
20240515,XGFE,SI,8,318061,广期所
20240516,XGFE,SI,8,349317,广期所
20240517,XGFE,SI,8,342172,广期所
20240520,XGFE,SI,12,397545,广期所
20240521,XGFE,SI,12,620498,广期所
20240522,XGFE,SI,12,463887,广期所
20240523,XGFE,SI,12,377918,广期所
20240524,XGFE,SI,12,871844,广期所
20240527,XGFE,SI,12,658037,广期所
20240528,XGFE,SI,12,630158,广期所
20240529,XGFE,SI,12,635136,广期所
20240530,XGFE,SI,12,1209967,广期所
20240531,XGFE,SI,12,756432,广期所
20240603,XGFE,SI,12,878668,广期所
20240604,XGFE,SI,12,464180,广期所
20240605,XGFE,SI,12,424324,广期所
20240606,XGFE,SI,12,335369,广期所
20240607,XGFE,SI,12,580781,广期所
20240611,XGFE,SI,12,497733,广期所
20240612,XGFE,SI,12,488797,广期所
20240613,XGFE,SI,12,587846,广期所
20240614,XGFE,SI,12,590043,广期所
20240617,XGFE,SI,12,742120,广期所
20240618,XGFE,SI,12,712626,广期所
20240619,XGFE,SI,12,666049,广期所
20240620,XGFE,SI,12,626705,广期所
20240621,XGFE,SI,12,251177,广期所
20240624,XGFE,SI,12,566988,广期所
20240625,XGFE,SI,12,465563,广期所
20240626,XGFE,SI,12,430560,广期所
20240627,XGFE,SI,12,294520,广期所
20240628,XGFE,SI,12,388061,广期所
20240701,XGFE,SI,12,381657,广期所
20240702,XGFE,SI,12,368442,广期所
20240703,XGFE,SI,12,316908,广期所
20240704,XGFE,SI,12,396985,广期所
20240705,XGFE,SI,12,356082,广期所
20240708,XGFE,SI,12,421317,广期所
20240709,XGFE,SI,12,519148,广期所
20240710,XGFE,SI,12,439116,广期所
20240711,XGFE,SI,12,569180,广期所
20240712,XGFE,SI,12,475940,广期所
20240715,XGFE,SI,12,536814,广期所
20240716,XGFE,SI,12,471773,广期所
20240717,XGFE,SI,12,599681,广期所
20240718,XGFE,SI,12,436057,广期所
20240719,XGFE,SI,12,291868,广期所
20240722,XGFE,SI,12,405071,广期所
20240723,XGFE,SI,12,436034,广期所
20240724,XGFE,SI,12,673890,广期所
20240725,XGFE,SI,12,409602,广期所
20240726,XGFE,SI,12,702388,广期所
20240729,XGFE,SI,12,441563,广期所
20240730,XGFE,SI,12,433024,广期所
20240731,XGFE,SI,12,489746,广期所
20240801,XGFE,SI,12,510704,广期所
20240802,XGFE,SI,12,495246,广期所
20240805,XGFE,SI,12,399707,广期所
20240806,XGFE,SI,12,547652,广期所
20240807,XGFE,SI,12,371756,广期所
20240808,XGFE,SI,12,506272,广期所
20240809,XGFE,SI,12,437620,广期所
20240812,XGFE,SI,12,519611,广期所
20240813,XGFE,SI,12,544432,广期所
20240814,XGFE,SI,12,619755,广期所
20240815,XGFE,SI,12,485123,广期所
20240816,XGFE,SI,12,630838,广期所
20240819,XGFE,SI,12,327752,广期所
20240820,XGFE,SI,12,402652,广期所
20240821,XGFE,SI,12,566452,广期所
20240822,XGFE,SI,12,535380,广期所
20240823,XGFE,SI,12,275899,广期所
20240826,XGFE,SI,12,444807,广期所
20240827,XGFE,SI,12,456751,广期所
20240828,XGFE,SI,12,663678,广期所
20240829,XGFE,SI,12,749483,广期所
20240830,XGFE,SI,12,569606,广期所
20240902,XGFE,SI,12,477424,广期所
20240903,XGFE,SI,12,310235,广期所
20240904,XGFE,SI,12,684103,广期所
20240905,XGFE,SI,12,586854,广期所
20240906,XGFE,SI,12,518615,广期所
20240909,XGFE,SI,12,426495,广期所
20240910,XGFE,SI,12,316262,广期所
20240911,XGFE,SI,12,725441,广期所
20240912,XGFE,SI,12,566363,广期所
20240913,XGFE,SI,12,411977,广期所
20240918,XGFE,SI,12,397860,广期所
20240919,XGFE,SI,12,557859,广期所
20240920,XGFE,SI,12,512935,广期所
20240923,XGFE,SI,12,632748,广期所
20240924,XGFE,SI,12,581103,广期所
20240925,XGFE,SI,12,673050,广期所
20240926,XGFE,SI,12,394995,广期所
20240927,XGFE,SI,12,504116,广期所
20240930,XGFE,SI,12,362246,广期所
20241008,XGFE,SI,12,528910,广期所
20241009,XGFE,SI,12,327170,广期所
20241010,XGFE,SI,12,392546,广期所
20241011,XGFE,SI,12,354659,广期所
20241014,XGFE,SI,12,440320,广期所
20241015,XGFE,SI,12,374098,广期所
20241016,XGFE,SI,12,447274,广期所
20241017,XGFE,SI,12,512673,广期所
20241018,XGFE,SI,12,392863,广期所
20241021,XGFE,SI,12,234081,广期所
20241022,XGFE,SI,12,429965,广期所
20241023,XGFE,SI,12,638603,广期所
20241024,XGFE,SI,12,345717,广期所
20241025,XGFE,SI,12,480266,广期所
20241028,XGFE,SI,12,443400,广期所
20241029,XGFE,SI,12,388609,广期所
20241030,XGFE,SI,12,259131,广期所
20241031,XGFE,SI,12,324506,广期所
20241101,XGFE,SI,12,463194,广期所
20241104,XGFE,SI,12,193529,广期所
20241105,XGFE,SI,12,267088,广期所
20241106,XGFE,SI,12,324982,广期所
20241107,XGFE,SI,12,324943,广期所
20241108,XGFE,SI,12,320703,广期所
20241111,XGFE,SI,12,294011,广期所
20241112,XGFE,SI,12,297301,广期所
20241113,XGFE,SI,12,271738,广期所
20241114,XGFE,SI,12,313858,广期所
20241115,XGFE,SI,12,288124,广期所
20241118,XGFE,SI,12,273605,广期所
20241119,XGFE,SI,12,323323,广期所
20241120,XGFE,SI,12,311631,广期所
20241121,XGFE,SI,12,255463,广期所
20241122,XGFE,SI,12,335935,广期所
20241125,XGFE,SI,12,166496,广期所
20241126,XGFE,SI,12,602756,广期所
20241127,XGFE,SI,12,467400,广期所
20241128,XGFE,SI,12,379734,广期所
20241129,XGFE,SI,12,506418,广期所
20241202,XGFE,SI,12,505182,广期所
20241203,XGFE,SI,12,298013,广期所
20241204,XGFE,SI,12,421156,广期所
20241205,XGFE,SI,12,307217,广期所
20241206,XGFE,SI,12,270915,广期所
20241209,XGFE,SI,12,335060,广期所
20241210,XGFE,SI,12,372097,广期所
20241211,XGFE,SI,12,338615,广期所
20241212,XGFE,SI,12,248169,广期所
20241213,XGFE,SI,12,329831,广期所
20241216,XGFE,SI,12,331229,广期所
20241217,XGFE,SI,12,324833,广期所
20241218,XGFE,SI,12,268439,广期所
20241219,XGFE,SI,12,197554,广期所
20241220,XGFE,SI,12,158734,广期所
20241223,XGFE,SI,12,149479,广期所
20241224,XGFE,SI,12,186257,广期所
20241225,XGFE,SI,12,197527,广期所
20241226,XGFE,SI,12,446912,广期所
20241227,XGFE,SI,12,371080,广期所
20241230,XGFE,SI,12,196321,广期所
20241231,XGFE,SI,12,275929,广期所
20250102,XGFE,SI,12,216426,广期所
20250103,XGFE,SI,12,270882,广期所
20250106,XGFE,SI,12,383447,广期所
20250107,XGFE,SI,12,321258,广期所
20250108,XGFE,SI,12,275859,广期所
20250109,XGFE,SI,12,246408,广期所
20250110,XGFE,SI,12,496423,广期所
20250113,XGFE,SI,12,464264,广期所
20250114,XGFE,SI,12,371979,广期所
20250115,XGFE,SI,12,317458,广期所
20250116,XGFE,SI,12,339894,广期所
20250117,XGFE,SI,12,443907,广期所
20250120,XGFE,SI,12,360718,广期所
20250121,XGFE,SI,12,445129,广期所
20250122,XGFE,SI,12,339436,广期所
20250123,XGFE,SI,12,412387,广期所
20250124,XGFE,SI,12,453027,广期所
20250127,XGFE,SI,12,336555,广期所
20250205,XGFE,SI,12,405231,广期所
20250206,XGFE,SI,12,340612,广期所
20250207,XGFE,SI,12,351836,广期所
20250210,XGFE,SI,12,334724,广期所
20250211,XGFE,SI,12,351541,广期所
20250212,XGFE,SI,12,212234,广期所
20250213,XGFE,SI,12,292478,广期所
20250214,XGFE,SI,12,383041,广期所
20250217,XGFE,SI,12,306494,广期所
20250218,XGFE,SI,12,162476,广期所
20250219,XGFE,SI,12,204376,广期所
20250220,XGFE,SI,12,289874,广期所
20250221,XGFE,SI,12,319171,广期所
20250224,XGFE,SI,12,354711,广期所
20250225,XGFE,SI,12,245564,广期所
20250226,XGFE,SI,12,289529,广期所
20250227,XGFE,SI,12,287178,广期所
20250228,XGFE,SI,12,147003,广期所
20250303,XGFE,SI,12,219712,广期所
20250304,XGFE,SI,12,167097,广期所
20250305,XGFE,SI,12,237858,广期所
20250306,XGFE,SI,12,185848,广期所
20250310,XGFE,SI,12,350308,广期所
20250311,XGFE,SI,12,359839,广期所
20250312,XGFE,SI,12,299813,广期所
20250313,XGFE,SI,12,207250,广期所
20250319,XGFE,SI,12,211179,广期所
20250320,XGFE,SI,12,168548,广期所
20250321,XGFE,SI,12,305434,广期所
20250324,XGFE,SI,12,166911,广期所
20250325,XGFE,SI,12,301258,广期所
20250326,XGFE,SI,12,253937,广期所
20250327,XGFE,SI,12,299558,广期所
20250328,XGFE,SI,12,249087,广期所
20250331,XGFE,SI,12,252057,广期所
20250401,XGFE,SI,12,195091,广期所
20250402,XGFE,SI,12,264629,广期所
20250403,XGFE,SI,12,282086,广期所
20250407,XGFE,SI,12,310892,广期所
20250408,XGFE,SI,12,309122,广期所
20250409,XGFE,SI,12,319794,广期所
20250410,XGFE,SI,12,286914,广期所
20250411,XGFE,SI,12,218136,广期所
20250414,XGFE,SI,12,312293,广期所
20250415,XGFE,SI,12,406075,广期所
20250416,XGFE,SI,12,376326,广期所
20250417,XGFE,SI,12,458812,广期所
20250418,XGFE,SI,12,590041,广期所
20250421,XGFE,SI,12,507571,广期所
20250422,XGFE,SI,12,469397,广期所
20250423,XGFE,SI,12,349693,广期所
20250424,XGFE,SI,12,357659,广期所
20250425,XGFE,SI,12,358005,广期所
20250428,XGFE,SI,12,350078,广期所
20250429,XGFE,SI,12,334706,广期所
20250430,XGFE,SI,12,292536,广期所
20250506,XGFE,SI,12,457995,广期所
20250507,XGFE,SI,12,591789,广期所
20250508,XGFE,SI,12,658571,广期所
20250509,XGFE,SI,12,571806,广期所
20250512,XGFE,SI,12,554353,广期所
20250513,XGFE,SI,12,774470,广期所
20250514,XGFE,SI,12,839933,广期所
20250515,XGFE,SI,12,692593,广期所
20250516,XGFE,SI,12,698083,广期所
20250519,XGFE,SI,12,730688,广期所
20250520,XGFE,SI,12,474043,广期所
20250521,XGFE,SI,12,489809,广期所
20250522,XGFE,SI,12,488133,广期所
20250523,XGFE,SI,12,500081,广期所
20250526,XGFE,SI,12,517462,广期所
20250527,XGFE,SI,12,662849,广期所
20250528,XGFE,SI,12,1152311,广期所
20250529,XGFE,SI,12,874218,广期所
20250530,XGFE,SI,12,754177,广期所
20250603,XGFE,SI,12,647876,广期所
20250604,XGFE,SI,12,1359957,广期所
20250605,XGFE,SI,12,764001,广期所
20250606,XGFE,SI,12,1138230,广期所
20250609,XGFE,SI,12,1056657,广期所
20250610,XGFE,SI,12,908679,广期所
20250611,XGFE,SI,12,977971,广期所
20250612,XGFE,SI,12,633447,广期所
20250613,XGFE,SI,12,846099,广期所
20250616,XGFE,SI,12,814345,广期所
20250618,XGFE,SI,12,652805,广期所
20250619,XGFE,SI,12,624089,广期所
20250620,XGFE,SI,12,765128,广期所
20250623,XGFE,SI,12,398627,广期所
20250624,XGFE,SI,12,916010,广期所
20250625,XGFE,SI,12,811725,广期所
20250626,XGFE,SI,12,1488834,广期所
20250627,XGFE,SI,12,1085563,广期所
20250630,XGFE,SI,12,1802534,广期所
20250701,XGFE,SI,12,1565728,广期所
20250702,XGFE,SI,12,2014598,广期所
20250703,XGFE,SI,12,1342185,广期所
20250704,XGFE,SI,12,969124,广期所
20250707,XGFE,SI,12,729441,广期所
20250708,XGFE,SI,12,1954392,广期所
20250709,XGFE,SI,12,1320887,广期所
20250710,XGFE,SI,12,1690947,广期所
20250711,XGFE,SI,12,1088775,广期所
20250714,XGFE,SI,12,1690266,广期所
20250715,XGFE,SI,12,1620603,广期所
20250716,XGFE,SI,12,1260632,广期所
20250717,XGFE,SI,12,1170362,广期所
20250718,XGFE,SI,12,1949048,广期所
20250721,XGFE,SI,12,1533274,广期所
20250723,XGFE,SI,12,2172023,广期所
20250724,XGFE,SI,12,1504802,广期所
20250728,XGFE,SI,12,1022843,广期所
20250729,XGFE,SI,12,1017506,广期所
20250730,XGFE,SI,12,1055639,广期所
20250731,XGFE,SI,12,832506,广期所
20250801,XGFE,SI,12,532769,广期所
20250804,XGFE,SI,12,502672,广期所
20250805,XGFE,SI,12,562650,广期所
20250806,XGFE,SI,12,742804,广期所
20250807,XGFE,SI,12,619503,广期所
20250808,XGFE,SI,12,593700,广期所
20250811,XGFE,SI,12,868753,广期所
20250812,XGFE,SI,12,680142,广期所
20250813,XGFE,SI,12,657955,广期所
20250814,XGFE,SI,12,646589,广期所
20250815,XGFE,SI,12,685913,广期所
20250818,XGFE,SI,12,666722,广期所
20250819,XGFE,SI,12,543098,广期所
20250820,XGFE,SI,12,728770,广期所
20250821,XGFE,SI,12,800438,广期所
20250822,XGFE,SI,12,740090,广期所
20250825,XGFE,SI,12,584117,广期所
20250826,XGFE,SI,12,541443,广期所
20250827,XGFE,SI,12,461134,广期所
20250828,XGFE,SI,12,368306,广期所
20250829,XGFE,SI,12,425285,广期所
20250902,XGFE,SI,12,428338,广期所
20250903,XGFE,SI,12,334575,广期所
20250904,XGFE,SI,12,456536,广期所
20250905,XGFE,SI,12,693187,广期所
20250908,XGFE,SI,12,571262,广期所
20250909,XGFE,SI,12,477589,广期所
20250910,XGFE,SI,12,763494,广期所
20250911,XGFE,SI,12,438314,广期所
20250912,XGFE,SI,12,374722,广期所
20250915,XGFE,SI,12,643400,广期所
20250916,XGFE,SI,12,524996,广期所
20250917,XGFE,SI,12,355593,广期所
20250918,XGFE,SI,12,617122,广期所
20250919,XGFE,SI,12,670804,广期所
20250922,XGFE,SI,12,806834,广期所
20250923,XGFE,SI,12,559106,广期所
20250924,XGFE,SI,12,455785,广期所
20250925,XGFE,SI,12,401271,广期所
20250926,XGFE,SI,12,406068,广期所
20250929,XGFE,SI,12,538478,广期所
20250930,XGFE,SI,12,302892,广期所
20251009,XGFE,SI,12,300452,广期所
20251010,XGFE,SI,12,323436,广期所
20251013,XGFE,SI,12,360924,广期所
20251014,XGFE,SI,12,447149,广期所
20251015,XGFE,SI,12,328252,广期所
20251016,XGFE,SI,12,362791,广期所
20251017,XGFE,SI,12,328330,广期所
20251020,XGFE,SI,12,324468,广期所
20251021,XGFE,SI,12,345682,广期所
20251022,XGFE,SI,12,221466,广期所
20251023,XGFE,SI,12,460776,广期所
20251024,XGFE,SI,12,288717,广期所
20251027,XGFE,SI,12,286758,广期所
20251028,XGFE,SI,12,350940,广期所
20251029,XGFE,SI,12,388798,广期所
20251030,XGFE,SI,12,428563,广期所
20251031,XGFE,SI,12,372319,广期所
20251103,XGFE,SI,12,300528,广期所
20251104,XGFE,SI,12,485088,广期所
20251105,XGFE,SI,12,344448,广期所
20251106,XGFE,SI,12,282863,广期所
20251107,XGFE,SI,12,461693,广期所
20251110,XGFE,SI,12,459008,广期所
20251111,XGFE,SI,12,411740,广期所
20251112,XGFE,SI,12,331125,广期所
20251113,XGFE,SI,12,360212,广期所
20251114,XGFE,SI,12,363836,广期所
20251117,XGFE,SI,12,331315,广期所
20251118,XGFE,SI,12,380278,广期所
20251119,XGFE,SI,12,933669,广期所
20251120,XGFE,SI,12,735206,广期所
20251121,XGFE,SI,12,439795,广期所
20251124,XGFE,SI,12,283973,广期所
20251125,XGFE,SI,12,349192,广期所
20251126,XGFE,SI,12,523316,广期所
20251127,XGFE,SI,12,433886,广期所
20251128,XGFE,SI,12,265250,广期所
20251201,XGFE,SI,12,296638,广期所
20251202,XGFE,SI,12,347710,广期所
20251203,XGFE,SI,12,221056,广期所
20251204,XGFE,SI,12,234201,广期所
20251205,XGFE,SI,12,290136,广期所
20251208,XGFE,SI,12,483459,广期所
20251209,XGFE,SI,12,629304,广期所
20251210,XGFE,SI,12,535739,广期所
20251211,XGFE,SI,12,453949,广期所
20251212,XGFE,SI,12,619889,广期所
20251215,XGFE,SI,12,484335,广期所
20251216,XGFE,SI,12,317190,广期所
20251217,XGFE,SI,12,483433,广期所
20251218,XGFE,SI,12,459742,广期所
20251219,XGFE,SI,12,382152,广期所
20251222,XGFE,SI,12,362759,广期所
20251223,XGFE,SI,12,443833,广期所
20251224,XGFE,SI,12,408886,广期所
20251225,XGFE,SI,12,360852,广期所
20251226,XGFE,SI,12,663185,广期所
20251229,XGFE,SI,12,471427,广期所
20251230,XGFE,SI,12,451674,广期所
20251231,XGFE,SI,12,276158,广期所
20260105,XGFE,SI,12,344526,广期所
20260106,XGFE,SI,12,539877,广期所
20260107,XGFE,SI,12,593619,广期所
20260108,XGFE,SI,12,905692,广期所
20260109,XGFE,SI,12,629771,广期所
20260112,XGFE,SI,12,348120,广期所
20260113,XGFE,SI,12,306457,广期所
20260114,XGFE,SI,12,285026,广期所
20260115,XGFE,SI,12,277886,广期所
20260116,XGFE,SI,12,322274,广期所
20260119,XGFE,SI,12,447553,广期所
20260120,XGFE,SI,12,384929,广期所
20260121,XGFE,SI,12,319700,广期所
20260122,XGFE,SI,12,314988,广期所
20260123,XGFE,SI,12,285237,广期所
20260126,XGFE,SI,12,451757,广期所
20260127,XGFE,SI,12,276419,广期所
20260128,XGFE,SI,12,374766,广期所
20260129,XGFE,SI,12,395351,广期所
20260130,XGFE,SI,12,714128,广期所
20260202,XGFE,SI,12,626859,广期所
20260203,XGFE,SI,12,305304,广期所
20260204,XGFE,SI,12,303032,广期所
20260205,XGFE,SI,12,394894,广期所
20260206,XGFE,SI,12,421045,广期所
20260209,XGFE,SI,12,237533,广期所
20260210,XGFE,SI,12,218634,广期所
20260211,XGFE,SI,12,181814,广期所
20260212,XGFE,SI,12,222024,广期所
20260213,XGFE,SI,12,245136,广期所
20260224,XGFE,SI,12,160216,广期所
20260225,XGFE,SI,12,188838,广期所
20260226,XGFE,SI,12,211069,广期所
20260227,XGFE,SI,12,324553,广期所
20260303,XGFE,SI,12,353732,广期所
20260304,XGFE,SI,12,510148,广期所
20260305,XGFE,SI,12,340174,广期所
20260306,XGFE,SI,12,301087,广期所
20260310,XGFE,SI,12,226896,广期所
20260311,XGFE,SI,12,157042,广期所
20260312,XGFE,SI,12,218222,广期所
20260313,XGFE,SI,12,179997,广期所
20260316,XGFE,SI,12,139625,广期所
20260317,XGFE,SI,12,164156,广期所
20260318,XGFE,SI,12,255578,广期所
20260319,XGFE,SI,12,216415,广期所
20260320,XGFE,SI,12,301382,广期所
20260324,XGFE,SI,12,180307,广期所
20260325,XGFE,SI,12,284821,广期所
20260326,XGFE,SI,12,192377,广期所
20260327,XGFE,SI,12,216790,广期所
20260401,XGFE,SI,12,228199,广期所
20260402,XGFE,SI,12,165244,广期所
20260403,XGFE,SI,12,132533,广期所
20260407,XGFE,SI,12,211687,广期所
20260409,XGFE,SI,12,166369,广期所
20260410,XGFE,SI,12,311645,广期所
20260414,XGFE,SI,12,337486,广期所
20260415,XGFE,SI,12,254791,广期所
20260416,XGFE,SI,12,206973,广期所
20260420,XGFE,SI,12,342860,广期所
20260421,XGFE,SI,12,226732,广期所
20260422,XGFE,SI,12,188822,广期所
20260423,XGFE,SI,12,269609,广期所
20260424,XGFE,SI,12,380058,广期所
20260427,XGFE,SI,12,163819,广期所
20260428,XGFE,SI,12,239685,广期所
20260429,XGFE,SI,12,656209,广期所
20260430,XGFE,SI,12,308538,广期所
20260506,XGFE,SI,12,368383,广期所
20260507,XGFE,SI,12,695645,广期所
20260511,XGFE,SI,12,624850,广期所
20260512,XGFE,SI,12,743048,广期所
20260513,XGFE,SI,12,520511,广期所
20260514,XGFE,SI,12,316491,广期所
20260515,XGFE,SI,12,329188,广期所
20260518,XGFE,SI,12,282638,广期所
20260522,XGFE,SI,12,209020,广期所
20260525,XGFE,SI,12,407362,广期所
20260526,XGFE,SI,12,254725,广期所
20260527,XGFE,SI,12,277110,广期所
20260528,XGFE,SI,12,184536,广期所
20260601,XGFE,SI,12,381205,广期所
20260602,XGFE,SI,12,239038,广期所
20260603,XGFE,SI,12,311270,广期所
20260609,XGFE,SI,12,353019,广期所
20260610,XGFE,SI,12,482224,广期所
20260611,XGFE,SI,12,359593,广期所
20260612,XGFE,SI,12,266971,广期所
20260616,XGFE,SI,12,235681,广期所
20260617,XGFE,SI,12,161845,广期所
20260618,XGFE,SI,12,172265,广期所
20260622,XGFE,SI,12,206431,广期所
20260623,XGFE,SI,12,156027,广期所
20260624,XGFE,SI,12,159723,广期所
20260625,XGFE,SI,12,167890,广期所
20260626,XGFE,SI,12,231867,广期所
20260629,XGFE,SI,12,222043,广期所
20260630,XGFE,SI,12,173167,广期所
20260701,XGFE,SI,12,277245,广期所
20260702,XGFE,SI,12,220701,广期所
20260703,XGFE,SI,12,179350,广期所
20260706,XGFE,SI,12,167557,广期所
20260707,XGFE,SI,12,192056,广期所
20260708,XGFE,SI,12,451468,广期所
20260710,XGFE,SI,12,387697,广期所
20260713,XGFE,SI,12,198545,广期所
20260714,XGFE,SI,12,299330,广期所
20260715,XGFE,SI,12,206344,广期所
20260716,XGFE,SI,12,172968,广期所
20260717,XGFE,SI,12,203201,广期所
20260721,XGFE,SI,12,238449,广期所
20260723,XGFE,SI,12,159665,广期所
20260724,XGFE,SI,12,153034,广期所
20260727,XGFE,SI,12,195410,广期所
20260728,XGFE,SI,12,249427,广期所
20260729,XGFE,SI,12,203924,广期所
20260730,XGFE,SI,12,236756,广期所
20260731,XGFE,SI,12,173892,广期所
20260803,XGFE,SI,12,497851,广期所
20260805,XGFE,SI,12,222158,广期所
20260806,XGFE,SI,12,201209,广期所
20260807,XGFE,SI,12,498538,广期所
20260810,XGFE,SI,12,231961,广期所
20260811,XGFE,SI,12,246993,广期所
20230421,CCFX,TL,3,13472,中金所
20230424,CCFX,TL,3,5422,中金所
20230425,CCFX,TL,3,8156,中金所
20230426,CCFX,TL,3,7313,中金所
20230427,CCFX,TL,3,5551,中金所
20230428,CCFX,TL,3,5331,中金所
20230504,CCFX,TL,3,5085,中金所
20230505,CCFX,TL,3,7874,中金所
20230508,CCFX,TL,3,7273,中金所
20230509,CCFX,TL,3,6958,中金所
20230510,CCFX,TL,3,10027,中金所
20230511,CCFX,TL,3,7325,中金所
20230512,CCFX,TL,3,8899,中金所
20230515,CCFX,TL,3,5450,中金所
20230516,CCFX,TL,3,5838,中金所
20230517,CCFX,TL,3,4029,中金所
20230518,CCFX,TL,3,5316,中金所
20230519,CCFX,TL,3,7115,中金所
20230522,CCFX,TL,3,8078,中金所
20230523,CCFX,TL,3,5777,中金所
20230524,CCFX,TL,3,5470,中金所
20230525,CCFX,TL,3,6844,中金所
20230526,CCFX,TL,3,7094,中金所
20230529,CCFX,TL,3,7108,中金所
20230530,CCFX,TL,3,7352,中金所
20230531,CCFX,TL,3,5978,中金所
20230601,CCFX,TL,3,6988,中金所
20230602,CCFX,TL,3,8380,中金所
20230605,CCFX,TL,3,7371,中金所
20230606,CCFX,TL,3,5968,中金所
20230607,CCFX,TL,3,8148,中金所
20230608,CCFX,TL,3,7481,中金所
20230609,CCFX,TL,3,11562,中金所
20230703,CCFX,TL,3,9630,中金所
20230704,CCFX,TL,3,13253,中金所
20230705,CCFX,TL,3,8854,中金所
20230706,CCFX,TL,3,13227,中金所
20230707,CCFX,TL,3,12290,中金所
20230710,CCFX,TL,3,13539,中金所
20230711,CCFX,TL,3,13645,中金所
20230712,CCFX,TL,3,14104,中金所
20230713,CCFX,TL,3,12869,中金所
20230714,CCFX,TL,3,18479,中金所
20230717,CCFX,TL,3,12714,中金所
20230718,CCFX,TL,3,13692,中金所
20230719,CCFX,TL,3,12286,中金所
20230720,CCFX,TL,3,12501,中金所
20230721,CCFX,TL,3,14189,中金所
20230724,CCFX,TL,3,11562,中金所
20230725,CCFX,TL,3,21340,中金所
20230726,CCFX,TL,3,18904,中金所
20230727,CCFX,TL,3,17052,中金所
20230728,CCFX,TL,3,17696,中金所
20230731,CCFX,TL,3,19484,中金所
20230801,CCFX,TL,3,16989,中金所
20230802,CCFX,TL,3,14051,中金所
20230803,CCFX,TL,3,16342,中金所
20230804,CCFX,TL,3,20349,中金所
20230807,CCFX,TL,3,13278,中金所
20230808,CCFX,TL,3,16703,中金所
20230809,CCFX,TL,3,14772,中金所
20230810,CCFX,TL,3,18087,中金所
20230811,CCFX,TL,3,17340,中金所
20230814,CCFX,TL,3,15893,中金所
20230815,CCFX,TL,3,21594,中金所
20230816,CCFX,TL,3,18968,中金所
20230817,CCFX,TL,3,24044,中金所
20230818,CCFX,TL,3,17491,中金所
20230821,CCFX,TL,3,27746,中金所
20230822,CCFX,TL,3,25844,中金所
20230823,CCFX,TL,3,18552,中金所
20230824,CCFX,TL,3,18259,中金所
20230825,CCFX,TL,3,20899,中金所
20230828,CCFX,TL,3,20919,中金所
20230829,CCFX,TL,3,23909,中金所
20230830,CCFX,TL,3,29745,中金所
20230831,CCFX,TL,3,20648,中金所
20230901,CCFX,TL,3,23781,中金所
20230904,CCFX,TL,3,31779,中金所
20230905,CCFX,TL,3,20104,中金所
20230906,CCFX,TL,3,24955,中金所
20230907,CCFX,TL,3,27620,中金所
20230908,CCFX,TL,3,23296,中金所
20230911,CCFX,TL,3,29522,中金所
20230912,CCFX,TL,3,26948,中金所
20230913,CCFX,TL,3,22377,中金所
20230914,CCFX,TL,3,26214,中金所
20230915,CCFX,TL,3,35089,中金所
20230918,CCFX,TL,3,32087,中金所
20230919,CCFX,TL,3,25540,中金所
20230920,CCFX,TL,3,20180,中金所
20230921,CCFX,TL,3,29335,中金所
20230922,CCFX,TL,3,27657,中金所
20230925,CCFX,TL,3,26883,中金所
20230926,CCFX,TL,3,19962,中金所
20230927,CCFX,TL,3,21173,中金所
20230928,CCFX,TL,3,23923,中金所
20231009,CCFX,TL,3,23039,中金所
20231010,CCFX,TL,3,16904,中金所
20231011,CCFX,TL,3,20197,中金所
20231012,CCFX,TL,3,19976,中金所
20231013,CCFX,TL,3,20437,中金所
20231016,CCFX,TL,3,17992,中金所
20231017,CCFX,TL,3,21406,中金所
20231018,CCFX,TL,3,19494,中金所
20231019,CCFX,TL,3,24744,中金所
20231020,CCFX,TL,3,30926,中金所
20231023,CCFX,TL,3,21638,中金所
20231024,CCFX,TL,3,29331,中金所
20231025,CCFX,TL,3,48605,中金所
20231026,CCFX,TL,3,21356,中金所
20231027,CCFX,TL,3,28361,中金所
20231030,CCFX,TL,3,22535,中金所
20231031,CCFX,TL,3,25390,中金所
20231101,CCFX,TL,3,25707,中金所
20231102,CCFX,TL,3,22691,中金所
20231103,CCFX,TL,3,22709,中金所
20231106,CCFX,TL,3,27360,中金所
20231107,CCFX,TL,3,20821,中金所
20231108,CCFX,TL,3,30536,中金所
20231109,CCFX,TL,3,38800,中金所
20231110,CCFX,TL,3,35750,中金所
20231113,CCFX,TL,3,31517,中金所
20231114,CCFX,TL,3,32626,中金所
20231115,CCFX,TL,3,39727,中金所
20231116,CCFX,TL,3,33051,中金所
20231117,CCFX,TL,3,45157,中金所
20231120,CCFX,TL,3,33551,中金所
20231121,CCFX,TL,3,35516,中金所
20231122,CCFX,TL,3,39540,中金所
20231123,CCFX,TL,3,35390,中金所
20231124,CCFX,TL,3,33271,中金所
20231127,CCFX,TL,3,29624,中金所
20231128,CCFX,TL,3,24684,中金所
20231129,CCFX,TL,3,36521,中金所
20231130,CCFX,TL,3,22990,中金所
20231201,CCFX,TL,3,22977,中金所
20231204,CCFX,TL,3,15510,中金所
20231205,CCFX,TL,3,24976,中金所
20231206,CCFX,TL,3,21462,中金所
20231207,CCFX,TL,3,19166,中金所
20231208,CCFX,TL,3,14553,中金所
20231211,CCFX,TL,3,16348,中金所
20231212,CCFX,TL,3,12216,中金所
20231213,CCFX,TL,3,18578,中金所
20231214,CCFX,TL,3,19865,中金所
20231215,CCFX,TL,3,22245,中金所
20231218,CCFX,TL,3,17916,中金所
20231219,CCFX,TL,3,17663,中金所
20231220,CCFX,TL,3,21332,中金所
20231221,CCFX,TL,3,24578,中金所
20231222,CCFX,TL,3,24123,中金所
20231225,CCFX,TL,3,25524,中金所
20231226,CCFX,TL,3,30449,中金所
20231227,CCFX,TL,3,25893,中金所
20231228,CCFX,TL,3,24853,中金所
20231229,CCFX,TL,3,23245,中金所
20240102,CCFX,TL,3,15279,中金所
20240103,CCFX,TL,3,24813,中金所
20240104,CCFX,TL,3,19214,中金所
20240105,CCFX,TL,3,28292,中金所
20240108,CCFX,TL,3,17821,中金所
20240109,CCFX,TL,3,30596,中金所
20240110,CCFX,TL,3,24877,中金所
20240111,CCFX,TL,3,28464,中金所
20240112,CCFX,TL,3,38104,中金所
20240115,CCFX,TL,3,28437,中金所
20240116,CCFX,TL,3,23429,中金所
20240117,CCFX,TL,3,21592,中金所
20240118,CCFX,TL,3,27145,中金所
20240119,CCFX,TL,3,22045,中金所
20240122,CCFX,TL,3,29997,中金所
20240123,CCFX,TL,3,33392,中金所
20240124,CCFX,TL,3,33530,中金所
20240125,CCFX,TL,3,37433,中金所
20240126,CCFX,TL,3,25182,中金所
20240129,CCFX,TL,3,29588,中金所
20240130,CCFX,TL,3,30688,中金所
20240131,CCFX,TL,3,42679,中金所
20240201,CCFX,TL,3,39961,中金所
20240202,CCFX,TL,3,29914,中金所
20240205,CCFX,TL,3,35409,中金所
20240206,CCFX,TL,3,48407,中金所
20240207,CCFX,TL,3,37559,中金所
20240208,CCFX,TL,3,36510,中金所
20240219,CCFX,TL,3,28018,中金所
20240220,CCFX,TL,3,31801,中金所
20240221,CCFX,TL,3,40982,中金所
20240222,CCFX,TL,3,30972,中金所
20240223,CCFX,TL,3,36069,中金所
20240226,CCFX,TL,3,33826,中金所
20240227,CCFX,TL,3,42762,中金所
20240228,CCFX,TL,3,44706,中金所
20240229,CCFX,TL,3,40821,中金所
20240301,CCFX,TL,3,55249,中金所
20240304,CCFX,TL,3,41452,中金所
20240305,CCFX,TL,3,47951,中金所
20240306,CCFX,TL,3,47962,中金所
20240307,CCFX,TL,3,64458,中金所
20240308,CCFX,TL,3,50159,中金所
20240311,CCFX,TL,3,52877,中金所
20240312,CCFX,TL,3,69308,中金所
20240313,CCFX,TL,3,94072,中金所
20240314,CCFX,TL,3,64090,中金所
20240315,CCFX,TL,3,56330,中金所
20240318,CCFX,TL,3,39989,中金所
20240319,CCFX,TL,3,53126,中金所
20240320,CCFX,TL,3,39108,中金所
20240321,CCFX,TL,3,54831,中金所
20240322,CCFX,TL,3,53103,中金所
20240325,CCFX,TL,3,57204,中金所
20240326,CCFX,TL,3,43215,中金所
20240327,CCFX,TL,3,43995,中金所
20240328,CCFX,TL,3,53485,中金所
20240329,CCFX,TL,3,51338,中金所
20240401,CCFX,TL,3,47817,中金所
20240402,CCFX,TL,3,36612,中金所
20240403,CCFX,TL,3,38463,中金所
20240408,CCFX,TL,3,38648,中金所
20240409,CCFX,TL,3,27787,中金所
20240410,CCFX,TL,3,37722,中金所
20240411,CCFX,TL,3,53172,中金所
20240412,CCFX,TL,3,49032,中金所
20240415,CCFX,TL,3,42214,中金所
20240416,CCFX,TL,3,37823,中金所
20240417,CCFX,TL,3,53000,中金所
20240418,CCFX,TL,3,56071,中金所
20240419,CCFX,TL,3,41537,中金所
20240422,CCFX,TL,3,34036,中金所
20240423,CCFX,TL,3,50815,中金所
20240424,CCFX,TL,3,63211,中金所
20240425,CCFX,TL,3,64431,中金所
20240426,CCFX,TL,3,59515,中金所
20240429,CCFX,TL,3,84944,中金所
20240430,CCFX,TL,3,48702,中金所
20240506,CCFX,TL,3,53304,中金所
20240507,CCFX,TL,3,54942,中金所
20240508,CCFX,TL,3,44578,中金所
20240509,CCFX,TL,3,47664,中金所
20240510,CCFX,TL,3,58420,中金所
20240513,CCFX,TL,3,66110,中金所
20240514,CCFX,TL,3,49639,中金所
20240515,CCFX,TL,3,44015,中金所
20240516,CCFX,TL,3,54555,中金所
20240517,CCFX,TL,3,70239,中金所
20240520,CCFX,TL,3,40976,中金所
20240521,CCFX,TL,3,39836,中金所
20240522,CCFX,TL,3,39546,中金所
20240523,CCFX,TL,3,45599,中金所
20240524,CCFX,TL,3,45072,中金所
20240527,CCFX,TL,3,39873,中金所
20240528,CCFX,TL,3,43412,中金所
20240529,CCFX,TL,3,31247,中金所
20240530,CCFX,TL,3,62532,中金所
20240531,CCFX,TL,3,51939,中金所
20240603,CCFX,TL,3,35691,中金所
20240604,CCFX,TL,3,32734,中金所
20240605,CCFX,TL,3,30966,中金所
20240606,CCFX,TL,3,30475,中金所
20240607,CCFX,TL,3,28374,中金所
20240611,CCFX,TL,3,34671,中金所
20240612,CCFX,TL,3,33541,中金所
20240613,CCFX,TL,3,31248,中金所
20240614,CCFX,TL,3,38767,中金所
20240617,CCFX,TL,3,31025,中金所
20240618,CCFX,TL,3,41962,中金所
20240619,CCFX,TL,3,45897,中金所
20240620,CCFX,TL,3,34349,中金所
20240621,CCFX,TL,3,37352,中金所
20240624,CCFX,TL,3,31013,中金所
20240625,CCFX,TL,3,37657,中金所
20240626,CCFX,TL,3,30147,中金所
20240627,CCFX,TL,3,36895,中金所
20240628,CCFX,TL,3,38028,中金所
20240701,CCFX,TL,3,97174,中金所
20240702,CCFX,TL,3,52067,中金所
20240703,CCFX,TL,3,46754,中金所
20240704,CCFX,TL,3,38716,中金所
20240705,CCFX,TL,3,56494,中金所
20240708,CCFX,TL,3,51340,中金所
20240709,CCFX,TL,3,39671,中金所
20240710,CCFX,TL,3,31782,中金所
20240711,CCFX,TL,3,26933,中金所
20240712,CCFX,TL,3,31690,中金所
20240715,CCFX,TL,3,31221,中金所
20240716,CCFX,TL,3,43044,中金所
20240717,CCFX,TL,3,33317,中金所
20240718,CCFX,TL,3,31011,中金所
20240719,CCFX,TL,3,30948,中金所
20240722,CCFX,TL,3,39630,中金所
20240723,CCFX,TL,3,31810,中金所
20240724,CCFX,TL,3,41196,中金所
20240725,CCFX,TL,3,50112,中金所
20240726,CCFX,TL,3,43920,中金所
20240729,CCFX,TL,3,36096,中金所
20240730,CCFX,TL,3,62368,中金所
20240731,CCFX,TL,3,54807,中金所
20240801,CCFX,TL,3,51110,中金所
20240802,CCFX,TL,3,62841,中金所
20240805,CCFX,TL,3,66033,中金所
20240806,CCFX,TL,3,75060,中金所
20240807,CCFX,TL,3,53795,中金所
20240808,CCFX,TL,3,94111,中金所
20240809,CCFX,TL,3,78662,中金所
20240812,CCFX,TL,3,82614,中金所
20240813,CCFX,TL,3,73471,中金所
20240814,CCFX,TL,3,91034,中金所
20240815,CCFX,TL,3,86075,中金所
20240816,CCFX,TL,3,95087,中金所
20240819,CCFX,TL,3,60349,中金所
20240820,CCFX,TL,3,49399,中金所
20240821,CCFX,TL,3,65783,中金所
20240822,CCFX,TL,3,61087,中金所
20240823,CCFX,TL,3,60693,中金所
20240826,CCFX,TL,3,55529,中金所
20240827,CCFX,TL,3,64206,中金所
20240828,CCFX,TL,3,61453,中金所
20240829,CCFX,TL,3,62086,中金所
20240830,CCFX,TL,3,57238,中金所
20240902,CCFX,TL,3,41667,中金所
20240903,CCFX,TL,3,35016,中金所
20240904,CCFX,TL,3,43728,中金所
20240905,CCFX,TL,3,59553,中金所
20240906,CCFX,TL,3,38170,中金所
20240909,CCFX,TL,3,36162,中金所
20240910,CCFX,TL,3,51397,中金所
20240911,CCFX,TL,3,38744,中金所
20240912,CCFX,TL,3,46739,中金所
20240913,CCFX,TL,3,56103,中金所
20240918,CCFX,TL,3,50357,中金所
20240919,CCFX,TL,3,100385,中金所
20240920,CCFX,TL,3,58061,中金所
20240923,CCFX,TL,3,62116,中金所
20240924,CCFX,TL,3,146680,中金所
20240925,CCFX,TL,3,104613,中金所
20240926,CCFX,TL,3,142306,中金所
20240927,CCFX,TL,3,219725,中金所
20240930,CCFX,TL,3,182657,中金所
20241008,CCFX,TL,3,151089,中金所
20241009,CCFX,TL,3,121531,中金所
20241010,CCFX,TL,3,94259,中金所
20241011,CCFX,TL,3,108371,中金所
20241014,CCFX,TL,3,111747,中金所
20241015,CCFX,TL,3,100149,中金所
20241016,CCFX,TL,3,98831,中金所
20241017,CCFX,TL,3,76356,中金所
20241018,CCFX,TL,3,121284,中金所
20241021,CCFX,TL,3,71172,中金所
20241022,CCFX,TL,3,71913,中金所
20241023,CCFX,TL,3,101240,中金所
20241024,CCFX,TL,3,80442,中金所
20241025,CCFX,TL,3,76105,中金所
20241028,CCFX,TL,3,75726,中金所
20241029,CCFX,TL,3,89771,中金所
20241030,CCFX,TL,3,58172,中金所
20241031,CCFX,TL,3,61547,中金所
20241101,CCFX,TL,3,62357,中金所
20241104,CCFX,TL,3,52884,中金所
20241105,CCFX,TL,3,79331,中金所
20241106,CCFX,TL,3,74335,中金所
20241107,CCFX,TL,3,60885,中金所
20241108,CCFX,TL,3,73653,中金所
20241111,CCFX,TL,3,64372,中金所
20241112,CCFX,TL,3,75045,中金所
20241113,CCFX,TL,3,84432,中金所
20241114,CCFX,TL,3,69258,中金所
20241115,CCFX,TL,3,70542,中金所
20241118,CCFX,TL,3,100777,中金所
20241119,CCFX,TL,3,91062,中金所
20241120,CCFX,TL,3,66675,中金所
20241121,CCFX,TL,3,76558,中金所
20241122,CCFX,TL,3,88523,中金所
20241125,CCFX,TL,3,95344,中金所
20241126,CCFX,TL,3,64337,中金所
20241127,CCFX,TL,3,74054,中金所
20241128,CCFX,TL,3,71187,中金所
20241129,CCFX,TL,3,83877,中金所
20241202,CCFX,TL,3,68207,中金所
20241203,CCFX,TL,3,69791,中金所
20241204,CCFX,TL,3,58974,中金所
20241205,CCFX,TL,3,57311,中金所
20241206,CCFX,TL,3,78875,中金所
20241209,CCFX,TL,3,65758,中金所
20241210,CCFX,TL,3,111960,中金所
20241211,CCFX,TL,3,74513,中金所
20241212,CCFX,TL,3,78287,中金所
20241213,CCFX,TL,3,82833,中金所
20241216,CCFX,TL,3,86271,中金所
20241217,CCFX,TL,3,80087,中金所
20241218,CCFX,TL,3,152649,中金所
20241219,CCFX,TL,3,99545,中金所
20241220,CCFX,TL,3,76124,中金所
20241223,CCFX,TL,3,102295,中金所
20241224,CCFX,TL,3,118660,中金所
20241225,CCFX,TL,3,99806,中金所
20241226,CCFX,TL,3,85256,中金所
20241227,CCFX,TL,3,100025,中金所
20241230,CCFX,TL,3,86537,中金所
20241231,CCFX,TL,3,104155,中金所
20250102,CCFX,TL,3,110340,中金所
20250103,CCFX,TL,3,201928,中金所
20250106,CCFX,TL,3,122529,中金所
20250107,CCFX,TL,3,104768,中金所
20250108,CCFX,TL,3,102681,中金所
20250109,CCFX,TL,3,111197,中金所
20250110,CCFX,TL,3,143950,中金所
20250113,CCFX,TL,3,99093,中金所
20250114,CCFX,TL,3,121888,中金所
20250115,CCFX,TL,3,86018,中金所
20250116,CCFX,TL,3,109045,中金所
20250117,CCFX,TL,3,104484,中金所
20250120,CCFX,TL,3,81174,中金所
20250121,CCFX,TL,3,98832,中金所
20250122,CCFX,TL,3,74900,中金所
20250123,CCFX,TL,3,72696,中金所
20250124,CCFX,TL,3,78243,中金所
20250127,CCFX,TL,3,62071,中金所
20250205,CCFX,TL,3,52909,中金所
20250206,CCFX,TL,3,71547,中金所
20250207,CCFX,TL,3,79825,中金所
20250210,CCFX,TL,3,76944,中金所
20250211,CCFX,TL,3,80834,中金所
20250212,CCFX,TL,3,83460,中金所
20250213,CCFX,TL,3,84720,中金所
20250214,CCFX,TL,3,115873,中金所
20250217,CCFX,TL,3,137464,中金所
20250218,CCFX,TL,3,193751,中金所
20250219,CCFX,TL,3,104790,中金所
20250220,CCFX,TL,3,113844,中金所
20250221,CCFX,TL,3,183716,中金所
20250224,CCFX,TL,3,180458,中金所
20250225,CCFX,TL,3,254011,中金所
20250226,CCFX,TL,3,162649,中金所
20250227,CCFX,TL,3,123464,中金所
20250228,CCFX,TL,3,126376,中金所
20250303,CCFX,TL,3,103627,中金所
20250304,CCFX,TL,3,105053,中金所
20250305,CCFX,TL,3,93761,中金所
20250306,CCFX,TL,3,115124,中金所
20250310,CCFX,TL,3,114624,中金所
20250311,CCFX,TL,3,143540,中金所
20250312,CCFX,TL,3,179158,中金所
20250313,CCFX,TL,3,117803,中金所
20250319,CCFX,TL,3,121754,中金所
20250320,CCFX,TL,3,128397,中金所
20250321,CCFX,TL,3,128770,中金所
20250324,CCFX,TL,3,125661,中金所
20250325,CCFX,TL,3,117684,中金所
20250326,CCFX,TL,3,107527,中金所
20250327,CCFX,TL,3,109281,中金所
20250328,CCFX,TL,3,141290,中金所
20250331,CCFX,TL,3,125192,中金所
20250401,CCFX,TL,3,106562,中金所
20250402,CCFX,TL,3,109525,中金所
20250403,CCFX,TL,3,150402,中金所
20250407,CCFX,TL,3,173705,中金所
20250408,CCFX,TL,3,124018,中金所
20250409,CCFX,TL,3,161948,中金所
20250410,CCFX,TL,3,142797,中金所
20250411,CCFX,TL,3,124578,中金所
20250414,CCFX,TL,3,99895,中金所
20250415,CCFX,TL,3,95851,中金所
20250416,CCFX,TL,3,120874,中金所
20250417,CCFX,TL,3,102607,中金所
20250418,CCFX,TL,3,97320,中金所
20250421,CCFX,TL,3,86181,中金所
20250422,CCFX,TL,3,86273,中金所
20250423,CCFX,TL,3,114146,中金所
20250424,CCFX,TL,3,96776,中金所
20250425,CCFX,TL,3,133803,中金所
20250428,CCFX,TL,3,78140,中金所
20250429,CCFX,TL,3,88916,中金所
20250430,CCFX,TL,3,82588,中金所
20250506,CCFX,TL,3,74576,中金所
20250507,CCFX,TL,3,142233,中金所
20250508,CCFX,TL,3,91001,中金所
20250509,CCFX,TL,3,89168,中金所
20250512,CCFX,TL,3,175170,中金所
20250513,CCFX,TL,3,133115,中金所
20250514,CCFX,TL,3,118074,中金所
20250515,CCFX,TL,3,106952,中金所
20250516,CCFX,TL,3,119051,中金所
20250519,CCFX,TL,3,85457,中金所
20250520,CCFX,TL,3,92569,中金所
20250521,CCFX,TL,3,99095,中金所
20250522,CCFX,TL,3,85651,中金所
20250523,CCFX,TL,3,107090,中金所
20250526,CCFX,TL,3,71650,中金所
20250527,CCFX,TL,3,75586,中金所
20250528,CCFX,TL,3,68423,中金所
20250529,CCFX,TL,3,118670,中金所
20250530,CCFX,TL,3,74601,中金所
20250603,CCFX,TL,3,65016,中金所
20250604,CCFX,TL,3,74626,中金所
20250605,CCFX,TL,3,70841,中金所
20250606,CCFX,TL,3,74359,中金所
20250609,CCFX,TL,3,79642,中金所
20250610,CCFX,TL,3,66881,中金所
20250611,CCFX,TL,3,58409,中金所
20250612,CCFX,TL,3,57530,中金所
20250613,CCFX,TL,3,59244,中金所
20250616,CCFX,TL,3,58123,中金所
20250618,CCFX,TL,3,56255,中金所
20250619,CCFX,TL,3,67930,中金所
20250620,CCFX,TL,3,66903,中金所
20250623,CCFX,TL,3,66281,中金所
20250624,CCFX,TL,3,82551,中金所
20250625,CCFX,TL,3,105597,中金所
20250626,CCFX,TL,3,76419,中金所
20250627,CCFX,TL,3,86117,中金所
20250630,CCFX,TL,3,97424,中金所
20250701,CCFX,TL,3,81684,中金所
20250702,CCFX,TL,3,74335,中金所
20250703,CCFX,TL,3,78573,中金所
20250704,CCFX,TL,3,76903,中金所
20250707,CCFX,TL,3,59585,中金所
20250708,CCFX,TL,3,90860,中金所
20250709,CCFX,TL,3,80978,中金所
20250710,CCFX,TL,3,117034,中金所
20250711,CCFX,TL,3,142671,中金所
20250714,CCFX,TL,3,101728,中金所
20250715,CCFX,TL,3,100287,中金所
20250716,CCFX,TL,3,81183,中金所
20250717,CCFX,TL,3,77167,中金所
20250718,CCFX,TL,3,77930,中金所
20250721,CCFX,TL,3,130959,中金所
20250723,CCFX,TL,3,171836,中金所
20250724,CCFX,TL,3,169369,中金所
20250728,CCFX,TL,3,136872,中金所
20250729,CCFX,TL,3,162914,中金所
20250730,CCFX,TL,3,189585,中金所
20250731,CCFX,TL,3,152925,中金所
20250801,CCFX,TL,3,140718,中金所
20250804,CCFX,TL,3,154795,中金所
20250805,CCFX,TL,3,120175,中金所
20250806,CCFX,TL,3,95195,中金所
20250807,CCFX,TL,3,123043,中金所
20250808,CCFX,TL,3,108803,中金所
20250811,CCFX,TL,3,146774,中金所
20250812,CCFX,TL,3,166273,中金所
20250813,CCFX,TL,3,172986,中金所
20250814,CCFX,TL,3,215642,中金所
20250815,CCFX,TL,3,168933,中金所
20250818,CCFX,TL,3,244901,中金所
20250819,CCFX,TL,3,220213,中金所
20250820,CCFX,TL,3,223186,中金所
20250821,CCFX,TL,3,235957,中金所
20250822,CCFX,TL,3,221947,中金所
20250825,CCFX,TL,3,206159,中金所
20250826,CCFX,TL,3,164439,中金所
20250827,CCFX,TL,3,186885,中金所
20250828,CCFX,TL,3,197344,中金所
20250829,CCFX,TL,3,153398,中金所
20250902,CCFX,TL,3,126609,中金所
20250903,CCFX,TL,3,172290,中金所
20250904,CCFX,TL,3,149948,中金所
20250905,CCFX,TL,3,188513,中金所
20250908,CCFX,TL,3,158726,中金所
20250909,CCFX,TL,3,146762,中金所
20250910,CCFX,TL,3,184766,中金所
20250911,CCFX,TL,3,228226,中金所
20250912,CCFX,TL,3,164939,中金所
20250915,CCFX,TL,3,125460,中金所
20250916,CCFX,TL,3,193100,中金所
20250917,CCFX,TL,3,145095,中金所
20250918,CCFX,TL,3,141030,中金所
20250919,CCFX,TL,3,193912,中金所
20250922,CCFX,TL,3,124606,中金所
20250923,CCFX,TL,3,165862,中金所
20250924,CCFX,TL,3,153488,中金所
20250925,CCFX,TL,3,176756,中金所
20250926,CCFX,TL,3,121761,中金所
20250929,CCFX,TL,3,140891,中金所
20250930,CCFX,TL,3,151544,中金所
20251009,CCFX,TL,3,112282,中金所
20251010,CCFX,TL,3,120074,中金所
20251013,CCFX,TL,3,139844,中金所
20251014,CCFX,TL,3,174131,中金所
20251015,CCFX,TL,3,139397,中金所
20251016,CCFX,TL,3,123982,中金所
20251017,CCFX,TL,3,144531,中金所
20251020,CCFX,TL,3,128281,中金所
20251021,CCFX,TL,3,139420,中金所
20251022,CCFX,TL,3,128145,中金所
20251023,CCFX,TL,3,153067,中金所
20251024,CCFX,TL,3,144193,中金所
20251027,CCFX,TL,3,128812,中金所
20251028,CCFX,TL,3,139014,中金所
20251029,CCFX,TL,3,144174,中金所
20251030,CCFX,TL,3,147048,中金所
20251031,CCFX,TL,3,119601,中金所
20251103,CCFX,TL,3,115964,中金所
20251104,CCFX,TL,3,103500,中金所
20251105,CCFX,TL,3,111159,中金所
20251106,CCFX,TL,3,123766,中金所
20251107,CCFX,TL,3,119462,中金所
20251110,CCFX,TL,3,115344,中金所
20251111,CCFX,TL,3,88806,中金所
20251112,CCFX,TL,3,108080,中金所
20251113,CCFX,TL,3,104246,中金所
20251114,CCFX,TL,3,109139,中金所
20251117,CCFX,TL,3,121222,中金所
20251118,CCFX,TL,3,122917,中金所
20251119,CCFX,TL,3,144277,中金所
20251120,CCFX,TL,3,151831,中金所
20251121,CCFX,TL,3,174319,中金所
20251124,CCFX,TL,3,141807,中金所
20251125,CCFX,TL,3,175065,中金所
20251126,CCFX,TL,3,171400,中金所
20251127,CCFX,TL,3,126044,中金所
20251128,CCFX,TL,3,97157,中金所
20251201,CCFX,TL,3,91069,中金所
20251202,CCFX,TL,3,127497,中金所
20251203,CCFX,TL,3,117652,中金所
20251204,CCFX,TL,3,242221,中金所
20251205,CCFX,TL,3,173834,中金所
20251208,CCFX,TL,3,189768,中金所
20251209,CCFX,TL,3,117337,中金所
20251210,CCFX,TL,3,130227,中金所
20251211,CCFX,TL,3,115723,中金所
20251212,CCFX,TL,3,182377,中金所
20251215,CCFX,TL,3,173625,中金所
20251216,CCFX,TL,3,161848,中金所
20251217,CCFX,TL,3,135019,中金所
20251218,CCFX,TL,3,128034,中金所
20251219,CCFX,TL,3,110470,中金所
20251222,CCFX,TL,3,122442,中金所
20251223,CCFX,TL,3,153382,中金所
20251224,CCFX,TL,3,119146,中金所
20251225,CCFX,TL,3,101549,中金所
20251226,CCFX,TL,3,109734,中金所
20251229,CCFX,TL,3,157329,中金所
20251230,CCFX,TL,3,90127,中金所
20251231,CCFX,TL,3,128658,中金所
20260105,CCFX,TL,3,103398,中金所
20260106,CCFX,TL,3,121965,中金所
20260107,CCFX,TL,3,137221,中金所
20260108,CCFX,TL,3,137906,中金所
20260109,CCFX,TL,3,125852,中金所
20260112,CCFX,TL,3,110803,中金所
20260113,CCFX,TL,3,99422,中金所
20260114,CCFX,TL,3,178410,中金所
20260115,CCFX,TL,3,115580,中金所
20260116,CCFX,TL,3,104579,中金所
20260119,CCFX,TL,3,87845,中金所
20260120,CCFX,TL,3,122995,中金所
20260121,CCFX,TL,3,123117,中金所
20260122,CCFX,TL,3,76894,中金所
20260123,CCFX,TL,3,108293,中金所
20260126,CCFX,TL,3,80216,中金所
20260127,CCFX,TL,3,110839,中金所
20260128,CCFX,TL,3,86310,中金所
20260129,CCFX,TL,3,93817,中金所
20260130,CCFX,TL,3,112970,中金所
20260202,CCFX,TL,3,134523,中金所
20260203,CCFX,TL,3,108921,中金所
20260204,CCFX,TL,3,94260,中金所
20260205,CCFX,TL,3,144202,中金所
20260206,CCFX,TL,3,132521,中金所
20260209,CCFX,TL,3,105387,中金所
20260210,CCFX,TL,3,91077,中金所
20260211,CCFX,TL,3,111694,中金所
20260212,CCFX,TL,3,90263,中金所
20260213,CCFX,TL,3,153453,中金所
20260224,CCFX,TL,3,141731,中金所
20260225,CCFX,TL,3,160793,中金所
20260226,CCFX,TL,3,133647,中金所
20260227,CCFX,TL,3,77223,中金所
20260303,CCFX,TL,3,79656,中金所
20260304,CCFX,TL,3,67039,中金所
20260305,CCFX,TL,3,67252,中金所
20260306,CCFX,TL,3,74649,中金所
20260310,CCFX,TL,3,107912,中金所
20260311,CCFX,TL,3,75504,中金所
20260312,CCFX,TL,3,93927,中金所
20260313,CCFX,TL,3,72955,中金所
20260316,CCFX,TL,3,95263,中金所
20260317,CCFX,TL,3,67173,中金所
20260318,CCFX,TL,3,76328,中金所
20260319,CCFX,TL,3,89108,中金所
20260320,CCFX,TL,3,90333,中金所
20260324,CCFX,TL,3,92548,中金所
20260325,CCFX,TL,3,75583,中金所
20260326,CCFX,TL,3,82217,中金所
20260327,CCFX,TL,3,80603,中金所
20260401,CCFX,TL,3,86404,中金所
20260402,CCFX,TL,3,91037,中金所
20260403,CCFX,TL,3,111423,中金所
20260407,CCFX,TL,3,70062,中金所
20260409,CCFX,TL,3,86044,中金所
20260410,CCFX,TL,3,96639,中金所
20260414,CCFX,TL,3,115646,中金所
20260415,CCFX,TL,3,95459,中金所
20260416,CCFX,TL,3,106649,中金所
20260420,CCFX,TL,3,86969,中金所
20260421,CCFX,TL,3,131617,中金所
20260422,CCFX,TL,3,119807,中金所
20260423,CCFX,TL,3,105324,中金所
20260424,CCFX,TL,3,140385,中金所
20260427,CCFX,TL,3,128459,中金所
20260428,CCFX,TL,3,104066,中金所
20260429,CCFX,TL,3,92514,中金所
20260430,CCFX,TL,3,100026,中金所
20260506,CCFX,TL,3,130955,中金所
20260507,CCFX,TL,3,96233,中金所
20260511,CCFX,TL,3,138597,中金所
20260512,CCFX,TL,3,100926,中金所
20260513,CCFX,TL,3,106917,中金所
20260514,CCFX,TL,3,122414,中金所
20260515,CCFX,TL,3,107002,中金所
20260518,CCFX,TL,3,135235,中金所
20260522,CCFX,TL,3,128440,中金所
20260525,CCFX,TL,3,134311,中金所
20260526,CCFX,TL,3,130062,中金所
20260527,CCFX,TL,3,107142,中金所
20260528,CCFX,TL,3,122059,中金所
20260601,CCFX,TL,3,105053,中金所
20260602,CCFX,TL,3,87635,中金所
20260603,CCFX,TL,3,112269,中金所
20260609,CCFX,TL,3,90801,中金所
20260610,CCFX,TL,3,119289,中金所
20260611,CCFX,TL,3,102263,中金所
20260612,CCFX,TL,3,123951,中金所
20260616,CCFX,TL,3,107108,中金所
20260617,CCFX,TL,3,93741,中金所
20260618,CCFX,TL,3,74218,中金所
20260622,CCFX,TL,3,115417,中金所
20260623,CCFX,TL,3,111300,中金所
20260624,CCFX,TL,3,95543,中金所
20260625,CCFX,TL,3,171152,中金所
20260626,CCFX,TL,3,104171,中金所
20260629,CCFX,TL,3,101836,中金所
20260630,CCFX,TL,3,125204,中金所
20260701,CCFX,TL,3,100741,中金所
20260702,CCFX,TL,3,73752,中金所
20260703,CCFX,TL,3,80630,中金所
20260706,CCFX,TL,3,81657,中金所
20260707,CCFX,TL,3,72238,中金所
20260708,CCFX,TL,3,94887,中金所
20260710,CCFX,TL,3,75446,中金所
20260713,CCFX,TL,3,88909,中金所
20260714,CCFX,TL,3,94030,中金所
20260715,CCFX,TL,3,67685,中金所
20260716,CCFX,TL,3,81539,中金所
20260717,CCFX,TL,3,100195,中金所
20260721,CCFX,TL,3,75092,中金所
20260723,CCFX,TL,3,100783,中金所
20260724,CCFX,TL,3,90855,中金所
20260727,CCFX,TL,3,126053,中金所
20260728,CCFX,TL,3,85633,中金所
20260729,CCFX,TL,3,134112,中金所
20260730,CCFX,TL,3,141580,中金所
20260731,CCFX,TL,3,106987,中金所
20260803,CCFX,TL,3,84910,中金所
20260805,CCFX,TL,3,122184,中金所
20260806,CCFX,TL,3,113745,中金所
20260807,CCFX,TL,3,134607,中金所
20260810,CCFX,TL,3,121688,中金所
20260811,CCFX,TL,3,133286,中金所
