clearing_day,market,market_cn,product,n_contracts,n2100,n2100v,n0900
20230526,XDCE,大商所,A,6,6,2,0
20230526,XDCE,大商所,B,12,12,2,0
20230526,XDCE,大商所,C,6,6,5,0
20230526,XDCE,大商所,CS,6,6,3,0
20230526,XDCE,大商所,EB,12,12,5,0
20230526,XDCE,大商所,EG,12,12,4,0
20230526,XDCE,大商所,I,12,12,7,0
20230526,XDCE,大商所,J,12,12,1,0
20230526,XDCE,大商所,JM,12,12,2,0
20230526,XDCE,大商所,L,12,12,4,0
20230526,XDCE,大商所,M,8,8,4,0
20230526,XDCE,大商所,P,12,12,4,0
20230526,XDCE,大商所,PG,12,12,4,0
20230526,XDCE,大商所,PP,12,12,1,0
20230526,XDCE,大商所,RR,12,12,3,0
20230526,XDCE,大商所,V,12,12,4,0
20230526,XDCE,大商所,Y,8,8,3,0
20230526,XSGE,上期所,AG,12,12,7,0
20230526,XSGE,上期所,AL,12,12,5,0
20230526,XSGE,上期所,AU,8,8,6,0
20230526,XSGE,上期所,BU,16,16,7,0
20230526,XSGE,上期所,CU,12,12,6,0
20230526,XSGE,上期所,FU,12,12,9,0
20230526,XSGE,上期所,HC,12,12,6,0
20230526,XSGE,上期所,NI,12,12,4,0
20230526,XSGE,上期所,PB,12,12,2,0
20230526,XSGE,上期所,RB,12,12,7,0
20230526,XSGE,上期所,RU,10,10,6,0
20230526,XSGE,上期所,SN,12,12,4,0
20230526,XSGE,上期所,SP,12,12,5,0
20230526,XSGE,上期所,SS,12,12,4,0
20230526,XSGE,上期所,ZN,12,12,5,0
20230526,XSIE,能源中心,BC,12,12,4,0
20230526,XSIE,能源中心,LU,12,12,3,0
20230526,XSIE,能源中心,NR,12,12,4,0
20230526,XSIE,能源中心,SC,20,20,5,0
20230529,XDCE,大商所,A,6,6,3,0
20230529,XDCE,大商所,B,12,12,2,0
20230529,XDCE,大商所,C,6,6,5,0
20230529,XDCE,大商所,CS,6,6,3,0
20230529,XDCE,大商所,EB,12,12,4,0
20230529,XDCE,大商所,EG,12,12,4,0
20230529,XDCE,大商所,I,12,12,7,0
20230529,XDCE,大商所,J,12,12,2,0
20230529,XDCE,大商所,JM,12,12,2,0
20230529,XDCE,大商所,L,12,12,3,0
20230529,XDCE,大商所,M,8,8,4,0
20230529,XDCE,大商所,P,12,12,4,0
20230529,XDCE,大商所,PG,12,12,4,0
20230529,XDCE,大商所,PP,12,12,4,0
20230529,XDCE,大商所,RR,12,12,1,0
20230529,XDCE,大商所,V,12,12,5,0
20230529,XDCE,大商所,Y,8,8,5,0
20230529,XSGE,上期所,AG,12,12,7,0
20230529,XSGE,上期所,AL,12,12,5,0
20230529,XSGE,上期所,AU,8,8,4,0
20230529,XSGE,上期所,BU,16,16,6,0
20230529,XSGE,上期所,CU,12,12,5,0
20230529,XSGE,上期所,FU,12,12,6,0
20230529,XSGE,上期所,HC,12,12,5,0
20230529,XSGE,上期所,NI,12,12,4,0
20230529,XSGE,上期所,PB,12,12,3,0
20230529,XSGE,上期所,RB,12,12,7,0
20230529,XSGE,上期所,RU,10,10,5,0
20230529,XSGE,上期所,SN,12,12,4,0
20230529,XSGE,上期所,SP,12,12,6,0
20230529,XSGE,上期所,SS,12,12,4,0
20230529,XSGE,上期所,ZN,12,12,5,0
20230529,XSIE,能源中心,BC,12,12,3,0
20230529,XSIE,能源中心,LU,12,12,2,0
20230529,XSIE,能源中心,NR,12,12,4,0
20230529,XSIE,能源中心,SC,20,20,4,0
20230530,XDCE,大商所,A,6,6,3,0
20230530,XDCE,大商所,B,12,12,3,0
20230530,XDCE,大商所,C,6,6,4,0
20230530,XDCE,大商所,CS,6,6,3,0
20230530,XDCE,大商所,EB,12,12,5,0
20230530,XDCE,大商所,EG,12,12,4,0
20230530,XDCE,大商所,I,12,12,9,0
20230530,XDCE,大商所,J,12,12,3,0
20230530,XDCE,大商所,JM,12,12,1,0
20230530,XDCE,大商所,L,12,12,3,0
20230530,XDCE,大商所,M,8,8,5,0
20230530,XDCE,大商所,P,12,12,5,0
20230530,XDCE,大商所,PG,12,12,5,0
20230530,XDCE,大商所,PP,12,12,4,0
20230530,XDCE,大商所,RR,12,12,2,0
20230530,XDCE,大商所,V,12,12,4,0
20230530,XDCE,大商所,Y,8,8,4,0
20230530,XSGE,上期所,AG,12,12,6,0
20230530,XSGE,上期所,AL,12,12,4,0
20230530,XSGE,上期所,AU,8,8,4,0
20230530,XSGE,上期所,BU,16,16,7,0
20230530,XSGE,上期所,CU,12,12,5,0
20230530,XSGE,上期所,FU,12,12,6,0
20230530,XSGE,上期所,HC,12,12,6,0
20230530,XSGE,上期所,NI,12,12,4,0
20230530,XSGE,上期所,PB,12,12,4,0
20230530,XSGE,上期所,RB,12,12,8,0
20230530,XSGE,上期所,RU,10,10,5,0
20230530,XSGE,上期所,SN,12,12,3,0
20230530,XSGE,上期所,SP,12,12,6,0
20230530,XSGE,上期所,SS,12,12,3,0
20230530,XSGE,上期所,ZN,12,12,5,0
20230530,XSIE,能源中心,BC,12,12,4,0
20230530,XSIE,能源中心,LU,12,12,2,0
20230530,XSIE,能源中心,NR,12,12,4,0
20230530,XSIE,能源中心,SC,20,20,4,0
20230531,XDCE,大商所,A,6,6,2,0
20230531,XDCE,大商所,B,12,12,2,0
20230531,XDCE,大商所,C,6,6,4,0
20230531,XDCE,大商所,CS,6,6,3,0
20230531,XDCE,大商所,EB,12,12,5,0
20230531,XDCE,大商所,EG,12,12,4,0
20230531,XDCE,大商所,I,12,12,8,0
20230531,XDCE,大商所,J,12,12,2,0
20230531,XDCE,大商所,JM,12,12,2,0
20230531,XDCE,大商所,L,12,12,3,0
20230531,XDCE,大商所,M,8,8,5,0
20230531,XDCE,大商所,P,12,12,6,0
20230531,XDCE,大商所,PG,12,12,5,0
20230531,XDCE,大商所,PP,12,12,5,0
20230531,XDCE,大商所,RR,12,12,2,0
20230531,XDCE,大商所,V,12,12,6,0
20230531,XDCE,大商所,Y,8,8,5,0
20230531,XSGE,上期所,AG,12,12,7,0
20230531,XSGE,上期所,AL,12,12,6,0
20230531,XSGE,上期所,AU,8,8,4,0
20230531,XSGE,上期所,BU,16,16,7,0
20230531,XSGE,上期所,CU,12,12,7,0
20230531,XSGE,上期所,FU,12,12,7,0
20230531,XSGE,上期所,HC,12,12,5,0
20230531,XSGE,上期所,NI,12,12,4,0
20230531,XSGE,上期所,PB,12,12,3,0
20230531,XSGE,上期所,RB,12,12,8,0
20230531,XSGE,上期所,RU,10,10,4,0
20230531,XSGE,上期所,SN,12,12,4,0
20230531,XSGE,上期所,SP,12,12,3,0
20230531,XSGE,上期所,SS,12,12,4,0
20230531,XSGE,上期所,ZN,12,12,4,0
20230531,XSIE,能源中心,BC,12,12,3,0
20230531,XSIE,能源中心,LU,12,12,2,0
20230531,XSIE,能源中心,NR,12,12,4,0
20230531,XSIE,能源中心,SC,20,20,5,0
20230601,XDCE,大商所,A,6,6,3,0
20230601,XDCE,大商所,B,12,12,4,0
20230601,XDCE,大商所,C,6,6,5,0
20230601,XDCE,大商所,CS,6,6,4,0
20230601,XDCE,大商所,EB,12,12,7,0
20230601,XDCE,大商所,EG,12,12,5,0
20230601,XDCE,大商所,I,12,12,7,0
20230601,XDCE,大商所,J,12,12,1,0
20230601,XDCE,大商所,JM,12,12,2,0
20230601,XDCE,大商所,L,12,12,5,0
20230601,XDCE,大商所,M,8,8,7,0
20230601,XDCE,大商所,P,12,12,7,0
20230601,XDCE,大商所,PG,12,12,6,0
20230601,XDCE,大商所,PP,12,12,5,0
20230601,XDCE,大商所,RR,12,12,3,0
20230601,XDCE,大商所,V,12,12,5,0
20230601,XDCE,大商所,Y,8,8,3,0
20230601,XSGE,上期所,AG,12,12,7,0
20230601,XSGE,上期所,AL,12,12,4,0
20230601,XSGE,上期所,AU,8,8,5,0
20230601,XSGE,上期所,BU,16,16,10,0
20230601,XSGE,上期所,CU,12,12,4,0
20230601,XSGE,上期所,FU,12,12,7,0
20230601,XSGE,上期所,HC,12,12,6,0
20230601,XSGE,上期所,NI,12,12,4,0
20230601,XSGE,上期所,PB,12,12,2,0
20230601,XSGE,上期所,RB,12,12,10,0
20230601,XSGE,上期所,RU,10,10,5,0
20230601,XSGE,上期所,SN,12,12,6,0
20230601,XSGE,上期所,SP,12,12,5,0
20230601,XSGE,上期所,SS,12,12,4,0
20230601,XSGE,上期所,ZN,12,12,4,0
20230601,XSIE,能源中心,BC,12,12,2,0
20230601,XSIE,能源中心,LU,12,12,3,0
20230601,XSIE,能源中心,NR,12,12,3,0
20230601,XSIE,能源中心,SC,20,20,3,0
20230602,XDCE,大商所,A,6,6,3,0
20230602,XDCE,大商所,B,12,12,3,0
20230602,XDCE,大商所,C,6,6,5,0
20230602,XDCE,大商所,CS,6,6,3,0
20230602,XDCE,大商所,EB,12,12,4,0
20230602,XDCE,大商所,EG,12,12,4,0
20230602,XDCE,大商所,I,12,12,7,0
20230602,XDCE,大商所,J,12,12,1,0
20230602,XDCE,大商所,JM,12,12,2,0
20230602,XDCE,大商所,L,12,12,4,0
20230602,XDCE,大商所,M,8,8,4,0
20230602,XDCE,大商所,P,12,12,3,0
20230602,XDCE,大商所,PG,12,12,4,0
20230602,XDCE,大商所,PP,12,12,4,0
20230602,XDCE,大商所,RR,12,12,2,0
20230602,XDCE,大商所,V,12,12,4,0
20230602,XDCE,大商所,Y,8,8,4,0
20230602,XSGE,上期所,AG,12,12,8,0
20230602,XSGE,上期所,AL,12,12,6,0
20230602,XSGE,上期所,AU,8,8,4,0
20230602,XSGE,上期所,BU,16,16,6,0
20230602,XSGE,上期所,CU,12,12,6,0
20230602,XSGE,上期所,FU,12,12,9,0
20230602,XSGE,上期所,HC,12,12,4,0
20230602,XSGE,上期所,NI,12,12,2,0
20230602,XSGE,上期所,PB,12,12,3,0
20230602,XSGE,上期所,RB,12,12,7,0
20230602,XSGE,上期所,RU,10,10,3,0
20230602,XSGE,上期所,SN,12,12,5,0
20230602,XSGE,上期所,SP,12,12,3,0
20230602,XSGE,上期所,SS,12,12,3,0
20230602,XSGE,上期所,ZN,12,12,4,0
20230602,XSIE,能源中心,BC,12,12,2,0
20230602,XSIE,能源中心,LU,12,12,3,0
20230602,XSIE,能源中心,NR,12,12,3,0
20230602,XSIE,能源中心,SC,20,20,3,0
20230605,XDCE,大商所,A,6,6,3,0
20230605,XDCE,大商所,B,12,12,2,0
20230605,XDCE,大商所,C,6,6,4,0
20230605,XDCE,大商所,CS,6,6,4,0
20230605,XDCE,大商所,EB,12,12,3,0
20230605,XDCE,大商所,EG,12,12,4,0
20230605,XDCE,大商所,I,12,12,7,0
20230605,XDCE,大商所,J,12,12,2,0
20230605,XDCE,大商所,JM,12,12,1,0
20230605,XDCE,大商所,L,12,12,5,0
20230605,XDCE,大商所,M,8,8,7,0
20230605,XDCE,大商所,P,12,12,4,0
20230605,XDCE,大商所,PG,12,12,4,0
20230605,XDCE,大商所,PP,12,12,3,0
20230605,XDCE,大商所,RR,12,12,3,0
20230605,XDCE,大商所,V,12,12,5,0
20230605,XDCE,大商所,Y,8,8,3,0
20230605,XSGE,上期所,AG,12,12,7,0
20230605,XSGE,上期所,AL,12,12,4,0
20230605,XSGE,上期所,AU,8,8,3,0
20230605,XSGE,上期所,BU,16,16,6,0
20230605,XSGE,上期所,CU,12,12,9,0
20230605,XSGE,上期所,FU,12,12,6,0
20230605,XSGE,上期所,HC,12,12,4,0
20230605,XSGE,上期所,NI,12,12,4,0
20230605,XSGE,上期所,PB,12,12,2,0
20230605,XSGE,上期所,RB,12,12,8,0
20230605,XSGE,上期所,RU,10,10,3,0
20230605,XSGE,上期所,SN,12,12,6,0
20230605,XSGE,上期所,SP,12,12,4,0
20230605,XSGE,上期所,SS,12,12,2,0
20230605,XSGE,上期所,ZN,12,12,3,0
20230605,XSIE,能源中心,BC,12,12,2,0
20230605,XSIE,能源中心,LU,12,12,3,0
20230605,XSIE,能源中心,NR,12,12,2,0
20230605,XSIE,能源中心,SC,20,20,3,0
20230606,XDCE,大商所,A,6,6,3,0
20230606,XDCE,大商所,B,12,12,2,0
20230606,XDCE,大商所,C,6,6,5,0
20230606,XDCE,大商所,CS,6,6,3,0
20230606,XDCE,大商所,EB,12,12,3,0
20230606,XDCE,大商所,EG,12,12,4,0
20230606,XDCE,大商所,I,12,12,7,0
20230606,XDCE,大商所,J,12,12,1,0
20230606,XDCE,大商所,JM,12,12,1,0
20230606,XDCE,大商所,L,12,12,3,0
20230606,XDCE,大商所,M,8,8,4,0
20230606,XDCE,大商所,P,12,12,4,0
20230606,XDCE,大商所,PG,12,12,4,0
20230606,XDCE,大商所,PP,12,12,4,0
20230606,XDCE,大商所,RR,12,12,1,0
20230606,XDCE,大商所,V,12,12,5,0
20230606,XDCE,大商所,Y,8,8,3,0
20230606,XSGE,上期所,AG,12,12,7,0
20230606,XSGE,上期所,AL,12,12,4,0
20230606,XSGE,上期所,AU,8,8,4,0
20230606,XSGE,上期所,BU,16,16,6,0
20230606,XSGE,上期所,CU,12,12,8,0
20230606,XSGE,上期所,FU,12,12,5,0
20230606,XSGE,上期所,HC,12,12,4,0
20230606,XSGE,上期所,NI,12,12,3,0
20230606,XSGE,上期所,PB,12,12,2,0
20230606,XSGE,上期所,RB,12,12,5,0
20230606,XSGE,上期所,RU,10,10,3,0
20230606,XSGE,上期所,SN,12,12,3,0
20230606,XSGE,上期所,SP,12,12,4,0
20230606,XSGE,上期所,SS,12,12,2,0
20230606,XSGE,上期所,ZN,12,12,5,0
20230606,XSIE,能源中心,BC,12,12,2,0
20230606,XSIE,能源中心,LU,12,12,3,0
20230606,XSIE,能源中心,NR,12,12,3,0
20230606,XSIE,能源中心,SC,20,20,3,0
20230607,XDCE,大商所,A,6,6,3,0
20230607,XDCE,大商所,B,12,12,2,0
20230607,XDCE,大商所,C,6,6,5,0
20230607,XDCE,大商所,CS,6,6,4,0
20230607,XDCE,大商所,EB,12,12,4,0
20230607,XDCE,大商所,EG,12,12,4,0
20230607,XDCE,大商所,I,12,12,6,0
20230607,XDCE,大商所,J,12,12,1,0
20230607,XDCE,大商所,JM,12,12,2,0
20230607,XDCE,大商所,L,12,12,4,0
20230607,XDCE,大商所,M,8,8,6,0
20230607,XDCE,大商所,P,12,12,5,0
20230607,XDCE,大商所,PG,12,12,3,0
20230607,XDCE,大商所,PP,12,12,5,0
20230607,XDCE,大商所,RR,12,12,1,0
20230607,XDCE,大商所,V,12,12,4,0
20230607,XDCE,大商所,Y,8,8,7,0
20230607,XSGE,上期所,AG,12,12,6,0
20230607,XSGE,上期所,AL,12,12,3,0
20230607,XSGE,上期所,AU,8,8,3,0
20230607,XSGE,上期所,BU,16,16,6,0
20230607,XSGE,上期所,CU,12,12,4,0
20230607,XSGE,上期所,FU,12,12,5,0
20230607,XSGE,上期所,HC,12,12,4,0
20230607,XSGE,上期所,NI,12,12,3,0
20230607,XSGE,上期所,PB,12,12,2,0
20230607,XSGE,上期所,RB,12,12,6,0
20230607,XSGE,上期所,RU,10,10,4,0
20230607,XSGE,上期所,SN,12,12,3,0
20230607,XSGE,上期所,SP,12,12,6,0
20230607,XSGE,上期所,SS,12,12,4,0
20230607,XSGE,上期所,ZN,12,12,5,0
20230607,XSIE,能源中心,BC,12,12,3,0
20230607,XSIE,能源中心,LU,12,12,4,0
20230607,XSIE,能源中心,NR,12,12,3,0
20230607,XSIE,能源中心,SC,20,20,3,0
20230608,XDCE,大商所,A,6,6,3,0
20230608,XDCE,大商所,B,12,12,1,0
20230608,XDCE,大商所,C,6,6,5,0
20230608,XDCE,大商所,CS,6,6,3,0
20230608,XDCE,大商所,EB,12,12,3,0
20230608,XDCE,大商所,EG,12,12,4,0
20230608,XDCE,大商所,I,12,12,7,0
20230608,XDCE,大商所,J,12,12,1,0
20230608,XDCE,大商所,JM,12,12,2,0
20230608,XDCE,大商所,L,12,12,4,0
20230608,XDCE,大商所,M,8,8,5,0
20230608,XDCE,大商所,P,12,12,5,0
20230608,XDCE,大商所,PG,12,12,4,0
20230608,XDCE,大商所,PP,12,12,4,0
20230608,XDCE,大商所,RR,12,12,1,0
20230608,XDCE,大商所,V,12,12,4,0
20230608,XDCE,大商所,Y,8,8,4,0
20230608,XSGE,上期所,AG,12,12,8,0
20230608,XSGE,上期所,AL,12,12,4,0
20230608,XSGE,上期所,AU,8,8,3,0
20230608,XSGE,上期所,BU,16,16,6,0
20230608,XSGE,上期所,CU,12,12,6,0
20230608,XSGE,上期所,FU,12,12,7,0
20230608,XSGE,上期所,HC,12,12,3,0
20230608,XSGE,上期所,NI,12,12,5,0
20230608,XSGE,上期所,PB,12,12,3,0
20230608,XSGE,上期所,RB,12,12,6,0
20230608,XSGE,上期所,RU,10,10,5,0
20230608,XSGE,上期所,SN,12,12,4,0
20230608,XSGE,上期所,SP,12,12,4,0
20230608,XSGE,上期所,SS,12,12,3,0
20230608,XSGE,上期所,ZN,12,12,4,0
20230608,XSIE,能源中心,BC,12,12,2,0
20230608,XSIE,能源中心,LU,12,12,3,0
20230608,XSIE,能源中心,NR,12,12,3,0
20230608,XSIE,能源中心,SC,20,20,3,0
20230609,XDCE,大商所,A,6,6,4,0
20230609,XDCE,大商所,B,12,12,3,0
20230609,XDCE,大商所,C,6,6,4,0
20230609,XDCE,大商所,CS,6,6,3,0
20230609,XDCE,大商所,EB,12,12,4,0
20230609,XDCE,大商所,EG,12,12,2,0
20230609,XDCE,大商所,I,12,12,10,0
20230609,XDCE,大商所,J,12,12,1,0
20230609,XDCE,大商所,JM,12,12,2,0
20230609,XDCE,大商所,L,12,12,3,0
20230609,XDCE,大商所,M,8,8,5,0
20230609,XDCE,大商所,P,12,12,3,0
20230609,XDCE,大商所,PG,12,12,4,0
20230609,XDCE,大商所,PP,12,12,2,0
20230609,XDCE,大商所,RR,12,12,1,0
20230609,XDCE,大商所,V,12,12,4,0
20230609,XDCE,大商所,Y,8,8,4,0
20230609,XSGE,上期所,AG,12,12,8,0
20230609,XSGE,上期所,AL,12,12,4,0
20230609,XSGE,上期所,AU,8,8,5,0
20230609,XSGE,上期所,BU,16,16,5,0
20230609,XSGE,上期所,CU,12,12,6,0
20230609,XSGE,上期所,FU,12,12,5,0
20230609,XSGE,上期所,HC,12,12,5,0
20230609,XSGE,上期所,NI,12,12,4,0
20230609,XSGE,上期所,PB,12,12,2,0
20230609,XSGE,上期所,RB,12,12,7,0
20230609,XSGE,上期所,RU,10,10,3,0
20230609,XSGE,上期所,SN,12,12,3,0
20230609,XSGE,上期所,SP,12,12,5,0
20230609,XSGE,上期所,SS,12,12,2,0
20230609,XSGE,上期所,ZN,12,12,3,0
20230609,XSIE,能源中心,BC,12,12,1,0
20230609,XSIE,能源中心,LU,12,12,3,0
20230609,XSIE,能源中心,NR,12,12,3,0
20230609,XSIE,能源中心,SC,20,20,3,0
20230703,XDCE,大商所,A,6,6,3,0
20230703,XDCE,大商所,B,12,12,3,0
20230703,XDCE,大商所,C,6,6,4,0
20230703,XDCE,大商所,CS,6,6,2,0
20230703,XDCE,大商所,EB,12,12,5,0
20230703,XDCE,大商所,EG,12,12,7,0
20230703,XDCE,大商所,I,12,12,9,0
20230703,XDCE,大商所,J,12,12,1,0
20230703,XDCE,大商所,JM,12,12,2,0
20230703,XDCE,大商所,L,12,12,4,0
20230703,XDCE,大商所,M,8,8,7,0
20230703,XDCE,大商所,P,12,12,5,0
20230703,XDCE,大商所,PG,12,12,4,0
20230703,XDCE,大商所,PP,12,12,4,0
20230703,XDCE,大商所,RR,12,12,3,0
20230703,XDCE,大商所,V,12,12,3,0
20230703,XDCE,大商所,Y,8,8,4,0
20230703,XSGE,上期所,AG,12,12,5,0
20230703,XSGE,上期所,AL,12,12,3,0
20230703,XSGE,上期所,AO,8,8,2,0
20230703,XSGE,上期所,AU,8,8,3,0
20230703,XSGE,上期所,BU,16,16,5,0
20230703,XSGE,上期所,CU,12,12,3,0
20230703,XSGE,上期所,FU,12,12,7,0
20230703,XSGE,上期所,HC,12,12,3,0
20230703,XSGE,上期所,NI,12,12,5,0
20230703,XSGE,上期所,PB,12,12,2,0
20230703,XSGE,上期所,RB,12,12,5,0
20230703,XSGE,上期所,RU,10,10,3,0
20230703,XSGE,上期所,SN,12,12,4,0
20230703,XSGE,上期所,SP,12,12,5,0
20230703,XSGE,上期所,SS,12,12,2,0
20230703,XSGE,上期所,ZN,12,12,2,0
20230703,XSIE,能源中心,BC,12,12,1,0
20230703,XSIE,能源中心,LU,12,12,3,0
20230703,XSIE,能源中心,NR,12,12,3,0
20230703,XSIE,能源中心,SC,20,20,3,0
20230704,XDCE,大商所,A,6,6,5,0
20230704,XDCE,大商所,B,12,12,3,0
20230704,XDCE,大商所,C,6,6,5,0
20230704,XDCE,大商所,CS,6,6,4,0
20230704,XDCE,大商所,EB,12,12,6,0
20230704,XDCE,大商所,EG,12,12,5,0
20230704,XDCE,大商所,I,12,12,10,0
20230704,XDCE,大商所,J,12,12,1,0
20230704,XDCE,大商所,JM,12,12,3,0
20230704,XDCE,大商所,L,12,12,7,0
20230704,XDCE,大商所,M,8,8,7,0
20230704,XDCE,大商所,P,12,12,8,0
20230704,XDCE,大商所,PG,12,12,6,0
20230704,XDCE,大商所,PP,12,12,5,0
20230704,XDCE,大商所,RR,12,12,1,0
20230704,XDCE,大商所,V,12,12,5,0
20230704,XDCE,大商所,Y,8,8,6,0
20230704,XSGE,上期所,AG,12,12,7,0
20230704,XSGE,上期所,AL,12,12,2,0
20230704,XSGE,上期所,AO,8,8,2,0
20230704,XSGE,上期所,AU,8,8,3,0
20230704,XSGE,上期所,BU,16,16,5,0
20230704,XSGE,上期所,CU,12,12,3,0
20230704,XSGE,上期所,FU,12,12,6,0
20230704,XSGE,上期所,HC,12,12,3,0
20230704,XSGE,上期所,NI,12,12,3,0
20230704,XSGE,上期所,PB,12,12,2,0
20230704,XSGE,上期所,RB,12,12,6,0
20230704,XSGE,上期所,RU,10,10,2,0
20230704,XSGE,上期所,SN,12,12,3,0
20230704,XSGE,上期所,SP,12,12,5,0
20230704,XSGE,上期所,SS,12,12,3,0
20230704,XSGE,上期所,ZN,12,12,3,0
20230704,XSIE,能源中心,BC,12,12,2,0
20230704,XSIE,能源中心,LU,12,12,3,0
20230704,XSIE,能源中心,NR,12,12,4,0
20230704,XSIE,能源中心,SC,20,20,4,0
20230705,XDCE,大商所,A,6,6,3,0
20230705,XDCE,大商所,B,12,12,3,0
20230705,XDCE,大商所,C,6,6,4,0
20230705,XDCE,大商所,CS,6,6,3,0
20230705,XDCE,大商所,EB,12,12,3,0
20230705,XDCE,大商所,EG,12,12,4,0
20230705,XDCE,大商所,I,12,12,7,0
20230705,XDCE,大商所,J,12,12,1,0
20230705,XDCE,大商所,JM,12,12,2,0
20230705,XDCE,大商所,L,12,12,4,0
20230705,XDCE,大商所,M,8,8,6,0
20230705,XDCE,大商所,P,12,12,8,0
20230705,XDCE,大商所,PG,12,12,4,0
20230705,XDCE,大商所,PP,12,12,4,0
20230705,XDCE,大商所,RR,12,12,1,0
20230705,XDCE,大商所,V,12,12,7,0
20230705,XDCE,大商所,Y,8,8,7,0
20230705,XSGE,上期所,AG,12,12,6,0
20230705,XSGE,上期所,AL,12,12,3,0
20230705,XSGE,上期所,AO,8,8,2,0
20230705,XSGE,上期所,AU,8,8,2,0
20230705,XSGE,上期所,BU,16,16,6,0
20230705,XSGE,上期所,CU,12,12,6,0
20230705,XSGE,上期所,FU,12,12,6,0
20230705,XSGE,上期所,HC,12,12,4,0
20230705,XSGE,上期所,NI,12,12,3,0
20230705,XSGE,上期所,PB,12,12,3,0
20230705,XSGE,上期所,RB,12,12,7,0
20230705,XSGE,上期所,RU,10,10,2,0
20230705,XSGE,上期所,SN,12,12,4,0
20230705,XSGE,上期所,SP,12,12,7,0
20230705,XSGE,上期所,SS,12,12,3,0
20230705,XSGE,上期所,ZN,12,12,2,0
20230705,XSIE,能源中心,BC,12,12,3,0
20230705,XSIE,能源中心,LU,12,12,4,0
20230705,XSIE,能源中心,NR,12,12,4,0
20230705,XSIE,能源中心,SC,20,20,4,0
20230706,XDCE,大商所,A,6,6,4,0
20230706,XDCE,大商所,B,12,12,3,0
20230706,XDCE,大商所,C,6,6,4,0
20230706,XDCE,大商所,CS,6,6,2,0
20230706,XDCE,大商所,EB,12,12,3,0
20230706,XDCE,大商所,EG,12,12,3,0
20230706,XDCE,大商所,I,12,12,6,0
20230706,XDCE,大商所,J,12,12,1,0
20230706,XDCE,大商所,JM,12,12,1,0
20230706,XDCE,大商所,L,12,12,5,0
20230706,XDCE,大商所,M,8,8,7,0
20230706,XDCE,大商所,P,12,12,5,0
20230706,XDCE,大商所,PG,12,12,4,0
20230706,XDCE,大商所,PP,12,12,4,0
20230706,XDCE,大商所,RR,12,12,2,0
20230706,XDCE,大商所,V,12,12,9,0
20230706,XDCE,大商所,Y,8,8,6,0
20230706,XSGE,上期所,AG,12,12,4,0
20230706,XSGE,上期所,AL,12,12,4,0
20230706,XSGE,上期所,AO,8,7,2,0
20230706,XSGE,上期所,AU,8,8,6,0
20230706,XSGE,上期所,BU,16,16,5,0
20230706,XSGE,上期所,CU,12,12,4,0
20230706,XSGE,上期所,FU,12,12,6,0
20230706,XSGE,上期所,HC,12,12,4,0
20230706,XSGE,上期所,NI,12,12,4,0
20230706,XSGE,上期所,PB,12,12,3,0
20230706,XSGE,上期所,RB,12,12,3,0
20230706,XSGE,上期所,RU,10,10,3,0
20230706,XSGE,上期所,SN,12,12,3,0
20230706,XSGE,上期所,SP,12,12,6,0
20230706,XSGE,上期所,SS,12,12,3,0
20230706,XSGE,上期所,ZN,12,12,3,0
20230706,XSIE,能源中心,BC,12,12,2,0
20230706,XSIE,能源中心,LU,12,12,3,0
20230706,XSIE,能源中心,NR,12,12,4,0
20230706,XSIE,能源中心,SC,20,20,7,0
20230707,XDCE,大商所,A,6,6,4,0
20230707,XDCE,大商所,B,12,12,5,0
20230707,XDCE,大商所,C,6,6,4,0
20230707,XDCE,大商所,CS,6,6,4,0
20230707,XDCE,大商所,EB,12,12,3,0
20230707,XDCE,大商所,EG,12,12,6,0
20230707,XDCE,大商所,I,12,12,9,0
20230707,XDCE,大商所,J,12,12,1,0
20230707,XDCE,大商所,JM,12,12,2,0
20230707,XDCE,大商所,L,12,12,2,0
20230707,XDCE,大商所,M,8,8,7,0
20230707,XDCE,大商所,P,12,12,5,0
20230707,XDCE,大商所,PG,12,12,4,0
20230707,XDCE,大商所,PP,12,12,4,0
20230707,XDCE,大商所,RR,12,12,2,0
20230707,XDCE,大商所,V,12,12,4,0
20230707,XDCE,大商所,Y,8,8,5,0
20230707,XSGE,上期所,AG,12,12,11,0
20230707,XSGE,上期所,AL,12,12,4,0
20230707,XSGE,上期所,AO,8,8,3,0
20230707,XSGE,上期所,AU,8,8,6,0
20230707,XSGE,上期所,BU,16,16,8,0
20230707,XSGE,上期所,CU,12,12,6,0
20230707,XSGE,上期所,FU,12,12,3,0
20230707,XSGE,上期所,HC,12,12,3,0
20230707,XSGE,上期所,NI,12,12,5,0
20230707,XSGE,上期所,PB,12,12,2,0
20230707,XSGE,上期所,RB,12,12,5,0
20230707,XSGE,上期所,RU,10,10,4,0
20230707,XSGE,上期所,SN,12,12,6,0
20230707,XSGE,上期所,SP,12,12,5,0
20230707,XSGE,上期所,SS,12,12,4,0
20230707,XSGE,上期所,ZN,12,12,4,0
20230707,XSIE,能源中心,BC,12,12,2,0
20230707,XSIE,能源中心,LU,12,12,3,0
20230707,XSIE,能源中心,NR,12,12,5,0
20230707,XSIE,能源中心,SC,20,20,3,0
20230710,XDCE,大商所,A,6,6,3,0
20230710,XDCE,大商所,B,12,12,5,0
20230710,XDCE,大商所,C,6,6,3,0
20230710,XDCE,大商所,CS,6,6,4,0
20230710,XDCE,大商所,EB,12,12,4,0
20230710,XDCE,大商所,EG,12,12,4,0
20230710,XDCE,大商所,I,12,12,8,0
20230710,XDCE,大商所,J,12,12,2,0
20230710,XDCE,大商所,JM,12,12,2,0
20230710,XDCE,大商所,L,12,12,4,0
20230710,XDCE,大商所,M,8,8,5,0
20230710,XDCE,大商所,P,12,12,5,0
20230710,XDCE,大商所,PG,12,12,5,0
20230710,XDCE,大商所,PP,12,12,5,0
20230710,XDCE,大商所,RR,12,12,1,0
20230710,XDCE,大商所,V,12,12,4,0
20230710,XDCE,大商所,Y,8,8,3,0
20230710,XSGE,上期所,AG,12,12,6,0
20230710,XSGE,上期所,AL,12,12,2,0
20230710,XSGE,上期所,AO,8,8,2,0
20230710,XSGE,上期所,AU,8,8,3,0
20230710,XSGE,上期所,BU,16,16,5,0
20230710,XSGE,上期所,CU,12,12,3,0
20230710,XSGE,上期所,FU,12,12,4,0
20230710,XSGE,上期所,HC,12,12,4,0
20230710,XSGE,上期所,NI,12,12,5,0
20230710,XSGE,上期所,PB,12,12,2,0
20230710,XSGE,上期所,RB,12,12,5,0
20230710,XSGE,上期所,RU,10,10,3,0
20230710,XSGE,上期所,SN,12,12,2,0
20230710,XSGE,上期所,SP,12,12,4,0
20230710,XSGE,上期所,SS,12,12,3,0
20230710,XSGE,上期所,ZN,12,12,3,0
20230710,XSIE,能源中心,BC,12,12,2,0
20230710,XSIE,能源中心,LU,12,12,3,0
20230710,XSIE,能源中心,NR,12,12,3,0
20230710,XSIE,能源中心,SC,20,20,2,0
20230711,XDCE,大商所,A,6,6,4,0
20230711,XDCE,大商所,B,12,12,4,0
20230711,XDCE,大商所,C,6,6,5,0
20230711,XDCE,大商所,CS,6,6,3,0
20230711,XDCE,大商所,EB,12,12,5,0
20230711,XDCE,大商所,EG,12,12,3,0
20230711,XDCE,大商所,I,12,12,6,0
20230711,XDCE,大商所,J,12,12,2,0
20230711,XDCE,大商所,JM,12,12,2,0
20230711,XDCE,大商所,L,12,12,5,0
20230711,XDCE,大商所,M,8,8,6,0
20230711,XDCE,大商所,P,12,12,7,0
20230711,XDCE,大商所,PG,12,12,5,0
20230711,XDCE,大商所,PP,12,12,4,0
20230711,XDCE,大商所,RR,12,12,1,0
20230711,XDCE,大商所,V,12,12,5,0
20230711,XDCE,大商所,Y,8,8,6,0
20230711,XSGE,上期所,AG,12,12,9,0
20230711,XSGE,上期所,AL,12,12,5,0
20230711,XSGE,上期所,AO,8,8,2,0
20230711,XSGE,上期所,AU,8,8,4,0
20230711,XSGE,上期所,BU,16,16,5,0
20230711,XSGE,上期所,CU,12,12,6,0
20230711,XSGE,上期所,FU,12,12,6,0
20230711,XSGE,上期所,HC,12,12,4,0
20230711,XSGE,上期所,NI,12,12,4,0
20230711,XSGE,上期所,PB,12,12,2,0
20230711,XSGE,上期所,RB,12,12,6,0
20230711,XSGE,上期所,RU,10,10,5,0
20230711,XSGE,上期所,SN,12,12,3,0
20230711,XSGE,上期所,SP,12,12,5,0
20230711,XSGE,上期所,SS,12,12,2,0
20230711,XSGE,上期所,ZN,12,12,4,0
20230711,XSIE,能源中心,BC,12,12,2,0
20230711,XSIE,能源中心,LU,12,12,3,0
20230711,XSIE,能源中心,NR,12,12,3,0
20230711,XSIE,能源中心,SC,20,20,3,0
20230712,XDCE,大商所,A,6,6,2,0
20230712,XDCE,大商所,B,12,12,3,0
20230712,XDCE,大商所,C,6,6,5,0
20230712,XDCE,大商所,CS,6,6,3,0
20230712,XDCE,大商所,EB,12,12,6,0
20230712,XDCE,大商所,EG,12,12,4,0
20230712,XDCE,大商所,I,12,12,7,0
20230712,XDCE,大商所,J,12,12,2,0
20230712,XDCE,大商所,JM,12,12,3,0
20230712,XDCE,大商所,L,12,12,5,0
20230712,XDCE,大商所,M,8,8,6,0
20230712,XDCE,大商所,P,12,12,7,0
20230712,XDCE,大商所,PG,12,12,5,0
20230712,XDCE,大商所,PP,12,12,4,0
20230712,XDCE,大商所,RR,12,12,1,0
20230712,XDCE,大商所,V,12,12,3,0
20230712,XDCE,大商所,Y,8,8,4,0
20230712,XSGE,上期所,AG,12,12,7,0
20230712,XSGE,上期所,AL,12,12,4,0
20230712,XSGE,上期所,AO,8,8,2,0
20230712,XSGE,上期所,AU,8,8,4,0
20230712,XSGE,上期所,BU,16,16,5,0
20230712,XSGE,上期所,CU,12,12,6,0
20230712,XSGE,上期所,FU,12,12,6,0
20230712,XSGE,上期所,HC,12,12,5,0
20230712,XSGE,上期所,NI,12,12,5,0
20230712,XSGE,上期所,PB,12,12,4,0
20230712,XSGE,上期所,RB,12,12,5,0
20230712,XSGE,上期所,RU,10,10,5,0
20230712,XSGE,上期所,SN,12,12,3,0
20230712,XSGE,上期所,SP,12,12,4,0
20230712,XSGE,上期所,SS,12,12,3,0
20230712,XSGE,上期所,ZN,12,12,3,0
20230712,XSIE,能源中心,BC,12,12,3,0
20230712,XSIE,能源中心,LU,12,12,3,0
20230712,XSIE,能源中心,NR,12,12,3,0
20230712,XSIE,能源中心,SC,20,20,3,0
20230713,XDCE,大商所,A,6,6,3,0
20230713,XDCE,大商所,B,12,12,4,0
20230713,XDCE,大商所,C,6,6,3,0
20230713,XDCE,大商所,CS,6,6,2,0
20230713,XDCE,大商所,EB,12,12,5,0
20230713,XDCE,大商所,EG,12,12,3,0
20230713,XDCE,大商所,I,12,12,6,0
20230713,XDCE,大商所,J,12,12,2,0
20230713,XDCE,大商所,JM,12,12,2,0
20230713,XDCE,大商所,L,12,12,5,0
20230713,XDCE,大商所,M,8,8,5,0
20230713,XDCE,大商所,P,12,12,6,0
20230713,XDCE,大商所,PG,12,12,4,0
20230713,XDCE,大商所,PP,12,12,6,0
20230713,XDCE,大商所,RR,12,12,1,0
20230713,XDCE,大商所,V,12,12,3,0
20230713,XDCE,大商所,Y,8,8,3,0
20230713,XSGE,上期所,AG,12,12,8,0
20230713,XSGE,上期所,AL,12,12,4,0
20230713,XSGE,上期所,AO,8,8,2,0
20230713,XSGE,上期所,AU,8,8,3,0
20230713,XSGE,上期所,BU,16,16,6,0
20230713,XSGE,上期所,CU,12,12,5,0
20230713,XSGE,上期所,FU,12,12,7,0
20230713,XSGE,上期所,HC,12,12,4,0
20230713,XSGE,上期所,NI,12,12,3,0
20230713,XSGE,上期所,PB,12,12,3,0
20230713,XSGE,上期所,RB,12,12,4,0
20230713,XSGE,上期所,RU,10,10,2,0
20230713,XSGE,上期所,SN,12,12,3,0
20230713,XSGE,上期所,SP,12,12,4,0
20230713,XSGE,上期所,SS,12,12,3,0
20230713,XSGE,上期所,ZN,12,12,3,0
20230713,XSIE,能源中心,BC,12,12,2,0
20230713,XSIE,能源中心,LU,12,12,3,0
20230713,XSIE,能源中心,NR,12,12,3,0
20230713,XSIE,能源中心,SC,20,20,3,0
20230714,XDCE,大商所,A,6,6,2,0
20230714,XDCE,大商所,B,12,12,2,0
20230714,XDCE,大商所,C,6,6,4,0
20230714,XDCE,大商所,CS,6,6,2,0
20230714,XDCE,大商所,EB,12,12,4,0
20230714,XDCE,大商所,EG,12,12,3,0
20230714,XDCE,大商所,I,12,12,4,0
20230714,XDCE,大商所,J,12,12,1,0
20230714,XDCE,大商所,JM,12,12,3,0
20230714,XDCE,大商所,L,12,12,6,0
20230714,XDCE,大商所,M,8,8,7,0
20230714,XDCE,大商所,P,12,12,5,0
20230714,XDCE,大商所,PG,12,12,3,0
20230714,XDCE,大商所,PP,12,12,4,0
20230714,XDCE,大商所,RR,12,12,3,0
20230714,XDCE,大商所,V,12,12,6,0
20230714,XDCE,大商所,Y,8,8,7,0
20230714,XSGE,上期所,AG,12,12,8,0
20230714,XSGE,上期所,AL,12,12,5,0
20230714,XSGE,上期所,AO,8,8,2,0
20230714,XSGE,上期所,AU,8,8,3,0
20230714,XSGE,上期所,BU,16,16,5,0
20230714,XSGE,上期所,CU,12,12,6,0
20230714,XSGE,上期所,FU,12,12,5,0
20230714,XSGE,上期所,HC,12,12,3,0
20230714,XSGE,上期所,NI,12,12,3,0
20230714,XSGE,上期所,PB,12,12,3,0
20230714,XSGE,上期所,RB,12,12,6,0
20230714,XSGE,上期所,RU,10,10,3,0
20230714,XSGE,上期所,SN,12,12,5,0
20230714,XSGE,上期所,SP,12,12,4,0
20230714,XSGE,上期所,SS,12,12,3,0
20230714,XSGE,上期所,ZN,12,12,3,0
20230714,XSIE,能源中心,BC,12,12,2,0
20230714,XSIE,能源中心,LU,12,12,2,0
20230714,XSIE,能源中心,NR,12,12,3,0
20230714,XSIE,能源中心,SC,20,20,2,0
20230717,XDCE,大商所,A,6,6,2,0
20230717,XDCE,大商所,B,12,12,3,0
20230717,XDCE,大商所,C,6,6,5,0
20230717,XDCE,大商所,CS,6,6,3,0
20230717,XDCE,大商所,EB,12,12,4,0
20230717,XDCE,大商所,EG,12,12,4,0
20230717,XDCE,大商所,I,12,12,8,0
20230717,XDCE,大商所,J,12,12,2,0
20230717,XDCE,大商所,JM,12,12,3,0
20230717,XDCE,大商所,L,12,12,6,0
20230717,XDCE,大商所,M,8,8,6,0
20230717,XDCE,大商所,P,12,12,6,0
20230717,XDCE,大商所,PG,12,12,6,0
20230717,XDCE,大商所,PP,12,12,4,0
20230717,XDCE,大商所,RR,12,12,3,0
20230717,XDCE,大商所,V,12,12,4,0
20230717,XDCE,大商所,Y,8,8,5,0
20230717,XSGE,上期所,AG,12,12,7,0
20230717,XSGE,上期所,AL,12,12,3,0
20230717,XSGE,上期所,AO,8,8,1,0
20230717,XSGE,上期所,AU,8,8,4,0
20230717,XSGE,上期所,BU,16,16,5,0
20230717,XSGE,上期所,CU,12,12,3,0
20230717,XSGE,上期所,FU,12,12,6,0
20230717,XSGE,上期所,HC,12,12,3,0
20230717,XSGE,上期所,NI,12,12,5,0
20230717,XSGE,上期所,PB,12,12,4,0
20230717,XSGE,上期所,RB,12,12,7,0
20230717,XSGE,上期所,RU,10,10,2,0
20230717,XSGE,上期所,SN,12,12,5,0
20230717,XSGE,上期所,SP,12,12,4,0
20230717,XSGE,上期所,SS,12,12,3,0
20230717,XSGE,上期所,ZN,12,12,3,0
20230717,XSIE,能源中心,BC,12,12,2,0
20230717,XSIE,能源中心,LU,12,12,4,0
20230717,XSIE,能源中心,NR,12,12,2,0
20230717,XSIE,能源中心,SC,20,20,2,0
20230718,XDCE,大商所,A,6,6,2,0
20230718,XDCE,大商所,B,12,12,2,0
20230718,XDCE,大商所,C,6,6,4,0
20230718,XDCE,大商所,CS,6,6,3,0
20230718,XDCE,大商所,EB,12,12,5,0
20230718,XDCE,大商所,EG,12,12,4,0
20230718,XDCE,大商所,I,12,12,5,0
20230718,XDCE,大商所,J,12,12,2,0
20230718,XDCE,大商所,JM,12,12,3,0
20230718,XDCE,大商所,L,12,12,6,0
20230718,XDCE,大商所,M,8,8,5,0
20230718,XDCE,大商所,P,12,12,6,0
20230718,XDCE,大商所,PG,12,12,6,0
20230718,XDCE,大商所,PP,12,12,4,0
20230718,XDCE,大商所,RR,12,12,0,0
20230718,XDCE,大商所,V,12,12,4,0
20230718,XDCE,大商所,Y,8,8,5,0
20230718,XSGE,上期所,AG,12,12,6,0
20230718,XSGE,上期所,AL,12,12,3,0
20230718,XSGE,上期所,AO,9,8,2,0
20230718,XSGE,上期所,AU,8,8,3,0
20230718,XSGE,上期所,BU,16,16,6,0
20230718,XSGE,上期所,CU,12,12,7,0
20230718,XSGE,上期所,FU,12,12,4,0
20230718,XSGE,上期所,HC,12,12,3,0
20230718,XSGE,上期所,NI,12,12,4,0
20230718,XSGE,上期所,PB,12,12,3,0
20230718,XSGE,上期所,RB,12,12,7,0
20230718,XSGE,上期所,RU,10,10,4,0
20230718,XSGE,上期所,SN,12,12,5,0
20230718,XSGE,上期所,SP,12,12,4,0
20230718,XSGE,上期所,SS,12,12,2,0
20230718,XSGE,上期所,ZN,12,12,3,0
20230718,XSIE,能源中心,BC,12,12,2,0
20230718,XSIE,能源中心,LU,12,12,3,0
20230718,XSIE,能源中心,NR,12,12,2,0
20230718,XSIE,能源中心,SC,20,20,4,0
20230719,XDCE,大商所,A,6,6,3,0
20230719,XDCE,大商所,B,12,12,3,0
20230719,XDCE,大商所,C,6,6,6,0
20230719,XDCE,大商所,CS,6,6,3,0
20230719,XDCE,大商所,EB,12,12,3,0
20230719,XDCE,大商所,EG,12,12,4,0
20230719,XDCE,大商所,I,12,12,4,0
20230719,XDCE,大商所,J,12,12,2,0
20230719,XDCE,大商所,JM,12,12,3,0
20230719,XDCE,大商所,L,12,12,5,0
20230719,XDCE,大商所,M,8,8,6,0
20230719,XDCE,大商所,P,12,12,7,0
20230719,XDCE,大商所,PG,12,12,7,0
20230719,XDCE,大商所,PP,12,12,4,0
20230719,XDCE,大商所,RR,12,12,3,0
20230719,XDCE,大商所,V,12,12,6,0
20230719,XDCE,大商所,Y,8,8,5,0
20230719,XSGE,上期所,AG,12,12,5,0
20230719,XSGE,上期所,AL,12,12,5,0
20230719,XSGE,上期所,AO,9,8,2,0
20230719,XSGE,上期所,AU,8,8,5,0
20230719,XSGE,上期所,BU,16,16,6,0
20230719,XSGE,上期所,CU,12,12,4,0
20230719,XSGE,上期所,FU,12,12,5,0
20230719,XSGE,上期所,HC,12,12,5,0
20230719,XSGE,上期所,NI,12,12,4,0
20230719,XSGE,上期所,PB,12,12,2,0
20230719,XSGE,上期所,RB,12,12,5,0
20230719,XSGE,上期所,RU,10,10,2,0
20230719,XSGE,上期所,SN,12,12,2,0
20230719,XSGE,上期所,SP,12,12,5,0
20230719,XSGE,上期所,SS,12,12,3,0
20230719,XSGE,上期所,ZN,12,12,4,0
20230719,XSIE,能源中心,BC,12,12,1,0
20230719,XSIE,能源中心,LU,12,12,2,0
20230719,XSIE,能源中心,NR,12,12,3,0
20230719,XSIE,能源中心,SC,20,20,4,0
20230720,XDCE,大商所,A,6,6,3,0
20230720,XDCE,大商所,B,12,12,3,0
20230720,XDCE,大商所,C,6,6,6,0
20230720,XDCE,大商所,CS,6,6,3,0
20230720,XDCE,大商所,EB,12,12,4,0
20230720,XDCE,大商所,EG,12,12,3,0
20230720,XDCE,大商所,I,12,12,6,0
20230720,XDCE,大商所,J,12,12,1,0
20230720,XDCE,大商所,JM,12,12,3,0
20230720,XDCE,大商所,L,12,12,6,0
20230720,XDCE,大商所,M,8,8,7,0
20230720,XDCE,大商所,P,12,12,6,0
20230720,XDCE,大商所,PG,12,12,3,0
20230720,XDCE,大商所,PP,12,12,5,0
20230720,XDCE,大商所,RR,12,12,1,0
20230720,XDCE,大商所,V,12,12,5,0
20230720,XDCE,大商所,Y,8,8,5,0
20230720,XSGE,上期所,AG,12,12,8,0
20230720,XSGE,上期所,AL,12,12,5,0
20230720,XSGE,上期所,AO,9,9,2,0
20230720,XSGE,上期所,AU,8,8,3,0
20230720,XSGE,上期所,BU,16,16,5,0
20230720,XSGE,上期所,CU,12,12,3,0
20230720,XSGE,上期所,FU,12,12,9,0
20230720,XSGE,上期所,HC,12,12,4,0
20230720,XSGE,上期所,NI,12,12,3,0
20230720,XSGE,上期所,PB,12,12,3,0
20230720,XSGE,上期所,RB,12,12,7,0
20230720,XSGE,上期所,RU,10,10,6,0
20230720,XSGE,上期所,SN,12,12,6,0
20230720,XSGE,上期所,SP,12,12,4,0
20230720,XSGE,上期所,SS,12,12,4,0
20230720,XSGE,上期所,ZN,12,12,4,0
20230720,XSIE,能源中心,BC,12,12,2,0
20230720,XSIE,能源中心,LU,12,12,3,0
20230720,XSIE,能源中心,NR,12,12,3,0
20230720,XSIE,能源中心,SC,20,20,5,0
20230721,XDCE,大商所,A,6,6,2,0
20230721,XDCE,大商所,B,12,12,3,0
20230721,XDCE,大商所,C,6,6,6,0
20230721,XDCE,大商所,CS,6,6,3,0
20230721,XDCE,大商所,EB,12,12,3,0
20230721,XDCE,大商所,EG,12,12,4,0
20230721,XDCE,大商所,I,12,12,5,0
20230721,XDCE,大商所,J,12,12,1,0
20230721,XDCE,大商所,JM,12,12,2,0
20230721,XDCE,大商所,L,12,12,7,0
20230721,XDCE,大商所,M,8,8,5,0
20230721,XDCE,大商所,P,12,12,5,0
20230721,XDCE,大商所,PG,12,12,5,0
20230721,XDCE,大商所,PP,12,12,3,0
20230721,XDCE,大商所,RR,12,12,3,0
20230721,XDCE,大商所,V,12,12,4,0
20230721,XDCE,大商所,Y,8,8,5,0
20230721,XSGE,上期所,AG,12,12,7,0
20230721,XSGE,上期所,AL,12,12,6,0
20230721,XSGE,上期所,AO,9,9,2,0
20230721,XSGE,上期所,AU,8,8,4,0
20230721,XSGE,上期所,BU,16,16,4,0
20230721,XSGE,上期所,CU,12,12,4,0
20230721,XSGE,上期所,FU,12,12,4,0
20230721,XSGE,上期所,HC,12,12,4,0
20230721,XSGE,上期所,NI,12,12,3,0
20230721,XSGE,上期所,PB,12,12,3,0
20230721,XSGE,上期所,RB,12,12,8,0
20230721,XSGE,上期所,RU,10,10,5,0
20230721,XSGE,上期所,SN,12,12,3,0
20230721,XSGE,上期所,SP,12,12,5,0
20230721,XSGE,上期所,SS,12,12,4,0
20230721,XSGE,上期所,ZN,12,12,3,0
20230721,XSIE,能源中心,BC,12,12,2,0
20230721,XSIE,能源中心,LU,12,12,3,0
20230721,XSIE,能源中心,NR,12,12,3,0
20230721,XSIE,能源中心,SC,20,20,3,0
20230724,XDCE,大商所,A,6,6,3,0
20230724,XDCE,大商所,B,12,12,2,0
20230724,XDCE,大商所,C,6,6,4,0
20230724,XDCE,大商所,CS,6,6,3,0
20230724,XDCE,大商所,EB,12,12,5,0
20230724,XDCE,大商所,EG,12,12,4,0
20230724,XDCE,大商所,I,12,12,6,0
20230724,XDCE,大商所,J,12,12,2,0
20230724,XDCE,大商所,JM,12,12,2,0
20230724,XDCE,大商所,L,12,12,3,0
20230724,XDCE,大商所,M,8,8,7,0
20230724,XDCE,大商所,P,12,12,5,0
20230724,XDCE,大商所,PG,12,12,5,0
20230724,XDCE,大商所,PP,12,12,3,0
20230724,XDCE,大商所,RR,12,12,1,0
20230724,XDCE,大商所,V,12,12,3,0
20230724,XDCE,大商所,Y,8,8,4,0
20230724,XSGE,上期所,AG,12,12,5,0
20230724,XSGE,上期所,AL,12,12,5,0
20230724,XSGE,上期所,AO,9,9,2,0
20230724,XSGE,上期所,AU,8,8,3,0
20230724,XSGE,上期所,BU,16,16,4,0
20230724,XSGE,上期所,CU,12,12,5,0
20230724,XSGE,上期所,FU,12,12,9,0
20230724,XSGE,上期所,HC,12,12,3,0
20230724,XSGE,上期所,NI,12,12,4,0
20230724,XSGE,上期所,PB,12,12,3,0
20230724,XSGE,上期所,RB,12,12,7,0
20230724,XSGE,上期所,RU,10,10,4,0
20230724,XSGE,上期所,SN,12,12,4,0
20230724,XSGE,上期所,SP,12,12,6,0
20230724,XSGE,上期所,SS,12,12,4,0
20230724,XSGE,上期所,ZN,12,12,4,0
20230724,XSIE,能源中心,BC,12,12,1,0
20230724,XSIE,能源中心,LU,12,12,4,0
20230724,XSIE,能源中心,NR,12,12,2,0
20230724,XSIE,能源中心,SC,20,20,3,0
20230725,XDCE,大商所,A,6,6,2,0
20230725,XDCE,大商所,B,12,12,2,0
20230725,XDCE,大商所,C,6,6,4,0
20230725,XDCE,大商所,CS,6,6,3,0
20230725,XDCE,大商所,EB,12,12,8,0
20230725,XDCE,大商所,EG,12,12,4,0
20230725,XDCE,大商所,I,12,12,9,0
20230725,XDCE,大商所,J,12,12,2,0
20230725,XDCE,大商所,JM,12,12,3,0
20230725,XDCE,大商所,L,12,12,4,0
20230725,XDCE,大商所,M,8,8,8,0
20230725,XDCE,大商所,P,12,12,6,0
20230725,XDCE,大商所,PG,12,12,4,0
20230725,XDCE,大商所,PP,12,12,3,0
20230725,XDCE,大商所,RR,12,12,2,0
20230725,XDCE,大商所,V,12,12,4,0
20230725,XDCE,大商所,Y,8,8,6,0
20230725,XSGE,上期所,AG,12,12,5,0
20230725,XSGE,上期所,AL,12,12,3,0
20230725,XSGE,上期所,AO,9,9,2,0
20230725,XSGE,上期所,AU,8,8,3,0
20230725,XSGE,上期所,BU,16,16,5,0
20230725,XSGE,上期所,CU,12,12,5,0
20230725,XSGE,上期所,FU,12,12,7,0
20230725,XSGE,上期所,HC,12,12,5,0
20230725,XSGE,上期所,NI,12,12,3,0
20230725,XSGE,上期所,PB,12,12,3,0
20230725,XSGE,上期所,RB,12,12,9,0
20230725,XSGE,上期所,RU,10,10,6,0
20230725,XSGE,上期所,SN,12,12,5,0
20230725,XSGE,上期所,SP,12,12,6,0
20230725,XSGE,上期所,SS,12,12,4,0
20230725,XSGE,上期所,ZN,12,12,3,0
20230725,XSIE,能源中心,BC,12,12,3,0
20230725,XSIE,能源中心,LU,12,12,3,0
20230725,XSIE,能源中心,NR,12,12,4,0
20230725,XSIE,能源中心,SC,20,20,5,0
20230726,XDCE,大商所,A,6,6,3,0
20230726,XDCE,大商所,B,12,12,3,0
20230726,XDCE,大商所,C,6,6,5,0
20230726,XDCE,大商所,CS,6,6,3,0
20230726,XDCE,大商所,EB,12,12,4,0
20230726,XDCE,大商所,EG,12,12,5,0
20230726,XDCE,大商所,I,12,12,4,0
20230726,XDCE,大商所,J,12,12,2,0
20230726,XDCE,大商所,JM,12,12,2,0
20230726,XDCE,大商所,L,12,12,3,0
20230726,XDCE,大商所,M,8,8,8,0
20230726,XDCE,大商所,P,12,12,3,0
20230726,XDCE,大商所,PG,12,12,4,0
20230726,XDCE,大商所,PP,12,12,3,0
20230726,XDCE,大商所,RR,12,12,1,0
20230726,XDCE,大商所,V,12,12,2,0
20230726,XDCE,大商所,Y,8,8,4,0
20230726,XSGE,上期所,AG,12,12,6,0
20230726,XSGE,上期所,AL,12,12,3,0
20230726,XSGE,上期所,AO,9,9,2,0
20230726,XSGE,上期所,AU,8,8,4,0
20230726,XSGE,上期所,BU,16,16,6,0
20230726,XSGE,上期所,CU,12,12,5,0
20230726,XSGE,上期所,FU,12,12,7,0
20230726,XSGE,上期所,HC,12,12,7,0
20230726,XSGE,上期所,NI,12,12,4,0
20230726,XSGE,上期所,PB,12,12,3,0
20230726,XSGE,上期所,RB,12,12,10,0
20230726,XSGE,上期所,RU,10,10,5,0
20230726,XSGE,上期所,SN,12,12,3,0
20230726,XSGE,上期所,SP,12,12,3,0
20230726,XSGE,上期所,SS,12,12,3,0
20230726,XSGE,上期所,ZN,12,12,3,0
20230726,XSIE,能源中心,BC,12,12,3,0
20230726,XSIE,能源中心,LU,12,12,5,0
20230726,XSIE,能源中心,NR,12,12,3,0
20230726,XSIE,能源中心,SC,20,20,4,0
20230727,XDCE,大商所,A,6,6,2,0
20230727,XDCE,大商所,B,12,12,5,0
20230727,XDCE,大商所,C,6,6,6,0
20230727,XDCE,大商所,CS,6,6,4,0
20230727,XDCE,大商所,EB,12,12,4,0
20230727,XDCE,大商所,EG,12,12,5,0
20230727,XDCE,大商所,I,12,12,9,0
20230727,XDCE,大商所,J,12,12,2,0
20230727,XDCE,大商所,JM,12,12,4,0
20230727,XDCE,大商所,L,12,12,4,0
20230727,XDCE,大商所,M,8,8,7,0
20230727,XDCE,大商所,P,12,12,5,0
20230727,XDCE,大商所,PG,12,12,3,0
20230727,XDCE,大商所,PP,12,12,4,0
20230727,XDCE,大商所,RR,12,12,1,0
20230727,XDCE,大商所,V,12,12,4,0
20230727,XDCE,大商所,Y,8,8,6,0
20230727,XSGE,上期所,AG,12,12,6,0
20230727,XSGE,上期所,AL,12,12,4,0
20230727,XSGE,上期所,AO,9,9,3,0
20230727,XSGE,上期所,AU,8,8,3,0
20230727,XSGE,上期所,BU,16,16,6,0
20230727,XSGE,上期所,CU,12,12,4,0
20230727,XSGE,上期所,FU,12,12,5,0
20230727,XSGE,上期所,HC,12,12,7,0
20230727,XSGE,上期所,NI,12,12,5,0
20230727,XSGE,上期所,PB,12,12,3,0
20230727,XSGE,上期所,RB,12,12,11,0
20230727,XSGE,上期所,RU,10,10,5,0
20230727,XSGE,上期所,SN,12,12,4,0
20230727,XSGE,上期所,SP,12,12,5,0
20230727,XSGE,上期所,SS,12,12,4,0
20230727,XSGE,上期所,ZN,12,12,3,0
20230727,XSIE,能源中心,BC,12,12,2,0
20230727,XSIE,能源中心,LU,12,12,3,0
20230727,XSIE,能源中心,NR,12,12,2,0
20230727,XSIE,能源中心,SC,20,20,3,0
20230728,XDCE,大商所,A,6,6,3,0
20230728,XDCE,大商所,B,12,12,3,0
20230728,XDCE,大商所,C,6,6,4,0
20230728,XDCE,大商所,CS,6,6,3,0
20230728,XDCE,大商所,EB,12,12,3,0
20230728,XDCE,大商所,EG,12,12,4,0
20230728,XDCE,大商所,I,12,12,8,0
20230728,XDCE,大商所,J,12,12,2,0
20230728,XDCE,大商所,JM,12,12,2,0
20230728,XDCE,大商所,L,12,12,5,0
20230728,XDCE,大商所,M,8,8,7,0
20230728,XDCE,大商所,P,12,12,3,0
20230728,XDCE,大商所,PG,12,12,3,0
20230728,XDCE,大商所,PP,12,12,4,0
20230728,XDCE,大商所,RR,12,12,2,0
20230728,XDCE,大商所,V,12,12,4,0
20230728,XDCE,大商所,Y,8,8,4,0
20230728,XSGE,上期所,AG,12,12,8,0
20230728,XSGE,上期所,AL,12,12,3,0
20230728,XSGE,上期所,AO,9,9,2,0
20230728,XSGE,上期所,AU,8,8,4,0
20230728,XSGE,上期所,BR,7,7,0,0
20230728,XSGE,上期所,BU,16,16,4,0
20230728,XSGE,上期所,CU,12,12,4,0
20230728,XSGE,上期所,FU,12,12,6,0
20230728,XSGE,上期所,HC,12,12,5,0
20230728,XSGE,上期所,NI,12,12,3,0
20230728,XSGE,上期所,PB,12,12,5,0
20230728,XSGE,上期所,RB,12,12,10,0
20230728,XSGE,上期所,RU,10,10,5,0
20230728,XSGE,上期所,SN,12,12,4,0
20230728,XSGE,上期所,SP,12,12,7,0
20230728,XSGE,上期所,SS,12,12,5,0
20230728,XSGE,上期所,ZN,12,12,4,0
20230728,XSIE,能源中心,BC,12,12,2,0
20230728,XSIE,能源中心,LU,12,12,3,0
20230728,XSIE,能源中心,NR,12,12,2,0
20230728,XSIE,能源中心,SC,20,20,4,0
20230731,XDCE,大商所,A,6,6,3,0
20230731,XDCE,大商所,B,12,12,3,0
20230731,XDCE,大商所,C,6,6,3,0
20230731,XDCE,大商所,CS,6,6,4,0
20230731,XDCE,大商所,EB,12,12,5,0
20230731,XDCE,大商所,EG,12,12,4,0
20230731,XDCE,大商所,I,12,12,6,0
20230731,XDCE,大商所,J,12,12,2,0
20230731,XDCE,大商所,JM,12,12,4,0
20230731,XDCE,大商所,L,12,12,4,0
20230731,XDCE,大商所,M,8,8,6,0
20230731,XDCE,大商所,P,12,12,3,0
20230731,XDCE,大商所,PG,12,12,3,0
20230731,XDCE,大商所,PP,12,12,4,0
20230731,XDCE,大商所,RR,12,12,3,0
20230731,XDCE,大商所,V,12,12,5,0
20230731,XDCE,大商所,Y,8,8,5,0
20230731,XSGE,上期所,AG,12,12,6,0
20230731,XSGE,上期所,AL,12,12,4,0
20230731,XSGE,上期所,AO,9,9,2,0
20230731,XSGE,上期所,AU,8,8,4,0
20230731,XSGE,上期所,BR,7,7,1,0
20230731,XSGE,上期所,BU,16,16,4,0
20230731,XSGE,上期所,CU,12,12,5,0
20230731,XSGE,上期所,FU,12,12,5,0
20230731,XSGE,上期所,HC,12,12,5,0
20230731,XSGE,上期所,NI,12,12,4,0
20230731,XSGE,上期所,PB,12,12,4,0
20230731,XSGE,上期所,RB,12,12,9,0
20230731,XSGE,上期所,RU,10,10,5,0
20230731,XSGE,上期所,SN,12,12,4,0
20230731,XSGE,上期所,SP,12,12,4,0
20230731,XSGE,上期所,SS,12,12,3,0
20230731,XSGE,上期所,ZN,12,12,4,0
20230731,XSIE,能源中心,BC,12,12,2,0
20230731,XSIE,能源中心,LU,12,12,2,0
20230731,XSIE,能源中心,NR,12,12,4,0
20230731,XSIE,能源中心,SC,20,20,3,0
20230801,XDCE,大商所,A,6,6,3,0
20230801,XDCE,大商所,B,12,12,3,0
20230801,XDCE,大商所,C,6,6,3,0
20230801,XDCE,大商所,CS,6,6,2,0
20230801,XDCE,大商所,EB,12,12,5,0
20230801,XDCE,大商所,EG,12,12,6,0
20230801,XDCE,大商所,I,12,12,5,0
20230801,XDCE,大商所,J,12,12,2,0
20230801,XDCE,大商所,JM,12,12,2,0
20230801,XDCE,大商所,L,12,12,4,0
20230801,XDCE,大商所,M,8,8,6,0
20230801,XDCE,大商所,P,12,12,3,0
20230801,XDCE,大商所,PG,12,12,3,0
20230801,XDCE,大商所,PP,12,12,4,0
20230801,XDCE,大商所,RR,12,12,0,0
20230801,XDCE,大商所,V,12,12,5,0
20230801,XDCE,大商所,Y,8,8,6,0
20230801,XSGE,上期所,AG,12,12,8,0
20230801,XSGE,上期所,AL,12,12,4,0
20230801,XSGE,上期所,AO,9,9,2,0
20230801,XSGE,上期所,AU,8,8,4,0
20230801,XSGE,上期所,BR,7,7,1,0
20230801,XSGE,上期所,BU,16,16,9,0
20230801,XSGE,上期所,CU,12,12,7,0
20230801,XSGE,上期所,FU,12,12,6,0
20230801,XSGE,上期所,HC,12,12,5,0
20230801,XSGE,上期所,NI,12,12,5,0
20230801,XSGE,上期所,PB,12,12,2,0
20230801,XSGE,上期所,RB,12,12,8,0
20230801,XSGE,上期所,RU,10,10,6,0
20230801,XSGE,上期所,SN,12,12,5,0
20230801,XSGE,上期所,SP,12,12,5,0
20230801,XSGE,上期所,SS,12,12,3,0
20230801,XSGE,上期所,ZN,12,12,3,0
20230801,XSIE,能源中心,BC,12,12,2,0
20230801,XSIE,能源中心,LU,12,12,4,0
20230801,XSIE,能源中心,NR,12,12,5,0
20230801,XSIE,能源中心,SC,20,20,4,0
20230802,XDCE,大商所,A,6,6,4,0
20230802,XDCE,大商所,B,12,12,2,0
20230802,XDCE,大商所,C,6,6,3,0
20230802,XDCE,大商所,CS,6,6,3,0
20230802,XDCE,大商所,EB,12,12,7,0
20230802,XDCE,大商所,EG,12,12,4,0
20230802,XDCE,大商所,I,12,12,10,0
20230802,XDCE,大商所,J,12,12,2,0
20230802,XDCE,大商所,JM,12,12,3,0
20230802,XDCE,大商所,L,12,12,5,0
20230802,XDCE,大商所,M,8,8,6,0
20230802,XDCE,大商所,P,12,12,8,0
20230802,XDCE,大商所,PG,12,12,3,0
20230802,XDCE,大商所,PP,12,12,5,0
20230802,XDCE,大商所,RR,12,12,1,0
20230802,XDCE,大商所,V,12,12,5,0
20230802,XDCE,大商所,Y,8,8,3,0
20230802,XSGE,上期所,AG,12,12,8,0
20230802,XSGE,上期所,AL,12,12,3,0
20230802,XSGE,上期所,AO,9,9,2,0
20230802,XSGE,上期所,AU,8,8,3,0
20230802,XSGE,上期所,BR,7,7,1,0
20230802,XSGE,上期所,BU,16,16,9,0
20230802,XSGE,上期所,CU,12,12,6,0
20230802,XSGE,上期所,FU,12,12,4,0
20230802,XSGE,上期所,HC,12,12,6,0
20230802,XSGE,上期所,NI,12,12,6,0
20230802,XSGE,上期所,PB,12,12,4,0
20230802,XSGE,上期所,RB,12,12,10,0
20230802,XSGE,上期所,RU,10,10,5,0
20230802,XSGE,上期所,SN,12,12,3,0
20230802,XSGE,上期所,SP,12,12,4,0
20230802,XSGE,上期所,SS,12,12,4,0
20230802,XSGE,上期所,ZN,12,12,3,0
20230802,XSIE,能源中心,BC,12,12,1,0
20230802,XSIE,能源中心,LU,12,12,3,0
20230802,XSIE,能源中心,NR,12,12,4,0
20230802,XSIE,能源中心,SC,20,20,3,0
20230803,XDCE,大商所,A,6,6,4,0
20230803,XDCE,大商所,B,12,12,5,0
20230803,XDCE,大商所,C,6,6,4,0
20230803,XDCE,大商所,CS,6,6,3,0
20230803,XDCE,大商所,EB,12,12,4,0
20230803,XDCE,大商所,EG,12,12,3,0
20230803,XDCE,大商所,I,12,12,7,0
20230803,XDCE,大商所,J,12,12,2,0
20230803,XDCE,大商所,JM,12,12,3,0
20230803,XDCE,大商所,L,12,12,3,0
20230803,XDCE,大商所,M,8,8,6,0
20230803,XDCE,大商所,P,12,12,6,0
20230803,XDCE,大商所,PG,12,12,3,0
20230803,XDCE,大商所,PP,12,12,3,0
20230803,XDCE,大商所,RR,12,12,1,0
20230803,XDCE,大商所,V,12,12,3,0
20230803,XDCE,大商所,Y,8,8,6,0
20230803,XSGE,上期所,AG,12,12,8,0
20230803,XSGE,上期所,AL,12,12,5,0
20230803,XSGE,上期所,AO,9,7,2,0
20230803,XSGE,上期所,AU,8,8,2,0
20230803,XSGE,上期所,BR,7,7,1,0
20230803,XSGE,上期所,BU,16,16,6,0
20230803,XSGE,上期所,CU,12,12,7,0
20230803,XSGE,上期所,FU,12,12,5,0
20230803,XSGE,上期所,HC,12,12,7,0
20230803,XSGE,上期所,NI,12,12,5,0
20230803,XSGE,上期所,PB,12,12,3,0
20230803,XSGE,上期所,RB,12,12,10,0
20230803,XSGE,上期所,RU,10,10,3,0
20230803,XSGE,上期所,SN,12,12,3,0
20230803,XSGE,上期所,SP,12,12,5,0
20230803,XSGE,上期所,SS,12,12,4,0
20230803,XSGE,上期所,ZN,12,12,4,0
20230803,XSIE,能源中心,BC,12,12,2,0
20230803,XSIE,能源中心,LU,12,12,3,0
20230803,XSIE,能源中心,NR,12,12,3,0
20230803,XSIE,能源中心,SC,20,20,4,0
20230804,XDCE,大商所,A,6,6,3,0
20230804,XDCE,大商所,B,12,12,4,0
20230804,XDCE,大商所,C,6,6,4,0
20230804,XDCE,大商所,CS,6,6,3,0
20230804,XDCE,大商所,EB,12,12,5,0
20230804,XDCE,大商所,EG,12,12,4,0
20230804,XDCE,大商所,I,12,12,9,0
20230804,XDCE,大商所,J,12,12,2,0
20230804,XDCE,大商所,JM,12,12,4,0
20230804,XDCE,大商所,L,12,12,4,0
20230804,XDCE,大商所,M,8,8,6,0
20230804,XDCE,大商所,P,12,12,6,0
20230804,XDCE,大商所,PG,12,12,4,0
20230804,XDCE,大商所,PP,12,12,5,0
20230804,XDCE,大商所,RR,12,12,1,0
20230804,XDCE,大商所,V,12,12,7,0
20230804,XDCE,大商所,Y,8,8,5,0
20230804,XSGE,上期所,AG,12,12,7,0
20230804,XSGE,上期所,AL,12,12,4,0
20230804,XSGE,上期所,AO,9,9,2,0
20230804,XSGE,上期所,AU,8,8,4,0
20230804,XSGE,上期所,BR,7,7,2,0
20230804,XSGE,上期所,BU,16,16,6,0
20230804,XSGE,上期所,CU,12,12,6,0
20230804,XSGE,上期所,FU,12,12,5,0
20230804,XSGE,上期所,HC,12,12,8,0
20230804,XSGE,上期所,NI,12,12,5,0
20230804,XSGE,上期所,PB,12,12,2,0
20230804,XSGE,上期所,RB,12,12,9,0
20230804,XSGE,上期所,RU,10,10,5,0
20230804,XSGE,上期所,SN,12,12,4,0
20230804,XSGE,上期所,SP,12,12,5,0
20230804,XSGE,上期所,SS,12,12,2,0
20230804,XSGE,上期所,ZN,12,12,4,0
20230804,XSIE,能源中心,BC,12,12,1,0
20230804,XSIE,能源中心,LU,12,12,5,0
20230804,XSIE,能源中心,NR,12,12,3,0
20230804,XSIE,能源中心,SC,20,20,5,0
20230807,XDCE,大商所,A,6,6,3,0
20230807,XDCE,大商所,B,12,12,2,0
20230807,XDCE,大商所,C,6,6,5,0
20230807,XDCE,大商所,CS,6,6,3,0
20230807,XDCE,大商所,EB,12,12,4,0
20230807,XDCE,大商所,EG,12,12,3,0
20230807,XDCE,大商所,I,12,12,7,0
20230807,XDCE,大商所,J,12,12,2,0
20230807,XDCE,大商所,JM,12,12,2,0
20230807,XDCE,大商所,L,12,12,5,0
20230807,XDCE,大商所,M,8,8,6,0
20230807,XDCE,大商所,P,12,12,3,0
20230807,XDCE,大商所,PG,12,12,3,0
20230807,XDCE,大商所,PP,12,12,2,0
20230807,XDCE,大商所,RR,12,12,0,0
20230807,XDCE,大商所,V,12,12,3,0
20230807,XDCE,大商所,Y,8,8,6,0
20230807,XSGE,上期所,AG,12,12,8,0
20230807,XSGE,上期所,AL,12,12,3,0
20230807,XSGE,上期所,AO,9,9,3,0
20230807,XSGE,上期所,AU,8,8,4,0
20230807,XSGE,上期所,BR,7,7,2,0
20230807,XSGE,上期所,BU,16,16,7,0
20230807,XSGE,上期所,CU,12,12,4,0
20230807,XSGE,上期所,FU,12,12,6,0
20230807,XSGE,上期所,HC,12,12,4,0
20230807,XSGE,上期所,NI,12,12,6,0
20230807,XSGE,上期所,PB,12,12,2,0
20230807,XSGE,上期所,RB,12,12,10,0
20230807,XSGE,上期所,RU,10,10,3,0
20230807,XSGE,上期所,SN,12,12,3,0
20230807,XSGE,上期所,SP,12,12,3,0
20230807,XSGE,上期所,SS,12,12,4,0
20230807,XSGE,上期所,ZN,12,12,2,0
20230807,XSIE,能源中心,BC,12,12,3,0
20230807,XSIE,能源中心,LU,12,12,4,0
20230807,XSIE,能源中心,NR,12,12,4,0
20230807,XSIE,能源中心,SC,20,20,3,0
20230808,XDCE,大商所,A,6,6,3,0
20230808,XDCE,大商所,B,12,12,2,0
20230808,XDCE,大商所,C,6,6,4,0
20230808,XDCE,大商所,CS,6,6,3,0
20230808,XDCE,大商所,EB,12,12,5,0
20230808,XDCE,大商所,EG,12,12,3,0
20230808,XDCE,大商所,I,12,12,6,0
20230808,XDCE,大商所,J,12,12,3,0
20230808,XDCE,大商所,JM,12,12,2,0
20230808,XDCE,大商所,L,12,12,4,0
20230808,XDCE,大商所,M,8,8,7,0
20230808,XDCE,大商所,P,12,12,4,0
20230808,XDCE,大商所,PG,12,12,3,0
20230808,XDCE,大商所,PP,12,12,5,0
20230808,XDCE,大商所,RR,12,12,2,0
20230808,XDCE,大商所,V,12,12,3,0
20230808,XDCE,大商所,Y,8,8,4,0
20230808,XSGE,上期所,AG,12,12,9,0
20230808,XSGE,上期所,AL,12,12,3,0
20230808,XSGE,上期所,AO,9,9,2,0
20230808,XSGE,上期所,AU,8,8,5,0
20230808,XSGE,上期所,BR,7,7,1,0
20230808,XSGE,上期所,BU,16,16,6,0
20230808,XSGE,上期所,CU,12,12,4,0
20230808,XSGE,上期所,FU,12,12,6,0
20230808,XSGE,上期所,HC,12,12,3,0
20230808,XSGE,上期所,NI,12,12,5,0
20230808,XSGE,上期所,PB,12,12,3,0
20230808,XSGE,上期所,RB,12,12,8,0
20230808,XSGE,上期所,RU,10,10,3,0
20230808,XSGE,上期所,SN,12,12,4,0
20230808,XSGE,上期所,SP,12,12,7,0
20230808,XSGE,上期所,SS,12,12,3,0
20230808,XSGE,上期所,ZN,12,12,5,0
20230808,XSIE,能源中心,BC,12,12,2,0
20230808,XSIE,能源中心,LU,12,12,4,0
20230808,XSIE,能源中心,NR,12,12,2,0
20230808,XSIE,能源中心,SC,20,20,4,0
20230809,XDCE,大商所,A,6,6,4,0
20230809,XDCE,大商所,B,12,12,3,0
20230809,XDCE,大商所,C,6,6,4,0
20230809,XDCE,大商所,CS,6,6,3,0
20230809,XDCE,大商所,EB,12,12,4,0
20230809,XDCE,大商所,EG,12,12,3,0
20230809,XDCE,大商所,I,12,12,9,0
20230809,XDCE,大商所,J,12,12,2,0
20230809,XDCE,大商所,JM,12,12,4,0
20230809,XDCE,大商所,L,12,12,5,0
20230809,XDCE,大商所,M,8,8,5,0
20230809,XDCE,大商所,P,12,12,3,0
20230809,XDCE,大商所,PG,12,12,4,0
20230809,XDCE,大商所,PP,12,12,5,0
20230809,XDCE,大商所,RR,12,12,2,0
20230809,XDCE,大商所,V,12,12,4,0
20230809,XDCE,大商所,Y,8,8,6,0
20230809,XSGE,上期所,AG,12,12,10,0
20230809,XSGE,上期所,AL,12,12,4,0
20230809,XSGE,上期所,AO,9,9,2,0
20230809,XSGE,上期所,AU,8,8,3,0
20230809,XSGE,上期所,BR,7,7,2,0
20230809,XSGE,上期所,BU,16,16,6,0
20230809,XSGE,上期所,CU,12,12,10,0
20230809,XSGE,上期所,FU,12,12,8,0
20230809,XSGE,上期所,HC,12,12,4,0
20230809,XSGE,上期所,NI,12,12,5,0
20230809,XSGE,上期所,PB,12,12,4,0
20230809,XSGE,上期所,RB,12,12,5,0
20230809,XSGE,上期所,RU,10,10,4,0
20230809,XSGE,上期所,SN,12,12,6,0
20230809,XSGE,上期所,SP,12,12,6,0
20230809,XSGE,上期所,SS,12,12,4,0
20230809,XSGE,上期所,ZN,12,12,6,0
20230809,XSIE,能源中心,BC,12,12,2,0
20230809,XSIE,能源中心,LU,12,12,4,0
20230809,XSIE,能源中心,NR,12,12,3,0
20230809,XSIE,能源中心,SC,20,20,6,0
20230810,XDCE,大商所,A,6,6,3,0
20230810,XDCE,大商所,B,12,12,2,0
20230810,XDCE,大商所,C,6,6,5,0
20230810,XDCE,大商所,CS,6,6,4,0
20230810,XDCE,大商所,EB,12,12,4,0
20230810,XDCE,大商所,EG,12,12,3,0
20230810,XDCE,大商所,I,12,12,4,0
20230810,XDCE,大商所,J,12,12,2,0
20230810,XDCE,大商所,JM,12,12,2,0
20230810,XDCE,大商所,L,12,12,5,0
20230810,XDCE,大商所,M,8,8,7,0
20230810,XDCE,大商所,P,12,12,3,0
20230810,XDCE,大商所,PG,12,12,3,0
20230810,XDCE,大商所,PP,12,12,3,0
20230810,XDCE,大商所,RR,12,12,1,0
20230810,XDCE,大商所,V,12,12,5,0
20230810,XDCE,大商所,Y,8,8,4,0
20230810,XSGE,上期所,AG,12,12,10,0
20230810,XSGE,上期所,AL,12,12,3,0
20230810,XSGE,上期所,AO,9,9,2,0
20230810,XSGE,上期所,AU,8,8,3,0
20230810,XSGE,上期所,BR,7,7,1,0
20230810,XSGE,上期所,BU,16,16,6,0
20230810,XSGE,上期所,CU,12,12,5,0
20230810,XSGE,上期所,FU,12,12,8,0
20230810,XSGE,上期所,HC,12,12,4,0
20230810,XSGE,上期所,NI,12,12,5,0
20230810,XSGE,上期所,PB,12,12,3,0
20230810,XSGE,上期所,RB,12,12,9,0
20230810,XSGE,上期所,RU,10,10,5,0
20230810,XSGE,上期所,SN,12,12,3,0
20230810,XSGE,上期所,SP,12,12,4,0
20230810,XSGE,上期所,SS,12,12,4,0
20230810,XSGE,上期所,ZN,12,12,4,0
20230810,XSIE,能源中心,BC,12,12,2,0
20230810,XSIE,能源中心,LU,12,12,4,0
20230810,XSIE,能源中心,NR,12,12,3,0
20230810,XSIE,能源中心,SC,20,20,3,0
20230811,XDCE,大商所,A,6,6,5,0
20230811,XDCE,大商所,B,12,12,3,0
20230811,XDCE,大商所,C,6,6,5,0
20230811,XDCE,大商所,CS,6,6,3,0
20230811,XDCE,大商所,EB,12,12,4,0
20230811,XDCE,大商所,EG,12,12,2,0
20230811,XDCE,大商所,I,12,12,6,0
20230811,XDCE,大商所,J,12,12,2,0
20230811,XDCE,大商所,JM,12,12,3,0
20230811,XDCE,大商所,L,12,12,2,0
20230811,XDCE,大商所,M,8,8,5,0
20230811,XDCE,大商所,P,12,12,3,0
20230811,XDCE,大商所,PG,12,12,4,0
20230811,XDCE,大商所,PP,12,12,4,0
20230811,XDCE,大商所,RR,12,12,3,0
20230811,XDCE,大商所,V,12,12,5,0
20230811,XDCE,大商所,Y,8,8,5,0
20230811,XSGE,上期所,AG,12,12,5,0
20230811,XSGE,上期所,AL,12,12,3,0
20230811,XSGE,上期所,AO,9,9,1,0
20230811,XSGE,上期所,AU,8,8,3,0
20230811,XSGE,上期所,BR,7,7,1,0
20230811,XSGE,上期所,BU,16,16,7,0
20230811,XSGE,上期所,CU,12,12,6,0
20230811,XSGE,上期所,FU,12,12,5,0
20230811,XSGE,上期所,HC,12,12,4,0
20230811,XSGE,上期所,NI,12,12,3,0
20230811,XSGE,上期所,PB,12,12,2,0
20230811,XSGE,上期所,RB,12,12,10,0
20230811,XSGE,上期所,RU,10,10,3,0
20230811,XSGE,上期所,SN,12,12,3,0
20230811,XSGE,上期所,SP,12,12,6,0
20230811,XSGE,上期所,SS,12,12,4,0
20230811,XSGE,上期所,ZN,12,12,3,0
20230811,XSIE,能源中心,BC,12,12,3,0
20230811,XSIE,能源中心,LU,12,12,3,0
20230811,XSIE,能源中心,NR,12,12,3,0
20230811,XSIE,能源中心,SC,20,20,6,0
20230814,XDCE,大商所,A,6,6,3,0
20230814,XDCE,大商所,B,12,12,6,0
20230814,XDCE,大商所,C,6,6,5,0
20230814,XDCE,大商所,CS,6,6,4,0
20230814,XDCE,大商所,EB,12,12,6,0
20230814,XDCE,大商所,EG,12,12,5,0
20230814,XDCE,大商所,I,12,12,5,0
20230814,XDCE,大商所,J,12,12,2,0
20230814,XDCE,大商所,JM,12,12,3,0
20230814,XDCE,大商所,L,12,12,5,0
20230814,XDCE,大商所,M,8,8,5,0
20230814,XDCE,大商所,P,12,12,3,0
20230814,XDCE,大商所,PG,12,12,2,0
20230814,XDCE,大商所,PP,12,12,4,0
20230814,XDCE,大商所,RR,12,12,2,0
20230814,XDCE,大商所,V,12,12,6,0
20230814,XDCE,大商所,Y,8,8,4,0
20230814,XSGE,上期所,AG,12,12,6,0
20230814,XSGE,上期所,AL,12,12,5,0
20230814,XSGE,上期所,AO,9,9,2,0
20230814,XSGE,上期所,AU,8,8,3,0
20230814,XSGE,上期所,BR,7,7,1,0
20230814,XSGE,上期所,BU,16,16,7,0
20230814,XSGE,上期所,CU,12,12,5,0
20230814,XSGE,上期所,FU,12,12,6,0
20230814,XSGE,上期所,HC,12,12,4,0
20230814,XSGE,上期所,NI,12,12,4,0
20230814,XSGE,上期所,PB,12,12,3,0
20230814,XSGE,上期所,RB,12,12,9,0
20230814,XSGE,上期所,RU,10,10,5,0
20230814,XSGE,上期所,SN,12,12,4,0
20230814,XSGE,上期所,SP,12,12,7,0
20230814,XSGE,上期所,SS,12,12,5,0
20230814,XSGE,上期所,ZN,12,12,4,0
20230814,XSIE,能源中心,BC,12,12,2,0
20230814,XSIE,能源中心,LU,12,12,3,0
20230814,XSIE,能源中心,NR,12,12,3,0
20230814,XSIE,能源中心,SC,20,20,4,0
20230815,XDCE,大商所,A,6,6,3,0
20230815,XDCE,大商所,B,12,12,3,0
20230815,XDCE,大商所,C,6,6,4,0
20230815,XDCE,大商所,CS,6,6,3,0
20230815,XDCE,大商所,EB,12,12,7,0
20230815,XDCE,大商所,EG,12,12,3,0
20230815,XDCE,大商所,I,12,12,8,0
20230815,XDCE,大商所,J,12,12,2,0
20230815,XDCE,大商所,JM,12,12,3,0
20230815,XDCE,大商所,L,12,12,5,0
20230815,XDCE,大商所,M,8,8,6,0
20230815,XDCE,大商所,P,12,12,3,0
20230815,XDCE,大商所,PG,12,12,5,0
20230815,XDCE,大商所,PP,12,12,4,0
20230815,XDCE,大商所,RR,12,12,3,0
20230815,XDCE,大商所,V,12,12,4,0
20230815,XDCE,大商所,Y,8,8,6,0
20230815,XSGE,上期所,AG,12,12,9,0
20230815,XSGE,上期所,AL,12,12,4,0
20230815,XSGE,上期所,AO,9,9,2,0
20230815,XSGE,上期所,AU,8,8,2,0
20230815,XSGE,上期所,BR,7,7,2,0
20230815,XSGE,上期所,BU,16,16,5,0
20230815,XSGE,上期所,CU,12,12,5,0
20230815,XSGE,上期所,FU,12,12,5,0
20230815,XSGE,上期所,HC,12,12,4,0
20230815,XSGE,上期所,NI,12,12,4,0
20230815,XSGE,上期所,PB,12,12,4,0
20230815,XSGE,上期所,RB,12,12,9,0
20230815,XSGE,上期所,RU,10,10,6,0
20230815,XSGE,上期所,SN,12,12,4,0
20230815,XSGE,上期所,SP,12,12,7,0
20230815,XSGE,上期所,SS,12,12,3,0
20230815,XSGE,上期所,ZN,12,12,3,0
20230815,XSIE,能源中心,BC,12,12,1,0
20230815,XSIE,能源中心,LU,12,12,3,0
20230815,XSIE,能源中心,NR,12,12,3,0
20230815,XSIE,能源中心,SC,20,20,3,0
20230816,XDCE,大商所,A,6,6,3,0
20230816,XDCE,大商所,B,12,12,3,0
20230816,XDCE,大商所,C,6,6,4,0
20230816,XDCE,大商所,CS,6,6,3,0
20230816,XDCE,大商所,EB,12,12,6,0
20230816,XDCE,大商所,EG,12,12,4,0
20230816,XDCE,大商所,I,12,12,6,0
20230816,XDCE,大商所,J,12,12,2,0
20230816,XDCE,大商所,JM,12,12,4,0
20230816,XDCE,大商所,L,12,12,4,0
20230816,XDCE,大商所,M,8,8,7,0
20230816,XDCE,大商所,P,12,12,4,0
20230816,XDCE,大商所,PG,12,12,4,0
20230816,XDCE,大商所,PP,12,12,5,0
20230816,XDCE,大商所,RR,12,12,1,0
20230816,XDCE,大商所,V,12,12,3,0
20230816,XDCE,大商所,Y,8,8,6,0
20230816,XSGE,上期所,AG,12,12,7,0
20230816,XSGE,上期所,AL,12,12,4,0
20230816,XSGE,上期所,AO,10,9,2,0
20230816,XSGE,上期所,AU,8,8,3,0
20230816,XSGE,上期所,BR,8,8,1,0
20230816,XSGE,上期所,BU,16,16,7,0
20230816,XSGE,上期所,CU,12,12,9,0
20230816,XSGE,上期所,FU,12,12,6,0
20230816,XSGE,上期所,HC,12,12,3,0
20230816,XSGE,上期所,NI,12,12,5,0
20230816,XSGE,上期所,PB,12,12,2,0
20230816,XSGE,上期所,RB,12,12,7,0
20230816,XSGE,上期所,RU,10,10,4,0
20230816,XSGE,上期所,SN,12,12,5,0
20230816,XSGE,上期所,SP,12,12,5,0
20230816,XSGE,上期所,SS,12,12,4,0
20230816,XSGE,上期所,ZN,12,12,5,0
20230816,XSIE,能源中心,BC,12,12,1,0
20230816,XSIE,能源中心,LU,12,12,4,0
20230816,XSIE,能源中心,NR,12,12,3,0
20230816,XSIE,能源中心,SC,20,20,3,0
20230817,XDCE,大商所,A,6,6,4,0
20230817,XDCE,大商所,B,12,12,3,0
20230817,XDCE,大商所,C,6,6,5,0
20230817,XDCE,大商所,CS,6,6,3,0
20230817,XDCE,大商所,EB,12,12,6,0
20230817,XDCE,大商所,EG,12,12,3,0
20230817,XDCE,大商所,I,12,12,5,0
20230817,XDCE,大商所,J,12,12,3,0
20230817,XDCE,大商所,JM,12,12,4,0
20230817,XDCE,大商所,L,12,12,3,0
20230817,XDCE,大商所,M,8,8,6,0
20230817,XDCE,大商所,P,12,12,6,0
20230817,XDCE,大商所,PG,12,12,4,0
20230817,XDCE,大商所,PP,12,12,6,0
20230817,XDCE,大商所,RR,12,12,2,0
20230817,XDCE,大商所,V,12,12,4,0
20230817,XDCE,大商所,Y,8,8,5,0
20230817,XSGE,上期所,AG,12,12,3,0
20230817,XSGE,上期所,AL,12,12,4,0
20230817,XSGE,上期所,AO,10,9,2,0
20230817,XSGE,上期所,AU,8,8,3,0
20230817,XSGE,上期所,BR,8,8,2,0
20230817,XSGE,上期所,BU,16,16,7,0
20230817,XSGE,上期所,CU,12,12,5,0
20230817,XSGE,上期所,FU,12,12,6,0
20230817,XSGE,上期所,HC,12,12,3,0
20230817,XSGE,上期所,NI,12,12,5,0
20230817,XSGE,上期所,PB,12,12,3,0
20230817,XSGE,上期所,RB,12,12,7,0
20230817,XSGE,上期所,RU,10,10,5,0
20230817,XSGE,上期所,SN,12,12,3,0
20230817,XSGE,上期所,SP,12,12,5,0
20230817,XSGE,上期所,SS,12,12,3,0
20230817,XSGE,上期所,ZN,12,12,3,0
20230817,XSIE,能源中心,BC,12,12,2,0
20230817,XSIE,能源中心,LU,12,12,4,0
20230817,XSIE,能源中心,NR,12,12,2,0
20230817,XSIE,能源中心,SC,20,20,4,0
20230818,XDCE,大商所,A,6,6,3,0
20230818,XDCE,大商所,B,12,12,4,0
20230818,XDCE,大商所,C,6,6,5,0
20230818,XDCE,大商所,CS,6,6,3,0
20230818,XDCE,大商所,EB,12,12,4,0
20230818,XDCE,大商所,EG,12,12,3,0
20230818,XDCE,大商所,I,12,12,6,0
20230818,XDCE,大商所,J,12,12,2,0
20230818,XDCE,大商所,JM,12,12,4,0
20230818,XDCE,大商所,L,12,12,2,0
20230818,XDCE,大商所,M,8,8,7,0
20230818,XDCE,大商所,P,12,12,6,0
20230818,XDCE,大商所,PG,12,12,4,0
20230818,XDCE,大商所,PP,12,12,4,0
20230818,XDCE,大商所,RR,12,12,0,0
20230818,XDCE,大商所,V,12,12,4,0
20230818,XDCE,大商所,Y,8,8,5,0
20230818,XSGE,上期所,AG,12,12,5,0
20230818,XSGE,上期所,AL,12,12,5,0
20230818,XSGE,上期所,AO,10,6,2,0
20230818,XSGE,上期所,AU,8,8,3,0
20230818,XSGE,上期所,BR,8,8,1,0
20230818,XSGE,上期所,BU,16,16,6,0
20230818,XSGE,上期所,CU,12,12,5,0
20230818,XSGE,上期所,FU,12,12,6,0
20230818,XSGE,上期所,HC,12,12,4,0
20230818,XSGE,上期所,NI,12,12,6,0
20230818,XSGE,上期所,PB,12,12,3,0
20230818,XSGE,上期所,RB,12,12,4,0
20230818,XSGE,上期所,RU,10,10,4,0
20230818,XSGE,上期所,SN,12,12,4,0
20230818,XSGE,上期所,SP,12,12,6,0
20230818,XSGE,上期所,SS,12,12,3,0
20230818,XSGE,上期所,ZN,12,12,4,0
20230818,XSIE,能源中心,BC,12,12,1,0
20230818,XSIE,能源中心,LU,12,12,3,0
20230818,XSIE,能源中心,NR,12,12,3,0
20230818,XSIE,能源中心,SC,20,20,4,0
20230821,XDCE,大商所,A,6,6,3,0
20230821,XDCE,大商所,B,12,12,3,0
20230821,XDCE,大商所,C,6,6,5,0
20230821,XDCE,大商所,CS,6,6,3,0
20230821,XDCE,大商所,EB,12,12,4,0
20230821,XDCE,大商所,EG,12,12,3,0
20230821,XDCE,大商所,I,12,12,5,0
20230821,XDCE,大商所,J,12,12,2,0
20230821,XDCE,大商所,JM,12,12,2,0
20230821,XDCE,大商所,L,12,12,4,0
20230821,XDCE,大商所,M,8,8,7,0
20230821,XDCE,大商所,P,12,12,7,0
20230821,XDCE,大商所,PG,12,12,4,0
20230821,XDCE,大商所,PP,12,12,5,0
20230821,XDCE,大商所,RR,12,12,1,0
20230821,XDCE,大商所,V,12,12,5,0
20230821,XDCE,大商所,Y,8,8,6,0
20230821,XSGE,上期所,AG,12,12,5,0
20230821,XSGE,上期所,AL,12,12,2,0
20230821,XSGE,上期所,AO,10,6,2,0
20230821,XSGE,上期所,AU,8,8,3,0
20230821,XSGE,上期所,BR,8,8,1,0
20230821,XSGE,上期所,BU,16,16,4,0
20230821,XSGE,上期所,CU,12,12,6,0
20230821,XSGE,上期所,FU,12,12,7,0
20230821,XSGE,上期所,HC,12,12,4,0
20230821,XSGE,上期所,NI,12,12,5,0
20230821,XSGE,上期所,PB,12,12,2,0
20230821,XSGE,上期所,RB,12,12,6,0
20230821,XSGE,上期所,RU,10,10,4,0
20230821,XSGE,上期所,SN,12,12,3,0
20230821,XSGE,上期所,SP,12,12,6,0
20230821,XSGE,上期所,SS,12,12,3,0
20230821,XSGE,上期所,ZN,12,12,4,0
20230821,XSIE,能源中心,BC,12,12,1,0
20230821,XSIE,能源中心,LU,12,12,4,0
20230821,XSIE,能源中心,NR,12,12,3,0
20230821,XSIE,能源中心,SC,20,20,5,0
20230822,XDCE,大商所,A,6,6,3,0
20230822,XDCE,大商所,B,12,12,3,0
20230822,XDCE,大商所,C,6,6,4,0
20230822,XDCE,大商所,CS,6,6,3,0
20230822,XDCE,大商所,EB,12,12,4,0
20230822,XDCE,大商所,EG,12,12,5,0
20230822,XDCE,大商所,I,12,12,5,0
20230822,XDCE,大商所,J,12,12,2,0
20230822,XDCE,大商所,JM,12,12,3,0
20230822,XDCE,大商所,L,12,12,5,0
20230822,XDCE,大商所,M,8,8,7,0
20230822,XDCE,大商所,P,12,12,4,0
20230822,XDCE,大商所,PG,12,12,4,0
20230822,XDCE,大商所,PP,12,12,5,0
20230822,XDCE,大商所,RR,12,12,1,0
20230822,XDCE,大商所,V,12,12,4,0
20230822,XDCE,大商所,Y,8,8,5,0
20230822,XSGE,上期所,AG,12,12,8,0
20230822,XSGE,上期所,AL,12,12,5,0
20230822,XSGE,上期所,AO,10,7,2,0
20230822,XSGE,上期所,AU,8,8,4,0
20230822,XSGE,上期所,BR,8,8,2,0
20230822,XSGE,上期所,BU,16,16,3,0
20230822,XSGE,上期所,CU,12,12,5,0
20230822,XSGE,上期所,FU,12,12,6,0
20230822,XSGE,上期所,HC,12,12,4,0
20230822,XSGE,上期所,NI,12,12,3,0
20230822,XSGE,上期所,PB,12,12,3,0
20230822,XSGE,上期所,RB,12,12,7,0
20230822,XSGE,上期所,RU,10,10,4,0
20230822,XSGE,上期所,SN,12,12,3,0
20230822,XSGE,上期所,SP,12,12,5,0
20230822,XSGE,上期所,SS,12,12,3,0
20230822,XSGE,上期所,ZN,12,12,4,0
20230822,XSIE,能源中心,BC,12,12,4,0
20230822,XSIE,能源中心,LU,12,12,4,0
20230822,XSIE,能源中心,NR,12,12,3,0
20230822,XSIE,能源中心,SC,20,20,4,0
20230823,XDCE,大商所,A,6,6,3,0
20230823,XDCE,大商所,B,12,12,3,0
20230823,XDCE,大商所,C,6,6,4,0
20230823,XDCE,大商所,CS,6,6,3,0
20230823,XDCE,大商所,EB,12,12,6,0
20230823,XDCE,大商所,EG,12,12,3,0
20230823,XDCE,大商所,I,12,12,6,0
20230823,XDCE,大商所,J,12,12,4,0
20230823,XDCE,大商所,JM,12,12,3,0
20230823,XDCE,大商所,L,12,12,7,0
20230823,XDCE,大商所,M,8,8,7,0
20230823,XDCE,大商所,P,12,12,5,0
20230823,XDCE,大商所,PG,12,12,3,0
20230823,XDCE,大商所,PP,12,12,4,0
20230823,XDCE,大商所,RR,12,12,3,0
20230823,XDCE,大商所,V,12,12,6,0
20230823,XDCE,大商所,Y,8,8,4,0
20230823,XSGE,上期所,AG,12,12,5,0
20230823,XSGE,上期所,AL,12,12,4,0
20230823,XSGE,上期所,AO,10,9,2,0
20230823,XSGE,上期所,AU,8,8,4,0
20230823,XSGE,上期所,BR,8,8,2,0
20230823,XSGE,上期所,BU,16,16,5,0
20230823,XSGE,上期所,CU,12,12,5,0
20230823,XSGE,上期所,FU,12,12,7,0
20230823,XSGE,上期所,HC,12,12,4,0
20230823,XSGE,上期所,NI,12,12,5,0
20230823,XSGE,上期所,PB,12,12,3,0
20230823,XSGE,上期所,RB,12,12,5,0
20230823,XSGE,上期所,RU,10,10,5,0
20230823,XSGE,上期所,SN,12,12,2,0
20230823,XSGE,上期所,SP,12,12,6,0
20230823,XSGE,上期所,SS,12,12,3,0
20230823,XSGE,上期所,ZN,12,12,3,0
20230823,XSIE,能源中心,BC,12,12,1,0
20230823,XSIE,能源中心,LU,12,12,1,0
20230823,XSIE,能源中心,NR,12,12,2,0
20230823,XSIE,能源中心,SC,20,20,3,0
20230824,XDCE,大商所,A,6,6,4,0
20230824,XDCE,大商所,B,12,12,4,0
20230824,XDCE,大商所,C,6,6,4,0
20230824,XDCE,大商所,CS,6,6,2,0
20230824,XDCE,大商所,EB,12,12,6,0
20230824,XDCE,大商所,EG,12,12,4,0
20230824,XDCE,大商所,I,12,12,6,0
20230824,XDCE,大商所,J,12,12,3,0
20230824,XDCE,大商所,JM,12,12,6,0
20230824,XDCE,大商所,L,12,12,5,0
20230824,XDCE,大商所,M,8,8,7,0
20230824,XDCE,大商所,P,12,12,5,0
20230824,XDCE,大商所,PG,12,12,5,0
20230824,XDCE,大商所,PP,12,12,7,0
20230824,XDCE,大商所,RR,12,12,2,0
20230824,XDCE,大商所,V,12,12,5,0
20230824,XDCE,大商所,Y,8,8,5,0
20230824,XSGE,上期所,AG,12,12,9,0
20230824,XSGE,上期所,AL,12,12,3,0
20230824,XSGE,上期所,AO,10,5,2,0
20230824,XSGE,上期所,AU,8,8,3,0
20230824,XSGE,上期所,BR,8,8,2,0
20230824,XSGE,上期所,BU,16,16,4,0
20230824,XSGE,上期所,CU,12,12,3,0
20230824,XSGE,上期所,FU,12,12,7,0
20230824,XSGE,上期所,HC,12,12,3,0
20230824,XSGE,上期所,NI,12,12,4,0
20230824,XSGE,上期所,PB,12,12,3,0
20230824,XSGE,上期所,RB,12,12,5,0
20230824,XSGE,上期所,RU,10,10,6,0
20230824,XSGE,上期所,SN,12,12,3,0
20230824,XSGE,上期所,SP,12,12,5,0
20230824,XSGE,上期所,SS,12,12,3,0
20230824,XSGE,上期所,ZN,12,12,3,0
20230824,XSIE,能源中心,BC,12,12,3,0
20230824,XSIE,能源中心,LU,12,12,4,0
20230824,XSIE,能源中心,NR,12,12,3,0
20230824,XSIE,能源中心,SC,20,20,5,0
20230825,XDCE,大商所,A,6,6,3,0
20230825,XDCE,大商所,B,12,12,3,0
20230825,XDCE,大商所,C,6,6,5,0
20230825,XDCE,大商所,CS,6,6,3,0
20230825,XDCE,大商所,EB,12,12,3,0
20230825,XDCE,大商所,EG,12,12,3,0
20230825,XDCE,大商所,I,12,12,7,0
20230825,XDCE,大商所,J,12,12,2,0
20230825,XDCE,大商所,JM,12,12,3,0
20230825,XDCE,大商所,L,12,12,5,0
20230825,XDCE,大商所,M,8,8,6,0
20230825,XDCE,大商所,P,12,12,6,0
20230825,XDCE,大商所,PG,12,12,3,0
20230825,XDCE,大商所,PP,12,12,5,0
20230825,XDCE,大商所,RR,12,12,1,0
20230825,XDCE,大商所,V,12,12,3,0
20230825,XDCE,大商所,Y,8,8,6,0
20230825,XSGE,上期所,AG,12,12,4,0
20230825,XSGE,上期所,AL,12,12,4,0
20230825,XSGE,上期所,AO,10,10,2,0
20230825,XSGE,上期所,AU,8,8,3,0
20230825,XSGE,上期所,BR,8,8,2,0
20230825,XSGE,上期所,BU,16,16,7,0
20230825,XSGE,上期所,CU,12,12,4,0
20230825,XSGE,上期所,FU,12,12,6,0
20230825,XSGE,上期所,HC,12,12,5,0
20230825,XSGE,上期所,NI,12,12,4,0
20230825,XSGE,上期所,PB,12,12,3,0
20230825,XSGE,上期所,RB,12,12,7,0
20230825,XSGE,上期所,RU,10,10,6,0
20230825,XSGE,上期所,SN,12,12,2,0
20230825,XSGE,上期所,SP,12,12,5,0
20230825,XSGE,上期所,SS,12,12,2,0
20230825,XSGE,上期所,ZN,12,12,4,0
20230825,XSIE,能源中心,BC,12,12,2,0
20230825,XSIE,能源中心,LU,12,12,3,0
20230825,XSIE,能源中心,NR,12,12,3,0
20230825,XSIE,能源中心,SC,20,20,4,0
20230828,XDCE,大商所,A,6,6,3,0
20230828,XDCE,大商所,B,12,12,3,0
20230828,XDCE,大商所,C,6,6,4,0
20230828,XDCE,大商所,CS,6,6,3,0
20230828,XDCE,大商所,EB,12,12,5,0
20230828,XDCE,大商所,EG,12,12,5,0
20230828,XDCE,大商所,I,12,12,6,0
20230828,XDCE,大商所,J,12,12,2,0
20230828,XDCE,大商所,JM,12,12,4,0
20230828,XDCE,大商所,L,12,12,4,0
20230828,XDCE,大商所,M,8,8,6,0
20230828,XDCE,大商所,P,12,12,5,0
20230828,XDCE,大商所,PG,12,12,3,0
20230828,XDCE,大商所,PP,12,12,4,0
20230828,XDCE,大商所,RR,12,12,1,0
20230828,XDCE,大商所,V,12,12,4,0
20230828,XDCE,大商所,Y,8,8,5,0
20230828,XSGE,上期所,AG,12,12,8,0
20230828,XSGE,上期所,AL,12,12,3,0
20230828,XSGE,上期所,AO,10,7,2,0
20230828,XSGE,上期所,AU,8,8,3,0
20230828,XSGE,上期所,BR,8,8,2,0
20230828,XSGE,上期所,BU,16,16,5,0
20230828,XSGE,上期所,CU,12,12,5,0
20230828,XSGE,上期所,FU,12,12,6,0
20230828,XSGE,上期所,HC,12,12,4,0
20230828,XSGE,上期所,NI,12,12,4,0
20230828,XSGE,上期所,PB,12,12,4,0
20230828,XSGE,上期所,RB,12,12,5,0
20230828,XSGE,上期所,RU,10,10,6,0
20230828,XSGE,上期所,SN,12,12,3,0
20230828,XSGE,上期所,SP,12,12,5,0
20230828,XSGE,上期所,SS,12,12,3,0
20230828,XSGE,上期所,ZN,12,12,3,0
20230828,XSIE,能源中心,BC,12,12,4,0
20230828,XSIE,能源中心,LU,12,12,4,0
20230828,XSIE,能源中心,NR,12,12,4,0
20230828,XSIE,能源中心,SC,20,20,4,0
20230829,XDCE,大商所,A,6,6,3,0
20230829,XDCE,大商所,B,12,12,4,0
20230829,XDCE,大商所,C,6,6,4,0
20230829,XDCE,大商所,CS,6,6,3,0
20230829,XDCE,大商所,EB,12,12,5,0
20230829,XDCE,大商所,EG,12,12,4,0
20230829,XDCE,大商所,I,12,12,7,0
20230829,XDCE,大商所,J,12,12,2,0
20230829,XDCE,大商所,JM,12,12,5,0
20230829,XDCE,大商所,L,12,12,5,0
20230829,XDCE,大商所,M,8,8,6,0
20230829,XDCE,大商所,P,12,12,4,0
20230829,XDCE,大商所,PG,12,12,6,0
20230829,XDCE,大商所,PP,12,12,5,0
20230829,XDCE,大商所,RR,12,12,1,0
20230829,XDCE,大商所,V,12,12,7,0
20230829,XDCE,大商所,Y,8,8,4,0
20230829,XSGE,上期所,AG,12,12,7,0
20230829,XSGE,上期所,AL,12,12,5,0
20230829,XSGE,上期所,AO,10,8,2,0
20230829,XSGE,上期所,AU,8,8,2,0
20230829,XSGE,上期所,BR,8,8,2,0
20230829,XSGE,上期所,BU,16,16,5,0
20230829,XSGE,上期所,CU,12,12,5,0
20230829,XSGE,上期所,FU,12,12,5,0
20230829,XSGE,上期所,HC,12,12,6,0
20230829,XSGE,上期所,NI,12,12,5,0
20230829,XSGE,上期所,PB,12,12,2,0
20230829,XSGE,上期所,RB,12,12,9,0
20230829,XSGE,上期所,RU,10,10,5,0
20230829,XSGE,上期所,SN,12,12,3,0
20230829,XSGE,上期所,SP,12,12,7,0
20230829,XSGE,上期所,SS,12,12,4,0
20230829,XSGE,上期所,ZN,12,12,3,0
20230829,XSIE,能源中心,BC,12,12,3,0
20230829,XSIE,能源中心,LU,12,12,4,0
20230829,XSIE,能源中心,NR,12,12,4,0
20230829,XSIE,能源中心,SC,20,20,3,0
20230830,XDCE,大商所,A,6,6,3,0
20230830,XDCE,大商所,B,12,12,3,0
20230830,XDCE,大商所,C,6,6,4,0
20230830,XDCE,大商所,CS,6,6,3,0
20230830,XDCE,大商所,EB,12,12,4,0
20230830,XDCE,大商所,EG,12,12,6,0
20230830,XDCE,大商所,I,12,12,7,0
20230830,XDCE,大商所,J,12,12,3,0
20230830,XDCE,大商所,JM,12,12,4,0
20230830,XDCE,大商所,L,12,12,6,0
20230830,XDCE,大商所,M,8,8,8,0
20230830,XDCE,大商所,P,12,12,6,0
20230830,XDCE,大商所,PG,12,12,4,0
20230830,XDCE,大商所,PP,12,12,6,0
20230830,XDCE,大商所,RR,12,12,3,0
20230830,XDCE,大商所,V,12,12,6,0
20230830,XDCE,大商所,Y,8,8,4,0
20230830,XSGE,上期所,AG,12,12,7,0
20230830,XSGE,上期所,AL,12,12,4,0
20230830,XSGE,上期所,AO,10,8,2,0
20230830,XSGE,上期所,AU,8,8,3,0
20230830,XSGE,上期所,BR,8,8,1,0
20230830,XSGE,上期所,BU,16,16,7,0
20230830,XSGE,上期所,CU,12,12,6,0
20230830,XSGE,上期所,FU,12,12,5,0
20230830,XSGE,上期所,HC,12,12,6,0
20230830,XSGE,上期所,NI,12,12,3,0
20230830,XSGE,上期所,PB,12,12,4,0
20230830,XSGE,上期所,RB,12,12,11,0
20230830,XSGE,上期所,RU,10,10,4,0
20230830,XSGE,上期所,SN,12,12,3,0
20230830,XSGE,上期所,SP,12,12,7,0
20230830,XSGE,上期所,SS,12,12,3,0
20230830,XSGE,上期所,ZN,12,12,3,0
20230830,XSIE,能源中心,BC,12,12,3,0
20230830,XSIE,能源中心,LU,12,12,4,0
20230830,XSIE,能源中心,NR,12,12,4,0
20230830,XSIE,能源中心,SC,20,20,2,0
20230831,XDCE,大商所,A,6,6,3,0
20230831,XDCE,大商所,B,12,12,5,0
20230831,XDCE,大商所,C,6,6,5,0
20230831,XDCE,大商所,CS,6,6,4,0
20230831,XDCE,大商所,EB,12,12,5,0
20230831,XDCE,大商所,EG,12,12,6,0
20230831,XDCE,大商所,I,12,12,5,0
20230831,XDCE,大商所,J,12,12,2,0
20230831,XDCE,大商所,JM,12,12,2,0
20230831,XDCE,大商所,L,12,12,7,0
20230831,XDCE,大商所,M,8,8,8,0
20230831,XDCE,大商所,P,12,12,9,0
20230831,XDCE,大商所,PG,12,12,6,0
20230831,XDCE,大商所,PP,12,12,6,0
20230831,XDCE,大商所,RR,12,12,2,0
20230831,XDCE,大商所,V,12,12,6,0
20230831,XDCE,大商所,Y,8,8,5,0
20230831,XSGE,上期所,AG,12,12,10,0
20230831,XSGE,上期所,AL,12,12,5,0
20230831,XSGE,上期所,AO,10,10,2,0
20230831,XSGE,上期所,AU,8,8,3,0
20230831,XSGE,上期所,BR,8,8,2,0
20230831,XSGE,上期所,BU,16,16,7,0
20230831,XSGE,上期所,CU,12,12,5,0
20230831,XSGE,上期所,FU,12,12,7,0
20230831,XSGE,上期所,HC,12,12,4,0
20230831,XSGE,上期所,NI,12,12,5,0
20230831,XSGE,上期所,PB,12,12,3,0
20230831,XSGE,上期所,RB,12,12,11,0
20230831,XSGE,上期所,RU,10,10,4,0
20230831,XSGE,上期所,SN,12,12,4,0
20230831,XSGE,上期所,SP,12,12,9,0
20230831,XSGE,上期所,SS,12,12,2,0
20230831,XSGE,上期所,ZN,12,12,5,0
20230831,XSIE,能源中心,BC,12,12,2,0
20230831,XSIE,能源中心,LU,12,12,3,0
20230831,XSIE,能源中心,NR,12,12,5,0
20230831,XSIE,能源中心,SC,20,20,2,0
20230901,XDCE,大商所,A,6,6,3,0
20230901,XDCE,大商所,B,12,12,2,0
20230901,XDCE,大商所,C,6,6,3,0
20230901,XDCE,大商所,CS,6,6,4,0
20230901,XDCE,大商所,EB,12,12,5,0
20230901,XDCE,大商所,EG,12,12,6,0
20230901,XDCE,大商所,I,12,12,8,0
20230901,XDCE,大商所,J,12,12,2,0
20230901,XDCE,大商所,JM,12,12,1,0
20230901,XDCE,大商所,L,12,12,4,0
20230901,XDCE,大商所,M,8,8,7,0
20230901,XDCE,大商所,P,12,12,5,0
20230901,XDCE,大商所,PG,12,12,5,0
20230901,XDCE,大商所,PP,12,12,6,0
20230901,XDCE,大商所,RR,12,12,0,0
20230901,XDCE,大商所,V,12,12,6,0
20230901,XDCE,大商所,Y,8,8,6,0
20230901,XSGE,上期所,AG,12,12,7,0
20230901,XSGE,上期所,AL,12,12,6,0
20230901,XSGE,上期所,AO,10,10,2,0
20230901,XSGE,上期所,AU,8,8,6,0
20230901,XSGE,上期所,BR,8,8,2,0
20230901,XSGE,上期所,BU,16,16,4,0
20230901,XSGE,上期所,CU,12,12,6,0
20230901,XSGE,上期所,FU,12,12,5,0
20230901,XSGE,上期所,HC,12,12,4,0
20230901,XSGE,上期所,NI,12,12,5,0
20230901,XSGE,上期所,PB,12,12,3,0
20230901,XSGE,上期所,RB,12,12,8,0
20230901,XSGE,上期所,RU,10,10,6,0
20230901,XSGE,上期所,SN,12,12,3,0
20230901,XSGE,上期所,SP,12,12,6,0
20230901,XSGE,上期所,SS,12,12,2,0
20230901,XSGE,上期所,ZN,12,12,3,0
20230901,XSIE,能源中心,BC,12,12,2,0
20230901,XSIE,能源中心,LU,12,12,3,0
20230901,XSIE,能源中心,NR,12,12,3,0
20230901,XSIE,能源中心,SC,20,20,3,0
20230904,XDCE,大商所,A,6,6,3,0
20230904,XDCE,大商所,B,12,12,2,0
20230904,XDCE,大商所,C,6,6,5,0
20230904,XDCE,大商所,CS,6,6,3,0
20230904,XDCE,大商所,EB,12,12,3,0
20230904,XDCE,大商所,EG,12,12,5,0
20230904,XDCE,大商所,I,12,12,7,0
20230904,XDCE,大商所,J,12,12,1,0
20230904,XDCE,大商所,JM,12,12,2,0
20230904,XDCE,大商所,L,12,12,6,0
20230904,XDCE,大商所,M,8,8,6,0
20230904,XDCE,大商所,P,12,12,5,0
20230904,XDCE,大商所,PG,12,12,4,0
20230904,XDCE,大商所,PP,12,12,5,0
20230904,XDCE,大商所,RR,12,12,1,0
20230904,XDCE,大商所,V,12,12,7,0
20230904,XDCE,大商所,Y,8,8,4,0
20230904,XSGE,上期所,AG,12,12,8,0
20230904,XSGE,上期所,AL,12,12,4,0
20230904,XSGE,上期所,AO,10,10,2,0
20230904,XSGE,上期所,AU,8,8,4,0
20230904,XSGE,上期所,BR,8,8,4,0
20230904,XSGE,上期所,BU,16,16,16,0
20230904,XSGE,上期所,CU,12,12,5,0
20230904,XSGE,上期所,FU,12,12,12,0
20230904,XSGE,上期所,HC,12,12,6,0
20230904,XSGE,上期所,NI,12,12,4,0
20230904,XSGE,上期所,PB,12,12,4,0
20230904,XSGE,上期所,RB,12,12,10,0
20230904,XSGE,上期所,RU,10,10,5,0
20230904,XSGE,上期所,SN,12,12,5,0
20230904,XSGE,上期所,SP,12,12,8,0
20230904,XSGE,上期所,SS,12,12,2,0
20230904,XSGE,上期所,ZN,12,12,3,0
20230904,XSIE,能源中心,BC,12,12,1,0
20230904,XSIE,能源中心,LU,12,12,3,0
20230904,XSIE,能源中心,NR,12,12,4,0
20230904,XSIE,能源中心,SC,20,20,4,0
20230905,XDCE,大商所,A,6,6,4,0
20230905,XDCE,大商所,B,12,12,2,0
20230905,XDCE,大商所,C,6,6,3,0
20230905,XDCE,大商所,CS,6,6,4,0
20230905,XDCE,大商所,EB,12,12,3,0
20230905,XDCE,大商所,EG,12,12,4,0
20230905,XDCE,大商所,I,12,12,7,0
20230905,XDCE,大商所,J,12,12,1,0
20230905,XDCE,大商所,JM,12,12,2,0
20230905,XDCE,大商所,L,12,12,5,0
20230905,XDCE,大商所,M,8,8,5,0
20230905,XDCE,大商所,P,12,12,5,0
20230905,XDCE,大商所,PG,12,12,3,0
20230905,XDCE,大商所,PP,12,12,4,0
20230905,XDCE,大商所,RR,12,12,1,0
20230905,XDCE,大商所,V,12,12,8,0
20230905,XDCE,大商所,Y,8,8,3,0
20230905,XSGE,上期所,AG,12,12,6,0
20230905,XSGE,上期所,AL,12,12,3,0
20230905,XSGE,上期所,AO,10,10,2,0
20230905,XSGE,上期所,AU,8,8,3,0
20230905,XSGE,上期所,BR,8,8,2,0
20230905,XSGE,上期所,BU,16,16,4,0
20230905,XSGE,上期所,CU,12,12,5,0
20230905,XSGE,上期所,FU,12,12,4,0
20230905,XSGE,上期所,HC,12,12,4,0
20230905,XSGE,上期所,NI,12,12,4,0
20230905,XSGE,上期所,PB,12,12,2,0
20230905,XSGE,上期所,RB,12,12,8,0
20230905,XSGE,上期所,RU,10,10,6,0
20230905,XSGE,上期所,SN,12,12,3,0
20230905,XSGE,上期所,SP,12,12,3,0
20230905,XSGE,上期所,SS,12,12,2,0
20230905,XSGE,上期所,ZN,12,12,4,0
20230905,XSIE,能源中心,BC,12,12,1,0
20230905,XSIE,能源中心,LU,12,12,2,0
20230905,XSIE,能源中心,NR,12,12,4,0
20230905,XSIE,能源中心,SC,20,20,3,0
20230906,XDCE,大商所,A,6,6,2,0
20230906,XDCE,大商所,B,12,12,3,0
20230906,XDCE,大商所,C,6,6,3,0
20230906,XDCE,大商所,CS,6,6,3,0
20230906,XDCE,大商所,EB,12,12,3,0
20230906,XDCE,大商所,EG,12,12,5,0
20230906,XDCE,大商所,I,12,12,6,0
20230906,XDCE,大商所,J,12,12,1,0
20230906,XDCE,大商所,JM,12,12,2,0
20230906,XDCE,大商所,L,12,12,6,0
20230906,XDCE,大商所,M,8,8,8,0
20230906,XDCE,大商所,P,12,12,4,0
20230906,XDCE,大商所,PG,12,12,4,0
20230906,XDCE,大商所,PP,12,12,4,0
20230906,XDCE,大商所,RR,12,12,4,0
20230906,XDCE,大商所,V,12,12,9,0
20230906,XDCE,大商所,Y,8,8,3,0
20230906,XSGE,上期所,AG,12,12,8,0
20230906,XSGE,上期所,AL,12,12,4,0
20230906,XSGE,上期所,AO,10,10,2,0
20230906,XSGE,上期所,AU,8,8,3,0
20230906,XSGE,上期所,BR,8,8,2,0
20230906,XSGE,上期所,BU,16,16,4,0
20230906,XSGE,上期所,CU,12,12,4,0
20230906,XSGE,上期所,FU,12,12,7,0
20230906,XSGE,上期所,HC,12,12,4,0
20230906,XSGE,上期所,NI,12,12,4,0
20230906,XSGE,上期所,PB,12,12,2,0
20230906,XSGE,上期所,RB,12,12,7,0
20230906,XSGE,上期所,RU,10,10,4,0
20230906,XSGE,上期所,SN,12,12,2,0
20230906,XSGE,上期所,SP,12,12,4,0
20230906,XSGE,上期所,SS,12,12,3,0
20230906,XSGE,上期所,ZN,12,12,2,0
20230906,XSIE,能源中心,BC,12,12,1,0
20230906,XSIE,能源中心,LU,12,12,3,0
20230906,XSIE,能源中心,NR,12,12,3,0
20230906,XSIE,能源中心,SC,20,20,4,0
20230907,XDCE,大商所,A,6,6,2,0
20230907,XDCE,大商所,B,12,12,2,0
20230907,XDCE,大商所,C,6,6,5,0
20230907,XDCE,大商所,CS,6,6,3,0
20230907,XDCE,大商所,EB,12,12,6,0
20230907,XDCE,大商所,EG,12,12,4,0
20230907,XDCE,大商所,I,12,12,6,0
20230907,XDCE,大商所,J,12,12,1,0
20230907,XDCE,大商所,JM,12,12,2,0
20230907,XDCE,大商所,L,12,12,4,0
20230907,XDCE,大商所,M,8,8,6,0
20230907,XDCE,大商所,P,12,12,4,0
20230907,XDCE,大商所,PG,12,12,3,0
20230907,XDCE,大商所,PP,12,12,3,0
20230907,XDCE,大商所,RR,12,12,3,0
20230907,XDCE,大商所,V,12,12,6,0
20230907,XDCE,大商所,Y,8,8,4,0
20230907,XSGE,上期所,AG,12,12,7,0
20230907,XSGE,上期所,AL,12,12,3,0
20230907,XSGE,上期所,AO,10,10,2,0
20230907,XSGE,上期所,AU,8,8,3,0
20230907,XSGE,上期所,BR,8,8,2,0
20230907,XSGE,上期所,BU,16,16,4,0
20230907,XSGE,上期所,CU,12,12,4,0
20230907,XSGE,上期所,FU,12,12,5,0
20230907,XSGE,上期所,HC,12,12,4,0
20230907,XSGE,上期所,NI,12,12,3,0
20230907,XSGE,上期所,PB,12,12,2,0
20230907,XSGE,上期所,RB,12,12,7,0
20230907,XSGE,上期所,RU,10,10,4,0
20230907,XSGE,上期所,SN,12,12,3,0
20230907,XSGE,上期所,SP,12,12,3,0
20230907,XSGE,上期所,SS,12,12,2,0
20230907,XSGE,上期所,ZN,12,12,3,0
20230907,XSIE,能源中心,BC,12,12,2,0
20230907,XSIE,能源中心,LU,12,12,3,0
20230907,XSIE,能源中心,NR,12,12,4,0
20230907,XSIE,能源中心,SC,20,20,2,0
20230908,XDCE,大商所,A,6,6,3,0
20230908,XDCE,大商所,B,12,12,3,0
20230908,XDCE,大商所,C,6,6,4,0
20230908,XDCE,大商所,CS,6,6,2,0
20230908,XDCE,大商所,EB,12,12,2,0
20230908,XDCE,大商所,EG,12,12,5,0
20230908,XDCE,大商所,I,12,12,10,0
20230908,XDCE,大商所,J,12,12,1,0
20230908,XDCE,大商所,JM,12,12,2,0
20230908,XDCE,大商所,L,12,12,5,0
20230908,XDCE,大商所,M,8,8,5,0
20230908,XDCE,大商所,P,12,12,4,0
20230908,XDCE,大商所,PG,12,12,3,0
20230908,XDCE,大商所,PP,12,12,7,0
20230908,XDCE,大商所,RR,12,12,1,0
20230908,XDCE,大商所,V,12,12,6,0
20230908,XDCE,大商所,Y,8,8,4,0
20230908,XSGE,上期所,AG,12,12,8,0
20230908,XSGE,上期所,AL,12,12,5,0
20230908,XSGE,上期所,AO,10,10,2,0
20230908,XSGE,上期所,AU,8,8,5,0
20230908,XSGE,上期所,BR,8,8,2,0
20230908,XSGE,上期所,BU,16,16,4,0
20230908,XSGE,上期所,CU,12,12,6,0
20230908,XSGE,上期所,FU,12,12,5,0
20230908,XSGE,上期所,HC,12,12,6,0
20230908,XSGE,上期所,NI,12,12,3,0
20230908,XSGE,上期所,PB,12,12,3,0
20230908,XSGE,上期所,RB,12,12,7,0
20230908,XSGE,上期所,RU,10,10,5,0
20230908,XSGE,上期所,SN,12,12,2,0
20230908,XSGE,上期所,SP,12,12,8,0
20230908,XSGE,上期所,SS,12,12,2,0
20230908,XSGE,上期所,ZN,12,12,3,0
20230908,XSIE,能源中心,BC,12,12,1,0
20230908,XSIE,能源中心,LU,12,12,2,0
20230908,XSIE,能源中心,NR,12,12,4,0
20230908,XSIE,能源中心,SC,20,20,2,0
20230911,XDCE,大商所,A,6,6,4,0
20230911,XDCE,大商所,B,12,12,4,0
20230911,XDCE,大商所,C,6,6,5,0
20230911,XDCE,大商所,CS,6,6,4,0
20230911,XDCE,大商所,EB,12,12,4,0
20230911,XDCE,大商所,EG,12,12,5,0
20230911,XDCE,大商所,I,12,12,6,0
20230911,XDCE,大商所,J,12,12,1,0
20230911,XDCE,大商所,JM,12,12,2,0
20230911,XDCE,大商所,L,12,12,5,0
20230911,XDCE,大商所,M,8,8,7,0
20230911,XDCE,大商所,P,12,12,7,0
20230911,XDCE,大商所,PG,12,12,7,0
20230911,XDCE,大商所,PP,12,12,5,0
20230911,XDCE,大商所,RR,12,12,2,0
20230911,XDCE,大商所,V,12,12,6,0
20230911,XDCE,大商所,Y,8,8,4,0
20230911,XSGE,上期所,AG,12,12,9,0
20230911,XSGE,上期所,AL,12,12,4,0
20230911,XSGE,上期所,AO,10,9,1,0
20230911,XSGE,上期所,AU,8,8,4,0
20230911,XSGE,上期所,BR,8,8,3,0
20230911,XSGE,上期所,BU,16,16,4,0
20230911,XSGE,上期所,CU,12,12,5,0
20230911,XSGE,上期所,FU,12,12,5,0
20230911,XSGE,上期所,HC,12,12,3,0
20230911,XSGE,上期所,NI,12,12,4,0
20230911,XSGE,上期所,PB,12,12,3,0
20230911,XSGE,上期所,RB,12,12,7,0
20230911,XSGE,上期所,RU,10,10,6,0
20230911,XSGE,上期所,SN,12,12,2,0
20230911,XSGE,上期所,SP,12,12,4,0
20230911,XSGE,上期所,SS,12,12,4,0
20230911,XSGE,上期所,ZN,12,12,5,0
20230911,XSIE,能源中心,BC,12,12,2,0
20230911,XSIE,能源中心,LU,12,12,3,0
20230911,XSIE,能源中心,NR,12,12,4,0
20230911,XSIE,能源中心,SC,20,20,4,0
20230912,XDCE,大商所,A,6,6,2,0
20230912,XDCE,大商所,B,12,12,4,0
20230912,XDCE,大商所,C,6,6,4,0
20230912,XDCE,大商所,CS,6,6,2,0
20230912,XDCE,大商所,EB,12,12,4,0
20230912,XDCE,大商所,EG,12,12,5,0
20230912,XDCE,大商所,I,12,12,6,0
20230912,XDCE,大商所,J,12,12,1,0
20230912,XDCE,大商所,JM,12,12,2,0
20230912,XDCE,大商所,L,12,12,5,0
20230912,XDCE,大商所,M,8,8,7,0
20230912,XDCE,大商所,P,12,12,5,0
20230912,XDCE,大商所,PG,12,12,3,0
20230912,XDCE,大商所,PP,12,12,4,0
20230912,XDCE,大商所,RR,12,12,1,0
20230912,XDCE,大商所,V,12,12,5,0
20230912,XDCE,大商所,Y,8,8,5,0
20230912,XSGE,上期所,AG,12,12,6,0
20230912,XSGE,上期所,AL,12,12,4,0
20230912,XSGE,上期所,AO,10,10,2,0
20230912,XSGE,上期所,AU,8,8,4,0
20230912,XSGE,上期所,BR,8,8,2,0
20230912,XSGE,上期所,BU,16,16,3,0
20230912,XSGE,上期所,CU,12,12,5,0
20230912,XSGE,上期所,FU,12,12,4,0
20230912,XSGE,上期所,HC,12,12,4,0
20230912,XSGE,上期所,NI,12,12,4,0
20230912,XSGE,上期所,PB,12,12,3,0
20230912,XSGE,上期所,RB,12,12,7,0
20230912,XSGE,上期所,RU,10,10,4,0
20230912,XSGE,上期所,SN,12,12,3,0
20230912,XSGE,上期所,SP,12,12,3,0
20230912,XSGE,上期所,SS,12,12,2,0
20230912,XSGE,上期所,ZN,12,12,2,0
20230912,XSIE,能源中心,BC,12,12,3,0
20230912,XSIE,能源中心,LU,12,12,4,0
20230912,XSIE,能源中心,NR,12,12,3,0
20230912,XSIE,能源中心,SC,20,20,3,0
20230913,XDCE,大商所,A,6,6,2,0
20230913,XDCE,大商所,B,12,12,3,0
20230913,XDCE,大商所,C,6,6,3,0
20230913,XDCE,大商所,CS,6,6,2,0
20230913,XDCE,大商所,EB,12,12,4,0
20230913,XDCE,大商所,EG,12,12,3,0
20230913,XDCE,大商所,I,12,12,8,0
20230913,XDCE,大商所,J,12,12,1,0
20230913,XDCE,大商所,JM,12,12,1,0
20230913,XDCE,大商所,L,12,12,5,0
20230913,XDCE,大商所,M,8,8,6,0
20230913,XDCE,大商所,P,12,12,3,0
20230913,XDCE,大商所,PG,12,12,4,0
20230913,XDCE,大商所,PP,12,12,5,0
20230913,XDCE,大商所,RR,12,12,1,0
20230913,XDCE,大商所,V,12,12,7,0
20230913,XDCE,大商所,Y,8,8,3,0
20230913,XSGE,上期所,AG,12,12,7,0
20230913,XSGE,上期所,AL,12,12,4,0
20230913,XSGE,上期所,AO,10,9,2,0
20230913,XSGE,上期所,AU,8,8,6,0
20230913,XSGE,上期所,BR,8,8,2,0
20230913,XSGE,上期所,BU,16,16,5,0
20230913,XSGE,上期所,CU,12,12,5,0
20230913,XSGE,上期所,FU,12,12,6,0
20230913,XSGE,上期所,HC,12,12,4,0
20230913,XSGE,上期所,NI,12,12,4,0
20230913,XSGE,上期所,PB,12,12,2,0
20230913,XSGE,上期所,RB,12,12,6,0
20230913,XSGE,上期所,RU,10,10,4,0
20230913,XSGE,上期所,SN,12,12,4,0
20230913,XSGE,上期所,SP,12,12,5,0
20230913,XSGE,上期所,SS,12,12,3,0
20230913,XSGE,上期所,ZN,12,12,3,0
20230913,XSIE,能源中心,BC,12,12,3,0
20230913,XSIE,能源中心,LU,12,12,4,0
20230913,XSIE,能源中心,NR,12,12,4,0
20230913,XSIE,能源中心,SC,20,20,4,0
20230914,XDCE,大商所,A,6,6,2,0
20230914,XDCE,大商所,B,12,12,3,0
20230914,XDCE,大商所,C,6,6,4,0
20230914,XDCE,大商所,CS,6,6,3,0
20230914,XDCE,大商所,EB,12,12,5,0
20230914,XDCE,大商所,EG,12,12,4,0
20230914,XDCE,大商所,I,12,12,6,0
20230914,XDCE,大商所,J,12,12,1,0
20230914,XDCE,大商所,JM,12,12,2,0
20230914,XDCE,大商所,L,12,12,5,0
20230914,XDCE,大商所,M,8,8,6,0
20230914,XDCE,大商所,P,12,12,5,0
20230914,XDCE,大商所,PG,12,12,4,0
20230914,XDCE,大商所,PP,12,12,4,0
20230914,XDCE,大商所,RR,12,12,3,0
20230914,XDCE,大商所,V,12,12,4,0
20230914,XDCE,大商所,Y,8,8,4,0
20230914,XSGE,上期所,AG,12,12,6,0
20230914,XSGE,上期所,AL,12,12,2,0
20230914,XSGE,上期所,AO,10,10,2,0
20230914,XSGE,上期所,AU,8,8,4,0
20230914,XSGE,上期所,BR,8,8,2,0
20230914,XSGE,上期所,BU,16,16,4,0
20230914,XSGE,上期所,CU,12,12,4,0
20230914,XSGE,上期所,FU,12,12,5,0
20230914,XSGE,上期所,HC,12,12,3,0
20230914,XSGE,上期所,NI,12,12,3,0
20230914,XSGE,上期所,PB,12,12,3,0
20230914,XSGE,上期所,RB,12,12,5,0
20230914,XSGE,上期所,RU,10,10,2,0
20230914,XSGE,上期所,SN,12,12,3,0
20230914,XSGE,上期所,SP,12,12,6,0
20230914,XSGE,上期所,SS,12,12,4,0
20230914,XSGE,上期所,ZN,12,12,4,0
20230914,XSIE,能源中心,BC,12,12,1,0
20230914,XSIE,能源中心,LU,12,12,5,0
20230914,XSIE,能源中心,NR,12,12,4,0
20230914,XSIE,能源中心,SC,20,20,3,0
20230915,XDCE,大商所,A,6,6,3,0
20230915,XDCE,大商所,B,12,12,2,0
20230915,XDCE,大商所,C,6,6,5,0
20230915,XDCE,大商所,CS,6,6,3,0
20230915,XDCE,大商所,EB,12,12,5,0
20230915,XDCE,大商所,EG,12,12,3,0
20230915,XDCE,大商所,I,12,12,6,0
20230915,XDCE,大商所,J,12,12,2,0
20230915,XDCE,大商所,JM,12,12,2,0
20230915,XDCE,大商所,L,12,12,4,0
20230915,XDCE,大商所,M,8,8,8,0
20230915,XDCE,大商所,P,12,12,4,0
20230915,XDCE,大商所,PG,12,12,4,0
20230915,XDCE,大商所,PP,12,12,4,0
20230915,XDCE,大商所,RR,12,12,1,0
20230915,XDCE,大商所,V,12,12,6,0
20230915,XDCE,大商所,Y,8,8,3,0
20230915,XSGE,上期所,AG,12,12,5,0
20230915,XSGE,上期所,AL,12,12,3,0
20230915,XSGE,上期所,AO,10,8,2,0
20230915,XSGE,上期所,AU,8,8,4,0
20230915,XSGE,上期所,BR,8,8,1,0
20230915,XSGE,上期所,BU,16,16,4,0
20230915,XSGE,上期所,CU,12,12,5,0
20230915,XSGE,上期所,FU,12,12,6,0
20230915,XSGE,上期所,HC,12,12,4,0
20230915,XSGE,上期所,NI,12,12,7,0
20230915,XSGE,上期所,PB,12,12,2,0
20230915,XSGE,上期所,RB,12,12,6,0
20230915,XSGE,上期所,RU,10,10,4,0
20230915,XSGE,上期所,SN,12,12,4,0
20230915,XSGE,上期所,SP,12,12,5,0
20230915,XSGE,上期所,SS,12,12,3,0
20230915,XSGE,上期所,ZN,12,12,4,0
20230915,XSIE,能源中心,BC,12,12,2,0
20230915,XSIE,能源中心,LU,12,12,3,0
20230915,XSIE,能源中心,NR,12,12,4,0
20230915,XSIE,能源中心,SC,20,20,4,0
20230918,XDCE,大商所,A,6,6,2,0
20230918,XDCE,大商所,B,12,12,2,0
20230918,XDCE,大商所,C,6,6,4,0
20230918,XDCE,大商所,CS,6,6,3,0
20230918,XDCE,大商所,EB,12,12,5,0
20230918,XDCE,大商所,EG,12,12,4,0
20230918,XDCE,大商所,I,12,12,6,0
20230918,XDCE,大商所,J,12,12,2,0
20230918,XDCE,大商所,JM,12,12,2,0
20230918,XDCE,大商所,L,12,12,3,0
20230918,XDCE,大商所,M,8,8,6,0
20230918,XDCE,大商所,P,12,12,5,0
20230918,XDCE,大商所,PG,12,12,5,0
20230918,XDCE,大商所,PP,12,12,5,0
20230918,XDCE,大商所,RR,12,12,1,0
20230918,XDCE,大商所,V,12,12,5,0
20230918,XDCE,大商所,Y,8,8,4,0
20230918,XSGE,上期所,AG,12,12,5,0
20230918,XSGE,上期所,AL,12,12,4,0
20230918,XSGE,上期所,AO,11,8,2,0
20230918,XSGE,上期所,AU,8,8,4,0
20230918,XSGE,上期所,BR,9,9,2,0
20230918,XSGE,上期所,BU,16,16,5,0
20230918,XSGE,上期所,CU,12,12,4,0
20230918,XSGE,上期所,FU,12,12,4,0
20230918,XSGE,上期所,HC,12,12,5,0
20230918,XSGE,上期所,NI,12,12,3,0
20230918,XSGE,上期所,PB,12,12,4,0
20230918,XSGE,上期所,RB,12,12,5,0
20230918,XSGE,上期所,RU,10,10,5,0
20230918,XSGE,上期所,SN,12,12,2,0
20230918,XSGE,上期所,SP,12,12,4,0
20230918,XSGE,上期所,SS,12,12,3,0
20230918,XSGE,上期所,ZN,12,12,3,0
20230918,XSIE,能源中心,BC,12,12,2,0
20230918,XSIE,能源中心,LU,12,12,4,0
20230918,XSIE,能源中心,NR,12,12,3,0
20230918,XSIE,能源中心,SC,20,20,4,0
20230919,XDCE,大商所,A,6,6,2,0
20230919,XDCE,大商所,B,12,12,2,0
20230919,XDCE,大商所,C,6,6,4,0
20230919,XDCE,大商所,CS,6,6,2,0
20230919,XDCE,大商所,EB,12,12,4,0
20230919,XDCE,大商所,EG,12,12,3,0
20230919,XDCE,大商所,I,12,12,7,0
20230919,XDCE,大商所,J,12,12,3,0
20230919,XDCE,大商所,JM,12,12,3,0
20230919,XDCE,大商所,L,12,12,6,0
20230919,XDCE,大商所,M,8,8,7,0
20230919,XDCE,大商所,P,12,12,4,0
20230919,XDCE,大商所,PG,12,12,3,0
20230919,XDCE,大商所,PP,12,12,4,0
20230919,XDCE,大商所,RR,12,12,2,0
20230919,XDCE,大商所,V,12,12,5,0
20230919,XDCE,大商所,Y,8,8,5,0
20230919,XSGE,上期所,AG,12,12,5,0
20230919,XSGE,上期所,AL,12,12,5,0
20230919,XSGE,上期所,AO,11,11,2,0
20230919,XSGE,上期所,AU,8,8,4,0
20230919,XSGE,上期所,BR,9,9,1,0
20230919,XSGE,上期所,BU,16,16,4,0
20230919,XSGE,上期所,CU,12,12,4,0
20230919,XSGE,上期所,FU,12,12,6,0
20230919,XSGE,上期所,HC,12,12,4,0
20230919,XSGE,上期所,NI,12,12,3,0
20230919,XSGE,上期所,PB,12,12,3,0
20230919,XSGE,上期所,RB,12,12,7,0
20230919,XSGE,上期所,RU,10,10,4,0
20230919,XSGE,上期所,SN,12,12,4,0
20230919,XSGE,上期所,SP,12,12,5,0
20230919,XSGE,上期所,SS,12,12,3,0
20230919,XSGE,上期所,ZN,12,12,4,0
20230919,XSIE,能源中心,BC,12,12,2,0
20230919,XSIE,能源中心,LU,12,12,2,0
20230919,XSIE,能源中心,NR,12,12,3,0
20230919,XSIE,能源中心,SC,20,20,3,0
20230920,XDCE,大商所,A,6,6,2,0
20230920,XDCE,大商所,B,12,12,3,0
20230920,XDCE,大商所,C,6,6,4,0
20230920,XDCE,大商所,CS,6,6,3,0
20230920,XDCE,大商所,EB,12,12,6,0
20230920,XDCE,大商所,EG,12,12,7,0
20230920,XDCE,大商所,I,12,12,6,0
20230920,XDCE,大商所,J,12,12,1,0
20230920,XDCE,大商所,JM,12,12,2,0
20230920,XDCE,大商所,L,12,12,5,0
20230920,XDCE,大商所,M,8,8,8,0
20230920,XDCE,大商所,P,12,12,6,0
20230920,XDCE,大商所,PG,12,12,4,0
20230920,XDCE,大商所,PP,12,12,5,0
20230920,XDCE,大商所,RR,12,12,2,0
20230920,XDCE,大商所,V,12,12,4,0
20230920,XDCE,大商所,Y,8,8,5,0
20230920,XSGE,上期所,AG,12,12,9,0
20230920,XSGE,上期所,AL,12,12,4,0
20230920,XSGE,上期所,AO,11,8,2,0
20230920,XSGE,上期所,AU,8,8,4,0
20230920,XSGE,上期所,BR,9,9,2,0
20230920,XSGE,上期所,BU,16,16,4,0
20230920,XSGE,上期所,CU,12,12,4,0
20230920,XSGE,上期所,FU,12,12,5,0
20230920,XSGE,上期所,HC,12,12,4,0
20230920,XSGE,上期所,NI,12,12,3,0
20230920,XSGE,上期所,PB,12,12,3,0
20230920,XSGE,上期所,RB,12,12,5,0
20230920,XSGE,上期所,RU,10,10,5,0
20230920,XSGE,上期所,SN,12,12,4,0
20230920,XSGE,上期所,SP,12,12,6,0
20230920,XSGE,上期所,SS,12,12,3,0
20230920,XSGE,上期所,ZN,12,12,3,0
20230920,XSIE,能源中心,BC,12,12,1,0
20230920,XSIE,能源中心,LU,12,12,3,0
20230920,XSIE,能源中心,NR,12,12,4,0
20230920,XSIE,能源中心,SC,20,20,4,0
20230921,XDCE,大商所,A,6,6,3,0
20230921,XDCE,大商所,B,12,12,4,0
20230921,XDCE,大商所,C,6,6,5,0
20230921,XDCE,大商所,CS,6,6,2,0
20230921,XDCE,大商所,EB,12,12,4,0
20230921,XDCE,大商所,EG,12,12,3,0
20230921,XDCE,大商所,I,12,12,6,0
20230921,XDCE,大商所,J,12,12,2,0
20230921,XDCE,大商所,JM,12,12,3,0
20230921,XDCE,大商所,L,12,12,4,0
20230921,XDCE,大商所,M,8,8,6,0
20230921,XDCE,大商所,P,12,12,5,0
20230921,XDCE,大商所,PG,12,12,6,0
20230921,XDCE,大商所,PP,12,12,4,0
20230921,XDCE,大商所,RR,12,12,3,0
20230921,XDCE,大商所,V,12,12,4,0
20230921,XDCE,大商所,Y,8,8,4,0
20230921,XSGE,上期所,AG,12,12,6,0
20230921,XSGE,上期所,AL,12,12,4,0
20230921,XSGE,上期所,AO,11,10,2,0
20230921,XSGE,上期所,AU,8,8,4,0
20230921,XSGE,上期所,BR,9,9,2,0
20230921,XSGE,上期所,BU,16,16,4,0
20230921,XSGE,上期所,CU,12,12,4,0
20230921,XSGE,上期所,FU,12,12,4,0
20230921,XSGE,上期所,HC,12,12,4,0
20230921,XSGE,上期所,NI,12,12,4,0
20230921,XSGE,上期所,PB,12,12,2,0
20230921,XSGE,上期所,RB,12,12,7,0
20230921,XSGE,上期所,RU,10,10,4,0
20230921,XSGE,上期所,SN,12,12,3,0
20230921,XSGE,上期所,SP,12,12,4,0
20230921,XSGE,上期所,SS,12,12,4,0
20230921,XSGE,上期所,ZN,12,12,5,0
20230921,XSIE,能源中心,BC,12,12,3,0
20230921,XSIE,能源中心,LU,12,12,4,0
20230921,XSIE,能源中心,NR,12,12,4,0
20230921,XSIE,能源中心,SC,20,20,4,0
20230922,XDCE,大商所,A,6,6,3,0
20230922,XDCE,大商所,B,12,12,3,0
20230922,XDCE,大商所,C,6,6,3,0
20230922,XDCE,大商所,CS,6,6,2,0
20230922,XDCE,大商所,EB,12,12,4,0
20230922,XDCE,大商所,EG,12,12,6,0
20230922,XDCE,大商所,I,12,12,7,0
20230922,XDCE,大商所,J,12,12,2,0
20230922,XDCE,大商所,JM,12,12,3,0
20230922,XDCE,大商所,L,12,12,3,0
20230922,XDCE,大商所,M,8,8,8,0
20230922,XDCE,大商所,P,12,12,4,0
20230922,XDCE,大商所,PG,12,12,4,0
20230922,XDCE,大商所,PP,12,12,3,0
20230922,XDCE,大商所,RR,12,12,2,0
20230922,XDCE,大商所,V,12,12,7,0
20230922,XDCE,大商所,Y,8,8,4,0
20230922,XSGE,上期所,AG,12,12,8,0
20230922,XSGE,上期所,AL,12,12,4,0
20230922,XSGE,上期所,AO,11,11,3,0
20230922,XSGE,上期所,AU,8,8,5,0
20230922,XSGE,上期所,BR,9,9,2,0
20230922,XSGE,上期所,BU,16,16,4,0
20230922,XSGE,上期所,CU,12,12,7,0
20230922,XSGE,上期所,FU,12,12,6,0
20230922,XSGE,上期所,HC,12,12,4,0
20230922,XSGE,上期所,NI,12,12,4,0
20230922,XSGE,上期所,PB,12,12,3,0
20230922,XSGE,上期所,RB,12,12,6,0
20230922,XSGE,上期所,RU,10,10,4,0
20230922,XSGE,上期所,SN,12,12,4,0
20230922,XSGE,上期所,SP,12,12,6,0
20230922,XSGE,上期所,SS,12,12,4,0
20230922,XSGE,上期所,ZN,12,12,3,0
20230922,XSIE,能源中心,BC,12,12,2,0
20230922,XSIE,能源中心,LU,12,12,3,0
20230922,XSIE,能源中心,NR,12,12,3,0
20230922,XSIE,能源中心,SC,20,20,5,0
20230925,XDCE,大商所,A,6,6,2,0
20230925,XDCE,大商所,B,12,12,4,0
20230925,XDCE,大商所,C,6,6,4,0
20230925,XDCE,大商所,CS,6,6,2,0
20230925,XDCE,大商所,EB,12,12,4,0
20230925,XDCE,大商所,EG,12,12,6,0
20230925,XDCE,大商所,I,12,12,6,0
20230925,XDCE,大商所,J,12,12,1,0
20230925,XDCE,大商所,JM,12,12,2,0
20230925,XDCE,大商所,L,12,12,4,0
20230925,XDCE,大商所,M,8,8,7,0
20230925,XDCE,大商所,P,12,12,2,0
20230925,XDCE,大商所,PG,12,12,5,0
20230925,XDCE,大商所,PP,12,12,6,0
20230925,XDCE,大商所,RR,12,12,2,0
20230925,XDCE,大商所,V,12,12,5,0
20230925,XDCE,大商所,Y,8,8,4,0
20230925,XSGE,上期所,AG,12,12,6,0
20230925,XSGE,上期所,AL,12,12,4,0
20230925,XSGE,上期所,AO,11,11,2,0
20230925,XSGE,上期所,AU,8,8,3,0
20230925,XSGE,上期所,BR,9,9,2,0
20230925,XSGE,上期所,BU,16,16,6,0
20230925,XSGE,上期所,CU,12,12,4,0
20230925,XSGE,上期所,FU,12,12,6,0
20230925,XSGE,上期所,HC,12,12,5,0
20230925,XSGE,上期所,NI,12,12,4,0
20230925,XSGE,上期所,PB,12,12,2,0
20230925,XSGE,上期所,RB,12,12,7,0
20230925,XSGE,上期所,RU,10,10,4,0
20230925,XSGE,上期所,SN,12,12,2,0
20230925,XSGE,上期所,SP,12,12,3,0
20230925,XSGE,上期所,SS,12,12,3,0
20230925,XSGE,上期所,ZN,12,12,4,0
20230925,XSIE,能源中心,BC,12,12,2,0
20230925,XSIE,能源中心,LU,12,12,3,0
20230925,XSIE,能源中心,NR,12,12,3,0
20230925,XSIE,能源中心,SC,20,20,3,0
20230926,XDCE,大商所,A,6,6,2,0
20230926,XDCE,大商所,B,12,12,3,0
20230926,XDCE,大商所,C,6,6,4,0
20230926,XDCE,大商所,CS,6,6,3,0
20230926,XDCE,大商所,EB,12,12,5,0
20230926,XDCE,大商所,EG,12,12,8,0
20230926,XDCE,大商所,I,12,12,7,0
20230926,XDCE,大商所,J,12,12,3,0
20230926,XDCE,大商所,JM,12,12,4,0
20230926,XDCE,大商所,L,12,12,6,0
20230926,XDCE,大商所,M,8,8,7,0
20230926,XDCE,大商所,P,12,12,6,0
20230926,XDCE,大商所,PG,12,12,4,0
20230926,XDCE,大商所,PP,12,12,5,0
20230926,XDCE,大商所,RR,12,12,2,0
20230926,XDCE,大商所,V,12,12,9,0
20230926,XDCE,大商所,Y,8,8,7,0
20230926,XSGE,上期所,AG,12,12,7,0
20230926,XSGE,上期所,AL,12,12,4,0
20230926,XSGE,上期所,AO,11,11,2,0
20230926,XSGE,上期所,AU,8,8,4,0
20230926,XSGE,上期所,BR,9,9,2,0
20230926,XSGE,上期所,BU,16,16,6,0
20230926,XSGE,上期所,CU,12,12,5,0
20230926,XSGE,上期所,FU,12,12,6,0
20230926,XSGE,上期所,HC,12,12,5,0
20230926,XSGE,上期所,NI,12,12,6,0
20230926,XSGE,上期所,PB,12,12,3,0
20230926,XSGE,上期所,RB,12,12,7,0
20230926,XSGE,上期所,RU,10,10,6,0
20230926,XSGE,上期所,SN,12,12,3,0
20230926,XSGE,上期所,SP,12,12,5,0
20230926,XSGE,上期所,SS,12,12,3,0
20230926,XSGE,上期所,ZN,12,12,4,0
20230926,XSIE,能源中心,BC,12,12,3,0
20230926,XSIE,能源中心,LU,12,12,3,0
20230926,XSIE,能源中心,NR,12,12,3,0
20230926,XSIE,能源中心,SC,20,20,2,0
20230927,XDCE,大商所,A,6,6,3,0
20230927,XDCE,大商所,B,12,12,3,0
20230927,XDCE,大商所,C,6,6,6,0
20230927,XDCE,大商所,CS,6,6,2,0
20230927,XDCE,大商所,EB,12,12,6,0
20230927,XDCE,大商所,EG,12,12,5,0
20230927,XDCE,大商所,I,12,12,8,0
20230927,XDCE,大商所,J,12,12,1,0
20230927,XDCE,大商所,JM,12,12,5,0
20230927,XDCE,大商所,L,12,12,4,0
20230927,XDCE,大商所,M,8,8,5,0
20230927,XDCE,大商所,P,12,12,5,0
20230927,XDCE,大商所,PG,12,12,6,0
20230927,XDCE,大商所,PP,12,12,5,0
20230927,XDCE,大商所,RR,12,12,1,0
20230927,XDCE,大商所,V,12,12,7,0
20230927,XDCE,大商所,Y,8,8,5,0
20230927,XSGE,上期所,AG,12,12,9,0
20230927,XSGE,上期所,AL,12,12,5,0
20230927,XSGE,上期所,AO,11,10,3,0
20230927,XSGE,上期所,AU,8,8,2,0
20230927,XSGE,上期所,BR,9,9,2,0
20230927,XSGE,上期所,BU,16,16,5,0
20230927,XSGE,上期所,CU,12,12,4,0
20230927,XSGE,上期所,FU,12,12,7,0
20230927,XSGE,上期所,HC,12,12,5,0
20230927,XSGE,上期所,NI,12,12,5,0
20230927,XSGE,上期所,PB,12,12,3,0
20230927,XSGE,上期所,RB,12,12,9,0
20230927,XSGE,上期所,RU,10,10,6,0
20230927,XSGE,上期所,SN,12,12,4,0
20230927,XSGE,上期所,SP,12,12,6,0
20230927,XSGE,上期所,SS,12,12,4,0
20230927,XSGE,上期所,ZN,12,12,5,0
20230927,XSIE,能源中心,BC,12,12,4,0
20230927,XSIE,能源中心,LU,12,12,3,0
20230927,XSIE,能源中心,NR,12,12,2,0
20230927,XSIE,能源中心,SC,20,20,3,0
20230928,XDCE,大商所,A,6,6,2,0
20230928,XDCE,大商所,B,12,12,3,0
20230928,XDCE,大商所,C,6,6,4,0
20230928,XDCE,大商所,CS,6,6,3,0
20230928,XDCE,大商所,EB,12,12,4,0
20230928,XDCE,大商所,EG,12,12,5,0
20230928,XDCE,大商所,I,12,12,7,0
20230928,XDCE,大商所,J,12,12,2,0
20230928,XDCE,大商所,JM,12,12,3,0
20230928,XDCE,大商所,L,12,12,2,0
20230928,XDCE,大商所,M,8,8,5,0
20230928,XDCE,大商所,P,12,12,5,0
20230928,XDCE,大商所,PG,12,12,4,0
20230928,XDCE,大商所,PP,12,12,5,0
20230928,XDCE,大商所,RR,12,12,2,0
20230928,XDCE,大商所,V,12,12,8,0
20230928,XDCE,大商所,Y,8,8,5,0
20230928,XSGE,上期所,AG,12,12,5,0
20230928,XSGE,上期所,AL,12,12,5,0
20230928,XSGE,上期所,AO,11,7,3,0
20230928,XSGE,上期所,AU,8,8,5,0
20230928,XSGE,上期所,BR,9,9,2,0
20230928,XSGE,上期所,BU,16,16,4,0
20230928,XSGE,上期所,CU,12,12,3,0
20230928,XSGE,上期所,FU,12,12,7,0
20230928,XSGE,上期所,HC,12,12,5,0
20230928,XSGE,上期所,NI,12,12,6,0
20230928,XSGE,上期所,PB,12,12,4,0
20230928,XSGE,上期所,RB,12,12,5,0
20230928,XSGE,上期所,RU,10,10,6,0
20230928,XSGE,上期所,SN,12,12,2,0
20230928,XSGE,上期所,SP,12,12,8,0
20230928,XSGE,上期所,SS,12,12,4,0
20230928,XSGE,上期所,ZN,12,12,3,0
20230928,XSIE,能源中心,BC,12,12,3,0
20230928,XSIE,能源中心,LU,12,12,3,0
20230928,XSIE,能源中心,NR,12,12,4,0
20230928,XSIE,能源中心,SC,20,20,3,0
20231010,XDCE,大商所,A,6,6,2,0
20231010,XDCE,大商所,B,12,12,3,0
20231010,XDCE,大商所,C,6,6,3,0
20231010,XDCE,大商所,CS,6,6,4,0
20231010,XDCE,大商所,EB,12,12,5,0
20231010,XDCE,大商所,EG,12,12,5,0
20231010,XDCE,大商所,I,12,12,9,0
20231010,XDCE,大商所,J,12,12,2,0
20231010,XDCE,大商所,JM,12,12,4,0
20231010,XDCE,大商所,L,12,12,4,0
20231010,XDCE,大商所,M,8,8,6,0
20231010,XDCE,大商所,P,12,12,5,0
20231010,XDCE,大商所,PG,12,12,4,0
20231010,XDCE,大商所,PP,12,12,5,0
20231010,XDCE,大商所,RR,12,12,2,0
20231010,XDCE,大商所,V,12,12,7,0
20231010,XDCE,大商所,Y,8,8,3,0
20231010,XSGE,上期所,AG,12,12,10,0
20231010,XSGE,上期所,AL,12,12,4,0
20231010,XSGE,上期所,AO,11,11,2,0
20231010,XSGE,上期所,AU,8,8,5,0
20231010,XSGE,上期所,BR,9,9,1,0
20231010,XSGE,上期所,BU,16,16,4,0
20231010,XSGE,上期所,CU,12,12,5,0
20231010,XSGE,上期所,FU,12,12,5,0
20231010,XSGE,上期所,HC,12,12,5,0
20231010,XSGE,上期所,NI,12,12,4,0
20231010,XSGE,上期所,PB,12,12,2,0
20231010,XSGE,上期所,RB,12,12,6,0
20231010,XSGE,上期所,RU,10,10,6,0
20231010,XSGE,上期所,SN,12,12,3,0
20231010,XSGE,上期所,SP,12,12,6,0
20231010,XSGE,上期所,SS,12,12,2,0
20231010,XSGE,上期所,ZN,12,12,3,0
20231010,XSIE,能源中心,BC,12,12,2,0
20231010,XSIE,能源中心,LU,12,12,5,0
20231010,XSIE,能源中心,NR,12,12,3,0
20231010,XSIE,能源中心,SC,20,20,3,0
20231011,XDCE,大商所,A,6,6,3,0
20231011,XDCE,大商所,B,12,12,2,0
20231011,XDCE,大商所,C,6,6,4,0
20231011,XDCE,大商所,CS,6,6,3,0
20231011,XDCE,大商所,EB,12,12,3,0
20231011,XDCE,大商所,EG,12,12,4,0
20231011,XDCE,大商所,I,12,12,5,0
20231011,XDCE,大商所,J,12,12,1,0
20231011,XDCE,大商所,JM,12,12,4,0
20231011,XDCE,大商所,L,12,12,4,0
20231011,XDCE,大商所,M,8,8,8,0
20231011,XDCE,大商所,P,12,12,5,0
20231011,XDCE,大商所,PG,12,12,5,0
20231011,XDCE,大商所,PP,12,12,5,0
20231011,XDCE,大商所,RR,12,12,2,0
20231011,XDCE,大商所,V,12,12,4,0
20231011,XDCE,大商所,Y,8,8,5,0
20231011,XSGE,上期所,AG,12,12,8,0
20231011,XSGE,上期所,AL,12,12,3,0
20231011,XSGE,上期所,AO,11,11,2,0
20231011,XSGE,上期所,AU,8,8,5,0
20231011,XSGE,上期所,BR,9,9,1,0
20231011,XSGE,上期所,BU,16,16,6,0
20231011,XSGE,上期所,CU,12,12,5,0
20231011,XSGE,上期所,FU,12,12,6,0
20231011,XSGE,上期所,HC,12,12,5,0
20231011,XSGE,上期所,NI,12,12,4,0
20231011,XSGE,上期所,PB,12,12,3,0
20231011,XSGE,上期所,RB,12,12,8,0
20231011,XSGE,上期所,RU,10,10,3,0
20231011,XSGE,上期所,SN,12,12,4,0
20231011,XSGE,上期所,SP,12,12,4,0
20231011,XSGE,上期所,SS,12,12,3,0
20231011,XSGE,上期所,ZN,12,12,3,0
20231011,XSIE,能源中心,BC,12,12,1,0
20231011,XSIE,能源中心,LU,12,12,3,0
20231011,XSIE,能源中心,NR,12,12,4,0
20231011,XSIE,能源中心,SC,20,20,3,0
20231012,XDCE,大商所,A,6,6,3,0
20231012,XDCE,大商所,B,12,12,2,0
20231012,XDCE,大商所,C,6,6,3,0
20231012,XDCE,大商所,CS,6,6,2,0
20231012,XDCE,大商所,EB,12,12,5,0
20231012,XDCE,大商所,EG,12,12,6,0
20231012,XDCE,大商所,I,12,12,5,0
20231012,XDCE,大商所,J,12,12,1,0
20231012,XDCE,大商所,JM,12,12,2,0
20231012,XDCE,大商所,L,12,12,4,0
20231012,XDCE,大商所,M,8,8,6,0
20231012,XDCE,大商所,P,12,12,5,0
20231012,XDCE,大商所,PG,12,12,6,0
20231012,XDCE,大商所,PP,12,12,6,0
20231012,XDCE,大商所,RR,12,12,1,0
20231012,XDCE,大商所,V,12,12,5,0
20231012,XDCE,大商所,Y,8,8,4,0
20231012,XSGE,上期所,AG,12,12,5,0
20231012,XSGE,上期所,AL,12,12,4,0
20231012,XSGE,上期所,AO,11,11,3,0
20231012,XSGE,上期所,AU,8,8,5,0
20231012,XSGE,上期所,BR,9,9,2,0
20231012,XSGE,上期所,BU,16,16,4,0
20231012,XSGE,上期所,CU,12,12,5,0
20231012,XSGE,上期所,FU,12,12,10,0
20231012,XSGE,上期所,HC,12,12,4,0
20231012,XSGE,上期所,NI,12,12,3,0
20231012,XSGE,上期所,PB,12,12,2,0
20231012,XSGE,上期所,RB,12,12,6,0
20231012,XSGE,上期所,RU,10,10,4,0
20231012,XSGE,上期所,SN,12,12,2,0
20231012,XSGE,上期所,SP,12,12,5,0
20231012,XSGE,上期所,SS,12,12,3,0
20231012,XSGE,上期所,ZN,12,12,3,0
20231012,XSIE,能源中心,BC,12,12,2,0
20231012,XSIE,能源中心,LU,12,12,3,0
20231012,XSIE,能源中心,NR,12,12,3,0
20231012,XSIE,能源中心,SC,20,20,3,0
20231013,XDCE,大商所,A,6,6,4,0
20231013,XDCE,大商所,B,12,12,4,0
20231013,XDCE,大商所,C,6,6,4,0
20231013,XDCE,大商所,CS,6,6,2,0
20231013,XDCE,大商所,EB,12,12,6,0
20231013,XDCE,大商所,EG,12,12,6,0
20231013,XDCE,大商所,I,12,12,7,0
20231013,XDCE,大商所,J,12,12,1,0
20231013,XDCE,大商所,JM,12,12,2,0
20231013,XDCE,大商所,L,12,12,6,0
20231013,XDCE,大商所,M,8,8,6,0
20231013,XDCE,大商所,P,12,12,2,0
20231013,XDCE,大商所,PG,12,12,5,0
20231013,XDCE,大商所,PP,12,12,5,0
20231013,XDCE,大商所,RR,12,12,2,0
20231013,XDCE,大商所,V,12,12,6,0
20231013,XDCE,大商所,Y,8,8,6,0
20231013,XSGE,上期所,AG,12,12,5,0
20231013,XSGE,上期所,AL,12,12,3,0
20231013,XSGE,上期所,AO,11,11,1,0
20231013,XSGE,上期所,AU,8,8,4,0
20231013,XSGE,上期所,BR,9,9,2,0
20231013,XSGE,上期所,BU,16,16,6,0
20231013,XSGE,上期所,CU,12,12,5,0
20231013,XSGE,上期所,FU,12,12,8,0
20231013,XSGE,上期所,HC,12,12,3,0
20231013,XSGE,上期所,NI,12,12,2,0
20231013,XSGE,上期所,PB,12,12,3,0
20231013,XSGE,上期所,RB,12,12,4,0
20231013,XSGE,上期所,RU,10,10,4,0
20231013,XSGE,上期所,SN,12,12,3,0
20231013,XSGE,上期所,SP,12,12,7,0
20231013,XSGE,上期所,SS,12,12,3,0
20231013,XSGE,上期所,ZN,12,12,3,0
20231013,XSIE,能源中心,BC,12,12,1,0
20231013,XSIE,能源中心,LU,12,12,3,0
20231013,XSIE,能源中心,NR,12,12,4,0
20231013,XSIE,能源中心,SC,20,20,4,0
20231016,XDCE,大商所,A,6,6,3,0
20231016,XDCE,大商所,B,12,12,2,0
20231016,XDCE,大商所,C,6,6,3,0
20231016,XDCE,大商所,CS,6,6,2,0
20231016,XDCE,大商所,EB,12,12,5,0
20231016,XDCE,大商所,EG,12,12,4,0
20231016,XDCE,大商所,I,12,12,5,0
20231016,XDCE,大商所,J,12,12,1,0
20231016,XDCE,大商所,JM,12,12,2,0
20231016,XDCE,大商所,L,12,12,5,0
20231016,XDCE,大商所,M,8,8,8,0
20231016,XDCE,大商所,P,12,12,5,0
20231016,XDCE,大商所,PG,12,12,5,0
20231016,XDCE,大商所,PP,12,12,6,0
20231016,XDCE,大商所,RR,12,12,2,0
20231016,XDCE,大商所,V,12,12,4,0
20231016,XDCE,大商所,Y,8,8,5,0
20231016,XSGE,上期所,AG,12,12,9,0
20231016,XSGE,上期所,AL,12,12,3,0
20231016,XSGE,上期所,AO,11,11,2,0
20231016,XSGE,上期所,AU,8,8,6,0
20231016,XSGE,上期所,BR,9,9,1,0
20231016,XSGE,上期所,BU,16,16,5,0
20231016,XSGE,上期所,CU,12,12,5,0
20231016,XSGE,上期所,FU,12,12,10,0
20231016,XSGE,上期所,HC,12,12,3,0
20231016,XSGE,上期所,NI,12,12,3,0
20231016,XSGE,上期所,PB,12,12,3,0
20231016,XSGE,上期所,RB,12,12,6,0
20231016,XSGE,上期所,RU,10,10,3,0
20231016,XSGE,上期所,SN,12,12,3,0
20231016,XSGE,上期所,SP,12,12,4,0
20231016,XSGE,上期所,SS,12,12,2,0
20231016,XSGE,上期所,ZN,12,12,3,0
20231016,XSIE,能源中心,BC,12,12,1,0
20231016,XSIE,能源中心,LU,12,12,4,0
20231016,XSIE,能源中心,NR,12,12,3,0
20231016,XSIE,能源中心,SC,20,20,4,0
20231017,XDCE,大商所,A,6,6,3,0
20231017,XDCE,大商所,B,12,12,2,0
20231017,XDCE,大商所,C,6,6,5,0
20231017,XDCE,大商所,CS,6,6,3,0
20231017,XDCE,大商所,EB,12,12,5,0
20231017,XDCE,大商所,EG,12,12,3,0
20231017,XDCE,大商所,I,12,12,6,0
20231017,XDCE,大商所,J,12,12,2,0
20231017,XDCE,大商所,JM,12,12,2,0
20231017,XDCE,大商所,L,12,12,4,0
20231017,XDCE,大商所,M,8,8,5,0
20231017,XDCE,大商所,P,12,12,6,0
20231017,XDCE,大商所,PG,12,12,6,0
20231017,XDCE,大商所,PP,12,12,5,0
20231017,XDCE,大商所,RR,12,12,1,0
20231017,XDCE,大商所,V,12,12,9,0
20231017,XDCE,大商所,Y,8,8,6,0
20231017,XSGE,上期所,AG,12,12,6,0
20231017,XSGE,上期所,AL,12,12,3,0
20231017,XSGE,上期所,AO,12,12,3,0
20231017,XSGE,上期所,AU,8,8,2,0
20231017,XSGE,上期所,BR,10,10,2,0
20231017,XSGE,上期所,BU,16,16,6,0
20231017,XSGE,上期所,CU,12,12,3,0
20231017,XSGE,上期所,FU,12,12,6,0
20231017,XSGE,上期所,HC,12,12,4,0
20231017,XSGE,上期所,NI,12,12,3,0
20231017,XSGE,上期所,PB,12,12,2,0
20231017,XSGE,上期所,RB,12,12,5,0
20231017,XSGE,上期所,RU,10,10,4,0
20231017,XSGE,上期所,SN,12,12,2,0
20231017,XSGE,上期所,SP,12,12,6,0
20231017,XSGE,上期所,SS,12,12,3,0
20231017,XSGE,上期所,ZN,12,12,3,0
20231017,XSIE,能源中心,BC,12,12,1,0
20231017,XSIE,能源中心,LU,12,12,4,0
20231017,XSIE,能源中心,NR,12,12,2,0
20231017,XSIE,能源中心,SC,20,20,3,0
20231018,XDCE,大商所,A,6,6,5,0
20231018,XDCE,大商所,B,12,12,3,0
20231018,XDCE,大商所,C,6,6,5,0
20231018,XDCE,大商所,CS,6,6,3,0
20231018,XDCE,大商所,EB,12,12,4,0
20231018,XDCE,大商所,EG,12,12,4,0
20231018,XDCE,大商所,I,12,12,8,0
20231018,XDCE,大商所,J,12,12,1,0
20231018,XDCE,大商所,JM,12,12,2,0
20231018,XDCE,大商所,L,12,12,3,0
20231018,XDCE,大商所,M,8,8,8,0
20231018,XDCE,大商所,P,12,12,3,0
20231018,XDCE,大商所,PG,12,12,3,0
20231018,XDCE,大商所,PP,12,12,5,0
20231018,XDCE,大商所,RR,12,12,2,0
20231018,XDCE,大商所,V,12,12,3,0
20231018,XDCE,大商所,Y,8,8,4,0
20231018,XSGE,上期所,AG,12,12,6,0
20231018,XSGE,上期所,AL,12,12,3,0
20231018,XSGE,上期所,AO,12,12,3,0
20231018,XSGE,上期所,AU,8,8,5,0
20231018,XSGE,上期所,BR,10,10,2,0
20231018,XSGE,上期所,BU,16,16,6,0
20231018,XSGE,上期所,CU,12,12,6,0
20231018,XSGE,上期所,FU,12,12,6,0
20231018,XSGE,上期所,HC,12,12,5,0
20231018,XSGE,上期所,NI,12,12,3,0
20231018,XSGE,上期所,PB,12,12,3,0
20231018,XSGE,上期所,RB,12,12,4,0
20231018,XSGE,上期所,RU,10,10,5,0
20231018,XSGE,上期所,SN,12,12,3,0
20231018,XSGE,上期所,SP,12,12,5,0
20231018,XSGE,上期所,SS,12,12,4,0
20231018,XSGE,上期所,ZN,12,12,3,0
20231018,XSIE,能源中心,BC,12,12,1,0
20231018,XSIE,能源中心,LU,12,12,3,0
20231018,XSIE,能源中心,NR,12,12,4,0
20231018,XSIE,能源中心,SC,20,20,4,0
20231019,XDCE,大商所,A,6,6,4,0
20231019,XDCE,大商所,B,12,12,2,0
20231019,XDCE,大商所,C,6,6,4,0
20231019,XDCE,大商所,CS,6,6,3,0
20231019,XDCE,大商所,EB,12,12,3,0
20231019,XDCE,大商所,EG,12,12,5,0
20231019,XDCE,大商所,I,12,12,7,0
20231019,XDCE,大商所,J,12,12,1,0
20231019,XDCE,大商所,JM,12,12,2,0
20231019,XDCE,大商所,L,12,12,4,0
20231019,XDCE,大商所,M,8,8,6,0
20231019,XDCE,大商所,P,12,12,4,0
20231019,XDCE,大商所,PG,12,12,5,0
20231019,XDCE,大商所,PP,12,12,5,0
20231019,XDCE,大商所,RR,12,12,2,0
20231019,XDCE,大商所,V,12,12,4,0
20231019,XDCE,大商所,Y,8,8,5,0
20231019,XSGE,上期所,AG,12,12,7,0
20231019,XSGE,上期所,AL,12,12,3,0
20231019,XSGE,上期所,AO,12,12,3,0
20231019,XSGE,上期所,AU,8,8,6,0
20231019,XSGE,上期所,BR,10,10,2,0
20231019,XSGE,上期所,BU,16,16,5,0
20231019,XSGE,上期所,CU,12,12,4,0
20231019,XSGE,上期所,FU,12,12,6,0
20231019,XSGE,上期所,HC,12,12,4,0
20231019,XSGE,上期所,NI,12,12,3,0
20231019,XSGE,上期所,PB,12,12,2,0
20231019,XSGE,上期所,RB,12,12,7,0
20231019,XSGE,上期所,RU,10,10,4,0
20231019,XSGE,上期所,SN,12,12,3,0
20231019,XSGE,上期所,SP,12,12,5,0
20231019,XSGE,上期所,SS,12,12,3,0
20231019,XSGE,上期所,ZN,12,12,3,0
20231019,XSIE,能源中心,BC,12,12,1,0
20231019,XSIE,能源中心,LU,12,12,3,0
20231019,XSIE,能源中心,NR,12,12,4,0
20231019,XSIE,能源中心,SC,20,20,3,0
20231020,XDCE,大商所,A,6,6,4,0
20231020,XDCE,大商所,B,12,12,3,0
20231020,XDCE,大商所,C,6,6,5,0
20231020,XDCE,大商所,CS,6,6,3,0
20231020,XDCE,大商所,EB,12,12,3,0
20231020,XDCE,大商所,EG,12,12,3,0
20231020,XDCE,大商所,I,12,12,6,0
20231020,XDCE,大商所,J,12,12,2,0
20231020,XDCE,大商所,JM,12,12,1,0
20231020,XDCE,大商所,L,12,12,3,0
20231020,XDCE,大商所,M,8,8,8,0
20231020,XDCE,大商所,P,12,12,4,0
20231020,XDCE,大商所,PG,12,12,4,0
20231020,XDCE,大商所,PP,12,12,4,0
20231020,XDCE,大商所,RR,12,12,2,0
20231020,XDCE,大商所,V,12,12,4,0
20231020,XDCE,大商所,Y,8,8,3,0
20231020,XSGE,上期所,AG,12,12,6,0
20231020,XSGE,上期所,AL,12,12,2,0
20231020,XSGE,上期所,AO,12,12,2,0
20231020,XSGE,上期所,AU,8,8,4,0
20231020,XSGE,上期所,BR,10,10,1,0
20231020,XSGE,上期所,BU,16,16,5,0
20231020,XSGE,上期所,CU,12,12,4,0
20231020,XSGE,上期所,FU,12,12,7,0
20231020,XSGE,上期所,HC,12,12,6,0
20231020,XSGE,上期所,NI,12,12,5,0
20231020,XSGE,上期所,PB,12,12,4,0
20231020,XSGE,上期所,RB,12,12,6,0
20231020,XSGE,上期所,RU,10,10,3,0
20231020,XSGE,上期所,SN,12,12,3,0
20231020,XSGE,上期所,SP,12,12,4,0
20231020,XSGE,上期所,SS,12,12,3,0
20231020,XSGE,上期所,ZN,12,12,3,0
20231020,XSIE,能源中心,BC,12,12,1,0
20231020,XSIE,能源中心,LU,12,12,3,0
20231020,XSIE,能源中心,NR,12,12,4,0
20231020,XSIE,能源中心,SC,20,20,4,0
20231023,XDCE,大商所,A,6,6,3,0
20231023,XDCE,大商所,B,12,12,3,0
20231023,XDCE,大商所,C,6,6,5,0
20231023,XDCE,大商所,CS,6,6,3,0
20231023,XDCE,大商所,EB,12,12,5,0
20231023,XDCE,大商所,EG,12,12,3,0
20231023,XDCE,大商所,I,12,12,7,0
20231023,XDCE,大商所,J,12,12,1,0
20231023,XDCE,大商所,JM,12,12,2,0
20231023,XDCE,大商所,L,12,12,3,0
20231023,XDCE,大商所,M,8,8,6,0
20231023,XDCE,大商所,P,12,12,5,0
20231023,XDCE,大商所,PG,12,12,4,0
20231023,XDCE,大商所,PP,12,12,3,0
20231023,XDCE,大商所,RR,12,12,2,0
20231023,XDCE,大商所,V,12,12,4,0
20231023,XDCE,大商所,Y,8,8,5,0
20231023,XSGE,上期所,AG,12,12,6,0
20231023,XSGE,上期所,AL,12,12,3,0
20231023,XSGE,上期所,AO,12,12,2,0
20231023,XSGE,上期所,AU,8,8,5,0
20231023,XSGE,上期所,BR,10,10,2,0
20231023,XSGE,上期所,BU,16,16,4,0
20231023,XSGE,上期所,CU,12,12,5,0
20231023,XSGE,上期所,FU,12,12,6,0
20231023,XSGE,上期所,HC,12,12,3,0
20231023,XSGE,上期所,NI,12,12,3,0
20231023,XSGE,上期所,PB,12,12,3,0
20231023,XSGE,上期所,RB,12,12,5,0
20231023,XSGE,上期所,RU,10,10,4,0
20231023,XSGE,上期所,SN,12,12,4,0
20231023,XSGE,上期所,SP,12,12,3,0
20231023,XSGE,上期所,SS,12,12,3,0
20231023,XSGE,上期所,ZN,12,12,3,0
20231023,XSIE,能源中心,BC,12,12,2,0
20231023,XSIE,能源中心,LU,12,12,1,0
20231023,XSIE,能源中心,NR,12,12,3,0
20231023,XSIE,能源中心,SC,20,20,2,0
20231024,XDCE,大商所,A,6,6,3,0
20231024,XDCE,大商所,B,12,12,2,0
20231024,XDCE,大商所,C,6,6,5,0
20231024,XDCE,大商所,CS,6,6,4,0
20231024,XDCE,大商所,EB,12,12,8,0
20231024,XDCE,大商所,EG,12,12,5,0
20231024,XDCE,大商所,I,12,12,5,0
20231024,XDCE,大商所,J,12,12,1,0
20231024,XDCE,大商所,JM,12,12,3,0
20231024,XDCE,大商所,L,12,12,3,0
20231024,XDCE,大商所,M,8,8,5,0
20231024,XDCE,大商所,P,12,12,5,0
20231024,XDCE,大商所,PG,12,12,4,0
20231024,XDCE,大商所,PP,12,12,4,0
20231024,XDCE,大商所,RR,12,12,1,0
20231024,XDCE,大商所,V,12,12,3,0
20231024,XDCE,大商所,Y,8,8,3,0
20231024,XSGE,上期所,AG,12,12,10,0
20231024,XSGE,上期所,AL,12,12,2,0
20231024,XSGE,上期所,AO,12,11,2,0
20231024,XSGE,上期所,AU,8,8,4,0
20231024,XSGE,上期所,BR,10,10,3,0
20231024,XSGE,上期所,BU,16,16,4,0
20231024,XSGE,上期所,CU,12,12,4,0
20231024,XSGE,上期所,FU,12,12,7,0
20231024,XSGE,上期所,HC,12,12,3,0
20231024,XSGE,上期所,NI,12,12,3,0
20231024,XSGE,上期所,PB,12,12,3,0
20231024,XSGE,上期所,RB,12,12,5,0
20231024,XSGE,上期所,RU,10,10,5,0
20231024,XSGE,上期所,SN,12,12,2,0
20231024,XSGE,上期所,SP,12,12,4,0
20231024,XSGE,上期所,SS,12,12,3,0
20231024,XSGE,上期所,ZN,12,12,3,0
20231024,XSIE,能源中心,BC,12,12,3,0
20231024,XSIE,能源中心,LU,12,12,4,0
20231024,XSIE,能源中心,NR,12,12,4,0
20231024,XSIE,能源中心,SC,20,20,3,0
20231025,XDCE,大商所,A,6,6,3,0
20231025,XDCE,大商所,B,12,12,3,0
20231025,XDCE,大商所,C,6,6,4,0
20231025,XDCE,大商所,CS,6,6,4,0
20231025,XDCE,大商所,EB,12,12,4,0
20231025,XDCE,大商所,EG,12,12,4,0
20231025,XDCE,大商所,I,12,12,8,0
20231025,XDCE,大商所,J,12,12,3,0
20231025,XDCE,大商所,JM,12,12,3,0
20231025,XDCE,大商所,L,12,12,3,0
20231025,XDCE,大商所,M,8,8,6,0
20231025,XDCE,大商所,P,12,12,5,0
20231025,XDCE,大商所,PG,12,12,5,0
20231025,XDCE,大商所,PP,12,12,5,0
20231025,XDCE,大商所,RR,12,12,2,0
20231025,XDCE,大商所,V,12,12,4,0
20231025,XDCE,大商所,Y,8,8,5,0
20231025,XSGE,上期所,AG,12,12,8,0
20231025,XSGE,上期所,AL,12,12,3,0
20231025,XSGE,上期所,AO,12,11,3,0
20231025,XSGE,上期所,AU,8,8,4,0
20231025,XSGE,上期所,BR,10,10,1,0
20231025,XSGE,上期所,BU,16,16,5,0
20231025,XSGE,上期所,CU,12,12,5,0
20231025,XSGE,上期所,FU,12,12,5,0
20231025,XSGE,上期所,HC,12,12,3,0
20231025,XSGE,上期所,NI,12,12,3,0
20231025,XSGE,上期所,PB,12,12,3,0
20231025,XSGE,上期所,RB,12,12,7,0
20231025,XSGE,上期所,RU,10,10,4,0
20231025,XSGE,上期所,SN,12,12,3,0
20231025,XSGE,上期所,SP,12,12,3,0
20231025,XSGE,上期所,SS,12,12,2,0
20231025,XSGE,上期所,ZN,12,12,3,0
20231025,XSIE,能源中心,BC,12,12,3,0
20231025,XSIE,能源中心,LU,12,12,4,0
20231025,XSIE,能源中心,NR,12,12,3,0
20231025,XSIE,能源中心,SC,20,20,3,0
20231026,XDCE,大商所,A,6,6,3,0
20231026,XDCE,大商所,B,12,12,3,0
20231026,XDCE,大商所,C,6,6,4,0
20231026,XDCE,大商所,CS,6,6,2,0
20231026,XDCE,大商所,EB,12,12,3,0
20231026,XDCE,大商所,EG,12,12,4,0
20231026,XDCE,大商所,I,12,12,5,0
20231026,XDCE,大商所,J,12,12,3,0
20231026,XDCE,大商所,JM,12,12,3,0
20231026,XDCE,大商所,L,12,12,4,0
20231026,XDCE,大商所,M,8,8,7,0
20231026,XDCE,大商所,P,12,12,4,0
20231026,XDCE,大商所,PG,12,12,3,0
20231026,XDCE,大商所,PP,12,12,4,0
20231026,XDCE,大商所,RR,12,12,2,0
20231026,XDCE,大商所,V,12,12,3,0
20231026,XDCE,大商所,Y,8,8,4,0
20231026,XSGE,上期所,AG,12,12,7,0
20231026,XSGE,上期所,AL,12,12,4,0
20231026,XSGE,上期所,AO,12,10,3,0
20231026,XSGE,上期所,AU,8,8,3,0
20231026,XSGE,上期所,BR,10,10,2,0
20231026,XSGE,上期所,BU,16,16,6,0
20231026,XSGE,上期所,CU,12,12,4,0
20231026,XSGE,上期所,FU,12,12,8,0
20231026,XSGE,上期所,HC,12,12,4,0
20231026,XSGE,上期所,NI,12,12,5,0
20231026,XSGE,上期所,PB,12,12,3,0
20231026,XSGE,上期所,RB,12,12,7,0
20231026,XSGE,上期所,RU,10,10,4,0
20231026,XSGE,上期所,SN,12,12,3,0
20231026,XSGE,上期所,SP,12,12,5,0
20231026,XSGE,上期所,SS,12,12,3,0
20231026,XSGE,上期所,ZN,12,12,3,0
20231026,XSIE,能源中心,BC,12,12,3,0
20231026,XSIE,能源中心,LU,12,12,3,0
20231026,XSIE,能源中心,NR,12,12,4,0
20231026,XSIE,能源中心,SC,20,20,5,0
20231027,XDCE,大商所,A,6,6,3,0
20231027,XDCE,大商所,B,12,12,4,0
20231027,XDCE,大商所,C,6,6,4,0
20231027,XDCE,大商所,CS,6,6,3,0
20231027,XDCE,大商所,EB,12,12,4,0
20231027,XDCE,大商所,EG,12,12,5,0
20231027,XDCE,大商所,I,12,12,6,0
20231027,XDCE,大商所,J,12,12,3,0
20231027,XDCE,大商所,JM,12,12,3,0
20231027,XDCE,大商所,L,12,12,5,0
20231027,XDCE,大商所,M,8,8,7,0
20231027,XDCE,大商所,P,12,12,7,0
20231027,XDCE,大商所,PG,12,12,7,0
20231027,XDCE,大商所,PP,12,12,5,0
20231027,XDCE,大商所,RR,12,12,1,0
20231027,XDCE,大商所,V,12,12,3,0
20231027,XDCE,大商所,Y,8,8,5,0
20231027,XSGE,上期所,AG,12,12,8,0
20231027,XSGE,上期所,AL,12,12,4,0
20231027,XSGE,上期所,AO,12,12,3,0
20231027,XSGE,上期所,AU,8,8,4,0
20231027,XSGE,上期所,BR,10,10,2,0
20231027,XSGE,上期所,BU,16,16,7,0
20231027,XSGE,上期所,CU,12,12,5,0
20231027,XSGE,上期所,FU,12,12,10,0
20231027,XSGE,上期所,HC,12,12,4,0
20231027,XSGE,上期所,NI,12,12,3,0
20231027,XSGE,上期所,PB,12,12,3,0
20231027,XSGE,上期所,RB,12,12,7,0
20231027,XSGE,上期所,RU,10,10,4,0
20231027,XSGE,上期所,SN,12,12,3,0
20231027,XSGE,上期所,SP,12,12,4,0
20231027,XSGE,上期所,SS,12,12,3,0
20231027,XSGE,上期所,ZN,12,12,3,0
20231027,XSIE,能源中心,BC,12,12,2,0
20231027,XSIE,能源中心,LU,12,12,5,0
20231027,XSIE,能源中心,NR,12,12,3,0
20231027,XSIE,能源中心,SC,20,20,5,0
20231030,XDCE,大商所,A,6,6,3,0
20231030,XDCE,大商所,B,12,12,3,0
20231030,XDCE,大商所,C,6,6,3,0
20231030,XDCE,大商所,CS,6,6,3,0
20231030,XDCE,大商所,EB,12,12,6,0
20231030,XDCE,大商所,EG,12,12,5,0
20231030,XDCE,大商所,I,12,12,7,0
20231030,XDCE,大商所,J,12,12,3,0
20231030,XDCE,大商所,JM,12,12,5,0
20231030,XDCE,大商所,L,12,12,4,0
20231030,XDCE,大商所,M,8,8,8,0
20231030,XDCE,大商所,P,12,12,6,0
20231030,XDCE,大商所,PG,12,12,4,0
20231030,XDCE,大商所,PP,12,12,5,0
20231030,XDCE,大商所,RR,12,12,1,0
20231030,XDCE,大商所,V,12,12,5,0
20231030,XDCE,大商所,Y,8,8,5,0
20231030,XSGE,上期所,AG,12,12,8,0
20231030,XSGE,上期所,AL,12,12,4,0
20231030,XSGE,上期所,AO,12,11,2,0
20231030,XSGE,上期所,AU,8,8,4,0
20231030,XSGE,上期所,BR,10,10,2,0
20231030,XSGE,上期所,BU,16,16,7,0
20231030,XSGE,上期所,CU,12,12,4,0
20231030,XSGE,上期所,FU,12,12,7,0
20231030,XSGE,上期所,HC,12,12,3,0
20231030,XSGE,上期所,NI,12,12,4,0
20231030,XSGE,上期所,PB,12,12,3,0
20231030,XSGE,上期所,RB,12,12,7,0
20231030,XSGE,上期所,RU,10,10,3,0
20231030,XSGE,上期所,SN,12,12,4,0
20231030,XSGE,上期所,SP,12,12,6,0
20231030,XSGE,上期所,SS,12,12,5,0
20231030,XSGE,上期所,ZN,12,12,3,0
20231030,XSIE,能源中心,BC,12,12,2,0
20231030,XSIE,能源中心,LU,12,12,3,0
20231030,XSIE,能源中心,NR,12,12,2,0
20231030,XSIE,能源中心,SC,20,20,2,0
20231031,XDCE,大商所,A,6,6,4,0
20231031,XDCE,大商所,B,12,12,3,0
20231031,XDCE,大商所,C,6,6,6,0
20231031,XDCE,大商所,CS,6,6,4,0
20231031,XDCE,大商所,EB,12,12,4,0
20231031,XDCE,大商所,EG,12,12,3,0
20231031,XDCE,大商所,I,12,12,8,0
20231031,XDCE,大商所,J,12,12,3,0
20231031,XDCE,大商所,JM,12,12,2,0
20231031,XDCE,大商所,L,12,12,3,0
20231031,XDCE,大商所,M,8,8,7,0
20231031,XDCE,大商所,P,12,12,4,0
20231031,XDCE,大商所,PG,12,12,3,0
20231031,XDCE,大商所,PP,12,12,4,0
20231031,XDCE,大商所,RR,12,12,1,0
20231031,XDCE,大商所,V,12,12,3,0
20231031,XDCE,大商所,Y,8,8,5,0
20231031,XSGE,上期所,AG,12,12,11,0
20231031,XSGE,上期所,AL,12,12,4,0
20231031,XSGE,上期所,AO,12,12,3,0
20231031,XSGE,上期所,AU,8,8,3,0
20231031,XSGE,上期所,BR,10,10,2,0
20231031,XSGE,上期所,BU,16,16,9,0
20231031,XSGE,上期所,CU,12,12,5,0
20231031,XSGE,上期所,FU,12,12,4,0
20231031,XSGE,上期所,HC,12,12,5,0
20231031,XSGE,上期所,NI,12,12,6,0
20231031,XSGE,上期所,PB,12,12,4,0
20231031,XSGE,上期所,RB,12,12,7,0
20231031,XSGE,上期所,RU,10,10,5,0
20231031,XSGE,上期所,SN,12,12,4,0
20231031,XSGE,上期所,SP,12,12,4,0
20231031,XSGE,上期所,SS,12,12,5,0
20231031,XSGE,上期所,ZN,12,12,3,0
20231031,XSIE,能源中心,BC,12,12,4,0
20231031,XSIE,能源中心,LU,12,12,3,0
20231031,XSIE,能源中心,NR,12,12,3,0
20231031,XSIE,能源中心,SC,20,20,3,0
20231101,XDCE,大商所,A,6,6,3,0
20231101,XDCE,大商所,B,12,12,2,0
20231101,XDCE,大商所,C,6,6,2,0
20231101,XDCE,大商所,CS,6,6,4,0
20231101,XDCE,大商所,EB,12,12,3,0
20231101,XDCE,大商所,EG,12,12,5,0
20231101,XDCE,大商所,I,12,12,7,0
20231101,XDCE,大商所,J,12,12,3,0
20231101,XDCE,大商所,JM,12,12,2,0
20231101,XDCE,大商所,L,12,12,4,0
20231101,XDCE,大商所,M,8,8,7,0
20231101,XDCE,大商所,P,12,12,5,0
20231101,XDCE,大商所,PG,12,12,5,0
20231101,XDCE,大商所,PP,12,12,4,0
20231101,XDCE,大商所,RR,12,12,2,0
20231101,XDCE,大商所,V,12,12,3,0
20231101,XDCE,大商所,Y,8,8,5,0
20231101,XSGE,上期所,AG,12,12,7,0
20231101,XSGE,上期所,AL,12,12,5,0
20231101,XSGE,上期所,AO,12,12,2,0
20231101,XSGE,上期所,AU,8,8,5,0
20231101,XSGE,上期所,BR,10,10,1,0
20231101,XSGE,上期所,BU,16,16,6,0
20231101,XSGE,上期所,CU,12,12,3,0
20231101,XSGE,上期所,FU,12,12,5,0
20231101,XSGE,上期所,HC,12,12,3,0
20231101,XSGE,上期所,NI,12,12,2,0
20231101,XSGE,上期所,PB,12,12,2,0
20231101,XSGE,上期所,RB,12,12,8,0
20231101,XSGE,上期所,RU,10,10,4,0
20231101,XSGE,上期所,SN,12,12,3,0
20231101,XSGE,上期所,SP,12,12,4,0
20231101,XSGE,上期所,SS,12,12,3,0
20231101,XSGE,上期所,ZN,12,12,2,0
20231101,XSIE,能源中心,BC,12,12,2,0
20231101,XSIE,能源中心,LU,12,12,3,0
20231101,XSIE,能源中心,NR,12,12,3,0
20231101,XSIE,能源中心,SC,20,20,4,0
20231102,XDCE,大商所,A,6,6,2,0
20231102,XDCE,大商所,B,12,12,2,0
20231102,XDCE,大商所,C,6,6,4,0
20231102,XDCE,大商所,CS,6,6,2,0
20231102,XDCE,大商所,EB,12,12,6,0
20231102,XDCE,大商所,EG,12,12,5,0
20231102,XDCE,大商所,I,12,12,7,0
20231102,XDCE,大商所,J,12,12,1,0
20231102,XDCE,大商所,JM,12,12,2,0
20231102,XDCE,大商所,L,12,12,5,0
20231102,XDCE,大商所,M,8,8,5,0
20231102,XDCE,大商所,P,12,12,5,0
20231102,XDCE,大商所,PG,12,12,3,0
20231102,XDCE,大商所,PP,12,12,4,0
20231102,XDCE,大商所,RR,12,12,3,0
20231102,XDCE,大商所,V,12,12,5,0
20231102,XDCE,大商所,Y,8,8,4,0
20231102,XSGE,上期所,AG,12,12,8,0
20231102,XSGE,上期所,AL,12,12,4,0
20231102,XSGE,上期所,AO,12,12,2,0
20231102,XSGE,上期所,AU,8,8,4,0
20231102,XSGE,上期所,BR,10,10,2,0
20231102,XSGE,上期所,BU,16,16,7,0
20231102,XSGE,上期所,CU,12,12,2,0
20231102,XSGE,上期所,FU,12,12,7,0
20231102,XSGE,上期所,HC,12,12,5,0
20231102,XSGE,上期所,NI,12,12,2,0
20231102,XSGE,上期所,PB,12,12,2,0
20231102,XSGE,上期所,RB,12,12,5,0
20231102,XSGE,上期所,RU,10,10,2,0
20231102,XSGE,上期所,SN,12,12,2,0
20231102,XSGE,上期所,SP,12,12,5,0
20231102,XSGE,上期所,SS,12,12,3,0
20231102,XSGE,上期所,ZN,12,12,4,0
20231102,XSIE,能源中心,BC,12,12,2,0
20231102,XSIE,能源中心,LU,12,12,3,0
20231102,XSIE,能源中心,NR,12,12,3,0
20231102,XSIE,能源中心,SC,20,20,5,0
20231103,XDCE,大商所,A,6,6,3,0
20231103,XDCE,大商所,B,12,12,2,0
20231103,XDCE,大商所,C,6,6,3,0
20231103,XDCE,大商所,CS,6,6,3,0
20231103,XDCE,大商所,EB,12,12,4,0
20231103,XDCE,大商所,EG,12,12,4,0
20231103,XDCE,大商所,I,12,12,6,0
20231103,XDCE,大商所,J,12,12,1,0
20231103,XDCE,大商所,JM,12,12,3,0
20231103,XDCE,大商所,L,12,12,3,0
20231103,XDCE,大商所,M,8,8,8,0
20231103,XDCE,大商所,P,12,12,4,0
20231103,XDCE,大商所,PG,12,12,5,0
20231103,XDCE,大商所,PP,12,12,4,0
20231103,XDCE,大商所,RR,12,12,3,0
20231103,XDCE,大商所,V,12,12,4,0
20231103,XDCE,大商所,Y,8,8,5,0
20231103,XSGE,上期所,AG,12,12,5,0
20231103,XSGE,上期所,AL,12,12,4,0
20231103,XSGE,上期所,AO,12,10,3,0
20231103,XSGE,上期所,AU,8,8,4,0
20231103,XSGE,上期所,BR,10,10,2,0
20231103,XSGE,上期所,BU,16,16,4,0
20231103,XSGE,上期所,CU,12,12,4,0
20231103,XSGE,上期所,FU,12,12,6,0
20231103,XSGE,上期所,HC,12,12,4,0
20231103,XSGE,上期所,NI,12,12,4,0
20231103,XSGE,上期所,PB,12,12,2,0
20231103,XSGE,上期所,RB,12,12,9,0
20231103,XSGE,上期所,RU,10,10,4,0
20231103,XSGE,上期所,SN,12,12,2,0
20231103,XSGE,上期所,SP,12,12,4,0
20231103,XSGE,上期所,SS,12,12,2,0
20231103,XSGE,上期所,ZN,12,12,4,0
20231103,XSIE,能源中心,BC,12,12,2,0
20231103,XSIE,能源中心,LU,12,12,2,0
20231103,XSIE,能源中心,NR,12,12,1,0
20231103,XSIE,能源中心,SC,20,20,4,0
20231106,XDCE,大商所,A,6,6,3,0
20231106,XDCE,大商所,B,12,12,2,0
20231106,XDCE,大商所,C,6,6,3,0
20231106,XDCE,大商所,CS,6,6,2,0
20231106,XDCE,大商所,EB,12,12,6,0
20231106,XDCE,大商所,EG,12,12,4,0
20231106,XDCE,大商所,I,12,12,5,0
20231106,XDCE,大商所,J,12,12,2,0
20231106,XDCE,大商所,JM,12,12,2,0
20231106,XDCE,大商所,L,12,12,4,0
20231106,XDCE,大商所,M,8,8,8,0
20231106,XDCE,大商所,P,12,12,4,0
20231106,XDCE,大商所,PG,12,12,3,0
20231106,XDCE,大商所,PP,12,12,4,0
20231106,XDCE,大商所,RR,12,12,2,0
20231106,XDCE,大商所,V,12,12,4,0
20231106,XDCE,大商所,Y,8,8,5,0
20231106,XSGE,上期所,AG,12,12,9,0
20231106,XSGE,上期所,AL,12,12,4,0
20231106,XSGE,上期所,AO,12,11,2,0
20231106,XSGE,上期所,AU,8,8,4,0
20231106,XSGE,上期所,BR,10,10,2,0
20231106,XSGE,上期所,BU,16,16,5,0
20231106,XSGE,上期所,CU,12,12,5,0
20231106,XSGE,上期所,FU,12,12,7,0
20231106,XSGE,上期所,HC,12,12,6,0
20231106,XSGE,上期所,NI,12,12,3,0
20231106,XSGE,上期所,PB,12,12,4,0
20231106,XSGE,上期所,RB,12,12,7,0
20231106,XSGE,上期所,RU,10,10,4,0
20231106,XSGE,上期所,SN,12,12,2,0
20231106,XSGE,上期所,SP,12,12,4,0
20231106,XSGE,上期所,SS,12,12,4,0
20231106,XSGE,上期所,ZN,12,12,2,0
20231106,XSIE,能源中心,BC,12,12,2,0
20231106,XSIE,能源中心,LU,12,12,3,0
20231106,XSIE,能源中心,NR,12,12,2,0
20231106,XSIE,能源中心,SC,20,20,3,0
20231107,XDCE,大商所,A,6,6,2,0
20231107,XDCE,大商所,B,12,12,4,0
20231107,XDCE,大商所,C,6,6,3,0
20231107,XDCE,大商所,CS,6,6,2,0
20231107,XDCE,大商所,EB,12,12,4,0
20231107,XDCE,大商所,EG,12,12,4,0
20231107,XDCE,大商所,I,12,12,7,0
20231107,XDCE,大商所,J,12,12,1,0
20231107,XDCE,大商所,JM,12,12,2,0
20231107,XDCE,大商所,L,12,12,4,0
20231107,XDCE,大商所,M,8,8,7,0
20231107,XDCE,大商所,P,12,12,3,0
20231107,XDCE,大商所,PG,12,12,3,0
20231107,XDCE,大商所,PP,12,12,4,0
20231107,XDCE,大商所,RR,12,12,1,0
20231107,XDCE,大商所,V,12,12,5,0
20231107,XDCE,大商所,Y,8,8,5,0
20231107,XSGE,上期所,AG,12,12,4,0
20231107,XSGE,上期所,AL,12,12,7,0
20231107,XSGE,上期所,AO,12,10,2,0
20231107,XSGE,上期所,AU,8,8,3,0
20231107,XSGE,上期所,BR,10,10,2,0
20231107,XSGE,上期所,BU,16,16,4,0
20231107,XSGE,上期所,CU,12,12,6,0
20231107,XSGE,上期所,FU,12,12,5,0
20231107,XSGE,上期所,HC,12,12,3,0
20231107,XSGE,上期所,NI,12,12,3,0
20231107,XSGE,上期所,PB,12,12,2,0
20231107,XSGE,上期所,RB,12,12,8,0
20231107,XSGE,上期所,RU,10,10,2,0
20231107,XSGE,上期所,SN,12,12,2,0
20231107,XSGE,上期所,SP,12,12,5,0
20231107,XSGE,上期所,SS,12,12,2,0
20231107,XSGE,上期所,ZN,12,12,3,0
20231107,XSIE,能源中心,BC,12,12,2,0
20231107,XSIE,能源中心,LU,12,12,5,0
20231107,XSIE,能源中心,NR,12,12,3,0
20231107,XSIE,能源中心,SC,20,20,3,0
20231108,XDCE,大商所,A,6,6,3,0
20231108,XDCE,大商所,B,12,12,5,0
20231108,XDCE,大商所,C,6,6,5,0
20231108,XDCE,大商所,CS,6,6,3,0
20231108,XDCE,大商所,EB,12,12,3,0
20231108,XDCE,大商所,EG,12,12,5,0
20231108,XDCE,大商所,I,12,12,7,0
20231108,XDCE,大商所,J,12,12,2,0
20231108,XDCE,大商所,JM,12,12,2,0
20231108,XDCE,大商所,L,12,12,2,0
20231108,XDCE,大商所,M,8,8,7,0
20231108,XDCE,大商所,P,12,12,5,0
20231108,XDCE,大商所,PG,12,12,3,0
20231108,XDCE,大商所,PP,12,12,5,0
20231108,XDCE,大商所,RR,12,12,2,0
20231108,XDCE,大商所,V,12,12,6,0
20231108,XDCE,大商所,Y,8,8,6,0
20231108,XSGE,上期所,AG,12,12,7,0
20231108,XSGE,上期所,AL,12,12,4,0
20231108,XSGE,上期所,AO,12,11,2,0
20231108,XSGE,上期所,AU,8,8,4,0
20231108,XSGE,上期所,BR,10,10,3,0
20231108,XSGE,上期所,BU,16,16,5,0
20231108,XSGE,上期所,CU,12,12,7,0
20231108,XSGE,上期所,FU,12,12,8,0
20231108,XSGE,上期所,HC,12,12,5,0
20231108,XSGE,上期所,NI,12,12,3,0
20231108,XSGE,上期所,PB,12,12,3,0
20231108,XSGE,上期所,RB,12,12,8,0
20231108,XSGE,上期所,RU,10,10,5,0
20231108,XSGE,上期所,SN,12,12,3,0
20231108,XSGE,上期所,SP,12,12,4,0
20231108,XSGE,上期所,SS,12,12,2,0
20231108,XSGE,上期所,ZN,12,12,3,0
20231108,XSIE,能源中心,BC,12,12,2,0
20231108,XSIE,能源中心,LU,12,12,4,0
20231108,XSIE,能源中心,NR,12,12,2,0
20231108,XSIE,能源中心,SC,20,20,6,0
20231109,XDCE,大商所,A,6,6,5,0
20231109,XDCE,大商所,B,12,12,3,0
20231109,XDCE,大商所,C,6,6,3,0
20231109,XDCE,大商所,CS,6,6,3,0
20231109,XDCE,大商所,EB,12,12,4,0
20231109,XDCE,大商所,EG,12,12,4,0
20231109,XDCE,大商所,I,12,12,6,0
20231109,XDCE,大商所,J,12,12,1,0
20231109,XDCE,大商所,JM,12,12,2,0
20231109,XDCE,大商所,L,12,12,4,0
20231109,XDCE,大商所,M,8,8,7,0
20231109,XDCE,大商所,P,12,12,3,0
20231109,XDCE,大商所,PG,12,12,5,0
20231109,XDCE,大商所,PP,12,12,4,0
20231109,XDCE,大商所,RR,12,12,1,0
20231109,XDCE,大商所,V,12,12,5,0
20231109,XDCE,大商所,Y,8,8,4,0
20231109,XSGE,上期所,AG,12,12,5,0
20231109,XSGE,上期所,AL,12,12,3,0
20231109,XSGE,上期所,AO,12,11,1,0
20231109,XSGE,上期所,AU,8,8,3,0
20231109,XSGE,上期所,BR,10,10,2,0
20231109,XSGE,上期所,BU,16,16,5,0
20231109,XSGE,上期所,CU,12,12,3,0
20231109,XSGE,上期所,FU,12,12,5,0
20231109,XSGE,上期所,HC,12,12,2,0
20231109,XSGE,上期所,NI,12,12,4,0
20231109,XSGE,上期所,PB,12,12,2,0
20231109,XSGE,上期所,RB,12,12,6,0
20231109,XSGE,上期所,RU,10,10,6,0
20231109,XSGE,上期所,SN,12,12,2,0
20231109,XSGE,上期所,SP,12,12,5,0
20231109,XSGE,上期所,SS,12,12,2,0
20231109,XSGE,上期所,ZN,12,12,4,0
20231109,XSIE,能源中心,BC,12,12,3,0
20231109,XSIE,能源中心,LU,12,12,3,0
20231109,XSIE,能源中心,NR,12,12,3,0
20231109,XSIE,能源中心,SC,20,20,5,0
20231110,XDCE,大商所,A,6,6,3,0
20231110,XDCE,大商所,B,12,12,2,0
20231110,XDCE,大商所,C,6,6,3,0
20231110,XDCE,大商所,CS,6,6,2,0
20231110,XDCE,大商所,EB,12,12,5,0
20231110,XDCE,大商所,EG,12,12,4,0
20231110,XDCE,大商所,I,12,12,7,0
20231110,XDCE,大商所,J,12,12,2,0
20231110,XDCE,大商所,JM,12,12,4,0
20231110,XDCE,大商所,L,12,12,2,0
20231110,XDCE,大商所,M,8,8,6,0
20231110,XDCE,大商所,P,12,12,3,0
20231110,XDCE,大商所,PG,12,12,3,0
20231110,XDCE,大商所,PP,12,12,4,0
20231110,XDCE,大商所,RR,12,12,2,0
20231110,XDCE,大商所,V,12,12,3,0
20231110,XDCE,大商所,Y,8,8,3,0
20231110,XSGE,上期所,AG,12,12,7,0
20231110,XSGE,上期所,AL,12,12,5,0
20231110,XSGE,上期所,AO,12,11,2,0
20231110,XSGE,上期所,AU,8,8,4,0
20231110,XSGE,上期所,BR,10,10,1,0
20231110,XSGE,上期所,BU,16,16,6,0
20231110,XSGE,上期所,CU,12,12,5,0
20231110,XSGE,上期所,FU,12,12,4,0
20231110,XSGE,上期所,HC,12,12,3,0
20231110,XSGE,上期所,NI,12,12,3,0
20231110,XSGE,上期所,PB,12,12,2,0
20231110,XSGE,上期所,RB,12,12,6,0
20231110,XSGE,上期所,RU,10,10,2,0
20231110,XSGE,上期所,SN,12,12,2,0
20231110,XSGE,上期所,SP,12,12,7,0
20231110,XSGE,上期所,SS,12,12,3,0
20231110,XSGE,上期所,ZN,12,12,2,0
20231110,XSIE,能源中心,BC,12,12,2,0
20231110,XSIE,能源中心,LU,12,12,3,0
20231110,XSIE,能源中心,NR,12,12,3,0
20231110,XSIE,能源中心,SC,20,20,3,0
20231113,XDCE,大商所,A,6,6,3,0
20231113,XDCE,大商所,B,12,12,3,0
20231113,XDCE,大商所,C,6,6,3,0
20231113,XDCE,大商所,CS,6,6,2,0
20231113,XDCE,大商所,EB,12,12,4,0
20231113,XDCE,大商所,EG,12,12,4,0
20231113,XDCE,大商所,I,12,12,6,0
20231113,XDCE,大商所,J,12,12,1,0
20231113,XDCE,大商所,JM,12,12,3,0
20231113,XDCE,大商所,L,12,12,2,0
20231113,XDCE,大商所,M,8,8,6,0
20231113,XDCE,大商所,P,12,12,5,0
20231113,XDCE,大商所,PG,12,12,6,0
20231113,XDCE,大商所,PP,12,12,4,0
20231113,XDCE,大商所,RR,12,12,1,0
20231113,XDCE,大商所,V,12,12,3,0
20231113,XDCE,大商所,Y,8,8,3,0
20231113,XSGE,上期所,AG,12,12,7,0
20231113,XSGE,上期所,AL,12,12,4,0
20231113,XSGE,上期所,AO,12,11,2,0
20231113,XSGE,上期所,AU,8,8,4,0
20231113,XSGE,上期所,BR,10,10,2,0
20231113,XSGE,上期所,BU,16,16,5,0
20231113,XSGE,上期所,CU,12,12,5,0
20231113,XSGE,上期所,FU,12,12,6,0
20231113,XSGE,上期所,HC,12,12,3,0
20231113,XSGE,上期所,NI,12,12,6,0
20231113,XSGE,上期所,PB,12,12,2,0
20231113,XSGE,上期所,RB,12,12,7,0
20231113,XSGE,上期所,RU,10,10,3,0
20231113,XSGE,上期所,SN,12,12,3,0
20231113,XSGE,上期所,SP,12,12,3,0
20231113,XSGE,上期所,SS,12,12,4,0
20231113,XSGE,上期所,ZN,12,12,3,0
20231113,XSIE,能源中心,BC,12,12,2,0
20231113,XSIE,能源中心,LU,12,12,3,0
20231113,XSIE,能源中心,NR,12,12,3,0
20231113,XSIE,能源中心,SC,20,20,3,0
20231114,XDCE,大商所,A,6,6,2,0
20231114,XDCE,大商所,B,12,12,3,0
20231114,XDCE,大商所,C,6,6,3,0
20231114,XDCE,大商所,CS,6,6,3,0
20231114,XDCE,大商所,EB,12,12,3,0
20231114,XDCE,大商所,EG,12,12,4,0
20231114,XDCE,大商所,I,12,12,5,0
20231114,XDCE,大商所,J,12,12,2,0
20231114,XDCE,大商所,JM,12,12,2,0
20231114,XDCE,大商所,L,12,12,4,0
20231114,XDCE,大商所,M,8,8,6,0
20231114,XDCE,大商所,P,12,12,4,0
20231114,XDCE,大商所,PG,12,12,3,0
20231114,XDCE,大商所,PP,12,12,4,0
20231114,XDCE,大商所,RR,12,12,1,0
20231114,XDCE,大商所,V,12,12,3,0
20231114,XDCE,大商所,Y,8,8,6,0
20231114,XSGE,上期所,AG,12,12,4,0
20231114,XSGE,上期所,AL,12,12,4,0
20231114,XSGE,上期所,AO,12,12,3,0
20231114,XSGE,上期所,AU,8,8,5,0
20231114,XSGE,上期所,BR,10,10,2,0
20231114,XSGE,上期所,BU,16,16,5,0
20231114,XSGE,上期所,CU,12,12,5,0
20231114,XSGE,上期所,FU,12,12,5,0
20231114,XSGE,上期所,HC,12,12,3,0
20231114,XSGE,上期所,NI,12,12,4,0
20231114,XSGE,上期所,PB,12,12,4,0
20231114,XSGE,上期所,RB,12,12,5,0
20231114,XSGE,上期所,RU,10,10,3,0
20231114,XSGE,上期所,SN,12,12,3,0
20231114,XSGE,上期所,SP,12,12,4,0
20231114,XSGE,上期所,SS,12,12,5,0
20231114,XSGE,上期所,ZN,12,12,4,0
20231114,XSIE,能源中心,BC,12,12,2,0
20231114,XSIE,能源中心,LU,12,12,3,0
20231114,XSIE,能源中心,NR,12,12,2,0
20231114,XSIE,能源中心,SC,20,20,4,0
20231115,XDCE,大商所,A,6,6,2,0
20231115,XDCE,大商所,B,12,12,2,0
20231115,XDCE,大商所,C,6,6,4,0
20231115,XDCE,大商所,CS,6,6,3,0
20231115,XDCE,大商所,EB,12,12,4,0
20231115,XDCE,大商所,EG,12,12,4,0
20231115,XDCE,大商所,I,12,12,6,0
20231115,XDCE,大商所,J,12,12,1,0
20231115,XDCE,大商所,JM,12,12,2,0
20231115,XDCE,大商所,L,12,12,3,0
20231115,XDCE,大商所,M,8,8,7,0
20231115,XDCE,大商所,P,12,12,5,0
20231115,XDCE,大商所,PG,12,12,4,0
20231115,XDCE,大商所,PP,12,12,4,0
20231115,XDCE,大商所,RR,12,12,1,0
20231115,XDCE,大商所,V,12,12,4,0
20231115,XDCE,大商所,Y,8,8,7,0
20231115,XSGE,上期所,AG,12,12,8,0
20231115,XSGE,上期所,AL,12,12,2,0
20231115,XSGE,上期所,AO,12,11,2,0
20231115,XSGE,上期所,AU,8,8,5,0
20231115,XSGE,上期所,BR,10,10,2,0
20231115,XSGE,上期所,BU,16,16,6,0
20231115,XSGE,上期所,CU,12,12,6,0
20231115,XSGE,上期所,FU,12,12,6,0
20231115,XSGE,上期所,HC,12,12,4,0
20231115,XSGE,上期所,NI,12,12,4,0
20231115,XSGE,上期所,PB,12,12,3,0
20231115,XSGE,上期所,RB,12,12,6,0
20231115,XSGE,上期所,RU,10,10,3,0
20231115,XSGE,上期所,SN,12,12,3,0
20231115,XSGE,上期所,SP,12,12,4,0
20231115,XSGE,上期所,SS,12,12,4,0
20231115,XSGE,上期所,ZN,12,12,2,0
20231115,XSIE,能源中心,BC,12,12,1,0
20231115,XSIE,能源中心,LU,12,12,3,0
20231115,XSIE,能源中心,NR,12,12,3,0
20231115,XSIE,能源中心,SC,20,20,3,0
20231116,XDCE,大商所,A,6,6,3,0
20231116,XDCE,大商所,B,12,12,3,0
20231116,XDCE,大商所,C,6,6,3,0
20231116,XDCE,大商所,CS,6,6,3,0
20231116,XDCE,大商所,EB,12,12,3,0
20231116,XDCE,大商所,EG,12,12,4,0
20231116,XDCE,大商所,I,12,12,8,0
20231116,XDCE,大商所,J,12,12,1,0
20231116,XDCE,大商所,JM,12,12,3,0
20231116,XDCE,大商所,L,12,12,3,0
20231116,XDCE,大商所,M,8,8,7,0
20231116,XDCE,大商所,P,12,12,4,0
20231116,XDCE,大商所,PG,12,12,2,0
20231116,XDCE,大商所,PP,12,12,3,0
20231116,XDCE,大商所,RR,12,12,2,0
20231116,XDCE,大商所,V,12,12,4,0
20231116,XDCE,大商所,Y,8,8,4,0
20231116,XSGE,上期所,AG,12,12,9,0
20231116,XSGE,上期所,AL,12,12,2,0
20231116,XSGE,上期所,AO,12,11,2,0
20231116,XSGE,上期所,AU,8,8,3,0
20231116,XSGE,上期所,BR,11,11,2,0
20231116,XSGE,上期所,BU,16,16,5,0
20231116,XSGE,上期所,CU,12,12,4,0
20231116,XSGE,上期所,FU,12,12,9,0
20231116,XSGE,上期所,HC,12,12,3,0
20231116,XSGE,上期所,NI,12,12,3,0
20231116,XSGE,上期所,PB,12,12,3,0
20231116,XSGE,上期所,RB,12,12,7,0
20231116,XSGE,上期所,RU,10,10,4,0
20231116,XSGE,上期所,SN,12,12,3,0
20231116,XSGE,上期所,SP,12,12,5,0
20231116,XSGE,上期所,SS,12,12,4,0
20231116,XSGE,上期所,ZN,12,12,4,0
20231116,XSIE,能源中心,BC,12,12,2,0
20231116,XSIE,能源中心,LU,12,12,4,0
20231116,XSIE,能源中心,NR,12,12,3,0
20231116,XSIE,能源中心,SC,20,20,3,0
20231117,XDCE,大商所,A,6,6,3,0
20231117,XDCE,大商所,B,12,12,3,0
20231117,XDCE,大商所,C,6,6,4,0
20231117,XDCE,大商所,CS,6,6,3,0
20231117,XDCE,大商所,EB,12,12,4,0
20231117,XDCE,大商所,EG,12,12,7,0
20231117,XDCE,大商所,I,12,12,7,0
20231117,XDCE,大商所,J,12,12,2,0
20231117,XDCE,大商所,JM,12,12,3,0
20231117,XDCE,大商所,L,12,12,6,0
20231117,XDCE,大商所,M,8,8,8,0
20231117,XDCE,大商所,P,12,12,6,0
20231117,XDCE,大商所,PG,12,12,4,0
20231117,XDCE,大商所,PP,12,12,4,0
20231117,XDCE,大商所,RR,12,12,3,0
20231117,XDCE,大商所,V,12,12,6,0
20231117,XDCE,大商所,Y,8,8,6,0
20231117,XSGE,上期所,AG,12,12,7,0
20231117,XSGE,上期所,AL,12,12,4,0
20231117,XSGE,上期所,AO,12,11,2,0
20231117,XSGE,上期所,AU,8,8,4,0
20231117,XSGE,上期所,BR,11,11,2,0
20231117,XSGE,上期所,BU,16,16,5,0
20231117,XSGE,上期所,CU,12,12,4,0
20231117,XSGE,上期所,FU,12,12,7,0
20231117,XSGE,上期所,HC,12,12,3,0
20231117,XSGE,上期所,NI,12,12,4,0
20231117,XSGE,上期所,PB,12,12,3,0
20231117,XSGE,上期所,RB,12,12,6,0
20231117,XSGE,上期所,RU,10,10,3,0
20231117,XSGE,上期所,SN,12,12,3,0
20231117,XSGE,上期所,SP,12,12,3,0
20231117,XSGE,上期所,SS,12,12,4,0
20231117,XSGE,上期所,ZN,12,12,4,0
20231117,XSIE,能源中心,BC,12,12,2,0
20231117,XSIE,能源中心,LU,12,12,3,0
20231117,XSIE,能源中心,NR,12,12,3,0
20231117,XSIE,能源中心,SC,20,20,4,0
20231120,XDCE,大商所,A,6,6,2,0
20231120,XDCE,大商所,B,12,12,3,0
20231120,XDCE,大商所,C,6,6,4,0
20231120,XDCE,大商所,CS,6,6,3,0
20231120,XDCE,大商所,EB,12,12,7,0
20231120,XDCE,大商所,EG,12,12,4,0
20231120,XDCE,大商所,I,12,12,7,0
20231120,XDCE,大商所,J,12,12,2,0
20231120,XDCE,大商所,JM,12,12,2,0
20231120,XDCE,大商所,L,12,12,4,0
20231120,XDCE,大商所,M,8,8,7,0
20231120,XDCE,大商所,P,12,12,5,0
20231120,XDCE,大商所,PG,12,12,5,0
20231120,XDCE,大商所,PP,12,12,4,0
20231120,XDCE,大商所,RR,12,12,2,0
20231120,XDCE,大商所,V,12,12,5,0
20231120,XDCE,大商所,Y,8,8,4,0
20231120,XSGE,上期所,AG,12,12,8,0
20231120,XSGE,上期所,AL,12,12,4,0
20231120,XSGE,上期所,AO,12,10,3,0
20231120,XSGE,上期所,AU,8,8,5,0
20231120,XSGE,上期所,BR,11,11,2,0
20231120,XSGE,上期所,BU,16,16,5,0
20231120,XSGE,上期所,CU,12,12,6,0
20231120,XSGE,上期所,FU,12,12,7,0
20231120,XSGE,上期所,HC,12,12,4,0
20231120,XSGE,上期所,NI,12,12,4,0
20231120,XSGE,上期所,PB,12,12,4,0
20231120,XSGE,上期所,RB,12,12,6,0
20231120,XSGE,上期所,RU,10,10,4,0
20231120,XSGE,上期所,SN,12,12,2,0
20231120,XSGE,上期所,SP,12,12,3,0
20231120,XSGE,上期所,SS,12,12,3,0
20231120,XSGE,上期所,ZN,12,12,3,0
20231120,XSIE,能源中心,BC,12,12,2,0
20231120,XSIE,能源中心,LU,12,12,4,0
20231120,XSIE,能源中心,NR,12,12,2,0
20231120,XSIE,能源中心,SC,20,20,5,0
20231121,XDCE,大商所,A,6,6,2,0
20231121,XDCE,大商所,B,12,12,4,0
20231121,XDCE,大商所,C,6,6,3,0
20231121,XDCE,大商所,CS,6,6,2,0
20231121,XDCE,大商所,EB,12,12,4,0
20231121,XDCE,大商所,EG,12,12,6,0
20231121,XDCE,大商所,I,12,12,7,0
20231121,XDCE,大商所,J,12,12,2,0
20231121,XDCE,大商所,JM,12,12,3,0
20231121,XDCE,大商所,L,12,12,2,0
20231121,XDCE,大商所,M,8,8,6,0
20231121,XDCE,大商所,P,12,12,5,0
20231121,XDCE,大商所,PG,12,12,4,0
20231121,XDCE,大商所,PP,12,12,3,0
20231121,XDCE,大商所,RR,12,12,2,0
20231121,XDCE,大商所,V,12,12,6,0
20231121,XDCE,大商所,Y,8,8,5,0
20231121,XSGE,上期所,AG,12,12,8,0
20231121,XSGE,上期所,AL,12,12,3,0
20231121,XSGE,上期所,AO,12,9,2,0
20231121,XSGE,上期所,AU,8,8,5,0
20231121,XSGE,上期所,BR,11,11,2,0
20231121,XSGE,上期所,BU,16,16,5,0
20231121,XSGE,上期所,CU,12,12,5,0
20231121,XSGE,上期所,FU,12,12,9,0
20231121,XSGE,上期所,HC,12,12,3,0
20231121,XSGE,上期所,NI,12,12,4,0
20231121,XSGE,上期所,PB,12,12,2,0
20231121,XSGE,上期所,RB,12,12,4,0
20231121,XSGE,上期所,RU,10,10,5,0
20231121,XSGE,上期所,SN,12,12,2,0
20231121,XSGE,上期所,SP,12,12,4,0
20231121,XSGE,上期所,SS,12,12,4,0
20231121,XSGE,上期所,ZN,12,12,3,0
20231121,XSIE,能源中心,BC,12,12,4,0
20231121,XSIE,能源中心,LU,12,12,5,0
20231121,XSIE,能源中心,NR,12,12,3,0
20231121,XSIE,能源中心,SC,20,20,3,0
20231122,XDCE,大商所,A,6,6,2,0
20231122,XDCE,大商所,B,12,12,2,0
20231122,XDCE,大商所,C,6,6,3,0
20231122,XDCE,大商所,CS,6,6,2,0
20231122,XDCE,大商所,EB,12,12,4,0
20231122,XDCE,大商所,EG,12,12,4,0
20231122,XDCE,大商所,I,12,12,6,0
20231122,XDCE,大商所,J,12,12,2,0
20231122,XDCE,大商所,JM,12,12,3,0
20231122,XDCE,大商所,L,12,12,3,0
20231122,XDCE,大商所,M,8,8,6,0
20231122,XDCE,大商所,P,12,12,6,0
20231122,XDCE,大商所,PG,12,12,6,0
20231122,XDCE,大商所,PP,12,12,4,0
20231122,XDCE,大商所,RR,12,12,2,0
20231122,XDCE,大商所,V,12,12,5,0
20231122,XDCE,大商所,Y,8,8,6,0
20231122,XSGE,上期所,AG,12,12,8,0
20231122,XSGE,上期所,AL,12,12,4,0
20231122,XSGE,上期所,AO,12,9,1,0
20231122,XSGE,上期所,AU,8,8,4,0
20231122,XSGE,上期所,BR,11,11,3,0
20231122,XSGE,上期所,BU,16,16,5,0
20231122,XSGE,上期所,CU,12,12,4,0
20231122,XSGE,上期所,FU,12,12,7,0
20231122,XSGE,上期所,HC,12,12,3,0
20231122,XSGE,上期所,NI,12,12,5,0
20231122,XSGE,上期所,PB,12,12,3,0
20231122,XSGE,上期所,RB,12,12,9,0
20231122,XSGE,上期所,RU,10,10,5,0
20231122,XSGE,上期所,SN,12,12,2,0
20231122,XSGE,上期所,SP,12,12,5,0
20231122,XSGE,上期所,SS,12,12,5,0
20231122,XSGE,上期所,ZN,12,12,4,0
20231122,XSIE,能源中心,BC,12,12,3,0
20231122,XSIE,能源中心,LU,12,12,3,0
20231122,XSIE,能源中心,NR,12,12,4,0
20231122,XSIE,能源中心,SC,20,20,3,0
20231123,XDCE,大商所,A,6,6,2,0
20231123,XDCE,大商所,B,12,12,2,0
20231123,XDCE,大商所,C,6,6,3,0
20231123,XDCE,大商所,CS,6,6,2,0
20231123,XDCE,大商所,EB,12,12,6,0
20231123,XDCE,大商所,EG,12,12,5,0
20231123,XDCE,大商所,I,12,12,8,0
20231123,XDCE,大商所,J,12,12,3,0
20231123,XDCE,大商所,JM,12,12,3,0
20231123,XDCE,大商所,L,12,12,4,0
20231123,XDCE,大商所,M,8,8,5,0
20231123,XDCE,大商所,P,12,12,5,0
20231123,XDCE,大商所,PG,12,12,5,0
20231123,XDCE,大商所,PP,12,12,4,0
20231123,XDCE,大商所,RR,12,12,1,0
20231123,XDCE,大商所,V,12,12,7,0
20231123,XDCE,大商所,Y,8,8,6,0
20231123,XSGE,上期所,AG,12,12,5,0
20231123,XSGE,上期所,AL,12,12,4,0
20231123,XSGE,上期所,AO,12,11,2,0
20231123,XSGE,上期所,AU,8,8,6,0
20231123,XSGE,上期所,BR,11,11,5,0
20231123,XSGE,上期所,BU,16,16,5,0
20231123,XSGE,上期所,CU,12,12,4,0
20231123,XSGE,上期所,FU,12,12,8,0
20231123,XSGE,上期所,HC,12,12,4,0
20231123,XSGE,上期所,NI,12,12,4,0
20231123,XSGE,上期所,PB,12,12,2,0
20231123,XSGE,上期所,RB,12,12,9,0
20231123,XSGE,上期所,RU,10,10,5,0
20231123,XSGE,上期所,SN,12,12,3,0
20231123,XSGE,上期所,SP,12,12,5,0
20231123,XSGE,上期所,SS,12,12,3,0
20231123,XSGE,上期所,ZN,12,12,3,0
20231123,XSIE,能源中心,BC,12,12,2,0
20231123,XSIE,能源中心,LU,12,12,6,0
20231123,XSIE,能源中心,NR,12,12,4,0
20231123,XSIE,能源中心,SC,20,20,4,0
20231124,XDCE,大商所,A,6,6,2,0
20231124,XDCE,大商所,B,12,12,2,0
20231124,XDCE,大商所,C,6,6,5,0
20231124,XDCE,大商所,CS,6,6,3,0
20231124,XDCE,大商所,EB,12,12,6,0
20231124,XDCE,大商所,EG,12,12,3,0
20231124,XDCE,大商所,I,12,12,7,0
20231124,XDCE,大商所,J,12,12,2,0
20231124,XDCE,大商所,JM,12,12,2,0
20231124,XDCE,大商所,L,12,12,2,0
20231124,XDCE,大商所,M,8,8,6,0
20231124,XDCE,大商所,P,12,12,3,0
20231124,XDCE,大商所,PG,12,12,5,0
20231124,XDCE,大商所,PP,12,12,4,0
20231124,XDCE,大商所,RR,12,12,1,0
20231124,XDCE,大商所,V,12,12,5,0
20231124,XDCE,大商所,Y,8,8,4,0
20231124,XSGE,上期所,AG,12,12,6,0
20231124,XSGE,上期所,AL,12,12,4,0
20231124,XSGE,上期所,AO,12,11,4,0
20231124,XSGE,上期所,AU,8,8,3,0
20231124,XSGE,上期所,BR,11,11,2,0
20231124,XSGE,上期所,BU,16,16,5,0
20231124,XSGE,上期所,CU,12,12,5,0
20231124,XSGE,上期所,FU,12,12,8,0
20231124,XSGE,上期所,HC,12,12,3,0
20231124,XSGE,上期所,NI,12,12,4,0
20231124,XSGE,上期所,PB,12,12,2,0
20231124,XSGE,上期所,RB,12,12,7,0
20231124,XSGE,上期所,RU,10,10,4,0
20231124,XSGE,上期所,SN,12,12,3,0
20231124,XSGE,上期所,SP,12,12,7,0
20231124,XSGE,上期所,SS,12,12,3,0
20231124,XSGE,上期所,ZN,12,12,3,0
20231124,XSIE,能源中心,BC,12,12,2,0
20231124,XSIE,能源中心,LU,12,12,2,0
20231124,XSIE,能源中心,NR,12,12,4,0
20231124,XSIE,能源中心,SC,20,20,3,0
20231127,XDCE,大商所,A,6,6,2,0
20231127,XDCE,大商所,B,12,12,1,0
20231127,XDCE,大商所,C,6,6,5,0
20231127,XDCE,大商所,CS,6,6,3,0
20231127,XDCE,大商所,EB,12,12,6,0
20231127,XDCE,大商所,EG,12,12,3,0
20231127,XDCE,大商所,I,12,12,6,0
20231127,XDCE,大商所,J,12,12,3,0
20231127,XDCE,大商所,JM,12,12,2,0
20231127,XDCE,大商所,L,12,12,3,0
20231127,XDCE,大商所,M,8,8,5,0
20231127,XDCE,大商所,P,12,12,5,0
20231127,XDCE,大商所,PG,12,12,3,0
20231127,XDCE,大商所,PP,12,12,4,0
20231127,XDCE,大商所,RR,12,12,2,0
20231127,XDCE,大商所,V,12,12,5,0
20231127,XDCE,大商所,Y,8,8,4,0
20231127,XSGE,上期所,AG,12,12,6,0
20231127,XSGE,上期所,AL,12,12,3,0
20231127,XSGE,上期所,AO,12,9,4,0
20231127,XSGE,上期所,AU,8,8,4,0
20231127,XSGE,上期所,BR,11,11,2,0
20231127,XSGE,上期所,BU,16,16,4,0
20231127,XSGE,上期所,CU,12,12,4,0
20231127,XSGE,上期所,FU,12,12,8,0
20231127,XSGE,上期所,HC,12,12,4,0
20231127,XSGE,上期所,NI,12,12,5,0
20231127,XSGE,上期所,PB,12,12,4,0
20231127,XSGE,上期所,RB,12,12,9,0
20231127,XSGE,上期所,RU,10,10,5,0
20231127,XSGE,上期所,SN,12,12,5,0
20231127,XSGE,上期所,SP,12,12,7,0
20231127,XSGE,上期所,SS,12,12,5,0
20231127,XSGE,上期所,ZN,12,12,3,0
20231127,XSIE,能源中心,BC,12,12,4,0
20231127,XSIE,能源中心,LU,12,12,3,0
20231127,XSIE,能源中心,NR,12,12,4,0
20231127,XSIE,能源中心,SC,20,20,2,0
20231128,XDCE,大商所,A,6,6,2,0
20231128,XDCE,大商所,B,12,12,4,0
20231128,XDCE,大商所,C,6,6,4,0
20231128,XDCE,大商所,CS,6,6,3,0
20231128,XDCE,大商所,EB,12,12,4,0
20231128,XDCE,大商所,EG,12,12,4,0
20231128,XDCE,大商所,I,12,12,6,0
20231128,XDCE,大商所,J,12,12,2,0
20231128,XDCE,大商所,JM,12,12,2,0
20231128,XDCE,大商所,L,12,12,3,0
20231128,XDCE,大商所,M,8,8,8,0
20231128,XDCE,大商所,P,12,12,4,0
20231128,XDCE,大商所,PG,12,12,4,0
20231128,XDCE,大商所,PP,12,12,3,0
20231128,XDCE,大商所,RR,12,12,1,0
20231128,XDCE,大商所,V,12,12,4,0
20231128,XDCE,大商所,Y,8,8,4,0
20231128,XSGE,上期所,AG,12,12,8,0
20231128,XSGE,上期所,AL,12,12,4,0
20231128,XSGE,上期所,AO,12,9,4,0
20231128,XSGE,上期所,AU,8,8,4,0
20231128,XSGE,上期所,BR,11,11,2,0
20231128,XSGE,上期所,BU,16,16,6,0
20231128,XSGE,上期所,CU,12,12,4,0
20231128,XSGE,上期所,FU,12,12,6,0
20231128,XSGE,上期所,HC,12,12,5,0
20231128,XSGE,上期所,NI,12,12,5,0
20231128,XSGE,上期所,PB,12,12,3,0
20231128,XSGE,上期所,RB,12,12,8,0
20231128,XSGE,上期所,RU,10,10,3,0
20231128,XSGE,上期所,SN,12,12,4,0
20231128,XSGE,上期所,SP,12,12,6,0
20231128,XSGE,上期所,SS,12,12,3,0
20231128,XSGE,上期所,ZN,12,12,4,0
20231128,XSIE,能源中心,BC,12,12,2,0
20231128,XSIE,能源中心,LU,12,12,4,0
20231128,XSIE,能源中心,NR,12,12,4,0
20231128,XSIE,能源中心,SC,20,20,4,0
20231129,XDCE,大商所,A,6,6,2,0
20231129,XDCE,大商所,B,12,12,3,0
20231129,XDCE,大商所,C,6,6,4,0
20231129,XDCE,大商所,CS,6,6,2,0
20231129,XDCE,大商所,EB,12,12,6,0
20231129,XDCE,大商所,EG,12,12,4,0
20231129,XDCE,大商所,I,12,12,9,0
20231129,XDCE,大商所,J,12,12,3,0
20231129,XDCE,大商所,JM,12,12,3,0
20231129,XDCE,大商所,L,12,12,3,0
20231129,XDCE,大商所,M,8,8,7,0
20231129,XDCE,大商所,P,12,12,5,0
20231129,XDCE,大商所,PG,12,12,4,0
20231129,XDCE,大商所,PP,12,12,3,0
20231129,XDCE,大商所,RR,12,12,1,0
20231129,XDCE,大商所,V,12,12,6,0
20231129,XDCE,大商所,Y,8,8,4,0
20231129,XSGE,上期所,AG,12,12,5,0
20231129,XSGE,上期所,AL,12,12,4,0
20231129,XSGE,上期所,AO,12,11,2,0
20231129,XSGE,上期所,AU,8,8,4,0
20231129,XSGE,上期所,BR,11,11,2,0
20231129,XSGE,上期所,BU,16,16,6,0
20231129,XSGE,上期所,CU,12,12,3,0
20231129,XSGE,上期所,FU,12,12,9,0
20231129,XSGE,上期所,HC,12,12,3,0
20231129,XSGE,上期所,NI,12,12,7,0
20231129,XSGE,上期所,PB,12,12,2,0
20231129,XSGE,上期所,RB,12,12,7,0
20231129,XSGE,上期所,RU,10,10,4,0
20231129,XSGE,上期所,SN,12,12,4,0
20231129,XSGE,上期所,SP,12,12,4,0
20231129,XSGE,上期所,SS,12,12,5,0
20231129,XSGE,上期所,ZN,12,12,3,0
20231129,XSIE,能源中心,BC,12,12,2,0
20231129,XSIE,能源中心,LU,12,12,4,0
20231129,XSIE,能源中心,NR,12,12,4,0
20231129,XSIE,能源中心,SC,20,20,4,0
20231130,XDCE,大商所,A,6,6,2,0
20231130,XDCE,大商所,B,12,12,4,0
20231130,XDCE,大商所,C,6,6,3,0
20231130,XDCE,大商所,CS,6,6,3,0
20231130,XDCE,大商所,EB,12,12,5,0
20231130,XDCE,大商所,EG,12,12,6,0
20231130,XDCE,大商所,I,12,12,11,0
20231130,XDCE,大商所,J,12,12,3,0
20231130,XDCE,大商所,JM,12,12,4,0
20231130,XDCE,大商所,L,12,12,2,0
20231130,XDCE,大商所,M,8,8,8,0
20231130,XDCE,大商所,P,12,12,4,0
20231130,XDCE,大商所,PG,12,12,5,0
20231130,XDCE,大商所,PP,12,12,4,0
20231130,XDCE,大商所,RR,12,12,1,0
20231130,XDCE,大商所,V,12,12,5,0
20231130,XDCE,大商所,Y,8,8,6,0
20231130,XSGE,上期所,AG,12,12,6,0
20231130,XSGE,上期所,AL,12,12,5,0
20231130,XSGE,上期所,AO,12,8,3,0
20231130,XSGE,上期所,AU,8,8,4,0
20231130,XSGE,上期所,BR,11,11,2,0
20231130,XSGE,上期所,BU,16,16,5,0
20231130,XSGE,上期所,CU,12,12,5,0
20231130,XSGE,上期所,FU,12,12,10,0
20231130,XSGE,上期所,HC,12,12,4,0
20231130,XSGE,上期所,NI,12,12,4,0
20231130,XSGE,上期所,PB,12,12,3,0
20231130,XSGE,上期所,RB,12,12,8,0
20231130,XSGE,上期所,RU,10,10,4,0
20231130,XSGE,上期所,SN,12,12,3,0
20231130,XSGE,上期所,SP,12,12,6,0
20231130,XSGE,上期所,SS,12,12,4,0
20231130,XSGE,上期所,ZN,12,12,4,0
20231130,XSIE,能源中心,BC,12,12,1,0
20231130,XSIE,能源中心,LU,12,12,5,0
20231130,XSIE,能源中心,NR,12,12,2,0
20231130,XSIE,能源中心,SC,20,20,2,0
20231201,XDCE,大商所,A,6,6,2,0
20231201,XDCE,大商所,B,12,12,3,0
20231201,XDCE,大商所,C,6,6,4,0
20231201,XDCE,大商所,CS,6,6,3,0
20231201,XDCE,大商所,EB,12,12,4,0
20231201,XDCE,大商所,EG,12,12,5,0
20231201,XDCE,大商所,I,12,12,8,0
20231201,XDCE,大商所,J,12,12,2,0
20231201,XDCE,大商所,JM,12,12,2,0
20231201,XDCE,大商所,L,12,12,4,0
20231201,XDCE,大商所,M,8,8,6,0
20231201,XDCE,大商所,P,12,12,4,0
20231201,XDCE,大商所,PG,12,12,5,0
20231201,XDCE,大商所,PP,12,12,3,0
20231201,XDCE,大商所,RR,12,12,1,0
20231201,XDCE,大商所,V,12,12,2,0
20231201,XDCE,大商所,Y,8,8,5,0
20231201,XSGE,上期所,AG,12,12,6,0
20231201,XSGE,上期所,AL,12,12,4,0
20231201,XSGE,上期所,AO,12,12,2,0
20231201,XSGE,上期所,AU,8,8,3,0
20231201,XSGE,上期所,BR,11,11,3,0
20231201,XSGE,上期所,BU,16,16,6,0
20231201,XSGE,上期所,CU,12,12,6,0
20231201,XSGE,上期所,FU,12,12,8,0
20231201,XSGE,上期所,HC,12,12,3,0
20231201,XSGE,上期所,NI,12,12,5,0
20231201,XSGE,上期所,PB,12,12,3,0
20231201,XSGE,上期所,RB,12,12,6,0
20231201,XSGE,上期所,RU,10,10,3,0
20231201,XSGE,上期所,SN,12,12,3,0
20231201,XSGE,上期所,SP,12,12,5,0
20231201,XSGE,上期所,SS,12,12,3,0
20231201,XSGE,上期所,ZN,12,12,4,0
20231201,XSIE,能源中心,BC,12,12,1,0
20231201,XSIE,能源中心,LU,12,12,4,0
20231201,XSIE,能源中心,NR,12,12,2,0
20231201,XSIE,能源中心,SC,20,20,3,0
20231204,XDCE,大商所,A,6,6,3,0
20231204,XDCE,大商所,B,12,12,2,0
20231204,XDCE,大商所,C,6,6,4,0
20231204,XDCE,大商所,CS,6,6,3,0
20231204,XDCE,大商所,EB,12,12,3,0
20231204,XDCE,大商所,EG,12,12,4,0
20231204,XDCE,大商所,I,12,12,8,0
20231204,XDCE,大商所,J,12,12,2,0
20231204,XDCE,大商所,JM,12,12,2,0
20231204,XDCE,大商所,L,12,12,2,0
20231204,XDCE,大商所,M,8,8,5,0
20231204,XDCE,大商所,P,12,12,4,0
20231204,XDCE,大商所,PG,12,12,2,0
20231204,XDCE,大商所,PP,12,12,3,0
20231204,XDCE,大商所,RR,12,12,1,0
20231204,XDCE,大商所,V,12,12,2,0
20231204,XDCE,大商所,Y,8,8,5,0
20231204,XSGE,上期所,AG,12,12,8,0
20231204,XSGE,上期所,AL,12,12,5,0
20231204,XSGE,上期所,AO,12,9,3,0
20231204,XSGE,上期所,AU,8,8,3,0
20231204,XSGE,上期所,BR,11,11,1,0
20231204,XSGE,上期所,BU,16,16,6,0
20231204,XSGE,上期所,CU,12,12,6,0
20231204,XSGE,上期所,FU,12,12,4,0
20231204,XSGE,上期所,HC,12,12,4,0
20231204,XSGE,上期所,NI,12,12,4,0
20231204,XSGE,上期所,PB,12,12,2,0
20231204,XSGE,上期所,RB,12,12,7,0
20231204,XSGE,上期所,RU,10,10,4,0
20231204,XSGE,上期所,SN,12,12,5,0
20231204,XSGE,上期所,SP,12,12,5,0
20231204,XSGE,上期所,SS,12,12,4,0
20231204,XSGE,上期所,ZN,12,12,3,0
20231204,XSIE,能源中心,BC,12,12,2,0
20231204,XSIE,能源中心,LU,12,12,2,0
20231204,XSIE,能源中心,NR,12,12,2,0
20231204,XSIE,能源中心,SC,20,20,4,0
20231205,XDCE,大商所,A,6,6,2,0
20231205,XDCE,大商所,B,12,12,3,0
20231205,XDCE,大商所,C,6,6,3,0
20231205,XDCE,大商所,CS,6,6,4,0
20231205,XDCE,大商所,EB,12,12,4,0
20231205,XDCE,大商所,EG,12,12,4,0
20231205,XDCE,大商所,I,12,12,8,0
20231205,XDCE,大商所,J,12,12,2,0
20231205,XDCE,大商所,JM,12,12,3,0
20231205,XDCE,大商所,L,12,12,3,0
20231205,XDCE,大商所,M,8,8,7,0
20231205,XDCE,大商所,P,12,12,3,0
20231205,XDCE,大商所,PG,12,12,2,0
20231205,XDCE,大商所,PP,12,12,3,0
20231205,XDCE,大商所,RR,12,12,2,0
20231205,XDCE,大商所,V,12,12,6,0
20231205,XDCE,大商所,Y,8,8,4,0
20231205,XSGE,上期所,AG,12,12,7,0
20231205,XSGE,上期所,AL,12,12,4,0
20231205,XSGE,上期所,AO,12,9,2,0
20231205,XSGE,上期所,AU,8,8,4,0
20231205,XSGE,上期所,BR,11,11,3,0
20231205,XSGE,上期所,BU,16,16,5,0
20231205,XSGE,上期所,CU,12,12,5,0
20231205,XSGE,上期所,FU,12,12,8,0
20231205,XSGE,上期所,HC,12,12,5,0
20231205,XSGE,上期所,NI,12,12,5,0
20231205,XSGE,上期所,PB,12,12,3,0
20231205,XSGE,上期所,RB,12,12,9,0
20231205,XSGE,上期所,RU,10,10,3,0
20231205,XSGE,上期所,SN,12,12,2,0
20231205,XSGE,上期所,SP,12,12,5,0
20231205,XSGE,上期所,SS,12,12,5,0
20231205,XSGE,上期所,ZN,12,12,3,0
20231205,XSIE,能源中心,BC,12,12,1,0
20231205,XSIE,能源中心,LU,12,12,3,0
20231205,XSIE,能源中心,NR,12,12,3,0
20231205,XSIE,能源中心,SC,20,20,3,0
20231206,XDCE,大商所,A,6,6,2,0
20231206,XDCE,大商所,B,12,12,3,0
20231206,XDCE,大商所,C,6,6,4,0
20231206,XDCE,大商所,CS,6,6,3,0
20231206,XDCE,大商所,EB,12,12,4,0
20231206,XDCE,大商所,EG,12,12,2,0
20231206,XDCE,大商所,I,12,12,6,0
20231206,XDCE,大商所,J,12,12,2,0
20231206,XDCE,大商所,JM,12,12,2,0
20231206,XDCE,大商所,L,12,12,2,0
20231206,XDCE,大商所,M,8,8,5,0
20231206,XDCE,大商所,P,12,12,2,0
20231206,XDCE,大商所,PG,12,12,2,0
20231206,XDCE,大商所,PP,12,12,4,0
20231206,XDCE,大商所,RR,12,12,2,0
20231206,XDCE,大商所,V,12,12,4,0
20231206,XDCE,大商所,Y,8,8,5,0
20231206,XSGE,上期所,AG,12,12,10,0
20231206,XSGE,上期所,AL,12,12,4,0
20231206,XSGE,上期所,AO,12,9,3,0
20231206,XSGE,上期所,AU,8,8,3,0
20231206,XSGE,上期所,BR,11,11,3,0
20231206,XSGE,上期所,BU,16,16,5,0
20231206,XSGE,上期所,CU,12,12,6,0
20231206,XSGE,上期所,FU,12,12,6,0
20231206,XSGE,上期所,HC,12,12,5,0
20231206,XSGE,上期所,NI,12,12,7,0
20231206,XSGE,上期所,PB,12,12,4,0
20231206,XSGE,上期所,RB,12,12,5,0
20231206,XSGE,上期所,RU,10,10,3,0
20231206,XSGE,上期所,SN,12,12,3,0
20231206,XSGE,上期所,SP,12,12,4,0
20231206,XSGE,上期所,SS,12,12,3,0
20231206,XSGE,上期所,ZN,12,12,3,0
20231206,XSIE,能源中心,BC,12,12,1,0
20231206,XSIE,能源中心,LU,12,12,4,0
20231206,XSIE,能源中心,NR,12,12,3,0
20231206,XSIE,能源中心,SC,20,20,3,0
20231207,XDCE,大商所,A,6,6,2,0
20231207,XDCE,大商所,B,12,12,2,0
20231207,XDCE,大商所,C,6,6,5,0
20231207,XDCE,大商所,CS,6,6,3,0
20231207,XDCE,大商所,EB,12,12,4,0
20231207,XDCE,大商所,EG,12,12,3,0
20231207,XDCE,大商所,I,12,12,7,0
20231207,XDCE,大商所,J,12,12,2,0
20231207,XDCE,大商所,JM,12,12,2,0
20231207,XDCE,大商所,L,12,12,3,0
20231207,XDCE,大商所,M,8,8,4,0
20231207,XDCE,大商所,P,12,12,7,0
20231207,XDCE,大商所,PG,12,12,4,0
20231207,XDCE,大商所,PP,12,12,3,0
20231207,XDCE,大商所,RR,12,12,1,0
20231207,XDCE,大商所,V,12,12,6,0
20231207,XDCE,大商所,Y,8,8,4,0
20231207,XSGE,上期所,AG,12,12,5,0
20231207,XSGE,上期所,AL,12,12,2,0
20231207,XSGE,上期所,AO,12,9,1,0
20231207,XSGE,上期所,AU,8,8,3,0
20231207,XSGE,上期所,BR,11,11,3,0
20231207,XSGE,上期所,BU,16,16,6,0
20231207,XSGE,上期所,CU,12,12,5,0
20231207,XSGE,上期所,FU,12,12,9,0
20231207,XSGE,上期所,HC,12,12,4,0
20231207,XSGE,上期所,NI,12,12,4,0
20231207,XSGE,上期所,PB,12,12,4,0
20231207,XSGE,上期所,RB,12,12,5,0
20231207,XSGE,上期所,RU,10,10,5,0
20231207,XSGE,上期所,SN,12,12,5,0
20231207,XSGE,上期所,SP,12,12,5,0
20231207,XSGE,上期所,SS,12,12,5,0
20231207,XSGE,上期所,ZN,12,12,3,0
20231207,XSIE,能源中心,BC,12,12,2,0
20231207,XSIE,能源中心,LU,12,12,4,0
20231207,XSIE,能源中心,NR,12,12,3,0
20231207,XSIE,能源中心,SC,20,20,3,0
20231208,XDCE,大商所,A,6,6,3,0
20231208,XDCE,大商所,B,12,12,3,0
20231208,XDCE,大商所,C,6,6,4,0
20231208,XDCE,大商所,CS,6,6,3,0
20231208,XDCE,大商所,EB,12,12,5,0
20231208,XDCE,大商所,EG,12,12,3,0
20231208,XDCE,大商所,I,12,12,7,0
20231208,XDCE,大商所,J,12,12,2,0
20231208,XDCE,大商所,JM,12,12,3,0
20231208,XDCE,大商所,L,12,12,2,0
20231208,XDCE,大商所,M,8,8,7,0
20231208,XDCE,大商所,P,12,12,4,0
20231208,XDCE,大商所,PG,12,12,3,0
20231208,XDCE,大商所,PP,12,12,3,0
20231208,XDCE,大商所,RR,12,12,2,0
20231208,XDCE,大商所,V,12,12,3,0
20231208,XDCE,大商所,Y,8,8,5,0
20231208,XSGE,上期所,AG,12,12,6,0
20231208,XSGE,上期所,AL,12,12,3,0
20231208,XSGE,上期所,AO,12,10,2,0
20231208,XSGE,上期所,AU,8,8,2,0
20231208,XSGE,上期所,BR,11,11,1,0
20231208,XSGE,上期所,BU,16,16,7,0
20231208,XSGE,上期所,CU,12,12,5,0
20231208,XSGE,上期所,FU,12,12,6,0
20231208,XSGE,上期所,HC,12,12,4,0
20231208,XSGE,上期所,NI,12,12,4,0
20231208,XSGE,上期所,PB,12,12,4,0
20231208,XSGE,上期所,RB,12,12,5,0
20231208,XSGE,上期所,RU,10,10,5,0
20231208,XSGE,上期所,SN,12,12,4,0
20231208,XSGE,上期所,SP,12,12,4,0
20231208,XSGE,上期所,SS,12,12,6,0
20231208,XSGE,上期所,ZN,12,12,4,0
20231208,XSIE,能源中心,BC,12,12,1,0
20231208,XSIE,能源中心,LU,12,12,4,0
20231208,XSIE,能源中心,NR,12,12,4,0
20231208,XSIE,能源中心,SC,20,20,3,0
20231211,XDCE,大商所,A,6,6,3,0
20231211,XDCE,大商所,B,12,12,2,0
20231211,XDCE,大商所,C,6,6,3,0
20231211,XDCE,大商所,CS,6,6,3,0
20231211,XDCE,大商所,EB,12,12,5,0
20231211,XDCE,大商所,EG,12,12,3,0
20231211,XDCE,大商所,I,12,12,5,0
20231211,XDCE,大商所,J,12,12,2,0
20231211,XDCE,大商所,JM,12,12,5,0
20231211,XDCE,大商所,L,12,12,3,0
20231211,XDCE,大商所,M,8,8,6,0
20231211,XDCE,大商所,P,12,12,3,0
20231211,XDCE,大商所,PG,12,12,4,0
20231211,XDCE,大商所,PP,12,12,3,0
20231211,XDCE,大商所,RR,12,12,1,0
20231211,XDCE,大商所,V,12,12,5,0
20231211,XDCE,大商所,Y,8,8,4,0
20231211,XSGE,上期所,AG,12,12,7,0
20231211,XSGE,上期所,AL,12,12,4,0
20231211,XSGE,上期所,AO,12,10,2,0
20231211,XSGE,上期所,AU,8,8,5,0
20231211,XSGE,上期所,BR,11,11,2,0
20231211,XSGE,上期所,BU,16,16,6,0
20231211,XSGE,上期所,CU,12,12,6,0
20231211,XSGE,上期所,FU,12,12,5,0
20231211,XSGE,上期所,HC,12,12,3,0
20231211,XSGE,上期所,NI,12,12,4,0
20231211,XSGE,上期所,PB,12,12,3,0
20231211,XSGE,上期所,RB,12,12,5,0
20231211,XSGE,上期所,RU,10,10,4,0
20231211,XSGE,上期所,SN,12,12,3,0
20231211,XSGE,上期所,SP,12,12,7,0
20231211,XSGE,上期所,SS,12,12,4,0
20231211,XSGE,上期所,ZN,12,12,2,0
20231211,XSIE,能源中心,BC,12,12,1,0
20231211,XSIE,能源中心,LU,12,12,3,0
20231211,XSIE,能源中心,NR,12,12,4,0
20231211,XSIE,能源中心,SC,20,20,3,0
20231212,XDCE,大商所,A,6,6,3,0
20231212,XDCE,大商所,B,12,12,2,0
20231212,XDCE,大商所,C,6,6,4,0
20231212,XDCE,大商所,CS,6,6,2,0
20231212,XDCE,大商所,EB,12,12,4,0
20231212,XDCE,大商所,EG,12,12,4,0
20231212,XDCE,大商所,I,12,12,6,0
20231212,XDCE,大商所,J,12,12,2,0
20231212,XDCE,大商所,JM,12,12,4,0
20231212,XDCE,大商所,L,12,12,2,0
20231212,XDCE,大商所,M,8,8,6,0
20231212,XDCE,大商所,P,12,12,4,0
20231212,XDCE,大商所,PG,12,12,5,0
20231212,XDCE,大商所,PP,12,12,3,0
20231212,XDCE,大商所,RR,12,12,1,0
20231212,XDCE,大商所,V,12,12,3,0
20231212,XDCE,大商所,Y,8,8,4,0
20231212,XSGE,上期所,AG,12,12,6,0
20231212,XSGE,上期所,AL,12,12,5,0
20231212,XSGE,上期所,AO,12,9,1,0
20231212,XSGE,上期所,AU,8,8,2,0
20231212,XSGE,上期所,BR,11,11,3,0
20231212,XSGE,上期所,BU,16,16,6,0
20231212,XSGE,上期所,CU,12,12,5,0
20231212,XSGE,上期所,FU,12,12,6,0
20231212,XSGE,上期所,HC,12,12,4,0
20231212,XSGE,上期所,NI,12,12,4,0
20231212,XSGE,上期所,PB,12,12,3,0
20231212,XSGE,上期所,RB,12,12,9,0
20231212,XSGE,上期所,RU,10,10,3,0
20231212,XSGE,上期所,SN,12,12,3,0
20231212,XSGE,上期所,SP,12,12,5,0
20231212,XSGE,上期所,SS,12,12,4,0
20231212,XSGE,上期所,ZN,12,12,2,0
20231212,XSIE,能源中心,BC,12,12,2,0
20231212,XSIE,能源中心,LU,12,12,5,0
20231212,XSIE,能源中心,NR,12,12,3,0
20231212,XSIE,能源中心,SC,20,20,3,0
20231213,XDCE,大商所,A,6,6,2,0
20231213,XDCE,大商所,B,12,12,3,0
20231213,XDCE,大商所,C,6,6,4,0
20231213,XDCE,大商所,CS,6,6,3,0
20231213,XDCE,大商所,EB,12,12,6,0
20231213,XDCE,大商所,EG,12,12,5,0
20231213,XDCE,大商所,I,12,12,4,0
20231213,XDCE,大商所,J,12,12,3,0
20231213,XDCE,大商所,JM,12,12,4,0
20231213,XDCE,大商所,L,12,12,5,0
20231213,XDCE,大商所,M,8,8,7,0
20231213,XDCE,大商所,P,12,12,4,0
20231213,XDCE,大商所,PG,12,12,5,0
20231213,XDCE,大商所,PP,12,12,6,0
20231213,XDCE,大商所,RR,12,12,1,0
20231213,XDCE,大商所,V,12,12,5,0
20231213,XDCE,大商所,Y,8,8,5,0
20231213,XSGE,上期所,AG,12,12,3,0
20231213,XSGE,上期所,AL,12,12,3,0
20231213,XSGE,上期所,AO,12,10,2,0
20231213,XSGE,上期所,AU,8,8,5,0
20231213,XSGE,上期所,BR,11,11,2,0
20231213,XSGE,上期所,BU,16,16,6,0
20231213,XSGE,上期所,CU,12,12,5,0
20231213,XSGE,上期所,FU,12,12,8,0
20231213,XSGE,上期所,HC,12,12,3,0
20231213,XSGE,上期所,NI,12,12,5,0
20231213,XSGE,上期所,PB,12,12,2,0
20231213,XSGE,上期所,RB,12,12,6,0
20231213,XSGE,上期所,RU,10,10,3,0
20231213,XSGE,上期所,SN,12,12,3,0
20231213,XSGE,上期所,SP,12,12,4,0
20231213,XSGE,上期所,SS,12,12,4,0
20231213,XSGE,上期所,ZN,12,12,2,0
20231213,XSIE,能源中心,BC,12,12,1,0
20231213,XSIE,能源中心,LU,12,12,4,0
20231213,XSIE,能源中心,NR,12,12,3,0
20231213,XSIE,能源中心,SC,20,20,4,0
20231214,XDCE,大商所,A,6,6,3,0
20231214,XDCE,大商所,B,12,12,4,0
20231214,XDCE,大商所,C,6,6,3,0
20231214,XDCE,大商所,CS,6,6,4,0
20231214,XDCE,大商所,EB,12,12,5,0
20231214,XDCE,大商所,EG,12,12,4,0
20231214,XDCE,大商所,I,12,12,6,0
20231214,XDCE,大商所,J,12,12,2,0
20231214,XDCE,大商所,JM,12,12,3,0
20231214,XDCE,大商所,L,12,12,2,0
20231214,XDCE,大商所,M,8,8,6,0
20231214,XDCE,大商所,P,12,12,5,0
20231214,XDCE,大商所,PG,12,12,5,0
20231214,XDCE,大商所,PP,12,12,5,0
20231214,XDCE,大商所,RR,12,12,2,0
20231214,XDCE,大商所,V,12,12,6,0
20231214,XDCE,大商所,Y,8,8,5,0
20231214,XSGE,上期所,AG,12,12,4,0
20231214,XSGE,上期所,AL,12,12,4,0
20231214,XSGE,上期所,AO,12,10,2,0
20231214,XSGE,上期所,AU,8,8,3,0
20231214,XSGE,上期所,BR,11,11,1,0
20231214,XSGE,上期所,BU,16,16,5,0
20231214,XSGE,上期所,CU,12,12,6,0
20231214,XSGE,上期所,FU,12,12,8,0
20231214,XSGE,上期所,HC,12,12,4,0
20231214,XSGE,上期所,NI,12,12,4,0
20231214,XSGE,上期所,PB,12,12,4,0
20231214,XSGE,上期所,RB,12,12,8,0
20231214,XSGE,上期所,RU,10,10,4,0
20231214,XSGE,上期所,SN,12,12,3,0
20231214,XSGE,上期所,SP,12,12,4,0
20231214,XSGE,上期所,SS,12,12,4,0
20231214,XSGE,上期所,ZN,12,12,3,0
20231214,XSIE,能源中心,BC,12,12,1,0
20231214,XSIE,能源中心,LU,12,12,5,0
20231214,XSIE,能源中心,NR,12,12,4,0
20231214,XSIE,能源中心,SC,20,20,3,0
20231215,XDCE,大商所,A,6,6,3,0
20231215,XDCE,大商所,B,12,12,3,0
20231215,XDCE,大商所,C,6,6,5,0
20231215,XDCE,大商所,CS,6,6,3,0
20231215,XDCE,大商所,EB,12,12,5,0
20231215,XDCE,大商所,EG,12,12,3,0
20231215,XDCE,大商所,I,12,12,7,0
20231215,XDCE,大商所,J,12,12,2,0
20231215,XDCE,大商所,JM,12,12,3,0
20231215,XDCE,大商所,L,12,12,2,0
20231215,XDCE,大商所,M,8,8,6,0
20231215,XDCE,大商所,P,12,12,5,0
20231215,XDCE,大商所,PG,12,12,5,0
20231215,XDCE,大商所,PP,12,12,3,0
20231215,XDCE,大商所,RR,12,12,2,0
20231215,XDCE,大商所,V,12,12,4,0
20231215,XDCE,大商所,Y,8,8,5,0
20231215,XSGE,上期所,AG,12,12,11,0
20231215,XSGE,上期所,AL,12,12,6,0
20231215,XSGE,上期所,AO,12,11,2,0
20231215,XSGE,上期所,AU,8,8,5,0
20231215,XSGE,上期所,BR,11,11,3,0
20231215,XSGE,上期所,BU,16,16,5,0
20231215,XSGE,上期所,CU,12,12,4,0
20231215,XSGE,上期所,FU,12,12,10,0
20231215,XSGE,上期所,HC,12,12,6,0
20231215,XSGE,上期所,NI,12,12,4,0
20231215,XSGE,上期所,PB,12,12,2,0
20231215,XSGE,上期所,RB,12,12,7,0
20231215,XSGE,上期所,RU,10,10,3,0
20231215,XSGE,上期所,SN,12,12,3,0
20231215,XSGE,上期所,SP,12,12,3,0
20231215,XSGE,上期所,SS,12,12,4,0
20231215,XSGE,上期所,ZN,12,12,4,0
20231215,XSIE,能源中心,BC,12,12,2,0
20231215,XSIE,能源中心,LU,12,12,4,0
20231215,XSIE,能源中心,NR,12,12,3,0
20231215,XSIE,能源中心,SC,20,20,5,0
20231218,XDCE,大商所,A,6,6,3,0
20231218,XDCE,大商所,B,12,12,4,0
20231218,XDCE,大商所,C,6,6,4,0
20231218,XDCE,大商所,CS,6,6,3,0
20231218,XDCE,大商所,EB,12,12,5,0
20231218,XDCE,大商所,EG,12,12,3,0
20231218,XDCE,大商所,I,12,12,8,0
20231218,XDCE,大商所,J,12,12,2,0
20231218,XDCE,大商所,JM,12,12,2,0
20231218,XDCE,大商所,L,12,12,3,0
20231218,XDCE,大商所,M,8,8,7,0
20231218,XDCE,大商所,P,12,12,3,0
20231218,XDCE,大商所,PG,12,12,5,0
20231218,XDCE,大商所,PP,12,12,2,0
20231218,XDCE,大商所,RR,12,12,2,0
20231218,XDCE,大商所,V,12,12,3,0
20231218,XDCE,大商所,Y,8,8,5,0
20231218,XSGE,上期所,AG,12,12,7,0
20231218,XSGE,上期所,AL,12,12,7,0
20231218,XSGE,上期所,AO,12,10,3,0
20231218,XSGE,上期所,AU,8,8,4,0
20231218,XSGE,上期所,BR,12,12,2,0
20231218,XSGE,上期所,BU,16,16,5,0
20231218,XSGE,上期所,CU,12,12,4,0
20231218,XSGE,上期所,FU,12,12,7,0
20231218,XSGE,上期所,HC,12,12,4,0
20231218,XSGE,上期所,NI,12,12,6,0
20231218,XSGE,上期所,PB,12,12,3,0
20231218,XSGE,上期所,RB,12,12,5,0
20231218,XSGE,上期所,RU,10,10,5,0
20231218,XSGE,上期所,SN,12,12,3,0
20231218,XSGE,上期所,SP,12,12,5,0
20231218,XSGE,上期所,SS,12,12,5,0
20231218,XSGE,上期所,ZN,12,12,3,0
20231218,XSIE,能源中心,BC,12,12,1,0
20231218,XSIE,能源中心,LU,12,12,4,0
20231218,XSIE,能源中心,NR,12,12,3,0
20231218,XSIE,能源中心,SC,20,20,4,0
20231219,XDCE,大商所,A,6,6,5,0
20231219,XDCE,大商所,B,12,12,3,0
20231219,XDCE,大商所,C,6,6,5,0
20231219,XDCE,大商所,CS,6,6,3,0
20231219,XDCE,大商所,EB,12,12,5,0
20231219,XDCE,大商所,EG,12,12,5,0
20231219,XDCE,大商所,I,12,12,6,0
20231219,XDCE,大商所,J,12,12,2,0
20231219,XDCE,大商所,JM,12,12,4,0
20231219,XDCE,大商所,L,12,12,4,0
20231219,XDCE,大商所,M,8,8,6,0
20231219,XDCE,大商所,P,12,12,3,0
20231219,XDCE,大商所,PG,12,12,4,0
20231219,XDCE,大商所,PP,12,12,2,0
20231219,XDCE,大商所,RR,12,12,3,0
20231219,XDCE,大商所,V,12,12,4,0
20231219,XDCE,大商所,Y,8,8,6,0
20231219,XSGE,上期所,AG,12,12,4,0
20231219,XSGE,上期所,AL,12,12,5,0
20231219,XSGE,上期所,AO,12,10,2,0
20231219,XSGE,上期所,AU,8,8,3,0
20231219,XSGE,上期所,BR,12,12,4,0
20231219,XSGE,上期所,BU,16,16,6,0
20231219,XSGE,上期所,CU,12,12,5,0
20231219,XSGE,上期所,FU,12,12,7,0
20231219,XSGE,上期所,HC,12,12,5,0
20231219,XSGE,上期所,NI,12,12,5,0
20231219,XSGE,上期所,PB,12,12,2,0
20231219,XSGE,上期所,RB,12,12,5,0
20231219,XSGE,上期所,RU,10,10,3,0
20231219,XSGE,上期所,SN,12,12,3,0
20231219,XSGE,上期所,SP,12,12,4,0
20231219,XSGE,上期所,SS,12,12,4,0
20231219,XSGE,上期所,ZN,12,12,3,0
20231219,XSIE,能源中心,BC,12,12,2,0
20231219,XSIE,能源中心,LU,12,12,2,0
20231219,XSIE,能源中心,NR,12,12,2,0
20231219,XSIE,能源中心,SC,20,20,3,0
20231220,XDCE,大商所,A,6,6,5,0
20231220,XDCE,大商所,B,12,12,4,0
20231220,XDCE,大商所,C,6,6,6,0
20231220,XDCE,大商所,CS,6,6,3,0
20231220,XDCE,大商所,EB,12,12,5,0
20231220,XDCE,大商所,EG,12,12,4,0
20231220,XDCE,大商所,I,12,12,11,0
20231220,XDCE,大商所,J,12,12,2,0
20231220,XDCE,大商所,JM,12,12,2,0
20231220,XDCE,大商所,L,12,12,2,0
20231220,XDCE,大商所,M,8,8,7,0
20231220,XDCE,大商所,P,12,12,5,0
20231220,XDCE,大商所,PG,12,12,4,0
20231220,XDCE,大商所,PP,12,12,4,0
20231220,XDCE,大商所,RR,12,12,2,0
20231220,XDCE,大商所,V,12,12,4,0
20231220,XDCE,大商所,Y,8,8,4,0
20231220,XSGE,上期所,AG,12,12,7,0
20231220,XSGE,上期所,AL,12,12,5,0
20231220,XSGE,上期所,AO,12,11,2,0
20231220,XSGE,上期所,AU,8,8,3,0
20231220,XSGE,上期所,BR,12,12,3,0
20231220,XSGE,上期所,BU,16,16,5,0
20231220,XSGE,上期所,CU,12,12,5,0
20231220,XSGE,上期所,FU,12,12,7,0
20231220,XSGE,上期所,HC,12,12,5,0
20231220,XSGE,上期所,NI,12,12,5,0
20231220,XSGE,上期所,PB,12,12,4,0
20231220,XSGE,上期所,RB,12,12,4,0
20231220,XSGE,上期所,RU,10,10,4,0
20231220,XSGE,上期所,SN,12,12,4,0
20231220,XSGE,上期所,SP,12,12,5,0
20231220,XSGE,上期所,SS,12,12,4,0
20231220,XSGE,上期所,ZN,12,12,5,0
20231220,XSIE,能源中心,BC,12,12,2,0
20231220,XSIE,能源中心,LU,12,12,3,0
20231220,XSIE,能源中心,NR,12,12,3,0
20231220,XSIE,能源中心,SC,20,20,4,0
20231221,XDCE,大商所,A,6,6,3,0
20231221,XDCE,大商所,B,12,12,4,0
20231221,XDCE,大商所,C,6,6,6,0
20231221,XDCE,大商所,CS,6,6,3,0
20231221,XDCE,大商所,EB,12,12,6,0
20231221,XDCE,大商所,EG,12,12,5,0
20231221,XDCE,大商所,I,12,12,6,0
20231221,XDCE,大商所,J,12,12,2,0
20231221,XDCE,大商所,JM,12,12,3,0
20231221,XDCE,大商所,L,12,12,2,0
20231221,XDCE,大商所,M,8,8,5,0
20231221,XDCE,大商所,P,12,12,6,0
20231221,XDCE,大商所,PG,12,12,5,0
20231221,XDCE,大商所,PP,12,12,3,0
20231221,XDCE,大商所,RR,12,12,3,0
20231221,XDCE,大商所,V,12,12,6,0
20231221,XDCE,大商所,Y,8,8,5,0
20231221,XSGE,上期所,AG,12,12,5,0
20231221,XSGE,上期所,AL,12,12,5,0
20231221,XSGE,上期所,AO,12,9,3,0
20231221,XSGE,上期所,AU,8,8,3,0
20231221,XSGE,上期所,BR,12,12,3,0
20231221,XSGE,上期所,BU,16,16,6,0
20231221,XSGE,上期所,CU,12,12,5,0
20231221,XSGE,上期所,FU,12,12,9,0
20231221,XSGE,上期所,HC,12,12,5,0
20231221,XSGE,上期所,NI,12,12,4,0
20231221,XSGE,上期所,PB,12,12,3,0
20231221,XSGE,上期所,RB,12,12,5,0
20231221,XSGE,上期所,RU,10,10,5,0
20231221,XSGE,上期所,SN,12,12,2,0
20231221,XSGE,上期所,SP,12,12,7,0
20231221,XSGE,上期所,SS,12,12,4,0
20231221,XSGE,上期所,ZN,12,12,4,0
20231221,XSIE,能源中心,BC,12,12,3,0
20231221,XSIE,能源中心,LU,12,12,4,0
20231221,XSIE,能源中心,NR,12,12,3,0
20231221,XSIE,能源中心,SC,20,20,4,0
20231222,XDCE,大商所,A,6,6,3,0
20231222,XDCE,大商所,B,12,12,5,0
20231222,XDCE,大商所,C,6,6,5,0
20231222,XDCE,大商所,CS,6,6,3,0
20231222,XDCE,大商所,EB,12,12,6,0
20231222,XDCE,大商所,EG,12,12,4,0
20231222,XDCE,大商所,I,12,12,8,0
20231222,XDCE,大商所,J,12,12,2,0
20231222,XDCE,大商所,JM,12,12,2,0
20231222,XDCE,大商所,L,12,12,2,0
20231222,XDCE,大商所,M,8,8,5,0
20231222,XDCE,大商所,P,12,12,4,0
20231222,XDCE,大商所,PG,12,12,5,0
20231222,XDCE,大商所,PP,12,12,3,0
20231222,XDCE,大商所,RR,12,12,2,0
20231222,XDCE,大商所,V,12,12,4,0
20231222,XDCE,大商所,Y,8,8,5,0
20231222,XSGE,上期所,AG,12,12,6,0
20231222,XSGE,上期所,AL,12,12,5,0
20231222,XSGE,上期所,AO,12,10,2,0
20231222,XSGE,上期所,AU,8,8,3,0
20231222,XSGE,上期所,BR,12,12,3,0
20231222,XSGE,上期所,BU,16,16,6,0
20231222,XSGE,上期所,CU,12,12,4,0
20231222,XSGE,上期所,FU,12,12,9,0
20231222,XSGE,上期所,HC,12,12,4,0
20231222,XSGE,上期所,NI,12,12,4,0
20231222,XSGE,上期所,PB,12,12,5,0
20231222,XSGE,上期所,RB,12,12,7,0
20231222,XSGE,上期所,RU,10,10,5,0
20231222,XSGE,上期所,SN,12,12,3,0
20231222,XSGE,上期所,SP,12,12,5,0
20231222,XSGE,上期所,SS,12,12,6,0
20231222,XSGE,上期所,ZN,12,12,3,0
20231222,XSIE,能源中心,BC,12,12,2,0
20231222,XSIE,能源中心,LU,12,12,5,0
20231222,XSIE,能源中心,NR,12,12,2,0
20231222,XSIE,能源中心,SC,20,20,3,0
20231225,XDCE,大商所,A,6,6,3,0
20231225,XDCE,大商所,B,12,12,5,0
20231225,XDCE,大商所,C,6,6,4,0
20231225,XDCE,大商所,CS,6,6,3,0
20231225,XDCE,大商所,EB,12,12,4,0
20231225,XDCE,大商所,EG,12,12,6,0
20231225,XDCE,大商所,I,12,12,7,0
20231225,XDCE,大商所,J,12,12,2,0
20231225,XDCE,大商所,JM,12,12,3,0
20231225,XDCE,大商所,L,12,12,4,0
20231225,XDCE,大商所,M,8,8,6,0
20231225,XDCE,大商所,P,12,12,6,0
20231225,XDCE,大商所,PG,12,12,5,0
20231225,XDCE,大商所,PP,12,12,5,0
20231225,XDCE,大商所,RR,12,12,3,0
20231225,XDCE,大商所,V,12,12,7,0
20231225,XDCE,大商所,Y,8,8,5,0
20231225,XSGE,上期所,AG,12,12,8,0
20231225,XSGE,上期所,AL,12,12,9,0
20231225,XSGE,上期所,AO,12,12,4,0
20231225,XSGE,上期所,AU,8,8,5,0
20231225,XSGE,上期所,BR,12,12,3,0
20231225,XSGE,上期所,BU,16,16,6,0
20231225,XSGE,上期所,CU,12,12,4,0
20231225,XSGE,上期所,FU,12,12,6,0
20231225,XSGE,上期所,HC,12,12,5,0
20231225,XSGE,上期所,NI,12,12,4,0
20231225,XSGE,上期所,PB,12,12,2,0
20231225,XSGE,上期所,RB,12,12,5,0
20231225,XSGE,上期所,RU,10,10,3,0
20231225,XSGE,上期所,SN,12,12,3,0
20231225,XSGE,上期所,SP,12,12,7,0
20231225,XSGE,上期所,SS,12,12,4,0
20231225,XSGE,上期所,ZN,12,12,3,0
20231225,XSIE,能源中心,BC,12,12,3,0
20231225,XSIE,能源中心,LU,12,12,2,0
20231225,XSIE,能源中心,NR,12,12,3,0
20231225,XSIE,能源中心,SC,20,20,2,0
20231226,XDCE,大商所,A,6,6,3,0
20231226,XDCE,大商所,B,12,12,4,0
20231226,XDCE,大商所,C,6,6,6,0
20231226,XDCE,大商所,CS,6,6,3,0
20231226,XDCE,大商所,EB,12,12,4,0
20231226,XDCE,大商所,EG,12,12,4,0
20231226,XDCE,大商所,I,12,12,8,0
20231226,XDCE,大商所,J,12,12,3,0
20231226,XDCE,大商所,JM,12,12,3,0
20231226,XDCE,大商所,L,12,12,4,0
20231226,XDCE,大商所,M,8,8,6,0
20231226,XDCE,大商所,P,12,12,5,0
20231226,XDCE,大商所,PG,12,12,3,0
20231226,XDCE,大商所,PP,12,12,5,0
20231226,XDCE,大商所,RR,12,12,1,0
20231226,XDCE,大商所,V,12,12,5,0
20231226,XDCE,大商所,Y,8,8,3,0
20231226,XSGE,上期所,AG,12,12,4,0
20231226,XSGE,上期所,AL,12,12,5,0
20231226,XSGE,上期所,AO,12,12,3,0
20231226,XSGE,上期所,AU,8,8,4,0
20231226,XSGE,上期所,BR,12,12,3,0
20231226,XSGE,上期所,BU,16,16,6,0
20231226,XSGE,上期所,CU,12,12,4,0
20231226,XSGE,上期所,FU,12,12,4,0
20231226,XSGE,上期所,HC,12,12,5,0
20231226,XSGE,上期所,NI,12,12,4,0
20231226,XSGE,上期所,PB,12,12,3,0
20231226,XSGE,上期所,RB,12,12,6,0
20231226,XSGE,上期所,RU,10,10,4,0
20231226,XSGE,上期所,SN,12,12,3,0
20231226,XSGE,上期所,SP,12,12,4,0
20231226,XSGE,上期所,SS,12,12,2,0
20231226,XSGE,上期所,ZN,12,12,3,0
20231226,XSIE,能源中心,BC,12,12,3,0
20231226,XSIE,能源中心,LU,12,12,2,0
20231226,XSIE,能源中心,NR,12,12,5,0
20231226,XSIE,能源中心,SC,20,20,3,0
20231227,XDCE,大商所,A,6,6,3,0
20231227,XDCE,大商所,B,12,12,5,0
20231227,XDCE,大商所,C,6,6,5,0
20231227,XDCE,大商所,CS,6,6,5,0
20231227,XDCE,大商所,EB,12,12,4,0
20231227,XDCE,大商所,EG,12,12,4,0
20231227,XDCE,大商所,I,12,12,5,0
20231227,XDCE,大商所,J,12,12,2,0
20231227,XDCE,大商所,JM,12,12,2,0
20231227,XDCE,大商所,L,12,12,3,0
20231227,XDCE,大商所,M,8,8,6,0
20231227,XDCE,大商所,P,12,12,5,0
20231227,XDCE,大商所,PG,12,12,5,0
20231227,XDCE,大商所,PP,12,12,3,0
20231227,XDCE,大商所,RR,12,12,1,0
20231227,XDCE,大商所,V,12,12,3,0
20231227,XDCE,大商所,Y,8,8,4,0
20231227,XSGE,上期所,AG,12,12,4,0
20231227,XSGE,上期所,AL,12,12,5,0
20231227,XSGE,上期所,AO,12,12,3,0
20231227,XSGE,上期所,AU,8,8,3,0
20231227,XSGE,上期所,BR,12,12,3,0
20231227,XSGE,上期所,BU,16,16,5,0
20231227,XSGE,上期所,CU,12,12,5,0
20231227,XSGE,上期所,FU,12,12,5,0
20231227,XSGE,上期所,HC,12,12,3,0
20231227,XSGE,上期所,NI,12,12,5,0
20231227,XSGE,上期所,PB,12,12,3,0
20231227,XSGE,上期所,RB,12,12,4,0
20231227,XSGE,上期所,RU,10,10,4,0
20231227,XSGE,上期所,SN,12,12,5,0
20231227,XSGE,上期所,SP,12,12,5,0
20231227,XSGE,上期所,SS,12,12,4,0
20231227,XSGE,上期所,ZN,12,12,3,0
20231227,XSIE,能源中心,BC,12,12,2,0
20231227,XSIE,能源中心,LU,12,12,3,0
20231227,XSIE,能源中心,NR,12,12,4,0
20231227,XSIE,能源中心,SC,20,20,4,0
20231228,XDCE,大商所,A,6,6,3,0
20231228,XDCE,大商所,B,12,12,6,0
20231228,XDCE,大商所,C,6,6,5,0
20231228,XDCE,大商所,CS,6,6,3,0
20231228,XDCE,大商所,EB,12,12,5,0
20231228,XDCE,大商所,EG,12,12,4,0
20231228,XDCE,大商所,I,12,12,10,0
20231228,XDCE,大商所,J,12,12,2,0
20231228,XDCE,大商所,JM,12,12,2,0
20231228,XDCE,大商所,L,12,12,3,0
20231228,XDCE,大商所,M,8,8,7,0
20231228,XDCE,大商所,P,12,12,8,0
20231228,XDCE,大商所,PG,12,12,5,0
20231228,XDCE,大商所,PP,12,12,3,0
20231228,XDCE,大商所,RR,12,12,1,0
20231228,XDCE,大商所,V,12,12,5,0
20231228,XDCE,大商所,Y,8,8,7,0
20231228,XSGE,上期所,AG,12,12,6,0
20231228,XSGE,上期所,AL,12,12,5,0
20231228,XSGE,上期所,AO,12,12,4,0
20231228,XSGE,上期所,AU,8,8,3,0
20231228,XSGE,上期所,BR,12,12,3,0
20231228,XSGE,上期所,BU,16,16,6,0
20231228,XSGE,上期所,CU,12,12,5,0
20231228,XSGE,上期所,FU,12,12,6,0
20231228,XSGE,上期所,HC,12,12,4,0
20231228,XSGE,上期所,NI,12,12,4,0
20231228,XSGE,上期所,PB,12,12,2,0
20231228,XSGE,上期所,RB,12,12,6,0
20231228,XSGE,上期所,RU,10,10,4,0
20231228,XSGE,上期所,SN,12,12,4,0
20231228,XSGE,上期所,SP,12,12,4,0
20231228,XSGE,上期所,SS,12,12,2,0
20231228,XSGE,上期所,ZN,12,12,3,0
20231228,XSIE,能源中心,BC,12,12,2,0
20231228,XSIE,能源中心,LU,12,12,3,0
20231228,XSIE,能源中心,NR,12,12,3,0
20231228,XSIE,能源中心,SC,20,20,4,0
20231229,XDCE,大商所,A,6,6,4,0
20231229,XDCE,大商所,B,12,12,4,0
20231229,XDCE,大商所,C,6,6,5,0
20231229,XDCE,大商所,CS,6,6,3,0
20231229,XDCE,大商所,EB,12,12,5,0
20231229,XDCE,大商所,EG,12,12,5,0
20231229,XDCE,大商所,I,12,12,7,0
20231229,XDCE,大商所,J,12,12,3,0
20231229,XDCE,大商所,JM,12,12,3,0
20231229,XDCE,大商所,L,12,12,5,0
20231229,XDCE,大商所,M,8,8,6,0
20231229,XDCE,大商所,P,12,12,6,0
20231229,XDCE,大商所,PG,12,12,5,0
20231229,XDCE,大商所,PP,12,12,4,0
20231229,XDCE,大商所,RR,12,12,1,0
20231229,XDCE,大商所,V,12,12,5,0
20231229,XDCE,大商所,Y,8,8,6,0
20231229,XSGE,上期所,AG,12,12,6,0
20231229,XSGE,上期所,AL,12,12,5,0
20231229,XSGE,上期所,AO,12,12,4,0
20231229,XSGE,上期所,AU,8,8,3,0
20231229,XSGE,上期所,BR,12,12,3,0
20231229,XSGE,上期所,BU,16,16,4,0
20231229,XSGE,上期所,CU,12,12,5,0
20231229,XSGE,上期所,FU,12,12,9,0
20231229,XSGE,上期所,HC,12,12,5,0
20231229,XSGE,上期所,NI,12,12,4,0
20231229,XSGE,上期所,PB,12,12,2,0
20231229,XSGE,上期所,RB,12,12,7,0
20231229,XSGE,上期所,RU,10,10,3,0
20231229,XSGE,上期所,SN,12,12,4,0
20231229,XSGE,上期所,SP,12,12,5,0
20231229,XSGE,上期所,SS,12,12,5,0
20231229,XSGE,上期所,ZN,12,12,3,0
20231229,XSIE,能源中心,BC,12,12,2,0
20231229,XSIE,能源中心,LU,12,12,4,0
20231229,XSIE,能源中心,NR,12,12,4,0
20231229,XSIE,能源中心,SC,20,20,4,0
20240103,XDCE,大商所,A,6,6,3,0
20240103,XDCE,大商所,B,12,12,5,0
20240103,XDCE,大商所,C,6,6,5,0
20240103,XDCE,大商所,CS,6,6,3,0
20240103,XDCE,大商所,EB,12,12,7,0
20240103,XDCE,大商所,EG,12,12,7,0
20240103,XDCE,大商所,I,12,12,8,0
20240103,XDCE,大商所,J,12,12,4,0
20240103,XDCE,大商所,JM,12,12,5,0
20240103,XDCE,大商所,L,12,12,4,0
20240103,XDCE,大商所,M,8,8,6,0
20240103,XDCE,大商所,P,12,12,6,0
20240103,XDCE,大商所,PG,12,12,6,0
20240103,XDCE,大商所,PP,12,12,4,0
20240103,XDCE,大商所,RR,12,12,2,0
20240103,XDCE,大商所,V,12,12,8,0
20240103,XDCE,大商所,Y,8,8,5,0
20240103,XSGE,上期所,AG,12,12,6,0
20240103,XSGE,上期所,AL,12,12,5,0
20240103,XSGE,上期所,AO,12,12,4,0
20240103,XSGE,上期所,AU,8,8,4,0
20240103,XSGE,上期所,BR,12,12,2,0
20240103,XSGE,上期所,BU,16,16,4,0
20240103,XSGE,上期所,CU,12,12,5,0
20240103,XSGE,上期所,FU,12,12,6,0
20240103,XSGE,上期所,HC,12,12,3,0
20240103,XSGE,上期所,NI,12,12,5,0
20240103,XSGE,上期所,PB,12,12,2,0
20240103,XSGE,上期所,RB,12,12,7,0
20240103,XSGE,上期所,RU,10,10,5,0
20240103,XSGE,上期所,SN,12,12,3,0
20240103,XSGE,上期所,SP,12,12,6,0
20240103,XSGE,上期所,SS,12,12,4,0
20240103,XSGE,上期所,ZN,12,12,3,0
20240103,XSIE,能源中心,BC,12,12,3,0
20240103,XSIE,能源中心,LU,12,12,4,0
20240103,XSIE,能源中心,NR,12,12,2,0
20240103,XSIE,能源中心,SC,20,20,4,0
20240104,XDCE,大商所,A,6,6,2,0
20240104,XDCE,大商所,B,12,12,3,0
20240104,XDCE,大商所,C,6,6,4,0
20240104,XDCE,大商所,CS,6,6,2,0
20240104,XDCE,大商所,EB,12,12,4,0
20240104,XDCE,大商所,EG,12,12,6,0
20240104,XDCE,大商所,I,12,12,9,0
20240104,XDCE,大商所,J,12,12,3,0
20240104,XDCE,大商所,JM,12,12,3,0
20240104,XDCE,大商所,L,12,12,6,0
20240104,XDCE,大商所,M,8,8,7,0
20240104,XDCE,大商所,P,12,12,7,0
20240104,XDCE,大商所,PG,12,12,5,0
20240104,XDCE,大商所,PP,12,12,6,0
20240104,XDCE,大商所,RR,12,12,2,0
20240104,XDCE,大商所,V,12,12,5,0
20240104,XDCE,大商所,Y,8,8,6,0
20240104,XSGE,上期所,AG,12,12,11,0
20240104,XSGE,上期所,AL,12,12,3,0
20240104,XSGE,上期所,AO,12,12,4,0
20240104,XSGE,上期所,AU,8,8,4,0
20240104,XSGE,上期所,BR,12,12,2,0
20240104,XSGE,上期所,BU,16,16,5,0
20240104,XSGE,上期所,CU,12,12,5,0
20240104,XSGE,上期所,FU,12,12,6,0
20240104,XSGE,上期所,HC,12,12,4,0
20240104,XSGE,上期所,NI,12,12,4,0
20240104,XSGE,上期所,PB,12,12,2,0
20240104,XSGE,上期所,RB,12,12,3,0
20240104,XSGE,上期所,RU,10,10,5,0
20240104,XSGE,上期所,SN,12,12,2,0
20240104,XSGE,上期所,SP,12,12,7,0
20240104,XSGE,上期所,SS,12,12,3,0
20240104,XSGE,上期所,ZN,12,12,3,0
20240104,XSIE,能源中心,BC,12,12,3,0
20240104,XSIE,能源中心,LU,12,12,4,0
20240104,XSIE,能源中心,NR,12,12,3,0
20240104,XSIE,能源中心,SC,20,20,5,0
20240105,XDCE,大商所,A,6,6,2,0
20240105,XDCE,大商所,B,12,12,5,0
20240105,XDCE,大商所,C,6,6,4,0
20240105,XDCE,大商所,CS,6,6,3,0
20240105,XDCE,大商所,EB,12,12,5,0
20240105,XDCE,大商所,EG,12,12,5,0
20240105,XDCE,大商所,I,12,12,8,0
20240105,XDCE,大商所,J,12,12,1,0
20240105,XDCE,大商所,JM,12,12,6,0
20240105,XDCE,大商所,L,12,12,3,0
20240105,XDCE,大商所,M,8,8,7,0
20240105,XDCE,大商所,P,12,12,8,0
20240105,XDCE,大商所,PG,12,12,4,0
20240105,XDCE,大商所,PP,12,12,6,0
20240105,XDCE,大商所,RR,12,12,1,0
20240105,XDCE,大商所,V,12,12,6,0
20240105,XDCE,大商所,Y,8,8,7,0
20240105,XSGE,上期所,AG,12,12,6,0
20240105,XSGE,上期所,AL,12,12,4,0
20240105,XSGE,上期所,AO,12,12,4,0
20240105,XSGE,上期所,AU,8,8,4,0
20240105,XSGE,上期所,BR,12,12,3,0
20240105,XSGE,上期所,BU,16,16,5,0
20240105,XSGE,上期所,CU,12,12,8,0
20240105,XSGE,上期所,FU,12,12,8,0
20240105,XSGE,上期所,HC,12,12,3,0
20240105,XSGE,上期所,NI,12,12,4,0
20240105,XSGE,上期所,PB,12,12,2,0
20240105,XSGE,上期所,RB,12,12,8,0
20240105,XSGE,上期所,RU,10,10,4,0
20240105,XSGE,上期所,SN,12,12,3,0
20240105,XSGE,上期所,SP,12,12,3,0
20240105,XSGE,上期所,SS,12,12,4,0
20240105,XSGE,上期所,ZN,12,12,2,0
20240105,XSIE,能源中心,BC,12,12,1,0
20240105,XSIE,能源中心,LU,12,12,4,0
20240105,XSIE,能源中心,NR,12,12,3,0
20240105,XSIE,能源中心,SC,20,20,4,0
20240108,XDCE,大商所,A,6,6,2,0
20240108,XDCE,大商所,B,12,12,3,0
20240108,XDCE,大商所,C,6,6,4,0
20240108,XDCE,大商所,CS,6,6,3,0
20240108,XDCE,大商所,EB,12,12,5,0
20240108,XDCE,大商所,EG,12,12,6,0
20240108,XDCE,大商所,I,12,12,9,0
20240108,XDCE,大商所,J,12,12,1,0
20240108,XDCE,大商所,JM,12,12,3,0
20240108,XDCE,大商所,L,12,12,6,0
20240108,XDCE,大商所,M,8,8,7,0
20240108,XDCE,大商所,P,12,12,6,0
20240108,XDCE,大商所,PG,12,12,3,0
20240108,XDCE,大商所,PP,12,12,5,0
20240108,XDCE,大商所,RR,12,12,1,0
20240108,XDCE,大商所,V,12,12,7,0
20240108,XDCE,大商所,Y,8,8,6,0
20240108,XSGE,上期所,AG,12,12,5,0
20240108,XSGE,上期所,AL,12,12,5,0
20240108,XSGE,上期所,AO,12,12,5,0
20240108,XSGE,上期所,AU,8,8,3,0
20240108,XSGE,上期所,BR,12,12,2,0
20240108,XSGE,上期所,BU,16,16,4,0
20240108,XSGE,上期所,CU,12,12,5,0
20240108,XSGE,上期所,FU,12,12,5,0
20240108,XSGE,上期所,HC,12,12,3,0
20240108,XSGE,上期所,NI,12,12,4,0
20240108,XSGE,上期所,PB,12,12,2,0
20240108,XSGE,上期所,RB,12,12,4,0
20240108,XSGE,上期所,RU,10,10,2,0
20240108,XSGE,上期所,SN,12,12,4,0
20240108,XSGE,上期所,SP,12,12,4,0
20240108,XSGE,上期所,SS,12,12,3,0
20240108,XSGE,上期所,ZN,12,12,2,0
20240108,XSIE,能源中心,BC,12,12,2,0
20240108,XSIE,能源中心,LU,12,12,4,0
20240108,XSIE,能源中心,NR,12,12,3,0
20240108,XSIE,能源中心,SC,20,20,3,0
20240109,XDCE,大商所,A,6,6,2,0
20240109,XDCE,大商所,B,12,12,5,0
20240109,XDCE,大商所,C,6,6,5,0
20240109,XDCE,大商所,CS,6,6,3,0
20240109,XDCE,大商所,EB,12,12,5,0
20240109,XDCE,大商所,EG,12,12,6,0
20240109,XDCE,大商所,I,12,12,6,0
20240109,XDCE,大商所,J,12,12,2,0
20240109,XDCE,大商所,JM,12,12,5,0
20240109,XDCE,大商所,L,12,12,4,0
20240109,XDCE,大商所,M,8,8,6,0
20240109,XDCE,大商所,P,12,12,6,0
20240109,XDCE,大商所,PG,12,12,4,0
20240109,XDCE,大商所,PP,12,12,6,0
20240109,XDCE,大商所,RR,12,12,2,0
20240109,XDCE,大商所,V,12,12,4,0
20240109,XDCE,大商所,Y,8,8,4,0
20240109,XSGE,上期所,AG,12,12,7,0
20240109,XSGE,上期所,AL,12,12,4,0
20240109,XSGE,上期所,AO,12,11,3,0
20240109,XSGE,上期所,AU,8,8,5,0
20240109,XSGE,上期所,BR,12,12,3,0
20240109,XSGE,上期所,BU,16,16,6,0
20240109,XSGE,上期所,CU,12,12,5,0
20240109,XSGE,上期所,FU,12,12,9,0
20240109,XSGE,上期所,HC,12,12,3,0
20240109,XSGE,上期所,NI,12,12,3,0
20240109,XSGE,上期所,PB,12,12,2,0
20240109,XSGE,上期所,RB,12,12,3,0
20240109,XSGE,上期所,RU,10,10,3,0
20240109,XSGE,上期所,SN,12,12,2,0
20240109,XSGE,上期所,SP,12,12,5,0
20240109,XSGE,上期所,SS,12,12,4,0
20240109,XSGE,上期所,ZN,12,12,4,0
20240109,XSIE,能源中心,BC,12,12,1,0
20240109,XSIE,能源中心,LU,12,12,4,0
20240109,XSIE,能源中心,NR,12,12,4,0
20240109,XSIE,能源中心,SC,20,20,5,0
20240110,XDCE,大商所,A,6,6,2,0
20240110,XDCE,大商所,B,12,12,4,0
20240110,XDCE,大商所,C,6,6,4,0
20240110,XDCE,大商所,CS,6,6,3,0
20240110,XDCE,大商所,EB,12,12,6,0
20240110,XDCE,大商所,EG,12,12,6,0
20240110,XDCE,大商所,I,12,12,6,0
20240110,XDCE,大商所,J,12,12,2,0
20240110,XDCE,大商所,JM,12,12,2,0
20240110,XDCE,大商所,L,12,12,3,0
20240110,XDCE,大商所,M,8,8,6,0
20240110,XDCE,大商所,P,12,12,5,0
20240110,XDCE,大商所,PG,12,12,5,0
20240110,XDCE,大商所,PP,12,12,6,0
20240110,XDCE,大商所,RR,12,12,1,0
20240110,XDCE,大商所,V,12,12,6,0
20240110,XDCE,大商所,Y,8,8,5,0
20240110,XSGE,上期所,AG,12,12,6,0
20240110,XSGE,上期所,AL,12,12,4,0
20240110,XSGE,上期所,AO,12,11,4,0
20240110,XSGE,上期所,AU,8,8,4,0
20240110,XSGE,上期所,BR,12,12,2,0
20240110,XSGE,上期所,BU,16,16,6,0
20240110,XSGE,上期所,CU,12,12,6,0
20240110,XSGE,上期所,FU,12,12,12,0
20240110,XSGE,上期所,HC,12,12,3,0
20240110,XSGE,上期所,NI,12,12,6,0
20240110,XSGE,上期所,PB,12,12,2,0
20240110,XSGE,上期所,RB,12,12,5,0
20240110,XSGE,上期所,RU,10,10,4,0
20240110,XSGE,上期所,SN,12,12,3,0
20240110,XSGE,上期所,SP,12,12,5,0
20240110,XSGE,上期所,SS,12,12,4,0
20240110,XSGE,上期所,ZN,12,12,2,0
20240110,XSIE,能源中心,BC,12,12,2,0
20240110,XSIE,能源中心,LU,12,12,4,0
20240110,XSIE,能源中心,NR,12,12,5,0
20240110,XSIE,能源中心,SC,20,20,4,0
20240111,XDCE,大商所,A,6,6,2,0
20240111,XDCE,大商所,B,12,12,4,0
20240111,XDCE,大商所,C,6,6,5,0
20240111,XDCE,大商所,CS,6,6,3,0
20240111,XDCE,大商所,EB,12,12,6,0
20240111,XDCE,大商所,EG,12,12,5,0
20240111,XDCE,大商所,I,12,12,8,0
20240111,XDCE,大商所,J,12,12,3,0
20240111,XDCE,大商所,JM,12,12,2,0
20240111,XDCE,大商所,L,12,12,2,0
20240111,XDCE,大商所,M,8,8,5,0
20240111,XDCE,大商所,P,12,12,6,0
20240111,XDCE,大商所,PG,12,12,5,0
20240111,XDCE,大商所,PP,12,12,7,0
20240111,XDCE,大商所,RR,12,12,3,0
20240111,XDCE,大商所,V,12,12,6,0
20240111,XDCE,大商所,Y,8,8,4,0
20240111,XSGE,上期所,AG,12,12,5,0
20240111,XSGE,上期所,AL,12,12,4,0
20240111,XSGE,上期所,AO,12,11,3,0
20240111,XSGE,上期所,AU,8,8,4,0
20240111,XSGE,上期所,BR,12,12,2,0
20240111,XSGE,上期所,BU,16,16,4,0
20240111,XSGE,上期所,CU,12,12,4,0
20240111,XSGE,上期所,FU,12,12,10,0
20240111,XSGE,上期所,HC,12,12,3,0
20240111,XSGE,上期所,NI,12,12,4,0
20240111,XSGE,上期所,PB,12,12,3,0
20240111,XSGE,上期所,RB,12,12,5,0
20240111,XSGE,上期所,RU,10,10,3,0
20240111,XSGE,上期所,SN,12,12,2,0
20240111,XSGE,上期所,SP,12,12,2,0
20240111,XSGE,上期所,SS,12,12,5,0
20240111,XSGE,上期所,ZN,12,12,3,0
20240111,XSIE,能源中心,BC,12,12,1,0
20240111,XSIE,能源中心,LU,12,12,3,0
20240111,XSIE,能源中心,NR,12,12,3,0
20240111,XSIE,能源中心,SC,20,20,4,0
20240112,XDCE,大商所,A,6,6,3,0
20240112,XDCE,大商所,B,12,12,3,0
20240112,XDCE,大商所,C,6,6,4,0
20240112,XDCE,大商所,CS,6,6,3,0
20240112,XDCE,大商所,EB,12,12,4,0
20240112,XDCE,大商所,EG,12,12,5,0
20240112,XDCE,大商所,I,12,12,6,0
20240112,XDCE,大商所,J,12,12,1,0
20240112,XDCE,大商所,JM,12,12,2,0
20240112,XDCE,大商所,L,12,12,3,0
20240112,XDCE,大商所,M,8,8,6,0
20240112,XDCE,大商所,P,12,12,4,0
20240112,XDCE,大商所,PG,12,12,4,0
20240112,XDCE,大商所,PP,12,12,6,0
20240112,XDCE,大商所,RR,12,12,1,0
20240112,XDCE,大商所,V,12,12,5,0
20240112,XDCE,大商所,Y,8,8,4,0
20240112,XSGE,上期所,AG,12,12,12,0
20240112,XSGE,上期所,AL,12,12,3,0
20240112,XSGE,上期所,AO,12,11,3,0
20240112,XSGE,上期所,AU,8,8,3,0
20240112,XSGE,上期所,BR,12,12,4,0
20240112,XSGE,上期所,BU,16,16,5,0
20240112,XSGE,上期所,CU,12,12,4,0
20240112,XSGE,上期所,FU,12,12,10,0
20240112,XSGE,上期所,HC,12,12,4,0
20240112,XSGE,上期所,NI,12,12,4,0
20240112,XSGE,上期所,PB,12,12,3,0
20240112,XSGE,上期所,RB,12,12,8,0
20240112,XSGE,上期所,RU,10,10,2,0
20240112,XSGE,上期所,SN,12,12,3,0
20240112,XSGE,上期所,SP,12,12,4,0
20240112,XSGE,上期所,SS,12,12,3,0
20240112,XSGE,上期所,ZN,12,12,3,0
20240112,XSIE,能源中心,BC,12,12,1,0
20240112,XSIE,能源中心,LU,12,12,3,0
20240112,XSIE,能源中心,NR,12,12,3,0
20240112,XSIE,能源中心,SC,20,20,3,0
20240115,XDCE,大商所,A,6,6,2,0
20240115,XDCE,大商所,B,12,12,3,0
20240115,XDCE,大商所,C,6,6,4,0
20240115,XDCE,大商所,CS,6,6,4,0
20240115,XDCE,大商所,EB,12,12,5,0
20240115,XDCE,大商所,EG,12,12,4,0
20240115,XDCE,大商所,I,12,12,6,0
20240115,XDCE,大商所,J,12,12,1,0
20240115,XDCE,大商所,JM,12,12,1,0
20240115,XDCE,大商所,L,12,12,2,0
20240115,XDCE,大商所,M,8,8,6,0
20240115,XDCE,大商所,P,12,12,2,0
20240115,XDCE,大商所,PG,12,12,4,0
20240115,XDCE,大商所,PP,12,12,3,0
20240115,XDCE,大商所,RR,12,12,1,0
20240115,XDCE,大商所,V,12,12,4,0
20240115,XDCE,大商所,Y,8,8,4,0
20240115,XSGE,上期所,AG,12,12,6,0
20240115,XSGE,上期所,AL,12,12,3,0
20240115,XSGE,上期所,AO,12,11,4,0
20240115,XSGE,上期所,AU,8,8,5,0
20240115,XSGE,上期所,BR,12,12,3,0
20240115,XSGE,上期所,BU,16,16,4,0
20240115,XSGE,上期所,CU,12,12,4,0
20240115,XSGE,上期所,FU,12,12,8,0
20240115,XSGE,上期所,HC,12,12,4,0
20240115,XSGE,上期所,NI,12,12,3,0
20240115,XSGE,上期所,PB,12,12,2,0
20240115,XSGE,上期所,RB,12,12,7,0
20240115,XSGE,上期所,RU,10,10,2,0
20240115,XSGE,上期所,SN,12,12,3,0
20240115,XSGE,上期所,SP,12,12,3,0
20240115,XSGE,上期所,SS,12,12,5,0
20240115,XSGE,上期所,ZN,12,12,2,0
20240115,XSIE,能源中心,BC,12,12,1,0
20240115,XSIE,能源中心,LU,12,12,4,0
20240115,XSIE,能源中心,NR,12,12,3,0
20240115,XSIE,能源中心,SC,20,20,4,0
20240116,XDCE,大商所,A,6,6,2,0
20240116,XDCE,大商所,B,12,12,3,0
20240116,XDCE,大商所,C,6,6,4,0
20240116,XDCE,大商所,CS,6,6,2,0
20240116,XDCE,大商所,EB,12,12,4,0
20240116,XDCE,大商所,EG,12,12,4,0
20240116,XDCE,大商所,I,12,12,7,0
20240116,XDCE,大商所,J,12,12,2,0
20240116,XDCE,大商所,JM,12,12,1,0
20240116,XDCE,大商所,L,12,12,3,0
20240116,XDCE,大商所,M,8,8,6,0
20240116,XDCE,大商所,P,12,12,3,0
20240116,XDCE,大商所,PG,12,12,5,0
20240116,XDCE,大商所,PP,12,12,5,0
20240116,XDCE,大商所,RR,12,12,1,0
20240116,XDCE,大商所,V,12,12,5,0
20240116,XDCE,大商所,Y,8,8,3,0
20240116,XSGE,上期所,AG,12,12,5,0
20240116,XSGE,上期所,AL,12,12,4,0
20240116,XSGE,上期所,AO,12,12,4,0
20240116,XSGE,上期所,AU,8,8,4,0
20240116,XSGE,上期所,BR,12,12,2,0
20240116,XSGE,上期所,BU,16,16,3,0
20240116,XSGE,上期所,CU,12,12,3,0
20240116,XSGE,上期所,FU,12,12,10,0
20240116,XSGE,上期所,HC,12,12,3,0
20240116,XSGE,上期所,NI,12,12,3,0
20240116,XSGE,上期所,PB,12,12,2,0
20240116,XSGE,上期所,RB,12,12,7,0
20240116,XSGE,上期所,RU,10,10,4,0
20240116,XSGE,上期所,SN,12,12,2,0
20240116,XSGE,上期所,SP,12,12,5,0
20240116,XSGE,上期所,SS,12,12,4,0
20240116,XSGE,上期所,ZN,12,12,5,0
20240116,XSIE,能源中心,BC,12,12,1,0
20240116,XSIE,能源中心,LU,12,12,4,0
20240116,XSIE,能源中心,NR,12,12,3,0
20240116,XSIE,能源中心,SC,20,20,4,0
20240117,XDCE,大商所,A,6,6,2,0
20240117,XDCE,大商所,B,12,12,3,0
20240117,XDCE,大商所,C,6,6,4,0
20240117,XDCE,大商所,CS,6,6,3,0
20240117,XDCE,大商所,EB,12,12,4,0
20240117,XDCE,大商所,EG,12,12,7,0
20240117,XDCE,大商所,I,12,12,9,0
20240117,XDCE,大商所,J,12,12,3,0
20240117,XDCE,大商所,JM,12,12,2,0
20240117,XDCE,大商所,L,12,12,4,0
20240117,XDCE,大商所,M,8,8,5,0
20240117,XDCE,大商所,P,12,12,2,0
20240117,XDCE,大商所,PG,12,12,5,0
20240117,XDCE,大商所,PP,12,12,6,0
20240117,XDCE,大商所,RR,12,12,0,0
20240117,XDCE,大商所,V,12,12,4,0
20240117,XDCE,大商所,Y,8,8,4,0
20240117,XSGE,上期所,AG,12,12,7,0
20240117,XSGE,上期所,AL,12,12,4,0
20240117,XSGE,上期所,AO,12,12,4,0
20240117,XSGE,上期所,AU,8,8,4,0
20240117,XSGE,上期所,BR,12,12,1,0
20240117,XSGE,上期所,BU,16,16,5,0
20240117,XSGE,上期所,CU,12,12,5,0
20240117,XSGE,上期所,FU,12,12,7,0
20240117,XSGE,上期所,HC,12,12,3,0
20240117,XSGE,上期所,NI,12,12,3,0
20240117,XSGE,上期所,PB,12,12,2,0
20240117,XSGE,上期所,RB,12,12,9,0
20240117,XSGE,上期所,RU,10,10,5,0
20240117,XSGE,上期所,SN,12,12,2,0
20240117,XSGE,上期所,SP,12,12,3,0
20240117,XSGE,上期所,SS,12,12,4,0
20240117,XSGE,上期所,ZN,12,12,3,0
20240117,XSIE,能源中心,BC,12,12,1,0
20240117,XSIE,能源中心,LU,12,12,3,0
20240117,XSIE,能源中心,NR,12,12,3,0
20240117,XSIE,能源中心,SC,20,20,3,0
20240118,XDCE,大商所,A,6,6,2,0
20240118,XDCE,大商所,B,12,12,3,0
20240118,XDCE,大商所,C,6,6,4,0
20240118,XDCE,大商所,CS,6,6,2,0
20240118,XDCE,大商所,EB,12,12,5,0
20240118,XDCE,大商所,EG,12,12,6,0
20240118,XDCE,大商所,I,12,12,8,0
20240118,XDCE,大商所,J,12,12,2,0
20240118,XDCE,大商所,JM,12,12,5,0
20240118,XDCE,大商所,L,12,12,4,0
20240118,XDCE,大商所,M,8,8,6,0
20240118,XDCE,大商所,P,12,12,3,0
20240118,XDCE,大商所,PG,12,12,4,0
20240118,XDCE,大商所,PP,12,12,4,0
20240118,XDCE,大商所,RR,12,12,3,0
20240118,XDCE,大商所,V,12,12,3,0
20240118,XDCE,大商所,Y,8,8,3,0
20240118,XSGE,上期所,AG,12,12,7,0
20240118,XSGE,上期所,AL,12,12,4,0
20240118,XSGE,上期所,AO,12,12,3,0
20240118,XSGE,上期所,AU,8,8,3,0
20240118,XSGE,上期所,BR,12,12,3,0
20240118,XSGE,上期所,BU,16,16,3,0
20240118,XSGE,上期所,CU,12,12,5,0
20240118,XSGE,上期所,FU,12,12,11,0
20240118,XSGE,上期所,HC,12,12,2,0
20240118,XSGE,上期所,NI,12,12,4,0
20240118,XSGE,上期所,PB,12,12,3,0
20240118,XSGE,上期所,RB,12,12,8,0
20240118,XSGE,上期所,RU,10,10,2,0
20240118,XSGE,上期所,SN,12,12,2,0
20240118,XSGE,上期所,SP,12,12,3,0
20240118,XSGE,上期所,SS,12,12,4,0
20240118,XSGE,上期所,ZN,12,12,4,0
20240118,XSIE,能源中心,BC,12,12,2,0
20240118,XSIE,能源中心,LU,12,12,3,0
20240118,XSIE,能源中心,NR,12,12,3,0
20240118,XSIE,能源中心,SC,20,20,4,0
20240119,XDCE,大商所,A,6,6,2,0
20240119,XDCE,大商所,B,12,12,3,0
20240119,XDCE,大商所,C,6,6,5,0
20240119,XDCE,大商所,CS,6,6,2,0
20240119,XDCE,大商所,EB,12,12,4,0
20240119,XDCE,大商所,EG,12,12,4,0
20240119,XDCE,大商所,I,12,12,7,0
20240119,XDCE,大商所,J,12,12,1,0
20240119,XDCE,大商所,JM,12,12,1,0
20240119,XDCE,大商所,L,12,12,2,0
20240119,XDCE,大商所,M,8,8,5,0
20240119,XDCE,大商所,P,12,12,3,0
20240119,XDCE,大商所,PG,12,12,3,0
20240119,XDCE,大商所,PP,12,12,3,0
20240119,XDCE,大商所,RR,12,12,2,0
20240119,XDCE,大商所,V,12,12,2,0
20240119,XDCE,大商所,Y,8,8,3,0
20240119,XSGE,上期所,AG,12,12,5,0
20240119,XSGE,上期所,AL,12,12,4,0
20240119,XSGE,上期所,AO,12,12,4,0
20240119,XSGE,上期所,AU,8,8,4,0
20240119,XSGE,上期所,BR,12,12,2,0
20240119,XSGE,上期所,BU,16,16,3,0
20240119,XSGE,上期所,CU,12,12,4,0
20240119,XSGE,上期所,FU,12,12,9,0
20240119,XSGE,上期所,HC,12,12,3,0
20240119,XSGE,上期所,NI,12,12,4,0
20240119,XSGE,上期所,PB,12,12,2,0
20240119,XSGE,上期所,RB,12,12,9,0
20240119,XSGE,上期所,RU,10,10,2,0
20240119,XSGE,上期所,SN,12,12,2,0
20240119,XSGE,上期所,SP,12,12,3,0
20240119,XSGE,上期所,SS,12,12,4,0
20240119,XSGE,上期所,ZN,12,12,4,0
20240119,XSIE,能源中心,BC,12,12,1,0
20240119,XSIE,能源中心,LU,12,12,5,0
20240119,XSIE,能源中心,NR,12,12,3,0
20240119,XSIE,能源中心,SC,20,20,3,0
20240122,XDCE,大商所,A,6,6,3,0
20240122,XDCE,大商所,B,12,12,3,0
20240122,XDCE,大商所,C,6,6,3,0
20240122,XDCE,大商所,CS,6,6,2,0
20240122,XDCE,大商所,EB,12,12,4,0
20240122,XDCE,大商所,EG,12,12,5,0
20240122,XDCE,大商所,I,12,12,5,0
20240122,XDCE,大商所,J,12,12,1,0
20240122,XDCE,大商所,JM,12,12,1,0
20240122,XDCE,大商所,L,12,12,2,0
20240122,XDCE,大商所,M,8,8,4,0
20240122,XDCE,大商所,P,12,12,3,0
20240122,XDCE,大商所,PG,12,12,3,0
20240122,XDCE,大商所,PP,12,12,2,0
20240122,XDCE,大商所,RR,12,12,2,0
20240122,XDCE,大商所,V,12,12,5,0
20240122,XDCE,大商所,Y,8,8,4,0
20240122,XSGE,上期所,AG,12,12,7,0
20240122,XSGE,上期所,AL,12,12,4,0
20240122,XSGE,上期所,AO,12,12,3,0
20240122,XSGE,上期所,AU,8,8,4,0
20240122,XSGE,上期所,BR,12,12,2,0
20240122,XSGE,上期所,BU,16,16,2,0
20240122,XSGE,上期所,CU,12,12,5,0
20240122,XSGE,上期所,FU,12,12,11,0
20240122,XSGE,上期所,HC,12,12,3,0
20240122,XSGE,上期所,NI,12,12,3,0
20240122,XSGE,上期所,PB,12,12,3,0
20240122,XSGE,上期所,RB,12,12,9,0
20240122,XSGE,上期所,RU,10,10,3,0
20240122,XSGE,上期所,SN,12,12,5,0
20240122,XSGE,上期所,SP,12,12,5,0
20240122,XSGE,上期所,SS,12,12,3,0
20240122,XSGE,上期所,ZN,12,12,3,0
20240122,XSIE,能源中心,BC,12,12,1,0
20240122,XSIE,能源中心,LU,12,12,3,0
20240122,XSIE,能源中心,NR,12,12,2,0
20240122,XSIE,能源中心,SC,20,20,3,0
20240123,XDCE,大商所,A,6,6,3,0
20240123,XDCE,大商所,B,12,12,4,0
20240123,XDCE,大商所,C,6,6,4,0
20240123,XDCE,大商所,CS,6,6,2,0
20240123,XDCE,大商所,EB,12,12,4,0
20240123,XDCE,大商所,EG,12,12,3,0
20240123,XDCE,大商所,I,12,12,5,0
20240123,XDCE,大商所,J,12,12,1,0
20240123,XDCE,大商所,JM,12,12,1,0
20240123,XDCE,大商所,L,12,12,3,0
20240123,XDCE,大商所,M,8,8,5,0
20240123,XDCE,大商所,P,12,12,4,0
20240123,XDCE,大商所,PG,12,12,4,0
20240123,XDCE,大商所,PP,12,12,5,0
20240123,XDCE,大商所,RR,12,12,1,0
20240123,XDCE,大商所,V,12,12,4,0
20240123,XDCE,大商所,Y,8,8,5,0
20240123,XSGE,上期所,AG,12,12,7,0
20240123,XSGE,上期所,AL,12,12,4,0
20240123,XSGE,上期所,AO,12,12,3,0
20240123,XSGE,上期所,AU,8,8,5,0
20240123,XSGE,上期所,BR,12,12,2,0
20240123,XSGE,上期所,BU,16,16,3,0
20240123,XSGE,上期所,CU,12,12,6,0
20240123,XSGE,上期所,FU,12,12,10,0
20240123,XSGE,上期所,HC,12,12,4,0
20240123,XSGE,上期所,NI,12,12,4,0
20240123,XSGE,上期所,PB,12,12,3,0
20240123,XSGE,上期所,RB,12,12,11,0
20240123,XSGE,上期所,RU,10,10,3,0
20240123,XSGE,上期所,SN,12,12,2,0
20240123,XSGE,上期所,SP,12,12,4,0
20240123,XSGE,上期所,SS,12,12,4,0
20240123,XSGE,上期所,ZN,12,12,4,0
20240123,XSIE,能源中心,BC,12,12,1,0
20240123,XSIE,能源中心,LU,12,12,3,0
20240123,XSIE,能源中心,NR,12,12,3,0
20240123,XSIE,能源中心,SC,20,20,3,0
20240124,XDCE,大商所,A,6,6,2,0
20240124,XDCE,大商所,B,12,12,3,0
20240124,XDCE,大商所,C,6,6,4,0
20240124,XDCE,大商所,CS,6,6,2,0
20240124,XDCE,大商所,EB,12,12,4,0
20240124,XDCE,大商所,EG,12,12,3,0
20240124,XDCE,大商所,I,12,12,9,0
20240124,XDCE,大商所,J,12,12,1,0
20240124,XDCE,大商所,JM,12,12,1,0
20240124,XDCE,大商所,L,12,12,3,0
20240124,XDCE,大商所,M,8,8,7,0
20240124,XDCE,大商所,P,12,12,4,0
20240124,XDCE,大商所,PG,12,12,3,0
20240124,XDCE,大商所,PP,12,12,4,0
20240124,XDCE,大商所,RR,12,12,1,0
20240124,XDCE,大商所,V,12,12,5,0
20240124,XDCE,大商所,Y,8,8,5,0
20240124,XSGE,上期所,AG,12,12,7,0
20240124,XSGE,上期所,AL,12,12,4,0
20240124,XSGE,上期所,AO,12,12,3,0
20240124,XSGE,上期所,AU,8,8,4,0
20240124,XSGE,上期所,BR,12,12,3,0
20240124,XSGE,上期所,BU,16,16,4,0
20240124,XSGE,上期所,CU,12,12,3,0
20240124,XSGE,上期所,FU,12,12,11,0
20240124,XSGE,上期所,HC,12,12,3,0
20240124,XSGE,上期所,NI,12,12,4,0
20240124,XSGE,上期所,PB,12,12,3,0
20240124,XSGE,上期所,RB,12,12,9,0
20240124,XSGE,上期所,RU,10,10,3,0
20240124,XSGE,上期所,SN,12,12,3,0
20240124,XSGE,上期所,SP,12,12,4,0
20240124,XSGE,上期所,SS,12,12,4,0
20240124,XSGE,上期所,ZN,12,12,4,0
20240124,XSIE,能源中心,BC,12,12,3,0
20240124,XSIE,能源中心,LU,12,12,3,0
20240124,XSIE,能源中心,NR,12,12,3,0
20240124,XSIE,能源中心,SC,20,20,4,0
20240125,XDCE,大商所,A,6,6,2,0
20240125,XDCE,大商所,B,12,12,3,0
20240125,XDCE,大商所,C,6,6,4,0
20240125,XDCE,大商所,CS,6,6,3,0
20240125,XDCE,大商所,EB,12,12,4,0
20240125,XDCE,大商所,EG,12,12,3,0
20240125,XDCE,大商所,I,12,12,10,0
20240125,XDCE,大商所,J,12,12,1,0
20240125,XDCE,大商所,JM,12,12,1,0
20240125,XDCE,大商所,L,12,12,2,0
20240125,XDCE,大商所,M,8,8,7,0
20240125,XDCE,大商所,P,12,12,3,0
20240125,XDCE,大商所,PG,12,12,5,0
20240125,XDCE,大商所,PP,12,12,2,0
20240125,XDCE,大商所,RR,12,12,1,0
20240125,XDCE,大商所,V,12,12,5,0
20240125,XDCE,大商所,Y,8,8,5,0
20240125,XSGE,上期所,AG,12,12,9,0
20240125,XSGE,上期所,AL,12,12,4,0
20240125,XSGE,上期所,AO,12,12,4,0
20240125,XSGE,上期所,AU,8,8,4,0
20240125,XSGE,上期所,BR,12,12,4,0
20240125,XSGE,上期所,BU,16,16,3,0
20240125,XSGE,上期所,CU,12,12,6,0
20240125,XSGE,上期所,FU,12,12,6,0
20240125,XSGE,上期所,HC,12,12,3,0
20240125,XSGE,上期所,NI,12,12,4,0
20240125,XSGE,上期所,PB,12,12,2,0
20240125,XSGE,上期所,RB,12,12,8,0
20240125,XSGE,上期所,RU,10,10,4,0
20240125,XSGE,上期所,SN,12,12,4,0
20240125,XSGE,上期所,SP,12,12,3,0
20240125,XSGE,上期所,SS,12,12,6,0
20240125,XSGE,上期所,ZN,12,12,4,0
20240125,XSIE,能源中心,BC,12,12,1,0
20240125,XSIE,能源中心,LU,12,12,3,0
20240125,XSIE,能源中心,NR,12,12,4,0
20240125,XSIE,能源中心,SC,20,20,2,0
20240126,XDCE,大商所,A,6,6,2,0
20240126,XDCE,大商所,B,12,12,3,0
20240126,XDCE,大商所,C,6,6,3,0
20240126,XDCE,大商所,CS,6,6,2,0
20240126,XDCE,大商所,EB,12,12,5,0
20240126,XDCE,大商所,EG,12,12,3,0
20240126,XDCE,大商所,I,12,12,8,0
20240126,XDCE,大商所,J,12,12,1,0
20240126,XDCE,大商所,JM,12,12,2,0
20240126,XDCE,大商所,L,12,12,2,0
20240126,XDCE,大商所,M,8,8,4,0
20240126,XDCE,大商所,P,12,12,3,0
20240126,XDCE,大商所,PG,12,12,4,0
20240126,XDCE,大商所,PP,12,12,3,0
20240126,XDCE,大商所,RR,12,12,1,0
20240126,XDCE,大商所,V,12,12,3,0
20240126,XDCE,大商所,Y,8,8,6,0
20240126,XSGE,上期所,AG,12,12,6,0
20240126,XSGE,上期所,AL,12,12,4,0
20240126,XSGE,上期所,AO,12,12,3,0
20240126,XSGE,上期所,AU,8,8,4,0
20240126,XSGE,上期所,BR,12,12,2,0
20240126,XSGE,上期所,BU,16,16,4,0
20240126,XSGE,上期所,CU,12,12,6,0
20240126,XSGE,上期所,FU,12,12,4,0
20240126,XSGE,上期所,HC,12,12,3,0
20240126,XSGE,上期所,NI,12,12,3,0
20240126,XSGE,上期所,PB,12,12,3,0
20240126,XSGE,上期所,RB,12,12,7,0
20240126,XSGE,上期所,RU,10,10,2,0
20240126,XSGE,上期所,SN,12,12,4,0
20240126,XSGE,上期所,SP,12,12,5,0
20240126,XSGE,上期所,SS,12,12,3,0
20240126,XSGE,上期所,ZN,12,12,4,0
20240126,XSIE,能源中心,BC,12,12,2,0
20240126,XSIE,能源中心,LU,12,12,3,0
20240126,XSIE,能源中心,NR,12,12,2,0
20240126,XSIE,能源中心,SC,20,20,3,0
20240129,XDCE,大商所,A,6,6,2,0
20240129,XDCE,大商所,B,12,12,4,0
20240129,XDCE,大商所,C,6,6,4,0
20240129,XDCE,大商所,CS,6,6,2,0
20240129,XDCE,大商所,EB,12,12,4,0
20240129,XDCE,大商所,EG,12,12,4,0
20240129,XDCE,大商所,I,12,12,9,0
20240129,XDCE,大商所,J,12,12,1,0
20240129,XDCE,大商所,JM,12,12,4,0
20240129,XDCE,大商所,L,12,12,2,0
20240129,XDCE,大商所,M,8,8,7,0
20240129,XDCE,大商所,P,12,12,3,0
20240129,XDCE,大商所,PG,12,12,3,0
20240129,XDCE,大商所,PP,12,12,2,0
20240129,XDCE,大商所,RR,12,12,0,0
20240129,XDCE,大商所,V,12,12,4,0
20240129,XDCE,大商所,Y,8,8,4,0
20240129,XSGE,上期所,AG,12,12,4,0
20240129,XSGE,上期所,AL,12,12,4,0
20240129,XSGE,上期所,AO,12,12,2,0
20240129,XSGE,上期所,AU,8,8,4,0
20240129,XSGE,上期所,BR,12,12,4,0
20240129,XSGE,上期所,BU,16,16,4,0
20240129,XSGE,上期所,CU,12,12,5,0
20240129,XSGE,上期所,FU,12,12,7,0
20240129,XSGE,上期所,HC,12,12,4,0
20240129,XSGE,上期所,NI,12,12,4,0
20240129,XSGE,上期所,PB,12,12,3,0
20240129,XSGE,上期所,RB,12,12,10,0
20240129,XSGE,上期所,RU,10,10,4,0
20240129,XSGE,上期所,SN,12,12,3,0
20240129,XSGE,上期所,SP,12,12,4,0
20240129,XSGE,上期所,SS,12,12,3,0
20240129,XSGE,上期所,ZN,12,12,5,0
20240129,XSIE,能源中心,BC,12,12,1,0
20240129,XSIE,能源中心,LU,12,12,3,0
20240129,XSIE,能源中心,NR,12,12,2,0
20240129,XSIE,能源中心,SC,20,20,4,0
20240130,XDCE,大商所,A,6,6,4,0
20240130,XDCE,大商所,B,12,12,3,0
20240130,XDCE,大商所,C,6,6,5,0
20240130,XDCE,大商所,CS,6,6,4,0
20240130,XDCE,大商所,EB,12,12,4,0
20240130,XDCE,大商所,EG,12,12,4,0
20240130,XDCE,大商所,I,12,12,9,0
20240130,XDCE,大商所,J,12,12,1,0
20240130,XDCE,大商所,JM,12,12,1,0
20240130,XDCE,大商所,L,12,12,2,0
20240130,XDCE,大商所,M,8,8,4,0
20240130,XDCE,大商所,P,12,12,4,0
20240130,XDCE,大商所,PG,12,12,5,0
20240130,XDCE,大商所,PP,12,12,3,0
20240130,XDCE,大商所,RR,12,12,1,0
20240130,XDCE,大商所,V,12,12,3,0
20240130,XDCE,大商所,Y,8,8,4,0
20240130,XSGE,上期所,AG,12,12,7,0
20240130,XSGE,上期所,AL,12,12,4,0
20240130,XSGE,上期所,AO,12,12,4,0
20240130,XSGE,上期所,AU,8,8,4,0
20240130,XSGE,上期所,BR,12,12,3,0
20240130,XSGE,上期所,BU,16,16,4,0
20240130,XSGE,上期所,CU,12,12,4,0
20240130,XSGE,上期所,FU,12,12,7,0
20240130,XSGE,上期所,HC,12,12,4,0
20240130,XSGE,上期所,NI,12,12,4,0
20240130,XSGE,上期所,PB,12,12,3,0
20240130,XSGE,上期所,RB,12,12,9,0
20240130,XSGE,上期所,RU,10,10,3,0
20240130,XSGE,上期所,SN,12,12,2,0
20240130,XSGE,上期所,SP,12,12,5,0
20240130,XSGE,上期所,SS,12,12,3,0
20240130,XSGE,上期所,ZN,12,12,4,0
20240130,XSIE,能源中心,BC,12,12,3,0
20240130,XSIE,能源中心,LU,12,12,3,0
20240130,XSIE,能源中心,NR,12,12,3,0
20240130,XSIE,能源中心,SC,20,20,2,0
20240131,XDCE,大商所,A,6,6,2,0
20240131,XDCE,大商所,B,12,12,3,0
20240131,XDCE,大商所,C,6,6,4,0
20240131,XDCE,大商所,CS,6,6,3,0
20240131,XDCE,大商所,EB,12,12,5,0
20240131,XDCE,大商所,EG,12,12,3,0
20240131,XDCE,大商所,I,12,12,8,0
20240131,XDCE,大商所,J,12,12,3,0
20240131,XDCE,大商所,JM,12,12,2,0
20240131,XDCE,大商所,L,12,12,3,0
20240131,XDCE,大商所,M,8,8,6,0
20240131,XDCE,大商所,P,12,12,4,0
20240131,XDCE,大商所,PG,12,12,4,0
20240131,XDCE,大商所,PP,12,12,5,0
20240131,XDCE,大商所,RR,12,12,0,0
20240131,XDCE,大商所,V,12,12,4,0
20240131,XDCE,大商所,Y,8,8,3,0
20240131,XSGE,上期所,AG,12,12,8,0
20240131,XSGE,上期所,AL,12,12,5,0
20240131,XSGE,上期所,AO,12,12,3,0
20240131,XSGE,上期所,AU,8,8,5,0
20240131,XSGE,上期所,BR,12,12,2,0
20240131,XSGE,上期所,BU,16,16,5,0
20240131,XSGE,上期所,CU,12,12,3,0
20240131,XSGE,上期所,FU,12,12,9,0
20240131,XSGE,上期所,HC,12,12,4,0
20240131,XSGE,上期所,NI,12,12,4,0
20240131,XSGE,上期所,PB,12,12,2,0
20240131,XSGE,上期所,RB,12,12,7,0
20240131,XSGE,上期所,RU,10,10,3,0
20240131,XSGE,上期所,SN,12,12,3,0
20240131,XSGE,上期所,SP,12,12,2,0
20240131,XSGE,上期所,SS,12,12,5,0
20240131,XSGE,上期所,ZN,12,12,4,0
20240131,XSIE,能源中心,BC,12,12,1,0
20240131,XSIE,能源中心,LU,12,12,3,0
20240131,XSIE,能源中心,NR,12,12,2,0
20240131,XSIE,能源中心,SC,20,20,4,0
20240201,XDCE,大商所,A,6,6,2,0
20240201,XDCE,大商所,B,12,12,2,0
20240201,XDCE,大商所,C,6,6,4,0
20240201,XDCE,大商所,CS,6,6,4,0
20240201,XDCE,大商所,EB,12,12,4,0
20240201,XDCE,大商所,EG,12,12,3,0
20240201,XDCE,大商所,I,12,12,8,0
20240201,XDCE,大商所,J,12,12,1,0
20240201,XDCE,大商所,JM,12,12,1,0
20240201,XDCE,大商所,L,12,12,3,0
20240201,XDCE,大商所,M,8,8,4,0
20240201,XDCE,大商所,P,12,12,4,0
20240201,XDCE,大商所,PG,12,12,4,0
20240201,XDCE,大商所,PP,12,12,5,0
20240201,XDCE,大商所,RR,12,12,1,0
20240201,XDCE,大商所,V,12,12,5,0
20240201,XDCE,大商所,Y,8,8,3,0
20240201,XSGE,上期所,AG,12,12,8,0
20240201,XSGE,上期所,AL,12,12,2,0
20240201,XSGE,上期所,AO,12,12,3,0
20240201,XSGE,上期所,AU,8,8,3,0
20240201,XSGE,上期所,BR,12,12,3,0
20240201,XSGE,上期所,BU,16,16,4,0
20240201,XSGE,上期所,CU,12,12,4,0
20240201,XSGE,上期所,FU,12,12,11,0
20240201,XSGE,上期所,HC,12,12,4,0
20240201,XSGE,上期所,NI,12,12,3,0
20240201,XSGE,上期所,PB,12,12,2,0
20240201,XSGE,上期所,RB,12,12,7,0
20240201,XSGE,上期所,RU,10,10,2,0
20240201,XSGE,上期所,SN,12,12,2,0
20240201,XSGE,上期所,SP,12,12,1,0
20240201,XSGE,上期所,SS,12,12,4,0
20240201,XSGE,上期所,ZN,12,12,2,0
20240201,XSIE,能源中心,BC,12,12,2,0
20240201,XSIE,能源中心,LU,12,12,4,0
20240201,XSIE,能源中心,NR,12,12,2,0
20240201,XSIE,能源中心,SC,20,20,3,0
20240202,XDCE,大商所,A,6,6,2,0
20240202,XDCE,大商所,B,12,12,2,0
20240202,XDCE,大商所,C,6,6,4,0
20240202,XDCE,大商所,CS,6,6,3,0
20240202,XDCE,大商所,EB,12,12,4,0
20240202,XDCE,大商所,EG,12,12,5,0
20240202,XDCE,大商所,I,12,12,6,0
20240202,XDCE,大商所,J,12,12,2,0
20240202,XDCE,大商所,JM,12,12,1,0
20240202,XDCE,大商所,L,12,12,2,0
20240202,XDCE,大商所,M,8,8,7,0
20240202,XDCE,大商所,P,12,12,3,0
20240202,XDCE,大商所,PG,12,12,3,0
20240202,XDCE,大商所,PP,12,12,3,0
20240202,XDCE,大商所,RR,12,12,1,0
20240202,XDCE,大商所,V,12,12,4,0
20240202,XDCE,大商所,Y,8,8,5,0
20240202,XSGE,上期所,AG,12,12,11,0
20240202,XSGE,上期所,AL,12,12,2,0
20240202,XSGE,上期所,AO,12,11,3,0
20240202,XSGE,上期所,AU,8,8,4,0
20240202,XSGE,上期所,BR,12,12,2,0
20240202,XSGE,上期所,BU,16,16,5,0
20240202,XSGE,上期所,CU,12,12,4,0
20240202,XSGE,上期所,FU,12,12,7,0
20240202,XSGE,上期所,HC,12,12,2,0
20240202,XSGE,上期所,NI,12,12,4,0
20240202,XSGE,上期所,PB,12,12,2,0
20240202,XSGE,上期所,RB,12,12,7,0
20240202,XSGE,上期所,RU,10,10,2,0
20240202,XSGE,上期所,SN,12,12,2,0
20240202,XSGE,上期所,SP,12,12,3,0
20240202,XSGE,上期所,SS,12,12,4,0
20240202,XSGE,上期所,ZN,12,12,3,0
20240202,XSIE,能源中心,BC,12,12,2,0
20240202,XSIE,能源中心,LU,12,12,6,0
20240202,XSIE,能源中心,NR,12,12,4,0
20240202,XSIE,能源中心,SC,20,20,3,0
20240205,XDCE,大商所,A,6,6,2,0
20240205,XDCE,大商所,B,12,12,3,0
20240205,XDCE,大商所,C,6,6,3,0
20240205,XDCE,大商所,CS,6,6,3,0
20240205,XDCE,大商所,EB,12,12,3,0
20240205,XDCE,大商所,EG,12,12,4,0
20240205,XDCE,大商所,I,12,12,8,0
20240205,XDCE,大商所,J,12,12,1,0
20240205,XDCE,大商所,JM,12,12,2,0
20240205,XDCE,大商所,L,12,12,2,0
20240205,XDCE,大商所,M,8,8,6,0
20240205,XDCE,大商所,P,12,12,3,0
20240205,XDCE,大商所,PG,12,12,3,0
20240205,XDCE,大商所,PP,12,12,4,0
20240205,XDCE,大商所,RR,12,12,1,0
20240205,XDCE,大商所,V,12,12,4,0
20240205,XDCE,大商所,Y,8,8,5,0
20240205,XSGE,上期所,AG,12,12,5,0
20240205,XSGE,上期所,AL,12,12,3,0
20240205,XSGE,上期所,AO,12,12,3,0
20240205,XSGE,上期所,AU,8,8,3,0
20240205,XSGE,上期所,BR,12,12,1,0
20240205,XSGE,上期所,BU,16,16,2,0
20240205,XSGE,上期所,CU,12,12,3,0
20240205,XSGE,上期所,FU,12,12,8,0
20240205,XSGE,上期所,HC,12,12,3,0
20240205,XSGE,上期所,NI,12,12,3,0
20240205,XSGE,上期所,PB,12,12,2,0
20240205,XSGE,上期所,RB,12,12,5,0
20240205,XSGE,上期所,RU,10,10,2,0
20240205,XSGE,上期所,SN,12,12,3,0
20240205,XSGE,上期所,SP,12,12,3,0
20240205,XSGE,上期所,SS,12,12,4,0
20240205,XSGE,上期所,ZN,12,12,3,0
20240205,XSIE,能源中心,BC,12,12,2,0
20240205,XSIE,能源中心,LU,12,12,4,0
20240205,XSIE,能源中心,NR,12,12,3,0
20240205,XSIE,能源中心,SC,20,20,3,0
20240206,XDCE,大商所,A,6,6,2,0
20240206,XDCE,大商所,B,12,12,3,0
20240206,XDCE,大商所,C,6,6,3,0
20240206,XDCE,大商所,CS,6,6,2,0
20240206,XDCE,大商所,EB,12,12,3,0
20240206,XDCE,大商所,EG,12,12,5,0
20240206,XDCE,大商所,I,12,12,8,0
20240206,XDCE,大商所,J,12,12,1,0
20240206,XDCE,大商所,JM,12,12,2,0
20240206,XDCE,大商所,L,12,12,2,0
20240206,XDCE,大商所,M,8,8,7,0
20240206,XDCE,大商所,P,12,12,3,0
20240206,XDCE,大商所,PG,12,12,4,0
20240206,XDCE,大商所,PP,12,12,3,0
20240206,XDCE,大商所,RR,12,12,1,0
20240206,XDCE,大商所,V,12,12,5,0
20240206,XDCE,大商所,Y,8,8,3,0
20240206,XSGE,上期所,AG,12,12,9,0
20240206,XSGE,上期所,AL,12,12,3,0
20240206,XSGE,上期所,AO,12,12,3,0
20240206,XSGE,上期所,AU,8,8,4,0
20240206,XSGE,上期所,BR,12,12,3,0
20240206,XSGE,上期所,BU,16,16,3,0
20240206,XSGE,上期所,CU,12,12,4,0
20240206,XSGE,上期所,FU,12,12,5,0
20240206,XSGE,上期所,HC,12,12,3,0
20240206,XSGE,上期所,NI,12,12,3,0
20240206,XSGE,上期所,PB,12,12,2,0
20240206,XSGE,上期所,RB,12,12,6,0
20240206,XSGE,上期所,RU,10,10,2,0
20240206,XSGE,上期所,SN,12,12,3,0
20240206,XSGE,上期所,SP,12,12,3,0
20240206,XSGE,上期所,SS,12,12,3,0
20240206,XSGE,上期所,ZN,12,12,3,0
20240206,XSIE,能源中心,BC,12,12,2,0
20240206,XSIE,能源中心,LU,12,12,4,0
20240206,XSIE,能源中心,NR,12,12,4,0
20240206,XSIE,能源中心,SC,20,20,3,0
20240207,XDCE,大商所,A,6,6,3,0
20240207,XDCE,大商所,B,12,12,3,0
20240207,XDCE,大商所,C,6,6,5,0
20240207,XDCE,大商所,CS,6,6,2,0
20240207,XDCE,大商所,EB,12,12,5,0
20240207,XDCE,大商所,EG,12,12,3,0
20240207,XDCE,大商所,I,12,12,4,0
20240207,XDCE,大商所,J,12,12,1,0
20240207,XDCE,大商所,JM,12,12,1,0
20240207,XDCE,大商所,L,12,12,4,0
20240207,XDCE,大商所,M,8,8,6,0
20240207,XDCE,大商所,P,12,12,4,0
20240207,XDCE,大商所,PG,12,12,6,0
20240207,XDCE,大商所,PP,12,12,3,0
20240207,XDCE,大商所,RR,12,12,1,0
20240207,XDCE,大商所,V,12,12,3,0
20240207,XDCE,大商所,Y,8,8,5,0
20240207,XSGE,上期所,AG,12,12,6,0
20240207,XSGE,上期所,AL,12,12,4,0
20240207,XSGE,上期所,AO,12,11,2,0
20240207,XSGE,上期所,AU,8,8,3,0
20240207,XSGE,上期所,BR,12,12,2,0
20240207,XSGE,上期所,BU,16,16,4,0
20240207,XSGE,上期所,CU,12,12,3,0
20240207,XSGE,上期所,FU,12,12,7,0
20240207,XSGE,上期所,HC,12,12,11,0
20240207,XSGE,上期所,NI,12,12,3,0
20240207,XSGE,上期所,PB,12,12,2,0
20240207,XSGE,上期所,RB,12,12,4,0
20240207,XSGE,上期所,RU,10,10,2,0
20240207,XSGE,上期所,SN,12,12,3,0
20240207,XSGE,上期所,SP,12,12,5,0
20240207,XSGE,上期所,SS,12,12,3,0
20240207,XSGE,上期所,ZN,12,12,3,0
20240207,XSIE,能源中心,BC,12,12,2,0
20240207,XSIE,能源中心,LU,12,12,2,0
20240207,XSIE,能源中心,NR,12,12,4,0
20240207,XSIE,能源中心,SC,20,20,3,0
20240208,XDCE,大商所,A,6,6,2,0
20240208,XDCE,大商所,B,12,12,3,0
20240208,XDCE,大商所,C,6,6,4,0
20240208,XDCE,大商所,CS,6,6,3,0
20240208,XDCE,大商所,EB,12,12,3,0
20240208,XDCE,大商所,EG,12,12,5,0
20240208,XDCE,大商所,I,12,12,9,0
20240208,XDCE,大商所,J,12,12,1,0
20240208,XDCE,大商所,JM,12,12,2,0
20240208,XDCE,大商所,L,12,12,2,0
20240208,XDCE,大商所,M,8,8,7,0
20240208,XDCE,大商所,P,12,12,3,0
20240208,XDCE,大商所,PG,12,12,3,0
20240208,XDCE,大商所,PP,12,12,3,0
20240208,XDCE,大商所,RR,12,12,2,0
20240208,XDCE,大商所,V,12,12,4,0
20240208,XDCE,大商所,Y,8,8,3,0
20240208,XSGE,上期所,AG,12,12,5,0
20240208,XSGE,上期所,AL,12,12,4,0
20240208,XSGE,上期所,AO,12,11,2,0
20240208,XSGE,上期所,AU,8,8,3,0
20240208,XSGE,上期所,BR,12,12,2,0
20240208,XSGE,上期所,BU,16,16,5,0
20240208,XSGE,上期所,CU,12,12,3,0
20240208,XSGE,上期所,FU,12,12,6,0
20240208,XSGE,上期所,HC,12,12,3,0
20240208,XSGE,上期所,NI,12,12,3,0
20240208,XSGE,上期所,PB,12,12,3,0
20240208,XSGE,上期所,RB,12,12,3,0
20240208,XSGE,上期所,RU,10,10,2,0
20240208,XSGE,上期所,SN,12,12,3,0
20240208,XSGE,上期所,SP,12,12,1,0
20240208,XSGE,上期所,SS,12,12,4,0
20240208,XSGE,上期所,ZN,12,12,4,0
20240208,XSIE,能源中心,BC,12,12,2,0
20240208,XSIE,能源中心,LU,12,12,2,0
20240208,XSIE,能源中心,NR,12,12,2,0
20240208,XSIE,能源中心,SC,20,20,3,0
20240220,XDCE,大商所,A,6,6,4,0
20240220,XDCE,大商所,B,12,12,2,0
20240220,XDCE,大商所,C,6,6,4,0
20240220,XDCE,大商所,CS,6,6,3,0
20240220,XDCE,大商所,EB,12,12,4,0
20240220,XDCE,大商所,EG,12,12,4,0
20240220,XDCE,大商所,I,12,12,6,0
20240220,XDCE,大商所,J,12,12,1,0
20240220,XDCE,大商所,JM,12,12,3,0
20240220,XDCE,大商所,L,12,12,2,0
20240220,XDCE,大商所,M,8,8,8,0
20240220,XDCE,大商所,P,12,12,4,0
20240220,XDCE,大商所,PG,12,12,3,0
20240220,XDCE,大商所,PP,12,12,3,0
20240220,XDCE,大商所,RR,12,12,2,0
20240220,XDCE,大商所,V,12,12,4,0
20240220,XDCE,大商所,Y,8,8,5,0
20240220,XSGE,上期所,AG,12,12,8,0
20240220,XSGE,上期所,AL,12,12,4,0
20240220,XSGE,上期所,AO,12,12,2,0
20240220,XSGE,上期所,AU,8,8,4,0
20240220,XSGE,上期所,BR,12,12,3,0
20240220,XSGE,上期所,BU,16,16,3,0
20240220,XSGE,上期所,CU,12,12,4,0
20240220,XSGE,上期所,FU,12,12,9,0
20240220,XSGE,上期所,HC,12,12,4,0
20240220,XSGE,上期所,NI,12,12,4,0
20240220,XSGE,上期所,PB,12,12,2,0
20240220,XSGE,上期所,RB,12,12,5,0
20240220,XSGE,上期所,RU,10,10,5,0
20240220,XSGE,上期所,SN,12,12,3,0
20240220,XSGE,上期所,SP,12,12,3,0
20240220,XSGE,上期所,SS,12,12,4,0
20240220,XSGE,上期所,ZN,12,12,3,0
20240220,XSIE,能源中心,BC,12,12,2,0
20240220,XSIE,能源中心,LU,12,12,6,0
20240220,XSIE,能源中心,NR,12,12,4,0
20240220,XSIE,能源中心,SC,20,20,4,0
20240221,XDCE,大商所,A,6,6,2,0
20240221,XDCE,大商所,B,12,12,2,0
20240221,XDCE,大商所,C,6,6,4,0
20240221,XDCE,大商所,CS,6,6,3,0
20240221,XDCE,大商所,EB,12,12,4,0
20240221,XDCE,大商所,EG,12,12,4,0
20240221,XDCE,大商所,I,12,12,7,0
20240221,XDCE,大商所,J,12,12,1,0
20240221,XDCE,大商所,JM,12,12,2,0
20240221,XDCE,大商所,L,12,12,2,0
20240221,XDCE,大商所,M,8,8,6,0
20240221,XDCE,大商所,P,12,12,4,0
20240221,XDCE,大商所,PG,12,12,3,0
20240221,XDCE,大商所,PP,12,12,3,0
20240221,XDCE,大商所,RR,12,12,0,0
20240221,XDCE,大商所,V,12,12,3,0
20240221,XDCE,大商所,Y,8,8,3,0
20240221,XSGE,上期所,AG,12,12,9,0
20240221,XSGE,上期所,AL,12,12,4,0
20240221,XSGE,上期所,AO,12,12,3,0
20240221,XSGE,上期所,AU,8,8,4,0
20240221,XSGE,上期所,BR,12,12,2,0
20240221,XSGE,上期所,BU,16,16,4,0
20240221,XSGE,上期所,CU,12,12,5,0
20240221,XSGE,上期所,FU,12,12,12,0
20240221,XSGE,上期所,HC,12,12,4,0
20240221,XSGE,上期所,NI,12,12,3,0
20240221,XSGE,上期所,PB,12,12,2,0
20240221,XSGE,上期所,RB,12,12,7,0
20240221,XSGE,上期所,RU,10,10,2,0
20240221,XSGE,上期所,SN,12,12,2,0
20240221,XSGE,上期所,SP,12,12,2,0
20240221,XSGE,上期所,SS,12,12,5,0
20240221,XSGE,上期所,ZN,12,12,4,0
20240221,XSIE,能源中心,BC,12,12,1,0
20240221,XSIE,能源中心,LU,12,12,5,0
20240221,XSIE,能源中心,NR,12,12,2,0
20240221,XSIE,能源中心,SC,20,20,4,0
20240222,XDCE,大商所,A,6,6,2,0
20240222,XDCE,大商所,B,12,12,3,0
20240222,XDCE,大商所,C,6,6,5,0
20240222,XDCE,大商所,CS,6,6,2,0
20240222,XDCE,大商所,EB,12,12,3,0
20240222,XDCE,大商所,EG,12,12,3,0
20240222,XDCE,大商所,I,12,12,6,0
20240222,XDCE,大商所,J,12,12,1,0
20240222,XDCE,大商所,JM,12,12,2,0
20240222,XDCE,大商所,L,12,12,2,0
20240222,XDCE,大商所,M,8,8,6,0
20240222,XDCE,大商所,P,12,12,3,0
20240222,XDCE,大商所,PG,12,12,3,0
20240222,XDCE,大商所,PP,12,12,2,0
20240222,XDCE,大商所,RR,12,12,2,0
20240222,XDCE,大商所,V,12,12,3,0
20240222,XDCE,大商所,Y,8,8,3,0
20240222,XSGE,上期所,AG,12,12,5,0
20240222,XSGE,上期所,AL,12,12,4,0
20240222,XSGE,上期所,AO,12,12,3,0
20240222,XSGE,上期所,AU,8,8,4,0
20240222,XSGE,上期所,BR,12,12,2,0
20240222,XSGE,上期所,BU,16,16,5,0
20240222,XSGE,上期所,CU,12,12,5,0
20240222,XSGE,上期所,FU,12,12,7,0
20240222,XSGE,上期所,HC,12,12,6,0
20240222,XSGE,上期所,NI,12,12,5,0
20240222,XSGE,上期所,PB,12,12,2,0
20240222,XSGE,上期所,RB,12,12,7,0
20240222,XSGE,上期所,RU,10,10,2,0
20240222,XSGE,上期所,SN,12,12,2,0
20240222,XSGE,上期所,SP,12,12,2,0
20240222,XSGE,上期所,SS,12,12,4,0
20240222,XSGE,上期所,ZN,12,12,3,0
20240222,XSIE,能源中心,BC,12,12,2,0
20240222,XSIE,能源中心,LU,12,12,3,0
20240222,XSIE,能源中心,NR,12,12,2,0
20240222,XSIE,能源中心,SC,20,20,3,0
20240223,XDCE,大商所,A,6,6,3,0
20240223,XDCE,大商所,B,12,12,2,0
20240223,XDCE,大商所,C,6,6,5,0
20240223,XDCE,大商所,CS,6,6,4,0
20240223,XDCE,大商所,EB,12,12,3,0
20240223,XDCE,大商所,EG,12,12,4,0
20240223,XDCE,大商所,I,12,12,6,0
20240223,XDCE,大商所,J,12,12,2,0
20240223,XDCE,大商所,JM,12,12,3,0
20240223,XDCE,大商所,L,12,12,3,0
20240223,XDCE,大商所,M,8,8,6,0
20240223,XDCE,大商所,P,12,12,2,0
20240223,XDCE,大商所,PG,12,12,3,0
20240223,XDCE,大商所,PP,12,12,2,0
20240223,XDCE,大商所,RR,12,12,3,0
20240223,XDCE,大商所,V,12,12,6,0
20240223,XDCE,大商所,Y,8,8,5,0
20240223,XSGE,上期所,AG,12,12,6,0
20240223,XSGE,上期所,AL,12,12,4,0
20240223,XSGE,上期所,AO,12,12,3,0
20240223,XSGE,上期所,AU,8,8,3,0
20240223,XSGE,上期所,BR,12,12,3,0
20240223,XSGE,上期所,BU,16,16,4,0
20240223,XSGE,上期所,CU,12,12,4,0
20240223,XSGE,上期所,FU,12,12,9,0
20240223,XSGE,上期所,HC,12,12,2,0
20240223,XSGE,上期所,NI,12,12,7,0
20240223,XSGE,上期所,PB,12,12,3,0
20240223,XSGE,上期所,RB,12,12,9,0
20240223,XSGE,上期所,RU,10,10,3,0
20240223,XSGE,上期所,SN,12,12,3,0
20240223,XSGE,上期所,SP,12,12,2,0
20240223,XSGE,上期所,SS,12,12,6,0
20240223,XSGE,上期所,ZN,12,12,3,0
20240223,XSIE,能源中心,BC,12,12,2,0
20240223,XSIE,能源中心,LU,12,12,3,0
20240223,XSIE,能源中心,NR,12,12,3,0
20240223,XSIE,能源中心,SC,20,20,2,0
20240226,XDCE,大商所,A,6,6,3,0
20240226,XDCE,大商所,B,12,12,3,0
20240226,XDCE,大商所,C,6,6,4,0
20240226,XDCE,大商所,CS,6,6,2,0
20240226,XDCE,大商所,EB,12,12,4,0
20240226,XDCE,大商所,EG,12,12,3,0
20240226,XDCE,大商所,I,12,12,5,0
20240226,XDCE,大商所,J,12,12,3,0
20240226,XDCE,大商所,JM,12,12,1,0
20240226,XDCE,大商所,L,12,12,2,0
20240226,XDCE,大商所,M,8,8,5,0
20240226,XDCE,大商所,P,12,12,3,0
20240226,XDCE,大商所,PG,12,12,3,0
20240226,XDCE,大商所,PP,12,12,3,0
20240226,XDCE,大商所,RR,12,12,0,0
20240226,XDCE,大商所,V,12,12,4,0
20240226,XDCE,大商所,Y,8,8,4,0
20240226,XSGE,上期所,AG,12,12,7,0
20240226,XSGE,上期所,AL,12,12,4,0
20240226,XSGE,上期所,AO,12,12,3,0
20240226,XSGE,上期所,AU,8,8,3,0
20240226,XSGE,上期所,BR,12,12,3,0
20240226,XSGE,上期所,BU,16,16,4,0
20240226,XSGE,上期所,CU,12,12,4,0
20240226,XSGE,上期所,FU,12,12,11,0
20240226,XSGE,上期所,HC,12,12,2,0
20240226,XSGE,上期所,NI,12,12,5,0
20240226,XSGE,上期所,PB,12,12,3,0
20240226,XSGE,上期所,RB,12,12,9,0
20240226,XSGE,上期所,RU,10,10,3,0
20240226,XSGE,上期所,SN,12,12,3,0
20240226,XSGE,上期所,SP,12,12,3,0
20240226,XSGE,上期所,SS,12,12,5,0
20240226,XSGE,上期所,ZN,12,12,3,0
20240226,XSIE,能源中心,BC,12,12,1,0
20240226,XSIE,能源中心,LU,12,12,3,0
20240226,XSIE,能源中心,NR,12,12,2,0
20240226,XSIE,能源中心,SC,20,20,3,0
20240227,XDCE,大商所,A,6,6,3,0
20240227,XDCE,大商所,B,12,12,2,0
20240227,XDCE,大商所,C,6,6,5,0
20240227,XDCE,大商所,CS,6,6,4,0
20240227,XDCE,大商所,EB,12,12,3,0
20240227,XDCE,大商所,EG,12,12,4,0
20240227,XDCE,大商所,I,12,12,5,0
20240227,XDCE,大商所,J,12,12,3,0
20240227,XDCE,大商所,JM,12,12,2,0
20240227,XDCE,大商所,L,12,12,3,0
20240227,XDCE,大商所,M,8,8,6,0
20240227,XDCE,大商所,P,12,12,4,0
20240227,XDCE,大商所,PG,12,12,3,0
20240227,XDCE,大商所,PP,12,12,4,0
20240227,XDCE,大商所,RR,12,12,0,0
20240227,XDCE,大商所,V,12,12,3,0
20240227,XDCE,大商所,Y,8,8,5,0
20240227,XSGE,上期所,AG,12,12,10,0
20240227,XSGE,上期所,AL,12,12,3,0
20240227,XSGE,上期所,AO,12,12,3,0
20240227,XSGE,上期所,AU,8,8,3,0
20240227,XSGE,上期所,BR,12,12,2,0
20240227,XSGE,上期所,BU,16,16,3,0
20240227,XSGE,上期所,CU,12,12,7,0
20240227,XSGE,上期所,FU,12,12,10,0
20240227,XSGE,上期所,HC,12,12,4,0
20240227,XSGE,上期所,NI,12,12,3,0
20240227,XSGE,上期所,PB,12,12,3,0
20240227,XSGE,上期所,RB,12,12,7,0
20240227,XSGE,上期所,RU,10,10,5,0
20240227,XSGE,上期所,SN,12,12,3,0
20240227,XSGE,上期所,SP,12,12,3,0
20240227,XSGE,上期所,SS,12,12,4,0
20240227,XSGE,上期所,ZN,12,12,3,0
20240227,XSIE,能源中心,BC,12,12,2,0
20240227,XSIE,能源中心,LU,12,12,3,0
20240227,XSIE,能源中心,NR,12,12,2,0
20240227,XSIE,能源中心,SC,20,20,3,0
20240228,XDCE,大商所,A,6,6,5,0
20240228,XDCE,大商所,B,12,12,4,0
20240228,XDCE,大商所,C,6,6,4,0
20240228,XDCE,大商所,CS,6,6,3,0
20240228,XDCE,大商所,EB,12,12,3,0
20240228,XDCE,大商所,EG,12,12,3,0
20240228,XDCE,大商所,I,12,12,7,0
20240228,XDCE,大商所,J,12,12,2,0
20240228,XDCE,大商所,JM,12,12,2,0
20240228,XDCE,大商所,L,12,12,2,0
20240228,XDCE,大商所,M,8,8,6,0
20240228,XDCE,大商所,P,12,12,4,0
20240228,XDCE,大商所,PG,12,12,4,0
20240228,XDCE,大商所,PP,12,12,3,0
20240228,XDCE,大商所,RR,12,12,2,0
20240228,XDCE,大商所,V,12,12,5,0
20240228,XDCE,大商所,Y,8,8,3,0
20240228,XSGE,上期所,AG,12,12,6,0
20240228,XSGE,上期所,AL,12,12,3,0
20240228,XSGE,上期所,AO,12,12,2,0
20240228,XSGE,上期所,AU,8,8,5,0
20240228,XSGE,上期所,BR,12,12,3,0
20240228,XSGE,上期所,BU,16,16,4,0
20240228,XSGE,上期所,CU,12,12,5,0
20240228,XSGE,上期所,FU,12,12,11,0
20240228,XSGE,上期所,HC,12,12,3,0
20240228,XSGE,上期所,NI,12,12,5,0
20240228,XSGE,上期所,PB,12,12,3,0
20240228,XSGE,上期所,RB,12,12,7,0
20240228,XSGE,上期所,RU,10,10,4,0
20240228,XSGE,上期所,SN,12,12,3,0
20240228,XSGE,上期所,SP,12,12,3,0
20240228,XSGE,上期所,SS,12,12,6,0
20240228,XSGE,上期所,ZN,12,12,3,0
20240228,XSIE,能源中心,BC,12,12,1,0
20240228,XSIE,能源中心,LU,12,12,3,0
20240228,XSIE,能源中心,NR,12,12,3,0
20240228,XSIE,能源中心,SC,20,20,3,0
20240229,XDCE,大商所,A,6,6,4,0
20240229,XDCE,大商所,B,12,12,3,0
20240229,XDCE,大商所,C,6,6,3,0
20240229,XDCE,大商所,CS,6,6,5,0
20240229,XDCE,大商所,EB,12,12,4,0
20240229,XDCE,大商所,EG,12,12,3,0
20240229,XDCE,大商所,I,12,12,7,0
20240229,XDCE,大商所,J,12,12,1,0
20240229,XDCE,大商所,JM,12,12,2,0
20240229,XDCE,大商所,L,12,12,2,0
20240229,XDCE,大商所,M,8,8,6,0
20240229,XDCE,大商所,P,12,12,3,0
20240229,XDCE,大商所,PG,12,12,3,0
20240229,XDCE,大商所,PP,12,12,3,0
20240229,XDCE,大商所,RR,12,12,0,0
20240229,XDCE,大商所,V,12,12,3,0
20240229,XDCE,大商所,Y,8,8,3,0
20240229,XSGE,上期所,AG,12,12,6,0
20240229,XSGE,上期所,AL,12,12,4,0
20240229,XSGE,上期所,AO,12,12,3,0
20240229,XSGE,上期所,AU,8,8,3,0
20240229,XSGE,上期所,BR,12,12,3,0
20240229,XSGE,上期所,BU,16,16,4,0
20240229,XSGE,上期所,CU,12,12,6,0
20240229,XSGE,上期所,FU,12,12,10,0
20240229,XSGE,上期所,HC,12,12,3,0
20240229,XSGE,上期所,NI,12,12,4,0
20240229,XSGE,上期所,PB,12,12,3,0
20240229,XSGE,上期所,RB,12,12,8,0
20240229,XSGE,上期所,RU,10,10,3,0
20240229,XSGE,上期所,SN,12,12,4,0
20240229,XSGE,上期所,SP,12,12,2,0
20240229,XSGE,上期所,SS,12,12,4,0
20240229,XSGE,上期所,ZN,12,12,4,0
20240229,XSIE,能源中心,BC,12,12,1,0
20240229,XSIE,能源中心,LU,12,12,7,0
20240229,XSIE,能源中心,NR,12,12,4,0
20240229,XSIE,能源中心,SC,20,20,2,0
20240301,XDCE,大商所,A,6,6,5,0
20240301,XDCE,大商所,B,12,12,6,0
20240301,XDCE,大商所,C,6,6,5,0
20240301,XDCE,大商所,CS,6,6,3,0
20240301,XDCE,大商所,EB,12,12,5,0
20240301,XDCE,大商所,EG,12,12,4,0
20240301,XDCE,大商所,I,12,12,7,0
20240301,XDCE,大商所,J,12,12,2,0
20240301,XDCE,大商所,JM,12,12,2,0
20240301,XDCE,大商所,L,12,12,3,0
20240301,XDCE,大商所,M,8,8,6,0
20240301,XDCE,大商所,P,12,12,3,0
20240301,XDCE,大商所,PG,12,12,6,0
20240301,XDCE,大商所,PP,12,12,3,0
20240301,XDCE,大商所,RR,12,12,0,0
20240301,XDCE,大商所,V,12,12,6,0
20240301,XDCE,大商所,Y,8,8,4,0
20240301,XSGE,上期所,AG,12,12,9,0
20240301,XSGE,上期所,AL,12,12,3,0
20240301,XSGE,上期所,AO,12,12,2,0
20240301,XSGE,上期所,AU,8,8,5,0
20240301,XSGE,上期所,BR,12,12,1,0
20240301,XSGE,上期所,BU,16,16,3,0
20240301,XSGE,上期所,CU,12,12,3,0
20240301,XSGE,上期所,FU,12,12,10,0
20240301,XSGE,上期所,HC,12,12,3,0
20240301,XSGE,上期所,NI,12,12,6,0
20240301,XSGE,上期所,PB,12,12,3,0
20240301,XSGE,上期所,RB,12,12,8,0
20240301,XSGE,上期所,RU,10,10,4,0
20240301,XSGE,上期所,SN,12,12,2,0
20240301,XSGE,上期所,SP,12,12,2,0
20240301,XSGE,上期所,SS,12,12,4,0
20240301,XSGE,上期所,ZN,12,12,4,0
20240301,XSIE,能源中心,BC,12,12,1,0
20240301,XSIE,能源中心,LU,12,12,4,0
20240301,XSIE,能源中心,NR,12,12,3,0
20240301,XSIE,能源中心,SC,20,20,3,0
20240304,XDCE,大商所,A,6,6,3,0
20240304,XDCE,大商所,B,12,12,1,0
20240304,XDCE,大商所,C,6,6,4,0
20240304,XDCE,大商所,CS,6,6,2,0
20240304,XDCE,大商所,EB,12,12,4,0
20240304,XDCE,大商所,EG,12,12,3,0
20240304,XDCE,大商所,I,12,12,7,0
20240304,XDCE,大商所,J,12,12,1,0
20240304,XDCE,大商所,JM,12,12,3,0
20240304,XDCE,大商所,L,12,12,3,0
20240304,XDCE,大商所,M,8,8,6,0
20240304,XDCE,大商所,P,12,12,3,0
20240304,XDCE,大商所,PG,12,12,3,0
20240304,XDCE,大商所,PP,12,12,4,0
20240304,XDCE,大商所,RR,12,12,2,0
20240304,XDCE,大商所,V,12,12,4,0
20240304,XDCE,大商所,Y,8,8,2,0
20240304,XSGE,上期所,AG,12,12,7,0
20240304,XSGE,上期所,AL,12,12,3,0
20240304,XSGE,上期所,AO,12,12,2,0
20240304,XSGE,上期所,AU,8,8,4,0
20240304,XSGE,上期所,BR,12,12,2,0
20240304,XSGE,上期所,BU,16,16,4,0
20240304,XSGE,上期所,CU,12,12,3,0
20240304,XSGE,上期所,FU,12,12,11,0
20240304,XSGE,上期所,HC,12,12,3,0
20240304,XSGE,上期所,NI,12,12,5,0
20240304,XSGE,上期所,PB,12,12,2,0
20240304,XSGE,上期所,RB,12,12,4,0
20240304,XSGE,上期所,RU,10,10,2,0
20240304,XSGE,上期所,SN,12,12,2,0
20240304,XSGE,上期所,SP,12,12,3,0
20240304,XSGE,上期所,SS,12,12,5,0
20240304,XSGE,上期所,ZN,12,12,3,0
20240304,XSIE,能源中心,BC,12,12,1,0
20240304,XSIE,能源中心,LU,12,12,4,0
20240304,XSIE,能源中心,NR,12,12,2,0
20240304,XSIE,能源中心,SC,20,20,3,0
20240305,XDCE,大商所,A,6,6,4,0
20240305,XDCE,大商所,B,12,12,4,0
20240305,XDCE,大商所,C,6,6,2,0
20240305,XDCE,大商所,CS,6,6,4,0
20240305,XDCE,大商所,EB,12,12,2,0
20240305,XDCE,大商所,EG,12,12,2,0
20240305,XDCE,大商所,I,12,12,5,0
20240305,XDCE,大商所,J,12,12,1,0
20240305,XDCE,大商所,JM,12,12,2,0
20240305,XDCE,大商所,L,12,12,2,0
20240305,XDCE,大商所,M,8,8,6,0
20240305,XDCE,大商所,P,12,12,3,0
20240305,XDCE,大商所,PG,12,12,2,0
20240305,XDCE,大商所,PP,12,12,2,0
20240305,XDCE,大商所,RR,12,12,0,0
20240305,XDCE,大商所,V,12,12,5,0
20240305,XDCE,大商所,Y,8,8,3,0
20240305,XSGE,上期所,AG,12,12,6,0
20240305,XSGE,上期所,AL,12,12,5,0
20240305,XSGE,上期所,AO,12,12,2,0
20240305,XSGE,上期所,AU,8,8,4,0
20240305,XSGE,上期所,BR,12,12,2,0
20240305,XSGE,上期所,BU,16,16,2,0
20240305,XSGE,上期所,CU,12,12,5,0
20240305,XSGE,上期所,FU,12,12,9,0
20240305,XSGE,上期所,HC,12,12,2,0
20240305,XSGE,上期所,NI,12,12,4,0
20240305,XSGE,上期所,PB,12,12,2,0
20240305,XSGE,上期所,RB,12,12,6,0
20240305,XSGE,上期所,RU,10,10,2,0
20240305,XSGE,上期所,SN,12,12,2,0
20240305,XSGE,上期所,SP,12,12,2,0
20240305,XSGE,上期所,SS,12,12,5,0
20240305,XSGE,上期所,ZN,12,12,4,0
20240305,XSIE,能源中心,BC,12,12,1,0
20240305,XSIE,能源中心,LU,12,12,4,0
20240305,XSIE,能源中心,NR,12,12,3,0
20240305,XSIE,能源中心,SC,20,20,3,0
20240306,XDCE,大商所,A,6,6,2,0
20240306,XDCE,大商所,B,12,12,3,0
20240306,XDCE,大商所,C,6,6,4,0
20240306,XDCE,大商所,CS,6,6,3,0
20240306,XDCE,大商所,EB,12,12,3,0
20240306,XDCE,大商所,EG,12,12,3,0
20240306,XDCE,大商所,I,12,12,6,0
20240306,XDCE,大商所,J,12,12,1,0
20240306,XDCE,大商所,JM,12,12,2,0
20240306,XDCE,大商所,L,12,12,3,0
20240306,XDCE,大商所,M,8,8,6,0
20240306,XDCE,大商所,P,12,12,3,0
20240306,XDCE,大商所,PG,12,12,2,0
20240306,XDCE,大商所,PP,12,12,4,0
20240306,XDCE,大商所,RR,12,12,1,0
20240306,XDCE,大商所,V,12,12,6,0
20240306,XDCE,大商所,Y,8,8,3,0
20240306,XSGE,上期所,AG,12,12,8,0
20240306,XSGE,上期所,AL,12,12,4,0
20240306,XSGE,上期所,AO,12,12,2,0
20240306,XSGE,上期所,AU,8,8,5,0
20240306,XSGE,上期所,BR,12,12,2,0
20240306,XSGE,上期所,BU,16,16,3,0
20240306,XSGE,上期所,CU,12,12,3,0
20240306,XSGE,上期所,FU,12,12,9,0
20240306,XSGE,上期所,HC,12,12,2,0
20240306,XSGE,上期所,NI,12,12,5,0
20240306,XSGE,上期所,PB,12,12,3,0
20240306,XSGE,上期所,RB,12,12,9,0
20240306,XSGE,上期所,RU,10,10,2,0
20240306,XSGE,上期所,SN,12,12,2,0
20240306,XSGE,上期所,SP,12,12,4,0
20240306,XSGE,上期所,SS,12,12,5,0
20240306,XSGE,上期所,ZN,12,12,3,0
20240306,XSIE,能源中心,BC,12,12,1,0
20240306,XSIE,能源中心,LU,12,12,4,0
20240306,XSIE,能源中心,NR,12,12,2,0
20240306,XSIE,能源中心,SC,20,20,3,0
20240307,XDCE,大商所,A,6,6,2,0
20240307,XDCE,大商所,B,12,12,2,0
20240307,XDCE,大商所,C,6,6,4,0
20240307,XDCE,大商所,CS,6,6,2,0
20240307,XDCE,大商所,EB,12,12,3,0
20240307,XDCE,大商所,EG,12,12,3,0
20240307,XDCE,大商所,I,12,12,4,0
20240307,XDCE,大商所,J,12,12,1,0
20240307,XDCE,大商所,JM,12,12,2,0
20240307,XDCE,大商所,L,12,12,2,0
20240307,XDCE,大商所,M,8,8,6,0
20240307,XDCE,大商所,P,12,12,4,0
20240307,XDCE,大商所,PG,12,12,3,0
20240307,XDCE,大商所,PP,12,12,2,0
20240307,XDCE,大商所,RR,12,12,1,0
20240307,XDCE,大商所,V,12,12,2,0
20240307,XDCE,大商所,Y,8,8,3,0
20240307,XSGE,上期所,AG,12,12,8,0
20240307,XSGE,上期所,AL,12,12,4,0
20240307,XSGE,上期所,AO,12,12,2,0
20240307,XSGE,上期所,AU,8,8,6,0
20240307,XSGE,上期所,BR,12,12,2,0
20240307,XSGE,上期所,BU,16,16,3,0
20240307,XSGE,上期所,CU,12,12,3,0
20240307,XSGE,上期所,FU,12,12,7,0
20240307,XSGE,上期所,HC,12,12,2,0
20240307,XSGE,上期所,NI,12,12,5,0
20240307,XSGE,上期所,PB,12,12,2,0
20240307,XSGE,上期所,RB,12,12,4,0
20240307,XSGE,上期所,RU,10,10,2,0
20240307,XSGE,上期所,SN,12,12,4,0
20240307,XSGE,上期所,SP,12,12,3,0
20240307,XSGE,上期所,SS,12,12,5,0
20240307,XSGE,上期所,ZN,12,12,3,0
20240307,XSIE,能源中心,BC,12,12,1,0
20240307,XSIE,能源中心,LU,12,12,3,0
20240307,XSIE,能源中心,NR,12,12,3,0
20240307,XSIE,能源中心,SC,20,20,2,0
20240308,XDCE,大商所,A,6,6,3,0
20240308,XDCE,大商所,B,12,12,4,0
20240308,XDCE,大商所,C,6,6,6,0
20240308,XDCE,大商所,CS,6,6,2,0
20240308,XDCE,大商所,EB,12,12,2,0
20240308,XDCE,大商所,EG,12,12,3,0
20240308,XDCE,大商所,I,12,12,8,0
20240308,XDCE,大商所,J,12,12,1,0
20240308,XDCE,大商所,JM,12,12,2,0
20240308,XDCE,大商所,L,12,12,3,0
20240308,XDCE,大商所,M,8,8,7,0
20240308,XDCE,大商所,P,12,12,3,0
20240308,XDCE,大商所,PG,12,12,2,0
20240308,XDCE,大商所,PP,12,12,2,0
20240308,XDCE,大商所,RR,12,12,1,0
20240308,XDCE,大商所,V,12,12,4,0
20240308,XDCE,大商所,Y,8,8,4,0
20240308,XSGE,上期所,AG,12,12,7,0
20240308,XSGE,上期所,AL,12,12,5,0
20240308,XSGE,上期所,AO,12,12,3,0
20240308,XSGE,上期所,AU,8,8,5,0
20240308,XSGE,上期所,BR,12,12,1,0
20240308,XSGE,上期所,BU,16,16,5,0
20240308,XSGE,上期所,CU,12,12,8,0
20240308,XSGE,上期所,FU,12,12,9,0
20240308,XSGE,上期所,HC,12,12,4,0
20240308,XSGE,上期所,NI,12,12,6,0
20240308,XSGE,上期所,PB,12,12,2,0
20240308,XSGE,上期所,RB,12,12,7,0
20240308,XSGE,上期所,RU,10,10,2,0
20240308,XSGE,上期所,SN,12,12,4,0
20240308,XSGE,上期所,SP,12,12,3,0
20240308,XSGE,上期所,SS,12,12,4,0
20240308,XSGE,上期所,ZN,12,12,6,0
20240308,XSIE,能源中心,BC,12,12,2,0
20240308,XSIE,能源中心,LU,12,12,3,0
20240308,XSIE,能源中心,NR,12,12,2,0
20240308,XSIE,能源中心,SC,20,20,3,0
20240311,XDCE,大商所,A,6,6,3,0
20240311,XDCE,大商所,B,12,12,5,0
20240311,XDCE,大商所,C,6,6,3,0
20240311,XDCE,大商所,CS,6,6,3,0
20240311,XDCE,大商所,EB,12,12,4,0
20240311,XDCE,大商所,EG,12,12,4,0
20240311,XDCE,大商所,I,12,12,5,0
20240311,XDCE,大商所,J,12,12,3,0
20240311,XDCE,大商所,JM,12,12,3,0
20240311,XDCE,大商所,L,12,12,2,0
20240311,XDCE,大商所,M,8,8,7,0
20240311,XDCE,大商所,P,12,12,4,0
20240311,XDCE,大商所,PG,12,12,4,0
20240311,XDCE,大商所,PP,12,12,4,0
20240311,XDCE,大商所,RR,12,12,0,0
20240311,XDCE,大商所,V,12,12,3,0
20240311,XDCE,大商所,Y,8,8,5,0
20240311,XSGE,上期所,AG,12,12,6,0
20240311,XSGE,上期所,AL,12,12,4,0
20240311,XSGE,上期所,AO,12,11,2,0
20240311,XSGE,上期所,AU,8,8,3,0
20240311,XSGE,上期所,BR,12,12,3,0
20240311,XSGE,上期所,BU,16,16,4,0
20240311,XSGE,上期所,CU,12,12,5,0
20240311,XSGE,上期所,FU,12,12,11,0
20240311,XSGE,上期所,HC,12,12,3,0
20240311,XSGE,上期所,NI,12,12,4,0
20240311,XSGE,上期所,PB,12,12,3,0
20240311,XSGE,上期所,RB,12,12,5,0
20240311,XSGE,上期所,RU,10,10,2,0
20240311,XSGE,上期所,SN,12,12,3,0
20240311,XSGE,上期所,SP,12,12,2,0
20240311,XSGE,上期所,SS,12,12,4,0
20240311,XSGE,上期所,ZN,12,12,3,0
20240311,XSIE,能源中心,BC,12,12,2,0
20240311,XSIE,能源中心,LU,12,12,4,0
20240311,XSIE,能源中心,NR,12,12,3,0
20240311,XSIE,能源中心,SC,20,20,3,0
20240312,XDCE,大商所,A,6,6,2,0
20240312,XDCE,大商所,B,12,12,4,0
20240312,XDCE,大商所,C,6,6,5,0
20240312,XDCE,大商所,CS,6,6,2,0
20240312,XDCE,大商所,EB,12,12,3,0
20240312,XDCE,大商所,EG,12,12,2,0
20240312,XDCE,大商所,I,12,12,4,0
20240312,XDCE,大商所,J,12,12,2,0
20240312,XDCE,大商所,JM,12,12,4,0
20240312,XDCE,大商所,L,12,12,2,0
20240312,XDCE,大商所,M,8,8,6,0
20240312,XDCE,大商所,P,12,12,3,0
20240312,XDCE,大商所,PG,12,12,2,0
20240312,XDCE,大商所,PP,12,12,3,0
20240312,XDCE,大商所,RR,12,12,3,0
20240312,XDCE,大商所,V,12,12,3,0
20240312,XDCE,大商所,Y,8,8,3,0
20240312,XSGE,上期所,AG,12,12,9,0
20240312,XSGE,上期所,AL,12,12,3,0
20240312,XSGE,上期所,AO,12,12,2,0
20240312,XSGE,上期所,AU,8,8,3,0
20240312,XSGE,上期所,BR,12,12,2,0
20240312,XSGE,上期所,BU,16,16,3,0
20240312,XSGE,上期所,CU,12,12,5,0
20240312,XSGE,上期所,FU,12,12,6,0
20240312,XSGE,上期所,HC,12,12,4,0
20240312,XSGE,上期所,NI,12,12,4,0
20240312,XSGE,上期所,PB,12,12,3,0
20240312,XSGE,上期所,RB,12,12,11,0
20240312,XSGE,上期所,RU,10,10,2,0
20240312,XSGE,上期所,SN,12,12,2,0
20240312,XSGE,上期所,SP,12,12,2,0
20240312,XSGE,上期所,SS,12,12,4,0
20240312,XSGE,上期所,ZN,12,12,6,0
20240312,XSIE,能源中心,BC,12,12,2,0
20240312,XSIE,能源中心,LU,12,12,2,0
20240312,XSIE,能源中心,NR,12,12,4,0
20240312,XSIE,能源中心,SC,20,20,3,0
20240313,XDCE,大商所,A,6,6,2,0
20240313,XDCE,大商所,B,12,12,3,0
20240313,XDCE,大商所,C,6,6,5,0
20240313,XDCE,大商所,CS,6,6,2,0
20240313,XDCE,大商所,EB,12,12,3,0
20240313,XDCE,大商所,EG,12,12,2,0
20240313,XDCE,大商所,I,12,12,6,0
20240313,XDCE,大商所,J,12,12,2,0
20240313,XDCE,大商所,JM,12,12,2,0
20240313,XDCE,大商所,L,12,12,2,0
20240313,XDCE,大商所,M,8,8,5,0
20240313,XDCE,大商所,P,12,12,4,0
20240313,XDCE,大商所,PG,12,12,3,0
20240313,XDCE,大商所,PP,12,12,2,0
20240313,XDCE,大商所,RR,12,12,0,0
20240313,XDCE,大商所,V,12,12,2,0
20240313,XDCE,大商所,Y,8,8,3,0
20240313,XSGE,上期所,AG,12,12,7,0
20240313,XSGE,上期所,AL,12,12,5,0
20240313,XSGE,上期所,AO,12,12,2,0
20240313,XSGE,上期所,AU,8,8,4,0
20240313,XSGE,上期所,BR,12,12,2,0
20240313,XSGE,上期所,BU,16,16,3,0
20240313,XSGE,上期所,CU,12,12,5,0
20240313,XSGE,上期所,FU,12,12,10,0
20240313,XSGE,上期所,HC,12,12,2,0
20240313,XSGE,上期所,NI,12,12,6,0
20240313,XSGE,上期所,PB,12,12,3,0
20240313,XSGE,上期所,RB,12,12,10,0
20240313,XSGE,上期所,RU,10,10,3,0
20240313,XSGE,上期所,SN,12,12,2,0
20240313,XSGE,上期所,SP,12,12,2,0
20240313,XSGE,上期所,SS,12,12,4,0
20240313,XSGE,上期所,ZN,12,12,3,0
20240313,XSIE,能源中心,BC,12,12,1,0
20240313,XSIE,能源中心,LU,12,12,4,0
20240313,XSIE,能源中心,NR,12,12,3,0
20240313,XSIE,能源中心,SC,20,20,3,0
20240314,XDCE,大商所,A,6,6,2,0
20240314,XDCE,大商所,B,12,12,2,0
20240314,XDCE,大商所,C,6,6,3,0
20240314,XDCE,大商所,CS,6,6,1,0
20240314,XDCE,大商所,EB,12,12,3,0
20240314,XDCE,大商所,EG,12,12,2,0
20240314,XDCE,大商所,I,12,12,7,0
20240314,XDCE,大商所,J,12,12,2,0
20240314,XDCE,大商所,JM,12,12,2,0
20240314,XDCE,大商所,L,12,12,3,0
20240314,XDCE,大商所,M,8,8,5,0
20240314,XDCE,大商所,P,12,12,3,0
20240314,XDCE,大商所,PG,12,12,4,0
20240314,XDCE,大商所,PP,12,12,2,0
20240314,XDCE,大商所,RR,12,12,0,0
20240314,XDCE,大商所,V,12,12,3,0
20240314,XDCE,大商所,Y,8,8,5,0
20240314,XSGE,上期所,AG,12,12,10,0
20240314,XSGE,上期所,AL,12,12,3,0
20240314,XSGE,上期所,AO,12,11,3,0
20240314,XSGE,上期所,AU,8,8,5,0
20240314,XSGE,上期所,BR,12,12,2,0
20240314,XSGE,上期所,BU,16,16,4,0
20240314,XSGE,上期所,CU,12,12,7,0
20240314,XSGE,上期所,FU,12,12,11,0
20240314,XSGE,上期所,HC,12,12,3,0
20240314,XSGE,上期所,NI,12,12,5,0
20240314,XSGE,上期所,PB,12,12,4,0
20240314,XSGE,上期所,RB,12,12,7,0
20240314,XSGE,上期所,RU,10,10,2,0
20240314,XSGE,上期所,SN,12,12,2,0
20240314,XSGE,上期所,SP,12,12,2,0
20240314,XSGE,上期所,SS,12,12,3,0
20240314,XSGE,上期所,ZN,12,12,3,0
20240314,XSIE,能源中心,BC,12,12,2,0
20240314,XSIE,能源中心,LU,12,12,4,0
20240314,XSIE,能源中心,NR,12,12,4,0
20240314,XSIE,能源中心,SC,20,20,3,0
20240315,XDCE,大商所,A,6,6,2,0
20240315,XDCE,大商所,B,12,12,2,0
20240315,XDCE,大商所,C,6,6,3,0
20240315,XDCE,大商所,CS,6,6,2,0
20240315,XDCE,大商所,EB,12,12,3,0
20240315,XDCE,大商所,EG,12,12,2,0
20240315,XDCE,大商所,I,12,12,6,0
20240315,XDCE,大商所,J,12,12,3,0
20240315,XDCE,大商所,JM,12,12,2,0
20240315,XDCE,大商所,L,12,12,2,0
20240315,XDCE,大商所,M,8,8,7,0
20240315,XDCE,大商所,P,12,12,4,0
20240315,XDCE,大商所,PG,12,12,2,0
20240315,XDCE,大商所,PP,12,12,3,0
20240315,XDCE,大商所,RR,12,12,2,0
20240315,XDCE,大商所,V,12,12,2,0
20240315,XDCE,大商所,Y,8,8,3,0
20240315,XSGE,上期所,AG,12,12,8,0
20240315,XSGE,上期所,AL,12,12,3,0
20240315,XSGE,上期所,AO,12,12,2,0
20240315,XSGE,上期所,AU,8,8,5,0
20240315,XSGE,上期所,BR,12,12,2,0
20240315,XSGE,上期所,BU,16,16,3,0
20240315,XSGE,上期所,CU,12,12,6,0
20240315,XSGE,上期所,FU,12,12,11,0
20240315,XSGE,上期所,HC,12,12,3,0
20240315,XSGE,上期所,NI,12,12,4,0
20240315,XSGE,上期所,PB,12,12,2,0
20240315,XSGE,上期所,RB,12,12,7,0
20240315,XSGE,上期所,RU,10,10,3,0
20240315,XSGE,上期所,SN,12,12,3,0
20240315,XSGE,上期所,SP,12,12,2,0
20240315,XSGE,上期所,SS,12,12,2,0
20240315,XSGE,上期所,ZN,12,12,2,0
20240315,XSIE,能源中心,BC,12,12,2,0
20240315,XSIE,能源中心,LU,12,12,3,0
20240315,XSIE,能源中心,NR,12,12,3,0
20240315,XSIE,能源中心,SC,20,20,2,0
20240318,XDCE,大商所,A,6,6,4,0
20240318,XDCE,大商所,B,12,12,5,0
20240318,XDCE,大商所,C,6,6,3,0
20240318,XDCE,大商所,CS,6,6,2,0
20240318,XDCE,大商所,EB,12,12,3,0
20240318,XDCE,大商所,EG,12,12,2,0
20240318,XDCE,大商所,I,12,12,4,0
20240318,XDCE,大商所,J,12,12,2,0
20240318,XDCE,大商所,JM,12,12,2,0
20240318,XDCE,大商所,L,12,12,2,0
20240318,XDCE,大商所,M,8,8,7,0
20240318,XDCE,大商所,P,12,12,3,0
20240318,XDCE,大商所,PG,12,12,5,0
20240318,XDCE,大商所,PP,12,12,2,0
20240318,XDCE,大商所,RR,12,12,0,0
20240318,XDCE,大商所,V,12,12,3,0
20240318,XDCE,大商所,Y,8,8,4,0
20240318,XSGE,上期所,AG,12,12,8,0
20240318,XSGE,上期所,AL,12,12,4,0
20240318,XSGE,上期所,AO,12,12,3,0
20240318,XSGE,上期所,AU,8,8,5,0
20240318,XSGE,上期所,BR,12,12,2,0
20240318,XSGE,上期所,BU,16,16,4,0
20240318,XSGE,上期所,CU,12,12,6,0
20240318,XSGE,上期所,FU,12,12,7,0
20240318,XSGE,上期所,HC,12,12,3,0
20240318,XSGE,上期所,NI,12,12,5,0
20240318,XSGE,上期所,PB,12,12,3,0
20240318,XSGE,上期所,RB,12,12,7,0
20240318,XSGE,上期所,RU,10,10,3,0
20240318,XSGE,上期所,SN,12,12,3,0
20240318,XSGE,上期所,SP,12,12,2,0
20240318,XSGE,上期所,SS,12,12,3,0
20240318,XSGE,上期所,ZN,12,12,4,0
20240318,XSIE,能源中心,BC,12,12,1,0
20240318,XSIE,能源中心,LU,12,12,3,0
20240318,XSIE,能源中心,NR,12,12,2,0
20240318,XSIE,能源中心,SC,20,20,3,0
20240319,XDCE,大商所,A,6,6,3,0
20240319,XDCE,大商所,B,12,12,3,0
20240319,XDCE,大商所,C,6,6,4,0
20240319,XDCE,大商所,CS,6,6,2,0
20240319,XDCE,大商所,EB,12,12,3,0
20240319,XDCE,大商所,EG,12,12,2,0
20240319,XDCE,大商所,I,12,12,6,0
20240319,XDCE,大商所,J,12,12,2,0
20240319,XDCE,大商所,JM,12,12,2,0
20240319,XDCE,大商所,L,12,12,2,0
20240319,XDCE,大商所,M,8,8,5,0
20240319,XDCE,大商所,P,12,12,2,0
20240319,XDCE,大商所,PG,12,12,4,0
20240319,XDCE,大商所,PP,12,12,2,0
20240319,XDCE,大商所,RR,12,12,0,0
20240319,XDCE,大商所,V,12,12,2,0
20240319,XDCE,大商所,Y,8,8,4,0
20240319,XSGE,上期所,AG,12,12,9,0
20240319,XSGE,上期所,AL,12,12,4,0
20240319,XSGE,上期所,AO,12,12,3,0
20240319,XSGE,上期所,AU,8,8,5,0
20240319,XSGE,上期所,BR,12,12,3,0
20240319,XSGE,上期所,BU,16,16,2,0
20240319,XSGE,上期所,CU,12,12,4,0
20240319,XSGE,上期所,FU,12,12,8,0
20240319,XSGE,上期所,HC,12,12,3,0
20240319,XSGE,上期所,NI,12,12,3,0
20240319,XSGE,上期所,PB,12,12,3,0
20240319,XSGE,上期所,RB,12,12,8,0
20240319,XSGE,上期所,RU,10,10,4,0
20240319,XSGE,上期所,SN,12,12,2,0
20240319,XSGE,上期所,SP,12,12,3,0
20240319,XSGE,上期所,SS,12,12,3,0
20240319,XSGE,上期所,ZN,12,12,3,0
20240319,XSIE,能源中心,BC,12,12,1,0
20240319,XSIE,能源中心,LU,12,12,3,0
20240319,XSIE,能源中心,NR,12,12,4,0
20240319,XSIE,能源中心,SC,20,20,3,0
20240320,XDCE,大商所,A,6,6,3,0
20240320,XDCE,大商所,B,12,12,3,0
20240320,XDCE,大商所,C,6,6,3,0
20240320,XDCE,大商所,CS,6,6,2,0
20240320,XDCE,大商所,EB,12,12,4,0
20240320,XDCE,大商所,EG,12,12,2,0
20240320,XDCE,大商所,I,12,12,5,0
20240320,XDCE,大商所,J,12,12,1,0
20240320,XDCE,大商所,JM,12,12,2,0
20240320,XDCE,大商所,L,12,12,2,0
20240320,XDCE,大商所,M,8,8,4,0
20240320,XDCE,大商所,P,12,12,3,0
20240320,XDCE,大商所,PG,12,12,3,0
20240320,XDCE,大商所,PP,12,12,2,0
20240320,XDCE,大商所,RR,12,12,1,0
20240320,XDCE,大商所,V,12,12,2,0
20240320,XDCE,大商所,Y,8,8,4,0
20240320,XSGE,上期所,AG,12,12,8,0
20240320,XSGE,上期所,AL,12,12,4,0
20240320,XSGE,上期所,AO,12,12,2,0
20240320,XSGE,上期所,AU,8,8,4,0
20240320,XSGE,上期所,BR,12,12,3,0
20240320,XSGE,上期所,BU,16,16,2,0
20240320,XSGE,上期所,CU,12,12,6,0
20240320,XSGE,上期所,FU,12,12,6,0
20240320,XSGE,上期所,HC,12,12,3,0
20240320,XSGE,上期所,NI,12,12,5,0
20240320,XSGE,上期所,PB,12,12,3,0
20240320,XSGE,上期所,RB,12,12,8,0
20240320,XSGE,上期所,RU,10,10,3,0
20240320,XSGE,上期所,SN,12,12,3,0
20240320,XSGE,上期所,SP,12,12,3,0
20240320,XSGE,上期所,SS,12,12,4,0
20240320,XSGE,上期所,ZN,12,12,3,0
20240320,XSIE,能源中心,BC,12,12,2,0
20240320,XSIE,能源中心,LU,12,12,4,0
20240320,XSIE,能源中心,NR,12,12,4,0
20240320,XSIE,能源中心,SC,20,20,3,0
20240321,XDCE,大商所,A,6,6,3,0
20240321,XDCE,大商所,B,12,12,4,0
20240321,XDCE,大商所,C,6,6,4,0
20240321,XDCE,大商所,CS,6,6,2,0
20240321,XDCE,大商所,EB,12,12,4,0
20240321,XDCE,大商所,EG,12,12,3,0
20240321,XDCE,大商所,I,12,12,6,0
20240321,XDCE,大商所,J,12,12,2,0
20240321,XDCE,大商所,JM,12,12,2,0
20240321,XDCE,大商所,L,12,12,2,0
20240321,XDCE,大商所,M,8,8,8,0
20240321,XDCE,大商所,P,12,12,4,0
20240321,XDCE,大商所,PG,12,12,6,0
20240321,XDCE,大商所,PP,12,12,2,0
20240321,XDCE,大商所,RR,12,12,1,0
20240321,XDCE,大商所,V,12,12,2,0
20240321,XDCE,大商所,Y,8,8,3,0
20240321,XSGE,上期所,AG,12,12,8,0
20240321,XSGE,上期所,AL,12,12,5,0
20240321,XSGE,上期所,AO,12,12,2,0
20240321,XSGE,上期所,AU,8,8,6,0
20240321,XSGE,上期所,BR,12,12,2,0
20240321,XSGE,上期所,BU,16,16,3,0
20240321,XSGE,上期所,CU,12,12,7,0
20240321,XSGE,上期所,FU,12,12,10,0
20240321,XSGE,上期所,HC,12,12,3,0
20240321,XSGE,上期所,NI,12,12,5,0
20240321,XSGE,上期所,PB,12,12,3,0
20240321,XSGE,上期所,RB,12,12,8,0
20240321,XSGE,上期所,RU,10,10,3,0
20240321,XSGE,上期所,SN,12,12,3,0
20240321,XSGE,上期所,SP,12,12,2,0
20240321,XSGE,上期所,SS,12,12,4,0
20240321,XSGE,上期所,ZN,12,12,4,0
20240321,XSIE,能源中心,BC,12,12,2,0
20240321,XSIE,能源中心,LU,12,12,4,0
20240321,XSIE,能源中心,NR,12,12,4,0
20240321,XSIE,能源中心,SC,20,20,2,0
20240322,XDCE,大商所,A,6,6,2,0
20240322,XDCE,大商所,B,12,12,5,0
20240322,XDCE,大商所,C,6,6,4,0
20240322,XDCE,大商所,CS,6,6,2,0
20240322,XDCE,大商所,EB,12,12,4,0
20240322,XDCE,大商所,EG,12,12,3,0
20240322,XDCE,大商所,I,12,12,6,0
20240322,XDCE,大商所,J,12,12,2,0
20240322,XDCE,大商所,JM,12,12,2,0
20240322,XDCE,大商所,L,12,12,2,0
20240322,XDCE,大商所,M,8,8,6,0
20240322,XDCE,大商所,P,12,12,4,0
20240322,XDCE,大商所,PG,12,12,5,0
20240322,XDCE,大商所,PP,12,12,2,0
20240322,XDCE,大商所,RR,12,12,2,0
20240322,XDCE,大商所,V,12,12,2,0
20240322,XDCE,大商所,Y,8,8,4,0
20240322,XSGE,上期所,AG,12,12,11,0
20240322,XSGE,上期所,AL,12,12,5,0
20240322,XSGE,上期所,AO,12,12,3,0
20240322,XSGE,上期所,AU,8,8,4,0
20240322,XSGE,上期所,BR,12,12,2,0
20240322,XSGE,上期所,BU,16,16,2,0
20240322,XSGE,上期所,CU,12,12,6,0
20240322,XSGE,上期所,FU,12,12,9,0
20240322,XSGE,上期所,HC,12,12,3,0
20240322,XSGE,上期所,NI,12,12,4,0
20240322,XSGE,上期所,PB,12,12,3,0
20240322,XSGE,上期所,RB,12,12,7,0
20240322,XSGE,上期所,RU,10,10,4,0
20240322,XSGE,上期所,SN,12,12,3,0
20240322,XSGE,上期所,SP,12,12,3,0
20240322,XSGE,上期所,SS,12,12,3,0
20240322,XSGE,上期所,ZN,12,12,3,0
20240322,XSIE,能源中心,BC,12,12,1,0
20240322,XSIE,能源中心,LU,12,12,3,0
20240322,XSIE,能源中心,NR,12,12,3,0
20240322,XSIE,能源中心,SC,20,20,4,0
20240325,XDCE,大商所,A,6,6,2,0
20240325,XDCE,大商所,B,12,12,2,0
20240325,XDCE,大商所,C,6,6,4,0
20240325,XDCE,大商所,CS,6,6,1,0
20240325,XDCE,大商所,EB,12,12,4,0
20240325,XDCE,大商所,EG,12,12,3,0
20240325,XDCE,大商所,I,12,12,5,0
20240325,XDCE,大商所,J,12,12,2,0
20240325,XDCE,大商所,JM,12,12,2,0
20240325,XDCE,大商所,L,12,12,2,0
20240325,XDCE,大商所,M,8,8,5,0
20240325,XDCE,大商所,P,12,12,5,0
20240325,XDCE,大商所,PG,12,12,4,0
20240325,XDCE,大商所,PP,12,12,2,0
20240325,XDCE,大商所,RR,12,12,0,0
20240325,XDCE,大商所,V,12,12,2,0
20240325,XDCE,大商所,Y,8,8,3,0
20240325,XSGE,上期所,AG,12,12,10,0
20240325,XSGE,上期所,AL,12,12,4,0
20240325,XSGE,上期所,AO,12,12,2,0
20240325,XSGE,上期所,AU,8,8,6,0
20240325,XSGE,上期所,BR,12,12,1,0
20240325,XSGE,上期所,BU,16,16,3,0
20240325,XSGE,上期所,CU,12,12,4,0
20240325,XSGE,上期所,FU,12,12,9,0
20240325,XSGE,上期所,HC,12,12,3,0
20240325,XSGE,上期所,NI,12,12,5,0
20240325,XSGE,上期所,PB,12,12,3,0
20240325,XSGE,上期所,RB,12,12,6,0
20240325,XSGE,上期所,RU,10,10,4,0
20240325,XSGE,上期所,SN,12,12,3,0
20240325,XSGE,上期所,SP,12,12,3,0
20240325,XSGE,上期所,SS,12,12,3,0
20240325,XSGE,上期所,ZN,12,12,3,0
20240325,XSIE,能源中心,BC,12,12,1,0
20240325,XSIE,能源中心,LU,12,12,4,0
20240325,XSIE,能源中心,NR,12,12,6,0
20240325,XSIE,能源中心,SC,20,20,3,0
20240326,XDCE,大商所,A,6,6,3,0
20240326,XDCE,大商所,B,12,12,3,0
20240326,XDCE,大商所,C,6,6,4,0
20240326,XDCE,大商所,CS,6,6,2,0
20240326,XDCE,大商所,EB,12,12,4,0
20240326,XDCE,大商所,EG,12,12,3,0
20240326,XDCE,大商所,I,12,12,5,0
20240326,XDCE,大商所,J,12,12,2,0
20240326,XDCE,大商所,JM,12,12,2,0
20240326,XDCE,大商所,L,12,12,3,0
20240326,XDCE,大商所,M,8,8,5,0
20240326,XDCE,大商所,P,12,12,2,0
20240326,XDCE,大商所,PG,12,12,4,0
20240326,XDCE,大商所,PP,12,12,2,0
20240326,XDCE,大商所,RR,12,12,1,0
20240326,XDCE,大商所,V,12,12,2,0
20240326,XDCE,大商所,Y,8,8,4,0
20240326,XSGE,上期所,AG,12,12,7,0
20240326,XSGE,上期所,AL,12,12,4,0
20240326,XSGE,上期所,AO,12,12,5,0
20240326,XSGE,上期所,AU,8,8,5,0
20240326,XSGE,上期所,BR,12,12,2,0
20240326,XSGE,上期所,BU,16,16,4,0
20240326,XSGE,上期所,CU,12,12,7,0
20240326,XSGE,上期所,FU,12,12,5,0
20240326,XSGE,上期所,HC,12,12,2,0
20240326,XSGE,上期所,NI,12,12,4,0
20240326,XSGE,上期所,PB,12,12,3,0
20240326,XSGE,上期所,RB,12,12,7,0
20240326,XSGE,上期所,RU,10,10,3,0
20240326,XSGE,上期所,SN,12,12,3,0
20240326,XSGE,上期所,SP,12,12,3,0
20240326,XSGE,上期所,SS,12,12,5,0
20240326,XSGE,上期所,ZN,12,12,3,0
20240326,XSIE,能源中心,BC,12,12,1,0
20240326,XSIE,能源中心,LU,12,12,5,0
20240326,XSIE,能源中心,NR,12,12,6,0
20240326,XSIE,能源中心,SC,20,20,3,0
20240327,XDCE,大商所,A,6,6,3,0
20240327,XDCE,大商所,B,12,12,3,0
20240327,XDCE,大商所,C,6,6,4,0
20240327,XDCE,大商所,CS,6,6,2,0
20240327,XDCE,大商所,EB,12,12,5,0
20240327,XDCE,大商所,EG,12,12,2,0
20240327,XDCE,大商所,I,12,12,5,0
20240327,XDCE,大商所,J,12,12,2,0
20240327,XDCE,大商所,JM,12,12,3,0
20240327,XDCE,大商所,L,12,12,3,0
20240327,XDCE,大商所,M,8,8,6,0
20240327,XDCE,大商所,P,12,12,4,0
20240327,XDCE,大商所,PG,12,12,6,0
20240327,XDCE,大商所,PP,12,12,3,0
20240327,XDCE,大商所,RR,12,12,0,0
20240327,XDCE,大商所,V,12,12,4,0
20240327,XDCE,大商所,Y,8,8,3,0
20240327,XSGE,上期所,AG,12,12,9,0
20240327,XSGE,上期所,AL,12,12,6,0
20240327,XSGE,上期所,AO,12,12,2,0
20240327,XSGE,上期所,AU,8,8,7,0
20240327,XSGE,上期所,BR,12,12,2,0
20240327,XSGE,上期所,BU,16,16,4,0
20240327,XSGE,上期所,CU,12,12,4,0
20240327,XSGE,上期所,FU,12,12,7,0
20240327,XSGE,上期所,HC,12,12,3,0
20240327,XSGE,上期所,NI,12,12,5,0
20240327,XSGE,上期所,PB,12,12,3,0
20240327,XSGE,上期所,RB,12,12,8,0
20240327,XSGE,上期所,RU,10,10,4,0
20240327,XSGE,上期所,SN,12,12,4,0
20240327,XSGE,上期所,SP,12,12,2,0
20240327,XSGE,上期所,SS,12,12,3,0
20240327,XSGE,上期所,ZN,12,12,3,0
20240327,XSIE,能源中心,BC,12,12,2,0
20240327,XSIE,能源中心,LU,12,12,5,0
20240327,XSIE,能源中心,NR,12,12,4,0
20240327,XSIE,能源中心,SC,20,20,4,0
20240328,XDCE,大商所,A,6,6,4,0
20240328,XDCE,大商所,B,12,12,2,0
20240328,XDCE,大商所,C,6,6,3,0
20240328,XDCE,大商所,CS,6,6,3,0
20240328,XDCE,大商所,EB,12,12,5,0
20240328,XDCE,大商所,EG,12,12,2,0
20240328,XDCE,大商所,I,12,12,6,0
20240328,XDCE,大商所,J,12,12,3,0
20240328,XDCE,大商所,JM,12,12,2,0
20240328,XDCE,大商所,L,12,12,3,0
20240328,XDCE,大商所,M,8,8,5,0
20240328,XDCE,大商所,P,12,12,4,0
20240328,XDCE,大商所,PG,12,12,6,0
20240328,XDCE,大商所,PP,12,12,2,0
20240328,XDCE,大商所,RR,12,12,1,0
20240328,XDCE,大商所,V,12,12,3,0
20240328,XDCE,大商所,Y,8,8,4,0
20240328,XSGE,上期所,AG,12,12,7,0
20240328,XSGE,上期所,AL,12,12,4,0
20240328,XSGE,上期所,AO,12,12,3,0
20240328,XSGE,上期所,AU,8,8,5,0
20240328,XSGE,上期所,BR,12,12,2,0
20240328,XSGE,上期所,BU,16,16,3,0
20240328,XSGE,上期所,CU,12,12,6,0
20240328,XSGE,上期所,FU,12,12,9,0
20240328,XSGE,上期所,HC,12,12,3,0
20240328,XSGE,上期所,NI,12,12,3,0
20240328,XSGE,上期所,PB,12,12,3,0
20240328,XSGE,上期所,RB,12,12,9,0
20240328,XSGE,上期所,RU,10,10,4,0
20240328,XSGE,上期所,SN,12,12,3,0
20240328,XSGE,上期所,SP,12,12,2,0
20240328,XSGE,上期所,SS,12,12,3,0
20240328,XSGE,上期所,ZN,12,12,4,0
20240328,XSIE,能源中心,BC,12,12,3,0
20240328,XSIE,能源中心,LU,12,12,4,0
20240328,XSIE,能源中心,NR,12,12,5,0
20240328,XSIE,能源中心,SC,20,20,2,0
20240329,XDCE,大商所,A,6,6,3,0
20240329,XDCE,大商所,B,12,12,2,0
20240329,XDCE,大商所,C,6,6,3,0
20240329,XDCE,大商所,CS,6,6,2,0
20240329,XDCE,大商所,EB,12,12,4,0
20240329,XDCE,大商所,EG,12,12,2,0
20240329,XDCE,大商所,I,12,12,5,0
20240329,XDCE,大商所,J,12,12,2,0
20240329,XDCE,大商所,JM,12,12,2,0
20240329,XDCE,大商所,L,12,12,2,0
20240329,XDCE,大商所,M,8,8,5,0
20240329,XDCE,大商所,P,12,12,6,0
20240329,XDCE,大商所,PG,12,12,5,0
20240329,XDCE,大商所,PP,12,12,4,0
20240329,XDCE,大商所,RR,12,12,0,0
20240329,XDCE,大商所,V,12,12,3,0
20240329,XDCE,大商所,Y,8,8,3,0
20240329,XSGE,上期所,AG,12,12,10,0
20240329,XSGE,上期所,AL,12,12,5,0
20240329,XSGE,上期所,AO,12,12,3,0
20240329,XSGE,上期所,AU,8,8,6,0
20240329,XSGE,上期所,BR,12,12,3,0
20240329,XSGE,上期所,BU,16,16,3,0
20240329,XSGE,上期所,CU,12,12,5,0
20240329,XSGE,上期所,FU,12,12,11,0
20240329,XSGE,上期所,HC,12,12,3,0
20240329,XSGE,上期所,NI,12,12,3,0
20240329,XSGE,上期所,PB,12,12,3,0
20240329,XSGE,上期所,RB,12,12,9,0
20240329,XSGE,上期所,RU,10,10,3,0
20240329,XSGE,上期所,SN,12,12,3,0
20240329,XSGE,上期所,SP,12,12,3,0
20240329,XSGE,上期所,SS,12,12,5,0
20240329,XSGE,上期所,ZN,12,12,3,0
20240329,XSIE,能源中心,BC,12,12,2,0
20240329,XSIE,能源中心,LU,12,12,5,0
20240329,XSIE,能源中心,NR,12,12,4,0
20240329,XSIE,能源中心,SC,20,20,3,0
20240401,XDCE,大商所,A,6,6,3,0
20240401,XDCE,大商所,B,12,12,3,0
20240401,XDCE,大商所,C,6,6,3,0
20240401,XDCE,大商所,CS,6,6,2,0
20240401,XDCE,大商所,EB,12,12,3,0
20240401,XDCE,大商所,EG,12,12,2,0
20240401,XDCE,大商所,I,12,12,5,0
20240401,XDCE,大商所,J,12,12,2,0
20240401,XDCE,大商所,JM,12,12,3,0
20240401,XDCE,大商所,L,12,12,3,0
20240401,XDCE,大商所,M,8,8,7,0
20240401,XDCE,大商所,P,12,12,5,0
20240401,XDCE,大商所,PG,12,12,3,0
20240401,XDCE,大商所,PP,12,12,2,0
20240401,XDCE,大商所,RR,12,12,1,0
20240401,XDCE,大商所,V,12,12,2,0
20240401,XDCE,大商所,Y,8,8,5,0
20240401,XSGE,上期所,AG,12,12,6,0
20240401,XSGE,上期所,AL,12,12,4,0
20240401,XSGE,上期所,AO,12,12,2,0
20240401,XSGE,上期所,AU,8,8,5,0
20240401,XSGE,上期所,BR,12,12,1,0
20240401,XSGE,上期所,BU,16,16,3,0
20240401,XSGE,上期所,CU,12,12,5,0
20240401,XSGE,上期所,FU,12,12,6,0
20240401,XSGE,上期所,HC,12,12,3,0
20240401,XSGE,上期所,NI,12,12,3,0
20240401,XSGE,上期所,PB,12,12,2,0
20240401,XSGE,上期所,RB,12,12,8,0
20240401,XSGE,上期所,RU,10,10,4,0
20240401,XSGE,上期所,SN,12,12,3,0
20240401,XSGE,上期所,SP,12,12,2,0
20240401,XSGE,上期所,SS,12,12,3,0
20240401,XSGE,上期所,ZN,12,12,3,0
20240401,XSIE,能源中心,BC,12,12,1,0
20240401,XSIE,能源中心,LU,12,12,4,0
20240401,XSIE,能源中心,NR,12,12,3,0
20240401,XSIE,能源中心,SC,20,20,2,0
20240402,XDCE,大商所,A,6,6,3,0
20240402,XDCE,大商所,B,12,12,4,0
20240402,XDCE,大商所,C,6,6,5,0
20240402,XDCE,大商所,CS,6,6,2,0
20240402,XDCE,大商所,EB,12,12,3,0
20240402,XDCE,大商所,EG,12,12,3,0
20240402,XDCE,大商所,I,12,12,5,0
20240402,XDCE,大商所,J,12,12,2,0
20240402,XDCE,大商所,JM,12,12,2,0
20240402,XDCE,大商所,L,12,12,3,0
20240402,XDCE,大商所,M,8,8,5,0
20240402,XDCE,大商所,P,12,12,5,0
20240402,XDCE,大商所,PG,12,12,3,0
20240402,XDCE,大商所,PP,12,12,3,0
20240402,XDCE,大商所,RR,12,12,1,0
20240402,XDCE,大商所,V,12,12,4,0
20240402,XDCE,大商所,Y,8,8,4,0
20240402,XSGE,上期所,AG,12,12,7,0
20240402,XSGE,上期所,AL,12,12,3,0
20240402,XSGE,上期所,AO,12,12,2,0
20240402,XSGE,上期所,AU,8,8,4,0
20240402,XSGE,上期所,BR,12,12,2,0
20240402,XSGE,上期所,BU,16,16,4,0
20240402,XSGE,上期所,CU,12,12,4,0
20240402,XSGE,上期所,FU,12,12,9,0
20240402,XSGE,上期所,HC,12,12,4,0
20240402,XSGE,上期所,NI,12,12,4,0
20240402,XSGE,上期所,PB,12,12,3,0
20240402,XSGE,上期所,RB,12,12,9,0
20240402,XSGE,上期所,RU,10,10,3,0
20240402,XSGE,上期所,SN,12,12,4,0
20240402,XSGE,上期所,SP,12,12,3,0
20240402,XSGE,上期所,SS,12,12,3,0
20240402,XSGE,上期所,ZN,12,12,3,0
20240402,XSIE,能源中心,BC,12,12,2,0
20240402,XSIE,能源中心,LU,12,12,3,0
20240402,XSIE,能源中心,NR,12,12,3,0
20240402,XSIE,能源中心,SC,20,20,3,0
20240403,XDCE,大商所,A,6,6,3,0
20240403,XDCE,大商所,B,12,12,4,0
20240403,XDCE,大商所,C,6,6,4,0
20240403,XDCE,大商所,CS,6,6,4,0
20240403,XDCE,大商所,EB,12,12,5,0
20240403,XDCE,大商所,EG,12,12,2,0
20240403,XDCE,大商所,I,12,12,3,0
20240403,XDCE,大商所,J,12,12,2,0
20240403,XDCE,大商所,JM,12,12,2,0
20240403,XDCE,大商所,L,12,12,2,0
20240403,XDCE,大商所,M,8,8,5,0
20240403,XDCE,大商所,P,12,12,5,0
20240403,XDCE,大商所,PG,12,12,5,0
20240403,XDCE,大商所,PP,12,12,2,0
20240403,XDCE,大商所,RR,12,12,1,0
20240403,XDCE,大商所,V,12,12,2,0
20240403,XDCE,大商所,Y,8,8,5,0
20240403,XSGE,上期所,AG,12,12,10,0
20240403,XSGE,上期所,AL,12,12,6,0
20240403,XSGE,上期所,AO,12,12,2,0
20240403,XSGE,上期所,AU,8,8,4,0
20240403,XSGE,上期所,BR,12,12,1,0
20240403,XSGE,上期所,BU,16,16,2,0
20240403,XSGE,上期所,CU,12,12,5,0
20240403,XSGE,上期所,FU,12,12,10,0
20240403,XSGE,上期所,HC,12,12,3,0
20240403,XSGE,上期所,NI,12,12,4,0
20240403,XSGE,上期所,PB,12,12,3,0
20240403,XSGE,上期所,RB,12,12,8,0
20240403,XSGE,上期所,RU,10,10,3,0
20240403,XSGE,上期所,SN,12,12,2,0
20240403,XSGE,上期所,SP,12,12,3,0
20240403,XSGE,上期所,SS,12,12,4,0
20240403,XSGE,上期所,ZN,12,12,4,0
20240403,XSIE,能源中心,BC,12,12,2,0
20240403,XSIE,能源中心,LU,12,12,3,0
20240403,XSIE,能源中心,NR,12,12,3,0
20240403,XSIE,能源中心,SC,20,20,4,0
20240409,XDCE,大商所,A,6,6,3,0
20240409,XDCE,大商所,B,12,12,4,0
20240409,XDCE,大商所,C,6,6,4,0
20240409,XDCE,大商所,CS,6,6,3,0
20240409,XDCE,大商所,EB,12,12,4,0
20240409,XDCE,大商所,EG,12,12,2,0
20240409,XDCE,大商所,I,12,12,6,0
20240409,XDCE,大商所,J,12,12,2,0
20240409,XDCE,大商所,JM,12,12,2,0
20240409,XDCE,大商所,L,12,12,2,0
20240409,XDCE,大商所,M,8,8,4,0
20240409,XDCE,大商所,P,12,12,4,0
20240409,XDCE,大商所,PG,12,12,4,0
20240409,XDCE,大商所,PP,12,12,2,0
20240409,XDCE,大商所,RR,12,12,0,0
20240409,XDCE,大商所,V,12,12,3,0
20240409,XDCE,大商所,Y,8,8,4,0
20240409,XSGE,上期所,AG,12,12,10,0
20240409,XSGE,上期所,AL,12,12,4,0
20240409,XSGE,上期所,AO,12,12,2,0
20240409,XSGE,上期所,AU,8,8,6,0
20240409,XSGE,上期所,BR,12,12,2,0
20240409,XSGE,上期所,BU,16,16,2,0
20240409,XSGE,上期所,CU,12,12,5,0
20240409,XSGE,上期所,FU,12,12,9,0
20240409,XSGE,上期所,HC,12,12,4,0
20240409,XSGE,上期所,NI,12,12,4,0
20240409,XSGE,上期所,PB,12,12,3,0
20240409,XSGE,上期所,RB,12,12,7,0
20240409,XSGE,上期所,RU,10,10,4,0
20240409,XSGE,上期所,SN,12,12,3,0
20240409,XSGE,上期所,SP,12,12,2,0
20240409,XSGE,上期所,SS,12,12,5,0
20240409,XSGE,上期所,ZN,12,12,6,0
20240409,XSIE,能源中心,BC,12,12,2,0
20240409,XSIE,能源中心,LU,12,12,2,0
20240409,XSIE,能源中心,NR,12,12,3,0
20240409,XSIE,能源中心,SC,20,20,3,0
20240410,XDCE,大商所,A,6,6,3,0
20240410,XDCE,大商所,B,12,12,5,0
20240410,XDCE,大商所,C,6,6,4,0
20240410,XDCE,大商所,CS,6,6,2,0
20240410,XDCE,大商所,EB,12,12,3,0
20240410,XDCE,大商所,EG,12,12,2,0
20240410,XDCE,大商所,I,12,12,4,0
20240410,XDCE,大商所,J,12,12,2,0
20240410,XDCE,大商所,JM,12,12,2,0
20240410,XDCE,大商所,L,12,12,3,0
20240410,XDCE,大商所,M,8,8,7,0
20240410,XDCE,大商所,P,12,12,4,0
20240410,XDCE,大商所,PG,12,12,3,0
20240410,XDCE,大商所,PP,12,12,2,0
20240410,XDCE,大商所,RR,12,12,0,0
20240410,XDCE,大商所,V,12,12,4,0
20240410,XDCE,大商所,Y,8,8,5,0
20240410,XSGE,上期所,AG,12,12,10,0
20240410,XSGE,上期所,AL,12,12,5,0
20240410,XSGE,上期所,AO,12,12,2,0
20240410,XSGE,上期所,AU,8,8,5,0
20240410,XSGE,上期所,BR,12,12,2,0
20240410,XSGE,上期所,BU,16,16,2,0
20240410,XSGE,上期所,CU,12,12,7,0
20240410,XSGE,上期所,FU,12,12,9,0
20240410,XSGE,上期所,HC,12,12,3,0
20240410,XSGE,上期所,NI,12,12,4,0
20240410,XSGE,上期所,PB,12,12,3,0
20240410,XSGE,上期所,RB,12,12,8,0
20240410,XSGE,上期所,RU,10,10,3,0
20240410,XSGE,上期所,SN,12,12,4,0
20240410,XSGE,上期所,SP,12,12,2,0
20240410,XSGE,上期所,SS,12,12,5,0
20240410,XSGE,上期所,ZN,12,12,4,0
20240410,XSIE,能源中心,BC,12,12,2,0
20240410,XSIE,能源中心,LU,12,12,3,0
20240410,XSIE,能源中心,NR,12,12,4,0
20240410,XSIE,能源中心,SC,20,20,3,0
20240411,XDCE,大商所,A,6,6,3,0
20240411,XDCE,大商所,B,12,12,3,0
20240411,XDCE,大商所,C,6,6,5,0
20240411,XDCE,大商所,CS,6,6,3,0
20240411,XDCE,大商所,EB,12,12,4,0
20240411,XDCE,大商所,EG,12,12,2,0
20240411,XDCE,大商所,I,12,12,5,0
20240411,XDCE,大商所,J,12,12,2,0
20240411,XDCE,大商所,JM,12,12,2,0
20240411,XDCE,大商所,L,12,12,2,0
20240411,XDCE,大商所,M,8,8,6,0
20240411,XDCE,大商所,P,12,12,3,0
20240411,XDCE,大商所,PG,12,12,3,0
20240411,XDCE,大商所,PP,12,12,3,0
20240411,XDCE,大商所,RR,12,12,1,0
20240411,XDCE,大商所,V,12,12,3,0
20240411,XDCE,大商所,Y,8,8,3,0
20240411,XSGE,上期所,AG,12,12,11,0
20240411,XSGE,上期所,AL,12,12,5,0
20240411,XSGE,上期所,AO,12,12,4,0
20240411,XSGE,上期所,AU,8,8,7,0
20240411,XSGE,上期所,BR,12,12,2,0
20240411,XSGE,上期所,BU,16,16,2,0
20240411,XSGE,上期所,CU,12,12,7,0
20240411,XSGE,上期所,FU,12,12,7,0
20240411,XSGE,上期所,HC,12,12,4,0
20240411,XSGE,上期所,NI,12,12,4,0
20240411,XSGE,上期所,PB,12,12,3,0
20240411,XSGE,上期所,RB,12,12,7,0
20240411,XSGE,上期所,RU,10,10,4,0
20240411,XSGE,上期所,SN,12,12,4,0
20240411,XSGE,上期所,SP,12,12,2,0
20240411,XSGE,上期所,SS,12,12,6,0
20240411,XSGE,上期所,ZN,12,12,4,0
20240411,XSIE,能源中心,BC,12,12,1,0
20240411,XSIE,能源中心,LU,12,12,2,0
20240411,XSIE,能源中心,NR,12,12,3,0
20240411,XSIE,能源中心,SC,20,20,3,0
20240412,XDCE,大商所,A,6,6,3,0
20240412,XDCE,大商所,B,12,12,2,0
20240412,XDCE,大商所,C,6,6,4,0
20240412,XDCE,大商所,CS,6,6,3,0
20240412,XDCE,大商所,EB,12,12,4,0
20240412,XDCE,大商所,EG,12,12,2,0
20240412,XDCE,大商所,I,12,12,4,0
20240412,XDCE,大商所,J,12,12,2,0
20240412,XDCE,大商所,JM,12,12,2,0
20240412,XDCE,大商所,L,12,12,2,0
20240412,XDCE,大商所,M,8,8,5,0
20240412,XDCE,大商所,P,12,12,3,0
20240412,XDCE,大商所,PG,12,12,3,0
20240412,XDCE,大商所,PP,12,12,2,0
20240412,XDCE,大商所,RR,12,12,0,0
20240412,XDCE,大商所,V,12,12,3,0
20240412,XDCE,大商所,Y,8,8,4,0
20240412,XSGE,上期所,AG,12,12,9,0
20240412,XSGE,上期所,AL,12,12,5,0
20240412,XSGE,上期所,AO,12,12,2,0
20240412,XSGE,上期所,AU,8,8,4,0
20240412,XSGE,上期所,BR,12,12,2,0
20240412,XSGE,上期所,BU,16,16,2,0
20240412,XSGE,上期所,CU,12,12,4,0
20240412,XSGE,上期所,FU,12,12,8,0
20240412,XSGE,上期所,HC,12,12,3,0
20240412,XSGE,上期所,NI,12,12,4,0
20240412,XSGE,上期所,PB,12,12,3,0
20240412,XSGE,上期所,RB,12,12,6,0
20240412,XSGE,上期所,RU,10,10,3,0
20240412,XSGE,上期所,SN,12,12,3,0
20240412,XSGE,上期所,SP,12,12,3,0
20240412,XSGE,上期所,SS,12,12,4,0
20240412,XSGE,上期所,ZN,12,12,5,0
20240412,XSIE,能源中心,BC,12,12,2,0
20240412,XSIE,能源中心,LU,12,12,4,0
20240412,XSIE,能源中心,NR,12,12,3,0
20240412,XSIE,能源中心,SC,20,20,3,0
20240415,XDCE,大商所,A,6,6,3,0
20240415,XDCE,大商所,B,12,12,2,0
20240415,XDCE,大商所,C,6,6,4,0
20240415,XDCE,大商所,CS,6,6,3,0
20240415,XDCE,大商所,EB,12,12,4,0
20240415,XDCE,大商所,EG,12,12,2,0
20240415,XDCE,大商所,I,12,12,4,0
20240415,XDCE,大商所,J,12,12,2,0
20240415,XDCE,大商所,JM,12,12,2,0
20240415,XDCE,大商所,L,12,12,4,0
20240415,XDCE,大商所,M,8,8,8,0
20240415,XDCE,大商所,P,12,12,5,0
20240415,XDCE,大商所,PG,12,12,3,0
20240415,XDCE,大商所,PP,12,12,3,0
20240415,XDCE,大商所,RR,12,12,0,0
20240415,XDCE,大商所,V,12,12,5,0
20240415,XDCE,大商所,Y,8,8,5,0
20240415,XSGE,上期所,AG,12,12,8,0
20240415,XSGE,上期所,AL,12,12,4,0
20240415,XSGE,上期所,AO,12,12,2,0
20240415,XSGE,上期所,AU,8,8,4,0
20240415,XSGE,上期所,BR,12,12,2,0
20240415,XSGE,上期所,BU,16,16,3,0
20240415,XSGE,上期所,CU,12,12,6,0
20240415,XSGE,上期所,FU,12,12,9,0
20240415,XSGE,上期所,HC,12,12,3,0
20240415,XSGE,上期所,NI,12,12,4,0
20240415,XSGE,上期所,PB,12,12,3,0
20240415,XSGE,上期所,RB,12,12,10,0
20240415,XSGE,上期所,RU,10,10,3,0
20240415,XSGE,上期所,SN,12,12,3,0
20240415,XSGE,上期所,SP,12,12,2,0
20240415,XSGE,上期所,SS,12,12,3,0
20240415,XSGE,上期所,ZN,12,12,5,0
20240415,XSIE,能源中心,BC,12,12,1,0
20240415,XSIE,能源中心,LU,12,12,4,0
20240415,XSIE,能源中心,NR,12,12,3,0
20240415,XSIE,能源中心,SC,20,20,4,0
20240416,XDCE,大商所,A,6,6,3,0
20240416,XDCE,大商所,B,12,12,3,0
20240416,XDCE,大商所,C,6,6,4,0
20240416,XDCE,大商所,CS,6,6,2,0
20240416,XDCE,大商所,EB,12,12,3,0
20240416,XDCE,大商所,EG,12,12,2,0
20240416,XDCE,大商所,I,12,12,4,0
20240416,XDCE,大商所,J,12,12,2,0
20240416,XDCE,大商所,JM,12,12,2,0
20240416,XDCE,大商所,L,12,12,3,0
20240416,XDCE,大商所,M,8,8,7,0
20240416,XDCE,大商所,P,12,12,3,0
20240416,XDCE,大商所,PG,12,12,4,0
20240416,XDCE,大商所,PP,12,12,3,0
20240416,XDCE,大商所,RR,12,12,1,0
20240416,XDCE,大商所,V,12,12,4,0
20240416,XDCE,大商所,Y,8,8,4,0
20240416,XSGE,上期所,AG,12,12,11,0
20240416,XSGE,上期所,AL,12,12,7,0
20240416,XSGE,上期所,AO,12,12,4,0
20240416,XSGE,上期所,AU,8,8,5,0
20240416,XSGE,上期所,BR,12,12,2,0
20240416,XSGE,上期所,BU,16,16,2,0
20240416,XSGE,上期所,CU,12,12,5,0
20240416,XSGE,上期所,FU,12,12,4,0
20240416,XSGE,上期所,HC,12,12,4,0
20240416,XSGE,上期所,NI,12,12,4,0
20240416,XSGE,上期所,PB,12,12,3,0
20240416,XSGE,上期所,RB,12,12,8,0
20240416,XSGE,上期所,RU,10,10,3,0
20240416,XSGE,上期所,SN,12,12,2,0
20240416,XSGE,上期所,SP,12,12,5,0
20240416,XSGE,上期所,SS,12,12,4,0
20240416,XSGE,上期所,ZN,12,12,4,0
20240416,XSIE,能源中心,BC,12,12,2,0
20240416,XSIE,能源中心,LU,12,12,4,0
20240416,XSIE,能源中心,NR,12,12,3,0
20240416,XSIE,能源中心,SC,20,20,2,0
20240417,XDCE,大商所,A,6,6,3,0
20240417,XDCE,大商所,B,12,12,2,0
20240417,XDCE,大商所,C,6,6,4,0
20240417,XDCE,大商所,CS,6,6,3,0
20240417,XDCE,大商所,EB,12,12,4,0
20240417,XDCE,大商所,EG,12,12,2,0
20240417,XDCE,大商所,I,12,12,4,0
20240417,XDCE,大商所,J,12,12,3,0
20240417,XDCE,大商所,JM,12,12,4,0
20240417,XDCE,大商所,L,12,12,2,0
20240417,XDCE,大商所,M,8,8,5,0
20240417,XDCE,大商所,P,12,12,5,0
20240417,XDCE,大商所,PG,12,12,3,0
20240417,XDCE,大商所,PP,12,12,4,0
20240417,XDCE,大商所,RR,12,12,1,0
20240417,XDCE,大商所,V,12,12,4,0
20240417,XDCE,大商所,Y,8,8,3,0
20240417,XSGE,上期所,AG,12,12,8,0
20240417,XSGE,上期所,AL,12,12,3,0
20240417,XSGE,上期所,AO,12,12,2,0
20240417,XSGE,上期所,AU,8,8,4,0
20240417,XSGE,上期所,BR,12,12,2,0
20240417,XSGE,上期所,BU,16,16,2,0
20240417,XSGE,上期所,CU,12,12,6,0
20240417,XSGE,上期所,FU,12,12,10,0
20240417,XSGE,上期所,HC,12,12,3,0
20240417,XSGE,上期所,NI,12,12,4,0
20240417,XSGE,上期所,PB,12,12,3,0
20240417,XSGE,上期所,RB,12,12,7,0
20240417,XSGE,上期所,RU,10,10,3,0
20240417,XSGE,上期所,SN,12,12,4,0
20240417,XSGE,上期所,SP,12,12,2,0
20240417,XSGE,上期所,SS,12,12,3,0
20240417,XSGE,上期所,ZN,12,12,4,0
20240417,XSIE,能源中心,BC,12,12,1,0
20240417,XSIE,能源中心,LU,12,12,4,0
20240417,XSIE,能源中心,NR,12,12,3,0
20240417,XSIE,能源中心,SC,20,20,3,0
20240418,XDCE,大商所,A,6,6,3,0
20240418,XDCE,大商所,B,12,12,2,0
20240418,XDCE,大商所,C,6,6,4,0
20240418,XDCE,大商所,CS,6,6,3,0
20240418,XDCE,大商所,EB,12,12,4,0
20240418,XDCE,大商所,EG,12,12,2,0
20240418,XDCE,大商所,I,12,12,5,0
20240418,XDCE,大商所,J,12,12,2,0
20240418,XDCE,大商所,JM,12,12,3,0
20240418,XDCE,大商所,L,12,12,3,0
20240418,XDCE,大商所,M,8,8,6,0
20240418,XDCE,大商所,P,12,12,5,0
20240418,XDCE,大商所,PG,12,12,3,0
20240418,XDCE,大商所,PP,12,12,3,0
20240418,XDCE,大商所,RR,12,12,0,0
20240418,XDCE,大商所,V,12,12,5,0
20240418,XDCE,大商所,Y,8,8,4,0
20240418,XSGE,上期所,AG,12,12,6,0
20240418,XSGE,上期所,AL,12,12,4,0
20240418,XSGE,上期所,AO,12,12,3,0
20240418,XSGE,上期所,AU,8,8,4,0
20240418,XSGE,上期所,BR,12,12,2,0
20240418,XSGE,上期所,BU,16,16,2,0
20240418,XSGE,上期所,CU,12,12,6,0
20240418,XSGE,上期所,FU,12,12,10,0
20240418,XSGE,上期所,HC,12,12,3,0
20240418,XSGE,上期所,NI,12,12,4,0
20240418,XSGE,上期所,PB,12,12,3,0
20240418,XSGE,上期所,RB,12,12,5,0
20240418,XSGE,上期所,RU,10,10,3,0
20240418,XSGE,上期所,SN,12,12,3,0
20240418,XSGE,上期所,SP,12,12,2,0
20240418,XSGE,上期所,SS,12,12,3,0
20240418,XSGE,上期所,ZN,12,12,3,0
20240418,XSIE,能源中心,BC,12,12,1,0
20240418,XSIE,能源中心,LU,12,12,4,0
20240418,XSIE,能源中心,NR,12,12,3,0
20240418,XSIE,能源中心,SC,20,20,4,0
20240419,XDCE,大商所,A,6,6,4,0
20240419,XDCE,大商所,B,12,12,4,0
20240419,XDCE,大商所,C,6,6,4,0
20240419,XDCE,大商所,CS,6,6,3,0
20240419,XDCE,大商所,EB,12,12,3,0
20240419,XDCE,大商所,EG,12,12,3,0
20240419,XDCE,大商所,I,12,12,4,0
20240419,XDCE,大商所,J,12,12,2,0
20240419,XDCE,大商所,JM,12,12,3,0
20240419,XDCE,大商所,L,12,12,5,0
20240419,XDCE,大商所,M,8,8,8,0
20240419,XDCE,大商所,P,12,12,5,0
20240419,XDCE,大商所,PG,12,12,3,0
20240419,XDCE,大商所,PP,12,12,3,0
20240419,XDCE,大商所,RR,12,12,0,0
20240419,XDCE,大商所,V,12,12,5,0
20240419,XDCE,大商所,Y,8,8,5,0
20240419,XSGE,上期所,AG,12,12,5,0
20240419,XSGE,上期所,AL,12,12,3,0
20240419,XSGE,上期所,AO,12,12,3,0
20240419,XSGE,上期所,AU,8,8,3,0
20240419,XSGE,上期所,BR,12,12,1,0
20240419,XSGE,上期所,BU,16,16,2,0
20240419,XSGE,上期所,CU,12,12,7,0
20240419,XSGE,上期所,FU,12,12,8,0
20240419,XSGE,上期所,HC,12,12,2,0
20240419,XSGE,上期所,NI,12,12,4,0
20240419,XSGE,上期所,PB,12,12,3,0
20240419,XSGE,上期所,RB,12,12,5,0
20240419,XSGE,上期所,RU,10,10,3,0
20240419,XSGE,上期所,SN,12,12,4,0
20240419,XSGE,上期所,SP,12,12,3,0
20240419,XSGE,上期所,SS,12,12,4,0
20240419,XSGE,上期所,ZN,12,12,4,0
20240419,XSIE,能源中心,BC,12,12,1,0
20240419,XSIE,能源中心,LU,12,12,5,0
20240419,XSIE,能源中心,NR,12,12,2,0
20240419,XSIE,能源中心,SC,20,20,2,0
20240422,XDCE,大商所,A,6,6,3,0
20240422,XDCE,大商所,B,12,12,3,0
20240422,XDCE,大商所,C,6,6,3,0
20240422,XDCE,大商所,CS,6,6,3,0
20240422,XDCE,大商所,EB,12,12,4,0
20240422,XDCE,大商所,EG,12,12,3,0
20240422,XDCE,大商所,I,12,12,5,0
20240422,XDCE,大商所,J,12,12,2,0
20240422,XDCE,大商所,JM,12,12,3,0
20240422,XDCE,大商所,L,12,12,4,0
20240422,XDCE,大商所,M,8,8,7,0
20240422,XDCE,大商所,P,12,12,6,0
20240422,XDCE,大商所,PG,12,12,4,0
20240422,XDCE,大商所,PP,12,12,3,0
20240422,XDCE,大商所,RR,12,12,0,0
20240422,XDCE,大商所,V,12,12,5,0
20240422,XDCE,大商所,Y,8,8,7,0
20240422,XSGE,上期所,AG,12,12,9,0
20240422,XSGE,上期所,AL,12,12,3,0
20240422,XSGE,上期所,AO,12,12,2,0
20240422,XSGE,上期所,AU,8,8,4,0
20240422,XSGE,上期所,BR,12,12,2,0
20240422,XSGE,上期所,BU,16,16,2,0
20240422,XSGE,上期所,CU,12,12,8,0
20240422,XSGE,上期所,FU,12,12,11,0
20240422,XSGE,上期所,HC,12,12,3,0
20240422,XSGE,上期所,NI,12,12,4,0
20240422,XSGE,上期所,PB,12,12,3,0
20240422,XSGE,上期所,RB,12,12,7,0
20240422,XSGE,上期所,RU,10,10,3,0
20240422,XSGE,上期所,SN,12,12,4,0
20240422,XSGE,上期所,SP,12,12,2,0
20240422,XSGE,上期所,SS,12,12,5,0
20240422,XSGE,上期所,ZN,12,12,4,0
20240422,XSIE,能源中心,BC,12,12,1,0
20240422,XSIE,能源中心,LU,12,12,5,0
20240422,XSIE,能源中心,NR,12,12,3,0
20240422,XSIE,能源中心,SC,20,20,3,0
20240423,XDCE,大商所,A,6,6,3,0
20240423,XDCE,大商所,B,12,12,2,0
20240423,XDCE,大商所,C,6,6,4,0
20240423,XDCE,大商所,CS,6,6,3,0
20240423,XDCE,大商所,EB,12,12,4,0
20240423,XDCE,大商所,EG,12,12,3,0
20240423,XDCE,大商所,I,12,12,5,0
20240423,XDCE,大商所,J,12,12,3,0
20240423,XDCE,大商所,JM,12,12,4,0
20240423,XDCE,大商所,L,12,12,3,0
20240423,XDCE,大商所,M,8,8,4,0
20240423,XDCE,大商所,P,12,12,5,0
20240423,XDCE,大商所,PG,12,12,4,0
20240423,XDCE,大商所,PP,12,12,3,0
20240423,XDCE,大商所,RR,12,12,0,0
20240423,XDCE,大商所,V,12,12,4,0
20240423,XDCE,大商所,Y,8,8,5,0
20240423,XSGE,上期所,AG,12,12,12,0
20240423,XSGE,上期所,AL,12,12,4,0
20240423,XSGE,上期所,AO,12,12,3,0
20240423,XSGE,上期所,AU,8,8,6,0
20240423,XSGE,上期所,BR,12,12,2,0
20240423,XSGE,上期所,BU,16,16,2,0
20240423,XSGE,上期所,CU,12,12,6,0
20240423,XSGE,上期所,FU,12,12,10,0
20240423,XSGE,上期所,HC,12,12,3,0
20240423,XSGE,上期所,NI,12,12,4,0
20240423,XSGE,上期所,PB,12,12,3,0
20240423,XSGE,上期所,RB,12,12,4,0
20240423,XSGE,上期所,RU,10,10,3,0
20240423,XSGE,上期所,SN,12,12,3,0
20240423,XSGE,上期所,SP,12,12,2,0
20240423,XSGE,上期所,SS,12,12,4,0
20240423,XSGE,上期所,ZN,12,12,5,0
20240423,XSIE,能源中心,BC,12,12,1,0
20240423,XSIE,能源中心,LU,12,12,4,0
20240423,XSIE,能源中心,NR,12,12,3,0
20240423,XSIE,能源中心,SC,20,20,5,0
20240424,XDCE,大商所,A,6,6,3,0
20240424,XDCE,大商所,B,12,12,5,0
20240424,XDCE,大商所,C,6,6,4,0
20240424,XDCE,大商所,CS,6,6,3,0
20240424,XDCE,大商所,EB,12,12,4,0
20240424,XDCE,大商所,EG,12,12,4,0
20240424,XDCE,大商所,I,12,12,10,0
20240424,XDCE,大商所,J,12,12,2,0
20240424,XDCE,大商所,JM,12,12,3,0
20240424,XDCE,大商所,L,12,12,3,0
20240424,XDCE,大商所,M,8,8,7,0
20240424,XDCE,大商所,P,12,12,6,0
20240424,XDCE,大商所,PG,12,12,5,0
20240424,XDCE,大商所,PP,12,12,3,0
20240424,XDCE,大商所,RR,12,12,0,0
20240424,XDCE,大商所,V,12,12,4,0
20240424,XDCE,大商所,Y,8,8,4,0
20240424,XSGE,上期所,AG,12,12,11,0
20240424,XSGE,上期所,AL,12,12,8,0
20240424,XSGE,上期所,AO,12,11,3,0
20240424,XSGE,上期所,AU,8,8,4,0
20240424,XSGE,上期所,BR,12,12,2,0
20240424,XSGE,上期所,BU,16,16,4,0
20240424,XSGE,上期所,CU,12,12,11,0
20240424,XSGE,上期所,FU,12,12,10,0
20240424,XSGE,上期所,HC,12,12,3,0
20240424,XSGE,上期所,NI,12,12,4,0
20240424,XSGE,上期所,PB,12,12,5,0
20240424,XSGE,上期所,RB,12,12,4,0
20240424,XSGE,上期所,RU,10,10,5,0
20240424,XSGE,上期所,SN,12,12,7,0
20240424,XSGE,上期所,SP,12,12,3,0
20240424,XSGE,上期所,SS,12,12,5,0
20240424,XSGE,上期所,ZN,12,12,5,0
20240424,XSIE,能源中心,BC,12,12,3,0
20240424,XSIE,能源中心,LU,12,12,5,0
20240424,XSIE,能源中心,NR,12,12,3,0
20240424,XSIE,能源中心,SC,20,20,4,0
20240425,XDCE,大商所,A,6,6,4,0
20240425,XDCE,大商所,B,12,12,3,0
20240425,XDCE,大商所,C,6,6,4,0
20240425,XDCE,大商所,CS,6,6,3,0
20240425,XDCE,大商所,EB,12,12,3,0
20240425,XDCE,大商所,EG,12,12,3,0
20240425,XDCE,大商所,I,12,12,6,0
20240425,XDCE,大商所,J,12,12,2,0
20240425,XDCE,大商所,JM,12,12,2,0
20240425,XDCE,大商所,L,12,12,3,0
20240425,XDCE,大商所,M,8,8,5,0
20240425,XDCE,大商所,P,12,12,6,0
20240425,XDCE,大商所,PG,12,12,3,0
20240425,XDCE,大商所,PP,12,12,2,0
20240425,XDCE,大商所,RR,12,12,0,0
20240425,XDCE,大商所,V,12,12,4,0
20240425,XDCE,大商所,Y,8,8,5,0
20240425,XSGE,上期所,AG,12,12,7,0
20240425,XSGE,上期所,AL,12,12,3,0
20240425,XSGE,上期所,AO,12,12,3,0
20240425,XSGE,上期所,AU,8,8,6,0
20240425,XSGE,上期所,BR,12,12,3,0
20240425,XSGE,上期所,BU,16,16,4,0
20240425,XSGE,上期所,CU,12,12,5,0
20240425,XSGE,上期所,FU,12,12,8,0
20240425,XSGE,上期所,HC,12,12,4,0
20240425,XSGE,上期所,NI,12,12,4,0
20240425,XSGE,上期所,PB,12,12,3,0
20240425,XSGE,上期所,RB,12,12,5,0
20240425,XSGE,上期所,RU,10,10,4,0
20240425,XSGE,上期所,SN,12,12,4,0
20240425,XSGE,上期所,SP,12,12,6,0
20240425,XSGE,上期所,SS,12,12,3,0
20240425,XSGE,上期所,ZN,12,12,4,0
20240425,XSIE,能源中心,BC,12,12,4,0
20240425,XSIE,能源中心,LU,12,12,4,0
20240425,XSIE,能源中心,NR,12,12,3,0
20240425,XSIE,能源中心,SC,20,20,6,0
20240426,XDCE,大商所,A,6,6,3,0
20240426,XDCE,大商所,B,12,12,3,0
20240426,XDCE,大商所,C,6,6,5,0
20240426,XDCE,大商所,CS,6,6,2,0
20240426,XDCE,大商所,EB,12,12,3,0
20240426,XDCE,大商所,EG,12,12,4,0
20240426,XDCE,大商所,I,12,12,5,0
20240426,XDCE,大商所,J,12,12,2,0
20240426,XDCE,大商所,JM,12,12,3,0
20240426,XDCE,大商所,L,12,12,3,0
20240426,XDCE,大商所,M,8,8,4,0
20240426,XDCE,大商所,P,12,12,5,0
20240426,XDCE,大商所,PG,12,12,4,0
20240426,XDCE,大商所,PP,12,12,4,0
20240426,XDCE,大商所,RR,12,12,0,0
20240426,XDCE,大商所,V,12,12,4,0
20240426,XDCE,大商所,Y,8,8,4,0
20240426,XSGE,上期所,AG,12,12,11,0
20240426,XSGE,上期所,AL,12,12,7,0
20240426,XSGE,上期所,AO,12,12,3,0
20240426,XSGE,上期所,AU,8,8,7,0
20240426,XSGE,上期所,BR,12,12,2,0
20240426,XSGE,上期所,BU,16,16,3,0
20240426,XSGE,上期所,CU,12,12,8,0
20240426,XSGE,上期所,FU,12,12,9,0
20240426,XSGE,上期所,HC,12,12,3,0
20240426,XSGE,上期所,NI,12,12,5,0
20240426,XSGE,上期所,PB,12,12,5,0
20240426,XSGE,上期所,RB,12,12,6,0
20240426,XSGE,上期所,RU,10,10,4,0
20240426,XSGE,上期所,SN,12,12,4,0
20240426,XSGE,上期所,SP,12,12,3,0
20240426,XSGE,上期所,SS,12,12,3,0
20240426,XSGE,上期所,ZN,12,12,5,0
20240426,XSIE,能源中心,BC,12,12,2,0
20240426,XSIE,能源中心,LU,12,12,5,0
20240426,XSIE,能源中心,NR,12,12,4,0
20240426,XSIE,能源中心,SC,20,20,2,0
20240429,XDCE,大商所,A,6,6,3,0
20240429,XDCE,大商所,B,12,12,4,0
20240429,XDCE,大商所,C,6,6,4,0
20240429,XDCE,大商所,CS,6,6,2,0
20240429,XDCE,大商所,EB,12,12,4,0
20240429,XDCE,大商所,EG,12,12,6,0
20240429,XDCE,大商所,I,12,12,5,0
20240429,XDCE,大商所,J,12,12,2,0
20240429,XDCE,大商所,JM,12,12,2,0
20240429,XDCE,大商所,L,12,12,2,0
20240429,XDCE,大商所,M,8,8,6,0
20240429,XDCE,大商所,P,12,12,4,0
20240429,XDCE,大商所,PG,12,12,7,0
20240429,XDCE,大商所,PP,12,12,4,0
20240429,XDCE,大商所,RR,12,12,0,0
20240429,XDCE,大商所,V,12,12,7,0
20240429,XDCE,大商所,Y,8,8,6,0
20240429,XSGE,上期所,AG,12,12,8,0
20240429,XSGE,上期所,AL,12,12,4,0
20240429,XSGE,上期所,AO,12,11,5,0
20240429,XSGE,上期所,AU,8,8,4,0
20240429,XSGE,上期所,BR,12,12,2,0
20240429,XSGE,上期所,BU,16,16,3,0
20240429,XSGE,上期所,CU,12,12,6,0
20240429,XSGE,上期所,FU,12,12,10,0
20240429,XSGE,上期所,HC,12,12,4,0
20240429,XSGE,上期所,NI,12,12,5,0
20240429,XSGE,上期所,PB,12,12,3,0
20240429,XSGE,上期所,RB,12,12,7,0
20240429,XSGE,上期所,RU,10,10,4,0
20240429,XSGE,上期所,SN,12,12,6,0
20240429,XSGE,上期所,SP,12,12,2,0
20240429,XSGE,上期所,SS,12,12,3,0
20240429,XSGE,上期所,ZN,12,12,5,0
20240429,XSIE,能源中心,BC,12,12,1,0
20240429,XSIE,能源中心,LU,12,12,3,0
20240429,XSIE,能源中心,NR,12,12,3,0
20240429,XSIE,能源中心,SC,20,20,3,0
20240430,XDCE,大商所,A,6,6,3,0
20240430,XDCE,大商所,B,12,12,4,0
20240430,XDCE,大商所,C,6,6,3,0
20240430,XDCE,大商所,CS,6,6,2,0
20240430,XDCE,大商所,EB,12,12,4,0
20240430,XDCE,大商所,EG,12,12,3,0
20240430,XDCE,大商所,I,12,12,5,0
20240430,XDCE,大商所,J,12,12,2,0
20240430,XDCE,大商所,JM,12,12,3,0
20240430,XDCE,大商所,L,12,12,3,0
20240430,XDCE,大商所,M,8,8,7,0
20240430,XDCE,大商所,P,12,12,4,0
20240430,XDCE,大商所,PG,12,12,3,0
20240430,XDCE,大商所,PP,12,12,3,0
20240430,XDCE,大商所,RR,12,12,0,0
20240430,XDCE,大商所,V,12,12,4,0
20240430,XDCE,大商所,Y,8,8,4,0
20240430,XSGE,上期所,AG,12,12,6,0
20240430,XSGE,上期所,AL,12,12,5,0
20240430,XSGE,上期所,AO,12,12,4,0
20240430,XSGE,上期所,AU,8,8,3,0
20240430,XSGE,上期所,BR,12,12,2,0
20240430,XSGE,上期所,BU,16,16,2,0
20240430,XSGE,上期所,CU,12,12,5,0
20240430,XSGE,上期所,FU,12,12,10,0
20240430,XSGE,上期所,HC,12,12,3,0
20240430,XSGE,上期所,NI,12,12,5,0
20240430,XSGE,上期所,PB,12,12,2,0
20240430,XSGE,上期所,RB,12,12,6,0
20240430,XSGE,上期所,RU,10,10,2,0
20240430,XSGE,上期所,SN,12,12,3,0
20240430,XSGE,上期所,SP,12,12,4,0
20240430,XSGE,上期所,SS,12,12,5,0
20240430,XSGE,上期所,ZN,12,12,5,0
20240430,XSIE,能源中心,BC,12,12,1,0
20240430,XSIE,能源中心,LU,12,12,4,0
20240430,XSIE,能源中心,NR,12,12,3,0
20240430,XSIE,能源中心,SC,20,20,2,0
20240507,XDCE,大商所,A,6,6,3,0
20240507,XDCE,大商所,B,12,12,2,0
20240507,XDCE,大商所,C,6,6,3,0
20240507,XDCE,大商所,CS,6,6,3,0
20240507,XDCE,大商所,EB,12,12,4,0
20240507,XDCE,大商所,EG,12,12,3,0
20240507,XDCE,大商所,I,12,12,4,0
20240507,XDCE,大商所,J,12,12,1,0
20240507,XDCE,大商所,JM,12,12,2,0
20240507,XDCE,大商所,L,12,12,2,0
20240507,XDCE,大商所,M,8,8,8,0
20240507,XDCE,大商所,P,12,12,2,0
20240507,XDCE,大商所,PG,12,12,4,0
20240507,XDCE,大商所,PP,12,12,3,0
20240507,XDCE,大商所,RR,12,12,0,0
20240507,XDCE,大商所,V,12,12,3,0
20240507,XDCE,大商所,Y,8,8,3,0
20240507,XSGE,上期所,AG,12,12,9,0
20240507,XSGE,上期所,AL,12,12,3,0
20240507,XSGE,上期所,AO,12,12,3,0
20240507,XSGE,上期所,AU,8,8,5,0
20240507,XSGE,上期所,BR,12,12,2,0
20240507,XSGE,上期所,BU,16,16,2,0
20240507,XSGE,上期所,CU,12,12,4,0
20240507,XSGE,上期所,FU,12,12,8,0
20240507,XSGE,上期所,HC,12,12,2,0
20240507,XSGE,上期所,NI,12,12,4,0
20240507,XSGE,上期所,PB,12,12,3,0
20240507,XSGE,上期所,RB,12,12,6,0
20240507,XSGE,上期所,RU,10,10,3,0
20240507,XSGE,上期所,SN,12,12,4,0
20240507,XSGE,上期所,SP,12,12,2,0
20240507,XSGE,上期所,SS,12,12,4,0
20240507,XSGE,上期所,ZN,12,12,4,0
20240507,XSIE,能源中心,BC,12,12,1,0
20240507,XSIE,能源中心,LU,12,12,4,0
20240507,XSIE,能源中心,NR,12,12,2,0
20240507,XSIE,能源中心,SC,20,20,2,0
20240508,XDCE,大商所,A,6,6,3,0
20240508,XDCE,大商所,B,12,12,5,0
20240508,XDCE,大商所,C,6,6,5,0
20240508,XDCE,大商所,CS,6,6,2,0
20240508,XDCE,大商所,EB,12,12,4,0
20240508,XDCE,大商所,EG,12,12,3,0
20240508,XDCE,大商所,I,12,12,6,0
20240508,XDCE,大商所,J,12,12,2,0
20240508,XDCE,大商所,JM,12,12,2,0
20240508,XDCE,大商所,L,12,12,3,0
20240508,XDCE,大商所,M,8,8,6,0
20240508,XDCE,大商所,P,12,12,4,0
20240508,XDCE,大商所,PG,12,12,3,0
20240508,XDCE,大商所,PP,12,12,3,0
20240508,XDCE,大商所,RR,12,12,1,0
20240508,XDCE,大商所,V,12,12,4,0
20240508,XDCE,大商所,Y,8,8,6,0
20240508,XSGE,上期所,AG,12,12,6,0
20240508,XSGE,上期所,AL,12,12,4,0
20240508,XSGE,上期所,AO,12,12,2,0
20240508,XSGE,上期所,AU,8,8,4,0
20240508,XSGE,上期所,BR,12,12,2,0
20240508,XSGE,上期所,BU,16,16,4,0
20240508,XSGE,上期所,CU,12,12,6,0
20240508,XSGE,上期所,FU,12,12,9,0
20240508,XSGE,上期所,HC,12,12,3,0
20240508,XSGE,上期所,NI,12,12,4,0
20240508,XSGE,上期所,PB,12,12,3,0
20240508,XSGE,上期所,RB,12,12,4,0
20240508,XSGE,上期所,RU,10,10,3,0
20240508,XSGE,上期所,SN,12,12,4,0
20240508,XSGE,上期所,SP,12,12,3,0
20240508,XSGE,上期所,SS,12,12,5,0
20240508,XSGE,上期所,ZN,12,12,5,0
20240508,XSIE,能源中心,BC,12,12,2,0
20240508,XSIE,能源中心,LU,12,12,5,0
20240508,XSIE,能源中心,NR,12,12,3,0
20240508,XSIE,能源中心,SC,20,20,3,0
20240509,XDCE,大商所,A,6,6,3,0
20240509,XDCE,大商所,B,12,12,5,0
20240509,XDCE,大商所,C,6,6,4,0
20240509,XDCE,大商所,CS,6,6,2,0
20240509,XDCE,大商所,EB,12,12,3,0
20240509,XDCE,大商所,EG,12,12,2,0
20240509,XDCE,大商所,I,12,12,4,0
20240509,XDCE,大商所,J,12,12,1,0
20240509,XDCE,大商所,JM,12,12,2,0
20240509,XDCE,大商所,L,12,12,4,0
20240509,XDCE,大商所,M,8,8,6,0
20240509,XDCE,大商所,P,12,12,4,0
20240509,XDCE,大商所,PG,12,12,3,0
20240509,XDCE,大商所,PP,12,12,3,0
20240509,XDCE,大商所,RR,12,12,0,0
20240509,XDCE,大商所,V,12,12,6,0
20240509,XDCE,大商所,Y,8,8,4,0
20240509,XSGE,上期所,AG,12,12,3,0
20240509,XSGE,上期所,AL,12,12,4,0
20240509,XSGE,上期所,AO,12,12,3,0
20240509,XSGE,上期所,AU,8,8,4,0
20240509,XSGE,上期所,BR,12,12,2,0
20240509,XSGE,上期所,BU,16,16,3,0
20240509,XSGE,上期所,CU,12,12,7,0
20240509,XSGE,上期所,FU,12,12,7,0
20240509,XSGE,上期所,HC,12,12,3,0
20240509,XSGE,上期所,NI,12,12,4,0
20240509,XSGE,上期所,PB,12,12,3,0
20240509,XSGE,上期所,RB,12,12,5,0
20240509,XSGE,上期所,RU,10,10,2,0
20240509,XSGE,上期所,SN,12,12,5,0
20240509,XSGE,上期所,SP,12,12,2,0
20240509,XSGE,上期所,SS,12,12,4,0
20240509,XSGE,上期所,ZN,12,12,4,0
20240509,XSIE,能源中心,BC,12,12,1,0
20240509,XSIE,能源中心,LU,12,12,3,0
20240509,XSIE,能源中心,NR,12,12,2,0
20240509,XSIE,能源中心,SC,20,20,3,0
20240510,XDCE,大商所,A,6,6,3,0
20240510,XDCE,大商所,B,12,12,5,0
20240510,XDCE,大商所,C,6,6,5,0
20240510,XDCE,大商所,CS,6,6,2,0
20240510,XDCE,大商所,EB,12,12,3,0
20240510,XDCE,大商所,EG,12,12,3,0
20240510,XDCE,大商所,I,12,12,6,0
20240510,XDCE,大商所,J,12,12,2,0
20240510,XDCE,大商所,JM,12,12,2,0
20240510,XDCE,大商所,L,12,12,2,0
20240510,XDCE,大商所,M,8,8,7,0
20240510,XDCE,大商所,P,12,12,8,0
20240510,XDCE,大商所,PG,12,12,3,0
20240510,XDCE,大商所,PP,12,12,3,0
20240510,XDCE,大商所,RR,12,12,0,0
20240510,XDCE,大商所,V,12,12,4,0
20240510,XDCE,大商所,Y,8,8,4,0
20240510,XSGE,上期所,AG,12,12,11,0
20240510,XSGE,上期所,AL,12,12,3,0
20240510,XSGE,上期所,AO,12,12,3,0
20240510,XSGE,上期所,AU,8,8,6,0
20240510,XSGE,上期所,BR,12,12,2,0
20240510,XSGE,上期所,BU,16,16,3,0
20240510,XSGE,上期所,CU,12,12,6,0
20240510,XSGE,上期所,FU,12,12,5,0
20240510,XSGE,上期所,HC,12,12,4,0
20240510,XSGE,上期所,NI,12,12,3,0
20240510,XSGE,上期所,PB,12,12,3,0
20240510,XSGE,上期所,RB,12,12,6,0
20240510,XSGE,上期所,RU,10,10,2,0
20240510,XSGE,上期所,SN,12,12,4,0
20240510,XSGE,上期所,SP,12,12,2,0
20240510,XSGE,上期所,SS,12,12,3,0
20240510,XSGE,上期所,ZN,12,12,4,0
20240510,XSIE,能源中心,BC,12,12,2,0
20240510,XSIE,能源中心,LU,12,12,7,0
20240510,XSIE,能源中心,NR,12,12,3,0
20240510,XSIE,能源中心,SC,20,20,5,0
20240513,XDCE,大商所,A,6,6,2,0
20240513,XDCE,大商所,B,12,12,5,0
20240513,XDCE,大商所,C,6,6,4,0
20240513,XDCE,大商所,CS,6,6,3,0
20240513,XDCE,大商所,EB,12,12,7,0
20240513,XDCE,大商所,EG,12,12,7,0
20240513,XDCE,大商所,I,12,12,4,0
20240513,XDCE,大商所,J,12,12,1,0
20240513,XDCE,大商所,JM,12,12,2,0
20240513,XDCE,大商所,L,12,12,4,0
20240513,XDCE,大商所,M,8,8,8,0
20240513,XDCE,大商所,P,12,12,6,0
20240513,XDCE,大商所,PG,12,12,7,0
20240513,XDCE,大商所,PP,12,12,6,0
20240513,XDCE,大商所,RR,12,12,0,0
20240513,XDCE,大商所,V,12,12,5,0
20240513,XDCE,大商所,Y,8,8,5,0
20240513,XSGE,上期所,AG,12,12,10,0
20240513,XSGE,上期所,AL,12,12,4,0
20240513,XSGE,上期所,AO,12,11,4,0
20240513,XSGE,上期所,AU,8,8,5,0
20240513,XSGE,上期所,BR,12,12,2,0
20240513,XSGE,上期所,BU,16,16,3,0
20240513,XSGE,上期所,CU,12,12,7,0
20240513,XSGE,上期所,FU,12,12,4,0
20240513,XSGE,上期所,HC,12,12,2,0
20240513,XSGE,上期所,NI,12,12,5,0
20240513,XSGE,上期所,PB,12,12,4,0
20240513,XSGE,上期所,RB,12,12,5,0
20240513,XSGE,上期所,RU,10,10,4,0
20240513,XSGE,上期所,SN,12,12,6,0
20240513,XSGE,上期所,SP,12,12,3,0
20240513,XSGE,上期所,SS,12,12,5,0
20240513,XSGE,上期所,ZN,12,12,3,0
20240513,XSIE,能源中心,BC,12,12,2,0
20240513,XSIE,能源中心,LU,12,12,2,0
20240513,XSIE,能源中心,NR,12,12,4,0
20240513,XSIE,能源中心,SC,20,20,3,0
20240514,XDCE,大商所,A,6,6,3,0
20240514,XDCE,大商所,B,12,12,2,0
20240514,XDCE,大商所,C,6,6,3,0
20240514,XDCE,大商所,CS,6,6,2,0
20240514,XDCE,大商所,EB,12,12,6,0
20240514,XDCE,大商所,EG,12,12,2,0
20240514,XDCE,大商所,I,12,12,4,0
20240514,XDCE,大商所,J,12,12,1,0
20240514,XDCE,大商所,JM,12,12,2,0
20240514,XDCE,大商所,L,12,12,2,0
20240514,XDCE,大商所,M,8,8,5,0
20240514,XDCE,大商所,P,12,12,4,0
20240514,XDCE,大商所,PG,12,12,3,0
20240514,XDCE,大商所,PP,12,12,2,0
20240514,XDCE,大商所,RR,12,12,0,0
20240514,XDCE,大商所,V,12,12,5,0
20240514,XDCE,大商所,Y,8,8,3,0
20240514,XSGE,上期所,AG,12,12,11,0
20240514,XSGE,上期所,AL,12,12,6,0
20240514,XSGE,上期所,AO,12,11,2,0
20240514,XSGE,上期所,AU,8,8,4,0
20240514,XSGE,上期所,BR,12,12,2,0
20240514,XSGE,上期所,BU,16,16,3,0
20240514,XSGE,上期所,CU,12,12,7,0
20240514,XSGE,上期所,FU,12,12,11,0
20240514,XSGE,上期所,HC,12,12,4,0
20240514,XSGE,上期所,NI,12,12,4,0
20240514,XSGE,上期所,PB,12,12,3,0
20240514,XSGE,上期所,RB,12,12,7,0
20240514,XSGE,上期所,RU,10,10,2,0
20240514,XSGE,上期所,SN,12,12,4,0
20240514,XSGE,上期所,SP,12,12,5,0
20240514,XSGE,上期所,SS,12,12,4,0
20240514,XSGE,上期所,ZN,12,12,4,0
20240514,XSIE,能源中心,BC,12,12,2,0
20240514,XSIE,能源中心,LU,12,12,4,0
20240514,XSIE,能源中心,NR,12,12,4,0
20240514,XSIE,能源中心,SC,20,20,2,0
20240515,XDCE,大商所,A,6,6,4,0
20240515,XDCE,大商所,B,12,12,5,0
20240515,XDCE,大商所,C,6,6,5,0
20240515,XDCE,大商所,CS,6,6,3,0
20240515,XDCE,大商所,EB,12,12,5,0
20240515,XDCE,大商所,EG,12,12,6,0
20240515,XDCE,大商所,I,12,12,4,0
20240515,XDCE,大商所,J,12,12,1,0
20240515,XDCE,大商所,JM,12,12,2,0
20240515,XDCE,大商所,L,12,12,2,0
20240515,XDCE,大商所,M,8,8,7,0
20240515,XDCE,大商所,P,12,12,4,0
20240515,XDCE,大商所,PG,12,12,3,0
20240515,XDCE,大商所,PP,12,12,2,0
20240515,XDCE,大商所,RR,12,12,0,0
20240515,XDCE,大商所,V,12,12,3,0
20240515,XDCE,大商所,Y,8,8,5,0
20240515,XSGE,上期所,AG,12,12,7,0
20240515,XSGE,上期所,AL,12,12,5,0
20240515,XSGE,上期所,AO,12,11,4,0
20240515,XSGE,上期所,AU,8,8,5,0
20240515,XSGE,上期所,BR,12,12,2,0
20240515,XSGE,上期所,BU,16,16,2,0
20240515,XSGE,上期所,CU,12,12,7,0
20240515,XSGE,上期所,FU,12,12,9,0
20240515,XSGE,上期所,HC,12,12,2,0
20240515,XSGE,上期所,NI,12,12,3,0
20240515,XSGE,上期所,PB,12,12,3,0
20240515,XSGE,上期所,RB,12,12,8,0
20240515,XSGE,上期所,RU,10,10,2,0
20240515,XSGE,上期所,SN,12,12,4,0
20240515,XSGE,上期所,SP,12,12,4,0
20240515,XSGE,上期所,SS,12,12,2,0
20240515,XSGE,上期所,ZN,12,12,3,0
20240515,XSIE,能源中心,BC,12,12,2,0
20240515,XSIE,能源中心,LU,12,12,5,0
20240515,XSIE,能源中心,NR,12,12,3,0
20240515,XSIE,能源中心,SC,20,20,3,0
20240516,XDCE,大商所,A,6,6,2,0
20240516,XDCE,大商所,B,12,12,7,0
20240516,XDCE,大商所,C,6,6,4,0
20240516,XDCE,大商所,CS,6,6,2,0
20240516,XDCE,大商所,EB,12,12,4,0
20240516,XDCE,大商所,EG,12,12,4,0
20240516,XDCE,大商所,I,12,12,3,0
20240516,XDCE,大商所,J,12,12,2,0
20240516,XDCE,大商所,JM,12,12,2,0
20240516,XDCE,大商所,L,12,12,2,0
20240516,XDCE,大商所,M,8,8,7,0
20240516,XDCE,大商所,P,12,12,3,0
20240516,XDCE,大商所,PG,12,12,4,0
20240516,XDCE,大商所,PP,12,12,3,0
20240516,XDCE,大商所,RR,12,12,1,0
20240516,XDCE,大商所,V,12,12,6,0
20240516,XDCE,大商所,Y,8,8,4,0
20240516,XSGE,上期所,AG,12,12,12,0
20240516,XSGE,上期所,AL,12,12,4,0
20240516,XSGE,上期所,AO,12,12,4,0
20240516,XSGE,上期所,AU,8,8,6,0
20240516,XSGE,上期所,BR,12,12,2,0
20240516,XSGE,上期所,BU,16,16,2,0
20240516,XSGE,上期所,CU,12,12,11,0
20240516,XSGE,上期所,FU,12,12,10,0
20240516,XSGE,上期所,HC,12,12,3,0
20240516,XSGE,上期所,NI,12,12,4,0
20240516,XSGE,上期所,PB,12,12,3,0
20240516,XSGE,上期所,RB,12,12,7,0
20240516,XSGE,上期所,RU,10,10,2,0
20240516,XSGE,上期所,SN,12,12,4,0
20240516,XSGE,上期所,SP,12,12,4,0
20240516,XSGE,上期所,SS,12,12,5,0
20240516,XSGE,上期所,ZN,12,12,4,0
20240516,XSIE,能源中心,BC,12,12,2,0
20240516,XSIE,能源中心,LU,12,12,4,0
20240516,XSIE,能源中心,NR,12,12,3,0
20240516,XSIE,能源中心,SC,20,20,3,0
20240517,XDCE,大商所,A,6,6,3,0
20240517,XDCE,大商所,B,12,12,5,0
20240517,XDCE,大商所,C,6,6,4,0
20240517,XDCE,大商所,CS,6,6,2,0
20240517,XDCE,大商所,EB,12,12,4,0
20240517,XDCE,大商所,EG,12,12,3,0
20240517,XDCE,大商所,I,12,12,4,0
20240517,XDCE,大商所,J,12,12,2,0
20240517,XDCE,大商所,JM,12,12,2,0
20240517,XDCE,大商所,L,12,12,2,0
20240517,XDCE,大商所,M,8,8,5,0
20240517,XDCE,大商所,P,12,12,3,0
20240517,XDCE,大商所,PG,12,12,3,0
20240517,XDCE,大商所,PP,12,12,3,0
20240517,XDCE,大商所,RR,12,12,0,0
20240517,XDCE,大商所,V,12,12,4,0
20240517,XDCE,大商所,Y,8,8,4,0
20240517,XSGE,上期所,AG,12,12,6,0
20240517,XSGE,上期所,AL,12,12,6,0
20240517,XSGE,上期所,AO,12,12,6,0
20240517,XSGE,上期所,AU,8,8,4,0
20240517,XSGE,上期所,BR,12,12,2,0
20240517,XSGE,上期所,BU,16,16,4,0
20240517,XSGE,上期所,CU,12,12,7,0
20240517,XSGE,上期所,FU,12,12,8,0
20240517,XSGE,上期所,HC,12,12,4,0
20240517,XSGE,上期所,NI,12,12,4,0
20240517,XSGE,上期所,PB,12,12,3,0
20240517,XSGE,上期所,RB,12,12,8,0
20240517,XSGE,上期所,RU,10,10,2,0
20240517,XSGE,上期所,SN,12,12,3,0
20240517,XSGE,上期所,SP,12,12,2,0
20240517,XSGE,上期所,SS,12,12,2,0
20240517,XSGE,上期所,ZN,12,12,3,0
20240517,XSIE,能源中心,BC,12,12,2,0
20240517,XSIE,能源中心,LU,12,12,3,0
20240517,XSIE,能源中心,NR,12,12,3,0
20240517,XSIE,能源中心,SC,20,20,3,0
20240520,XDCE,大商所,A,6,6,2,0
20240520,XDCE,大商所,B,12,12,2,0
20240520,XDCE,大商所,C,6,6,4,0
20240520,XDCE,大商所,CS,6,6,2,0
20240520,XDCE,大商所,EB,12,12,3,0
20240520,XDCE,大商所,EG,12,12,2,0
20240520,XDCE,大商所,I,12,12,6,0
20240520,XDCE,大商所,J,12,12,1,0
20240520,XDCE,大商所,JM,12,12,2,0
20240520,XDCE,大商所,L,12,12,3,0
20240520,XDCE,大商所,M,8,8,6,0
20240520,XDCE,大商所,P,12,12,3,0
20240520,XDCE,大商所,PG,12,12,3,0
20240520,XDCE,大商所,PP,12,12,3,0
20240520,XDCE,大商所,RR,12,12,0,0
20240520,XDCE,大商所,V,12,12,3,0
20240520,XDCE,大商所,Y,8,8,6,0
20240520,XSGE,上期所,AG,12,12,11,0
20240520,XSGE,上期所,AL,12,12,5,0
20240520,XSGE,上期所,AO,12,12,3,0
20240520,XSGE,上期所,AU,8,8,4,0
20240520,XSGE,上期所,BR,12,12,3,0
20240520,XSGE,上期所,BU,16,16,3,0
20240520,XSGE,上期所,CU,12,12,8,0
20240520,XSGE,上期所,FU,12,12,5,0
20240520,XSGE,上期所,HC,12,12,3,0
20240520,XSGE,上期所,NI,12,12,5,0
20240520,XSGE,上期所,PB,12,12,3,0
20240520,XSGE,上期所,RB,12,12,7,0
20240520,XSGE,上期所,RU,10,10,2,0
20240520,XSGE,上期所,SN,12,12,4,0
20240520,XSGE,上期所,SP,12,12,2,0
20240520,XSGE,上期所,SS,12,12,4,0
20240520,XSGE,上期所,ZN,12,12,4,0
20240520,XSIE,能源中心,BC,12,12,2,0
20240520,XSIE,能源中心,LU,12,12,3,0
20240520,XSIE,能源中心,NR,12,12,3,0
20240520,XSIE,能源中心,SC,20,20,3,0
20240521,XDCE,大商所,A,6,6,3,0
20240521,XDCE,大商所,B,12,12,3,0
20240521,XDCE,大商所,C,6,6,4,0
20240521,XDCE,大商所,CS,6,6,4,0
20240521,XDCE,大商所,EB,12,12,5,0
20240521,XDCE,大商所,EG,12,12,5,0
20240521,XDCE,大商所,I,12,12,4,0
20240521,XDCE,大商所,J,12,12,2,0
20240521,XDCE,大商所,JM,12,12,2,0
20240521,XDCE,大商所,L,12,12,2,0
20240521,XDCE,大商所,M,8,8,7,0
20240521,XDCE,大商所,P,12,12,4,0
20240521,XDCE,大商所,PG,12,12,3,0
20240521,XDCE,大商所,PP,12,12,3,0
20240521,XDCE,大商所,RR,12,12,2,0
20240521,XDCE,大商所,V,12,12,3,0
20240521,XDCE,大商所,Y,8,8,3,0
20240521,XSGE,上期所,AG,12,12,12,0
20240521,XSGE,上期所,AL,12,12,5,0
20240521,XSGE,上期所,AO,12,12,4,0
20240521,XSGE,上期所,AU,8,8,7,0
20240521,XSGE,上期所,BR,12,12,2,0
20240521,XSGE,上期所,BU,16,16,4,0
20240521,XSGE,上期所,CU,12,12,8,0
20240521,XSGE,上期所,FU,12,12,9,0
20240521,XSGE,上期所,HC,12,12,4,0
20240521,XSGE,上期所,NI,12,12,4,0
20240521,XSGE,上期所,PB,12,12,4,0
20240521,XSGE,上期所,RB,12,12,6,0
20240521,XSGE,上期所,RU,10,10,3,0
20240521,XSGE,上期所,SN,12,12,4,0
20240521,XSGE,上期所,SP,12,12,3,0
20240521,XSGE,上期所,SS,12,12,6,0
20240521,XSGE,上期所,ZN,12,12,4,0
20240521,XSIE,能源中心,BC,12,12,2,0
20240521,XSIE,能源中心,LU,12,12,4,0
20240521,XSIE,能源中心,NR,12,12,1,0
20240521,XSIE,能源中心,SC,20,20,3,0
20240522,XDCE,大商所,A,6,6,2,0
20240522,XDCE,大商所,B,12,12,1,0
20240522,XDCE,大商所,C,6,6,4,0
20240522,XDCE,大商所,CS,6,6,2,0
20240522,XDCE,大商所,EB,12,12,4,0
20240522,XDCE,大商所,EG,12,12,3,0
20240522,XDCE,大商所,I,12,12,4,0
20240522,XDCE,大商所,J,12,12,2,0
20240522,XDCE,大商所,JM,12,12,2,0
20240522,XDCE,大商所,L,12,12,3,0
20240522,XDCE,大商所,M,8,8,5,0
20240522,XDCE,大商所,P,12,12,4,0
20240522,XDCE,大商所,PG,12,12,3,0
20240522,XDCE,大商所,PP,12,12,2,0
20240522,XDCE,大商所,RR,12,12,0,0
20240522,XDCE,大商所,V,12,12,4,0
20240522,XDCE,大商所,Y,8,8,6,0
20240522,XSGE,上期所,AG,12,12,9,0
20240522,XSGE,上期所,AL,12,12,7,0
20240522,XSGE,上期所,AO,12,12,6,0
20240522,XSGE,上期所,AU,8,8,5,0
20240522,XSGE,上期所,BR,12,12,1,0
20240522,XSGE,上期所,BU,16,16,4,0
20240522,XSGE,上期所,CU,12,12,6,0
20240522,XSGE,上期所,FU,12,12,8,0
20240522,XSGE,上期所,HC,12,12,3,0
20240522,XSGE,上期所,NI,12,12,4,0
20240522,XSGE,上期所,PB,12,12,3,0
20240522,XSGE,上期所,RB,12,12,7,0
20240522,XSGE,上期所,RU,10,10,2,0
20240522,XSGE,上期所,SN,12,12,3,0
20240522,XSGE,上期所,SP,12,12,4,0
20240522,XSGE,上期所,SS,12,12,5,0
20240522,XSGE,上期所,ZN,12,12,4,0
20240522,XSIE,能源中心,BC,12,12,2,0
20240522,XSIE,能源中心,LU,12,12,3,0
20240522,XSIE,能源中心,NR,12,12,4,0
20240522,XSIE,能源中心,SC,20,20,3,0
20240523,XDCE,大商所,A,6,6,4,0
20240523,XDCE,大商所,B,12,12,6,0
20240523,XDCE,大商所,C,6,6,4,0
20240523,XDCE,大商所,CS,6,6,2,0
20240523,XDCE,大商所,EB,12,12,5,0
20240523,XDCE,大商所,EG,12,12,3,0
20240523,XDCE,大商所,I,12,12,7,0
20240523,XDCE,大商所,J,12,12,3,0
20240523,XDCE,大商所,JM,12,12,2,0
20240523,XDCE,大商所,L,12,12,3,0
20240523,XDCE,大商所,M,8,8,7,0
20240523,XDCE,大商所,P,12,12,4,0
20240523,XDCE,大商所,PG,12,12,4,0
20240523,XDCE,大商所,PP,12,12,3,0
20240523,XDCE,大商所,RR,12,12,0,0
20240523,XDCE,大商所,V,12,12,4,0
20240523,XDCE,大商所,Y,8,8,6,0
20240523,XSGE,上期所,AG,12,12,9,0
20240523,XSGE,上期所,AL,12,12,6,0
20240523,XSGE,上期所,AO,12,12,5,0
20240523,XSGE,上期所,AU,8,8,4,0
20240523,XSGE,上期所,BR,12,12,1,0
20240523,XSGE,上期所,BU,16,16,3,0
20240523,XSGE,上期所,CU,12,12,12,0
20240523,XSGE,上期所,FU,12,12,4,0
20240523,XSGE,上期所,HC,12,12,2,0
20240523,XSGE,上期所,NI,12,12,6,0
20240523,XSGE,上期所,PB,12,12,4,0
20240523,XSGE,上期所,RB,12,12,11,0
20240523,XSGE,上期所,RU,10,10,3,0
20240523,XSGE,上期所,SN,12,12,5,0
20240523,XSGE,上期所,SP,12,12,2,0
20240523,XSGE,上期所,SS,12,12,6,0
20240523,XSGE,上期所,ZN,12,12,6,0
20240523,XSIE,能源中心,BC,12,12,3,0
20240523,XSIE,能源中心,LU,12,12,4,0
20240523,XSIE,能源中心,NR,12,12,4,0
20240523,XSIE,能源中心,SC,20,20,2,0
20240524,XDCE,大商所,A,6,6,5,0
20240524,XDCE,大商所,B,12,12,5,0
20240524,XDCE,大商所,C,6,6,5,0
20240524,XDCE,大商所,CS,6,6,3,0
20240524,XDCE,大商所,EB,12,12,4,0
20240524,XDCE,大商所,EG,12,12,3,0
20240524,XDCE,大商所,I,12,12,7,0
20240524,XDCE,大商所,J,12,12,2,0
20240524,XDCE,大商所,JM,12,12,3,0
20240524,XDCE,大商所,L,12,12,2,0
20240524,XDCE,大商所,M,8,8,8,0
20240524,XDCE,大商所,P,12,12,3,0
20240524,XDCE,大商所,PG,12,12,3,0
20240524,XDCE,大商所,PP,12,12,3,0
20240524,XDCE,大商所,RR,12,12,0,0
20240524,XDCE,大商所,V,12,12,5,0
20240524,XDCE,大商所,Y,8,8,6,0
20240524,XSGE,上期所,AG,12,12,10,0
20240524,XSGE,上期所,AL,12,12,4,0
20240524,XSGE,上期所,AO,12,12,3,0
20240524,XSGE,上期所,AU,8,8,5,0
20240524,XSGE,上期所,BR,12,12,3,0
20240524,XSGE,上期所,BU,16,16,3,0
20240524,XSGE,上期所,CU,12,12,10,0
20240524,XSGE,上期所,FU,12,12,9,0
20240524,XSGE,上期所,HC,12,12,2,0
20240524,XSGE,上期所,NI,12,12,4,0
20240524,XSGE,上期所,PB,12,12,3,0
20240524,XSGE,上期所,RB,12,12,5,0
20240524,XSGE,上期所,RU,10,10,3,0
20240524,XSGE,上期所,SN,12,12,4,0
20240524,XSGE,上期所,SP,12,12,4,0
20240524,XSGE,上期所,SS,12,12,4,0
20240524,XSGE,上期所,ZN,12,12,3,0
20240524,XSIE,能源中心,BC,12,12,1,0
20240524,XSIE,能源中心,LU,12,12,3,0
20240524,XSIE,能源中心,NR,12,12,3,0
20240524,XSIE,能源中心,SC,20,20,5,0
20240527,XDCE,大商所,A,6,6,4,0
20240527,XDCE,大商所,B,12,12,4,0
20240527,XDCE,大商所,C,6,6,4,0
20240527,XDCE,大商所,CS,6,6,2,0
20240527,XDCE,大商所,EB,12,12,4,0
20240527,XDCE,大商所,EG,12,12,2,0
20240527,XDCE,大商所,I,12,12,5,0
20240527,XDCE,大商所,J,12,12,1,0
20240527,XDCE,大商所,JM,12,12,2,0
20240527,XDCE,大商所,L,12,12,2,0
20240527,XDCE,大商所,M,8,8,7,0
20240527,XDCE,大商所,P,12,12,3,0
20240527,XDCE,大商所,PG,12,12,3,0
20240527,XDCE,大商所,PP,12,12,3,0
20240527,XDCE,大商所,RR,12,12,0,0
20240527,XDCE,大商所,V,12,12,4,0
20240527,XDCE,大商所,Y,8,8,4,0
20240527,XSGE,上期所,AG,12,12,6,0
20240527,XSGE,上期所,AL,12,12,5,0
20240527,XSGE,上期所,AO,12,12,4,0
20240527,XSGE,上期所,AU,8,8,5,0
20240527,XSGE,上期所,BR,12,12,2,0
20240527,XSGE,上期所,BU,16,16,4,0
20240527,XSGE,上期所,CU,12,12,9,0
20240527,XSGE,上期所,FU,12,12,5,0
20240527,XSGE,上期所,HC,12,12,3,0
20240527,XSGE,上期所,NI,12,12,4,0
20240527,XSGE,上期所,PB,12,12,3,0
20240527,XSGE,上期所,RB,12,12,7,0
20240527,XSGE,上期所,RU,10,10,2,0
20240527,XSGE,上期所,SN,12,12,4,0
20240527,XSGE,上期所,SP,12,12,3,0
20240527,XSGE,上期所,SS,12,12,4,0
20240527,XSGE,上期所,ZN,12,12,4,0
20240527,XSIE,能源中心,BC,12,12,1,0
20240527,XSIE,能源中心,LU,12,12,4,0
20240527,XSIE,能源中心,NR,12,12,3,0
20240527,XSIE,能源中心,SC,20,20,4,0
20240528,XDCE,大商所,A,6,6,3,0
20240528,XDCE,大商所,B,12,12,2,0
20240528,XDCE,大商所,C,6,6,4,0
20240528,XDCE,大商所,CS,6,6,2,0
20240528,XDCE,大商所,EB,12,12,4,0
20240528,XDCE,大商所,EG,12,12,2,0
20240528,XDCE,大商所,I,12,12,5,0
20240528,XDCE,大商所,J,12,12,1,0
20240528,XDCE,大商所,JM,12,12,2,0
20240528,XDCE,大商所,L,12,12,2,0
20240528,XDCE,大商所,M,8,8,7,0
20240528,XDCE,大商所,P,12,12,3,0
20240528,XDCE,大商所,PG,12,12,5,0
20240528,XDCE,大商所,PP,12,12,4,0
20240528,XDCE,大商所,RR,12,12,0,0
20240528,XDCE,大商所,V,12,12,5,0
20240528,XDCE,大商所,Y,8,8,4,0
20240528,XSGE,上期所,AG,12,12,6,0
20240528,XSGE,上期所,AL,12,12,5,0
20240528,XSGE,上期所,AO,12,12,4,0
20240528,XSGE,上期所,AU,8,8,4,0
20240528,XSGE,上期所,BR,12,12,4,0
20240528,XSGE,上期所,BU,16,16,3,0
20240528,XSGE,上期所,CU,12,12,6,0
20240528,XSGE,上期所,FU,12,12,7,0
20240528,XSGE,上期所,HC,12,12,3,0
20240528,XSGE,上期所,NI,12,12,4,0
20240528,XSGE,上期所,PB,12,12,3,0
20240528,XSGE,上期所,RB,12,12,7,0
20240528,XSGE,上期所,RU,10,10,4,0
20240528,XSGE,上期所,SN,12,12,4,0
20240528,XSGE,上期所,SP,12,12,4,0
20240528,XSGE,上期所,SS,12,12,5,0
20240528,XSGE,上期所,ZN,12,12,4,0
20240528,XSIE,能源中心,BC,12,12,2,0
20240528,XSIE,能源中心,LU,12,12,4,0
20240528,XSIE,能源中心,NR,12,12,4,0
20240528,XSIE,能源中心,SC,20,20,3,0
20240529,XDCE,大商所,A,6,6,2,0
20240529,XDCE,大商所,B,12,12,3,0
20240529,XDCE,大商所,C,6,6,5,0
20240529,XDCE,大商所,CS,6,6,2,0
20240529,XDCE,大商所,EB,12,12,3,0
20240529,XDCE,大商所,EG,12,12,3,0
20240529,XDCE,大商所,I,12,12,4,0
20240529,XDCE,大商所,J,12,12,3,0
20240529,XDCE,大商所,JM,12,12,3,0
20240529,XDCE,大商所,L,12,12,1,0
20240529,XDCE,大商所,M,8,8,8,0
20240529,XDCE,大商所,P,12,12,5,0
20240529,XDCE,大商所,PG,12,12,5,0
20240529,XDCE,大商所,PP,12,12,3,0
20240529,XDCE,大商所,RR,12,12,0,0
20240529,XDCE,大商所,V,12,12,5,0
20240529,XDCE,大商所,Y,8,8,5,0
20240529,XSGE,上期所,AG,12,12,12,0
20240529,XSGE,上期所,AL,12,12,4,0
20240529,XSGE,上期所,AO,12,12,3,0
20240529,XSGE,上期所,AU,8,8,5,0
20240529,XSGE,上期所,BR,12,12,3,0
20240529,XSGE,上期所,BU,16,16,5,0
20240529,XSGE,上期所,CU,12,12,6,0
20240529,XSGE,上期所,FU,12,12,6,0
20240529,XSGE,上期所,HC,12,12,4,0
20240529,XSGE,上期所,NI,12,12,6,0
20240529,XSGE,上期所,PB,12,12,2,0
20240529,XSGE,上期所,RB,12,12,6,0
20240529,XSGE,上期所,RU,10,10,3,0
20240529,XSGE,上期所,SN,12,12,4,0
20240529,XSGE,上期所,SP,12,12,3,0
20240529,XSGE,上期所,SS,12,12,3,0
20240529,XSGE,上期所,ZN,12,12,4,0
20240529,XSIE,能源中心,BC,12,12,1,0
20240529,XSIE,能源中心,LU,12,12,3,0
20240529,XSIE,能源中心,NR,12,12,4,0
20240529,XSIE,能源中心,SC,20,20,3,0
20240530,XDCE,大商所,A,6,6,2,0
20240530,XDCE,大商所,B,12,12,3,0
20240530,XDCE,大商所,C,6,6,3,0
20240530,XDCE,大商所,CS,6,6,3,0
20240530,XDCE,大商所,EB,12,12,5,0
20240530,XDCE,大商所,EG,12,12,4,0
20240530,XDCE,大商所,I,12,12,9,0
20240530,XDCE,大商所,J,12,12,2,0
20240530,XDCE,大商所,JM,12,12,2,0
20240530,XDCE,大商所,L,12,12,2,0
20240530,XDCE,大商所,M,8,8,8,0
20240530,XDCE,大商所,P,12,12,3,0
20240530,XDCE,大商所,PG,12,12,3,0
20240530,XDCE,大商所,PP,12,12,3,0
20240530,XDCE,大商所,RR,12,12,1,0
20240530,XDCE,大商所,V,12,12,6,0
20240530,XDCE,大商所,Y,8,8,5,0
20240530,XSGE,上期所,AG,12,12,12,0
20240530,XSGE,上期所,AL,12,12,5,0
20240530,XSGE,上期所,AO,12,12,5,0
20240530,XSGE,上期所,AU,8,8,5,0
20240530,XSGE,上期所,BR,12,12,2,0
20240530,XSGE,上期所,BU,16,16,4,0
20240530,XSGE,上期所,CU,12,12,7,0
20240530,XSGE,上期所,FU,12,12,7,0
20240530,XSGE,上期所,HC,12,12,3,0
20240530,XSGE,上期所,NI,12,12,6,0
20240530,XSGE,上期所,PB,12,12,4,0
20240530,XSGE,上期所,RB,12,12,7,0
20240530,XSGE,上期所,RU,10,10,3,0
20240530,XSGE,上期所,SN,12,12,5,0
20240530,XSGE,上期所,SP,12,12,2,0
20240530,XSGE,上期所,SS,12,12,2,0
20240530,XSGE,上期所,ZN,12,12,5,0
20240530,XSIE,能源中心,BC,12,12,3,0
20240530,XSIE,能源中心,LU,12,12,4,0
20240530,XSIE,能源中心,NR,12,12,4,0
20240530,XSIE,能源中心,SC,20,20,4,0
20240531,XDCE,大商所,A,6,6,2,0
20240531,XDCE,大商所,B,12,12,3,0
20240531,XDCE,大商所,C,6,6,3,0
20240531,XDCE,大商所,CS,6,6,4,0
20240531,XDCE,大商所,EB,12,12,4,0
20240531,XDCE,大商所,EG,12,12,3,0
20240531,XDCE,大商所,I,12,12,3,0
20240531,XDCE,大商所,J,12,12,2,0
20240531,XDCE,大商所,JM,12,12,2,0
20240531,XDCE,大商所,L,12,12,3,0
20240531,XDCE,大商所,M,8,8,5,0
20240531,XDCE,大商所,P,12,12,4,0
20240531,XDCE,大商所,PG,12,12,4,0
20240531,XDCE,大商所,PP,12,12,4,0
20240531,XDCE,大商所,RR,12,12,1,0
20240531,XDCE,大商所,V,12,12,4,0
20240531,XDCE,大商所,Y,8,8,3,0
20240531,XSGE,上期所,AG,12,12,10,0
20240531,XSGE,上期所,AL,12,12,8,0
20240531,XSGE,上期所,AO,12,12,4,0
20240531,XSGE,上期所,AU,8,8,4,0
20240531,XSGE,上期所,BR,12,12,3,0
20240531,XSGE,上期所,BU,16,16,4,0
20240531,XSGE,上期所,CU,12,12,12,0
20240531,XSGE,上期所,FU,12,12,6,0
20240531,XSGE,上期所,HC,12,12,3,0
20240531,XSGE,上期所,NI,12,12,3,0
20240531,XSGE,上期所,PB,12,12,3,0
20240531,XSGE,上期所,RB,12,12,6,0
20240531,XSGE,上期所,RU,10,10,2,0
20240531,XSGE,上期所,SN,12,12,6,0
20240531,XSGE,上期所,SP,12,12,3,0
20240531,XSGE,上期所,SS,12,12,5,0
20240531,XSGE,上期所,ZN,12,12,5,0
20240531,XSIE,能源中心,BC,12,12,2,0
20240531,XSIE,能源中心,LU,12,12,3,0
20240531,XSIE,能源中心,NR,12,12,4,0
20240531,XSIE,能源中心,SC,20,20,2,0
20240603,XDCE,大商所,A,6,6,3,0
20240603,XDCE,大商所,B,12,12,5,0
20240603,XDCE,大商所,C,6,6,4,0
20240603,XDCE,大商所,CS,6,6,2,0
20240603,XDCE,大商所,EB,12,12,4,0
20240603,XDCE,大商所,EG,12,12,3,0
20240603,XDCE,大商所,I,12,12,6,0
20240603,XDCE,大商所,J,12,12,2,0
20240603,XDCE,大商所,JM,12,12,2,0
20240603,XDCE,大商所,L,12,12,2,0
20240603,XDCE,大商所,M,8,8,7,0
20240603,XDCE,大商所,P,12,12,5,0
20240603,XDCE,大商所,PG,12,12,3,0
20240603,XDCE,大商所,PP,12,12,3,0
20240603,XDCE,大商所,RR,12,12,0,0
20240603,XDCE,大商所,V,12,12,3,0
20240603,XDCE,大商所,Y,8,8,3,0
20240603,XSGE,上期所,AG,12,12,12,0
20240603,XSGE,上期所,AL,12,12,6,0
20240603,XSGE,上期所,AO,12,12,4,0
20240603,XSGE,上期所,AU,8,8,5,0
20240603,XSGE,上期所,BR,12,12,2,0
20240603,XSGE,上期所,BU,16,16,4,0
20240603,XSGE,上期所,CU,12,12,7,0
20240603,XSGE,上期所,FU,12,12,6,0
20240603,XSGE,上期所,HC,12,12,2,0
20240603,XSGE,上期所,NI,12,12,4,0
20240603,XSGE,上期所,PB,12,12,3,0
20240603,XSGE,上期所,RB,12,12,6,0
20240603,XSGE,上期所,RU,10,10,2,0
20240603,XSGE,上期所,SN,12,12,4,0
20240603,XSGE,上期所,SP,12,12,3,0
20240603,XSGE,上期所,SS,12,12,1,0
20240603,XSGE,上期所,ZN,12,12,4,0
20240603,XSIE,能源中心,BC,12,12,2,0
20240603,XSIE,能源中心,LU,12,12,4,0
20240603,XSIE,能源中心,NR,12,12,3,0
20240603,XSIE,能源中心,SC,20,20,4,0
20240604,XDCE,大商所,A,6,6,2,0
20240604,XDCE,大商所,B,12,12,3,0
20240604,XDCE,大商所,C,6,6,4,0
20240604,XDCE,大商所,CS,6,6,3,0
20240604,XDCE,大商所,EB,12,12,4,0
20240604,XDCE,大商所,EG,12,12,2,0
20240604,XDCE,大商所,I,12,12,7,0
20240604,XDCE,大商所,J,12,12,1,0
20240604,XDCE,大商所,JM,12,12,2,0
20240604,XDCE,大商所,L,12,12,2,0
20240604,XDCE,大商所,M,8,8,6,0
20240604,XDCE,大商所,P,12,12,5,0
20240604,XDCE,大商所,PG,12,12,6,0
20240604,XDCE,大商所,PP,12,12,2,0
20240604,XDCE,大商所,RR,12,12,0,0
20240604,XDCE,大商所,V,12,12,4,0
20240604,XDCE,大商所,Y,8,8,5,0
20240604,XSGE,上期所,AG,12,12,10,0
20240604,XSGE,上期所,AL,12,12,4,0
20240604,XSGE,上期所,AO,12,12,3,0
20240604,XSGE,上期所,AU,8,8,4,0
20240604,XSGE,上期所,BR,12,12,3,0
20240604,XSGE,上期所,BU,16,16,4,0
20240604,XSGE,上期所,CU,12,12,6,0
20240604,XSGE,上期所,FU,12,12,4,0
20240604,XSGE,上期所,HC,12,12,2,0
20240604,XSGE,上期所,NI,12,12,4,0
20240604,XSGE,上期所,PB,12,12,3,0
20240604,XSGE,上期所,RB,12,12,5,0
20240604,XSGE,上期所,RU,10,10,2,0
20240604,XSGE,上期所,SN,12,12,4,0
20240604,XSGE,上期所,SP,12,12,3,0
20240604,XSGE,上期所,SS,12,12,3,0
20240604,XSGE,上期所,ZN,12,12,4,0
20240604,XSIE,能源中心,BC,12,12,2,0
20240604,XSIE,能源中心,LU,12,12,3,0
20240604,XSIE,能源中心,NR,12,12,3,0
20240604,XSIE,能源中心,SC,20,20,2,0
20240605,XDCE,大商所,A,6,6,2,0
20240605,XDCE,大商所,B,12,12,3,0
20240605,XDCE,大商所,C,6,6,3,0
20240605,XDCE,大商所,CS,6,6,2,0
20240605,XDCE,大商所,EB,12,12,5,0
20240605,XDCE,大商所,EG,12,12,2,0
20240605,XDCE,大商所,I,12,12,7,0
20240605,XDCE,大商所,J,12,12,2,0
20240605,XDCE,大商所,JM,12,12,2,0
20240605,XDCE,大商所,L,12,12,3,0
20240605,XDCE,大商所,M,8,8,5,0
20240605,XDCE,大商所,P,12,12,2,0
20240605,XDCE,大商所,PG,12,12,3,0
20240605,XDCE,大商所,PP,12,12,2,0
20240605,XDCE,大商所,RR,12,12,0,0
20240605,XDCE,大商所,V,12,12,3,0
20240605,XDCE,大商所,Y,8,8,5,0
20240605,XSGE,上期所,AG,12,12,12,0
20240605,XSGE,上期所,AL,12,12,5,0
20240605,XSGE,上期所,AO,12,12,5,0
20240605,XSGE,上期所,AU,8,8,4,0
20240605,XSGE,上期所,BR,12,12,3,0
20240605,XSGE,上期所,BU,16,16,4,0
20240605,XSGE,上期所,CU,12,12,10,0
20240605,XSGE,上期所,FU,12,12,9,0
20240605,XSGE,上期所,HC,12,12,2,0
20240605,XSGE,上期所,NI,12,12,5,0
20240605,XSGE,上期所,PB,12,12,3,0
20240605,XSGE,上期所,RB,12,12,6,0
20240605,XSGE,上期所,RU,10,10,2,0
20240605,XSGE,上期所,SN,12,12,4,0
20240605,XSGE,上期所,SP,12,12,3,0
20240605,XSGE,上期所,SS,12,12,5,0
20240605,XSGE,上期所,ZN,12,12,5,0
20240605,XSIE,能源中心,BC,12,12,2,0
20240605,XSIE,能源中心,LU,12,12,3,0
20240605,XSIE,能源中心,NR,12,12,3,0
20240605,XSIE,能源中心,SC,20,20,3,0
20240606,XDCE,大商所,A,6,6,3,0
20240606,XDCE,大商所,B,12,12,3,0
20240606,XDCE,大商所,C,6,6,3,0
20240606,XDCE,大商所,CS,6,6,2,0
20240606,XDCE,大商所,EB,12,12,6,0
20240606,XDCE,大商所,EG,12,12,2,0
20240606,XDCE,大商所,I,12,12,8,0
20240606,XDCE,大商所,J,12,12,2,0
20240606,XDCE,大商所,JM,12,12,2,0
20240606,XDCE,大商所,L,12,12,2,0
20240606,XDCE,大商所,M,8,8,6,0
20240606,XDCE,大商所,P,12,12,4,0
20240606,XDCE,大商所,PG,12,12,2,0
20240606,XDCE,大商所,PP,12,12,3,0
20240606,XDCE,大商所,RR,12,12,0,0
20240606,XDCE,大商所,V,12,12,3,0
20240606,XDCE,大商所,Y,8,8,4,0
20240606,XSGE,上期所,AG,12,12,9,0
20240606,XSGE,上期所,AL,12,12,4,0
20240606,XSGE,上期所,AO,12,12,3,0
20240606,XSGE,上期所,AU,8,8,3,0
20240606,XSGE,上期所,BR,12,12,1,0
20240606,XSGE,上期所,BU,16,16,5,0
20240606,XSGE,上期所,CU,12,12,6,0
20240606,XSGE,上期所,FU,12,12,6,0
20240606,XSGE,上期所,HC,12,12,3,0
20240606,XSGE,上期所,NI,12,12,3,0
20240606,XSGE,上期所,PB,12,12,3,0
20240606,XSGE,上期所,RB,12,12,5,0
20240606,XSGE,上期所,RU,10,10,2,0
20240606,XSGE,上期所,SN,12,12,4,0
20240606,XSGE,上期所,SP,12,12,2,0
20240606,XSGE,上期所,SS,12,12,4,0
20240606,XSGE,上期所,ZN,12,12,5,0
20240606,XSIE,能源中心,BC,12,12,2,0
20240606,XSIE,能源中心,LU,12,12,4,0
20240606,XSIE,能源中心,NR,12,12,3,0
20240606,XSIE,能源中心,SC,20,20,3,0
20240607,XDCE,大商所,A,6,6,2,0
20240607,XDCE,大商所,B,12,12,3,0
20240607,XDCE,大商所,C,6,6,4,0
20240607,XDCE,大商所,CS,6,6,2,0
20240607,XDCE,大商所,EB,12,12,4,0
20240607,XDCE,大商所,EG,12,12,2,0
20240607,XDCE,大商所,I,12,12,3,0
20240607,XDCE,大商所,J,12,12,1,0
20240607,XDCE,大商所,JM,12,12,2,0
20240607,XDCE,大商所,L,12,12,3,0
20240607,XDCE,大商所,M,8,8,6,0
20240607,XDCE,大商所,P,12,12,5,0
20240607,XDCE,大商所,PG,12,12,3,0
20240607,XDCE,大商所,PP,12,12,3,0
20240607,XDCE,大商所,RR,12,12,0,0
20240607,XDCE,大商所,V,12,12,5,0
20240607,XDCE,大商所,Y,8,8,4,0
20240607,XSGE,上期所,AG,12,12,10,0
20240607,XSGE,上期所,AL,12,12,3,0
20240607,XSGE,上期所,AO,12,11,3,0
20240607,XSGE,上期所,AU,8,8,5,0
20240607,XSGE,上期所,BR,12,12,3,0
20240607,XSGE,上期所,BU,16,16,4,0
20240607,XSGE,上期所,CU,12,12,6,0
20240607,XSGE,上期所,FU,12,12,6,0
20240607,XSGE,上期所,HC,12,12,3,0
20240607,XSGE,上期所,NI,12,12,6,0
20240607,XSGE,上期所,PB,12,12,3,0
20240607,XSGE,上期所,RB,12,12,6,0
20240607,XSGE,上期所,RU,10,10,4,0
20240607,XSGE,上期所,SN,12,12,4,0
20240607,XSGE,上期所,SP,12,12,2,0
20240607,XSGE,上期所,SS,12,12,5,0
20240607,XSGE,上期所,ZN,12,12,3,0
20240607,XSIE,能源中心,BC,12,12,1,0
20240607,XSIE,能源中心,LU,12,12,2,0
20240607,XSIE,能源中心,NR,12,12,4,0
20240607,XSIE,能源中心,SC,20,20,4,0
20240612,XDCE,大商所,A,6,6,2,0
20240612,XDCE,大商所,B,12,12,2,0
20240612,XDCE,大商所,C,6,6,3,0
20240612,XDCE,大商所,CS,6,6,3,0
20240612,XDCE,大商所,EB,12,12,3,0
20240612,XDCE,大商所,EG,12,12,4,0
20240612,XDCE,大商所,I,12,12,5,0
20240612,XDCE,大商所,J,12,12,2,0
20240612,XDCE,大商所,JM,12,12,2,0
20240612,XDCE,大商所,L,12,12,2,0
20240612,XDCE,大商所,M,8,8,5,0
20240612,XDCE,大商所,P,12,12,4,0
20240612,XDCE,大商所,PG,12,12,3,0
20240612,XDCE,大商所,PP,12,12,4,0
20240612,XDCE,大商所,RR,12,12,0,0
20240612,XDCE,大商所,V,12,12,4,0
20240612,XDCE,大商所,Y,8,8,4,0
20240612,XSGE,上期所,AG,12,12,12,0
20240612,XSGE,上期所,AL,12,12,4,0
20240612,XSGE,上期所,AO,12,12,3,0
20240612,XSGE,上期所,AU,8,8,7,0
20240612,XSGE,上期所,BR,12,12,2,0
20240612,XSGE,上期所,BU,16,16,3,0
20240612,XSGE,上期所,CU,12,12,8,0
20240612,XSGE,上期所,FU,12,12,5,0
20240612,XSGE,上期所,HC,12,12,3,0
20240612,XSGE,上期所,NI,12,12,4,0
20240612,XSGE,上期所,PB,12,12,3,0
20240612,XSGE,上期所,RB,12,12,7,0
20240612,XSGE,上期所,RU,10,10,6,0
20240612,XSGE,上期所,SN,12,12,3,0
20240612,XSGE,上期所,SP,12,12,2,0
20240612,XSGE,上期所,SS,12,12,4,0
20240612,XSGE,上期所,ZN,12,12,5,0
20240612,XSIE,能源中心,BC,12,12,2,0
20240612,XSIE,能源中心,LU,12,12,4,0
20240612,XSIE,能源中心,NR,12,12,3,0
20240612,XSIE,能源中心,SC,20,20,3,0
20240613,XDCE,大商所,A,6,6,3,0
20240613,XDCE,大商所,B,12,12,1,0
20240613,XDCE,大商所,C,6,6,4,0
20240613,XDCE,大商所,CS,6,6,4,0
20240613,XDCE,大商所,EB,12,12,4,0
20240613,XDCE,大商所,EG,12,12,3,0
20240613,XDCE,大商所,I,12,12,7,0
20240613,XDCE,大商所,J,12,12,2,0
20240613,XDCE,大商所,JM,12,12,2,0
20240613,XDCE,大商所,L,12,12,2,0
20240613,XDCE,大商所,M,8,8,5,0
20240613,XDCE,大商所,P,12,12,4,0
20240613,XDCE,大商所,PG,12,12,4,0
20240613,XDCE,大商所,PP,12,12,2,0
20240613,XDCE,大商所,RR,12,12,0,0
20240613,XDCE,大商所,V,12,12,3,0
20240613,XDCE,大商所,Y,8,8,5,0
20240613,XSGE,上期所,AG,12,12,10,0
20240613,XSGE,上期所,AL,12,12,5,0
20240613,XSGE,上期所,AO,12,12,4,0
20240613,XSGE,上期所,AU,8,8,5,0
20240613,XSGE,上期所,BR,12,12,3,0
20240613,XSGE,上期所,BU,16,16,3,0
20240613,XSGE,上期所,CU,12,12,6,0
20240613,XSGE,上期所,FU,12,12,7,0
20240613,XSGE,上期所,HC,12,12,3,0
20240613,XSGE,上期所,NI,12,12,4,0
20240613,XSGE,上期所,PB,12,12,4,0
20240613,XSGE,上期所,RB,12,12,3,0
20240613,XSGE,上期所,RU,10,10,2,0
20240613,XSGE,上期所,SN,12,12,4,0
20240613,XSGE,上期所,SP,12,12,2,0
20240613,XSGE,上期所,SS,12,12,3,0
20240613,XSGE,上期所,ZN,12,12,4,0
20240613,XSIE,能源中心,BC,12,12,2,0
20240613,XSIE,能源中心,LU,12,12,4,0
20240613,XSIE,能源中心,NR,12,12,3,0
20240613,XSIE,能源中心,SC,20,20,3,0
20240614,XDCE,大商所,A,6,6,3,0
20240614,XDCE,大商所,B,12,12,5,0
20240614,XDCE,大商所,C,6,6,4,0
20240614,XDCE,大商所,CS,6,6,3,0
20240614,XDCE,大商所,EB,12,12,3,0
20240614,XDCE,大商所,EG,12,12,2,0
20240614,XDCE,大商所,I,12,12,7,0
20240614,XDCE,大商所,J,12,12,2,0
20240614,XDCE,大商所,JM,12,12,2,0
20240614,XDCE,大商所,L,12,12,2,0
20240614,XDCE,大商所,M,8,8,6,0
20240614,XDCE,大商所,P,12,12,4,0
20240614,XDCE,大商所,PG,12,12,3,0
20240614,XDCE,大商所,PP,12,12,2,0
20240614,XDCE,大商所,RR,12,12,0,0
20240614,XDCE,大商所,V,12,12,3,0
20240614,XDCE,大商所,Y,8,8,4,0
20240614,XSGE,上期所,AG,12,12,8,0
20240614,XSGE,上期所,AL,12,12,5,0
20240614,XSGE,上期所,AO,12,12,3,0
20240614,XSGE,上期所,AU,8,8,3,0
20240614,XSGE,上期所,BR,12,12,3,0
20240614,XSGE,上期所,BU,16,16,3,0
20240614,XSGE,上期所,CU,12,12,6,0
20240614,XSGE,上期所,FU,12,12,3,0
20240614,XSGE,上期所,HC,12,12,3,0
20240614,XSGE,上期所,NI,12,12,3,0
20240614,XSGE,上期所,PB,12,12,3,0
20240614,XSGE,上期所,RB,12,12,7,0
20240614,XSGE,上期所,RU,10,10,2,0
20240614,XSGE,上期所,SN,12,12,3,0
20240614,XSGE,上期所,SP,12,12,2,0
20240614,XSGE,上期所,SS,12,12,3,0
20240614,XSGE,上期所,ZN,12,12,5,0
20240614,XSIE,能源中心,BC,12,12,2,0
20240614,XSIE,能源中心,LU,12,12,4,0
20240614,XSIE,能源中心,NR,12,12,3,0
20240614,XSIE,能源中心,SC,20,20,3,0
20240617,XDCE,大商所,A,6,6,2,0
20240617,XDCE,大商所,B,12,12,3,0
20240617,XDCE,大商所,C,6,6,4,0
20240617,XDCE,大商所,CS,6,6,3,0
20240617,XDCE,大商所,EB,12,12,4,0
20240617,XDCE,大商所,EG,12,12,2,0
20240617,XDCE,大商所,I,12,12,4,0
20240617,XDCE,大商所,J,12,12,2,0
20240617,XDCE,大商所,JM,12,12,2,0
20240617,XDCE,大商所,L,12,12,2,0
20240617,XDCE,大商所,M,8,8,5,0
20240617,XDCE,大商所,P,12,12,3,0
20240617,XDCE,大商所,PG,12,12,3,0
20240617,XDCE,大商所,PP,12,12,3,0
20240617,XDCE,大商所,RR,12,12,1,0
20240617,XDCE,大商所,V,12,12,4,0
20240617,XDCE,大商所,Y,8,8,4,0
20240617,XSGE,上期所,AG,12,12,11,0
20240617,XSGE,上期所,AL,12,12,4,0
20240617,XSGE,上期所,AO,12,12,3,0
20240617,XSGE,上期所,AU,8,8,4,0
20240617,XSGE,上期所,BR,12,12,3,0
20240617,XSGE,上期所,BU,16,16,3,0
20240617,XSGE,上期所,CU,12,12,8,0
20240617,XSGE,上期所,FU,12,12,5,0
20240617,XSGE,上期所,HC,12,12,3,0
20240617,XSGE,上期所,NI,12,12,4,0
20240617,XSGE,上期所,PB,12,12,3,0
20240617,XSGE,上期所,RB,12,12,4,0
20240617,XSGE,上期所,RU,10,10,3,0
20240617,XSGE,上期所,SN,12,12,3,0
20240617,XSGE,上期所,SP,12,12,2,0
20240617,XSGE,上期所,SS,12,12,3,0
20240617,XSGE,上期所,ZN,12,12,5,0
20240617,XSIE,能源中心,BC,12,12,2,0
20240617,XSIE,能源中心,LU,12,12,3,0
20240617,XSIE,能源中心,NR,12,12,4,0
20240617,XSIE,能源中心,SC,20,20,3,0
20240618,XDCE,大商所,A,6,6,3,0
20240618,XDCE,大商所,B,12,12,3,0
20240618,XDCE,大商所,C,6,6,5,0
20240618,XDCE,大商所,CS,6,6,2,0
20240618,XDCE,大商所,EB,12,12,3,0
20240618,XDCE,大商所,EG,12,12,5,0
20240618,XDCE,大商所,I,12,12,5,0
20240618,XDCE,大商所,J,12,12,2,0
20240618,XDCE,大商所,JM,12,12,3,0
20240618,XDCE,大商所,L,12,12,2,0
20240618,XDCE,大商所,M,8,8,6,0
20240618,XDCE,大商所,P,12,12,5,0
20240618,XDCE,大商所,PG,12,12,4,0
20240618,XDCE,大商所,PP,12,12,3,0
20240618,XDCE,大商所,RR,12,12,0,0
20240618,XDCE,大商所,V,12,12,4,0
20240618,XDCE,大商所,Y,8,8,5,0
20240618,XSGE,上期所,AG,12,12,9,0
20240618,XSGE,上期所,AL,12,12,4,0
20240618,XSGE,上期所,AO,12,12,3,0
20240618,XSGE,上期所,AU,8,8,3,0
20240618,XSGE,上期所,BR,12,12,3,0
20240618,XSGE,上期所,BU,16,16,3,0
20240618,XSGE,上期所,CU,12,12,7,0
20240618,XSGE,上期所,FU,12,12,6,0
20240618,XSGE,上期所,HC,12,12,3,0
20240618,XSGE,上期所,NI,12,12,4,0
20240618,XSGE,上期所,PB,12,12,3,0
20240618,XSGE,上期所,RB,12,12,5,0
20240618,XSGE,上期所,RU,10,10,2,0
20240618,XSGE,上期所,SN,12,12,3,0
20240618,XSGE,上期所,SP,12,12,2,0
20240618,XSGE,上期所,SS,12,12,3,0
20240618,XSGE,上期所,ZN,12,12,5,0
20240618,XSIE,能源中心,BC,12,12,2,0
20240618,XSIE,能源中心,LU,12,12,4,0
20240618,XSIE,能源中心,NR,12,12,2,0
20240618,XSIE,能源中心,SC,20,20,3,0
20240619,XDCE,大商所,A,6,6,4,0
20240619,XDCE,大商所,B,12,12,2,0
20240619,XDCE,大商所,C,6,6,4,0
20240619,XDCE,大商所,CS,6,6,2,0
20240619,XDCE,大商所,EB,12,12,4,0
20240619,XDCE,大商所,EG,12,12,2,0
20240619,XDCE,大商所,I,12,12,4,0
20240619,XDCE,大商所,J,12,12,1,0
20240619,XDCE,大商所,JM,12,12,2,0
20240619,XDCE,大商所,L,12,12,2,0
20240619,XDCE,大商所,M,8,8,5,0
20240619,XDCE,大商所,P,12,12,4,0
20240619,XDCE,大商所,PG,12,12,4,0
20240619,XDCE,大商所,PP,12,12,2,0
20240619,XDCE,大商所,RR,12,12,1,0
20240619,XDCE,大商所,V,12,12,2,0
20240619,XDCE,大商所,Y,8,8,6,0
20240619,XSGE,上期所,AG,12,12,11,0
20240619,XSGE,上期所,AL,12,12,4,0
20240619,XSGE,上期所,AO,12,12,3,0
20240619,XSGE,上期所,AU,8,8,3,0
20240619,XSGE,上期所,BR,12,12,3,0
20240619,XSGE,上期所,BU,16,16,3,0
20240619,XSGE,上期所,CU,12,12,8,0
20240619,XSGE,上期所,FU,12,12,4,0
20240619,XSGE,上期所,HC,12,12,3,0
20240619,XSGE,上期所,NI,12,12,4,0
20240619,XSGE,上期所,PB,12,12,3,0
20240619,XSGE,上期所,RB,12,12,4,0
20240619,XSGE,上期所,RU,10,10,2,0
20240619,XSGE,上期所,SN,12,12,3,0
20240619,XSGE,上期所,SP,12,12,2,0
20240619,XSGE,上期所,SS,12,12,3,0
20240619,XSGE,上期所,ZN,12,12,3,0
20240619,XSIE,能源中心,BC,12,12,2,0
20240619,XSIE,能源中心,LU,12,12,3,0
20240619,XSIE,能源中心,NR,12,12,3,0
20240619,XSIE,能源中心,SC,20,20,3,0
20240620,XDCE,大商所,A,6,6,4,0
20240620,XDCE,大商所,B,12,12,2,0
20240620,XDCE,大商所,C,6,6,4,0
20240620,XDCE,大商所,CS,6,6,3,0
20240620,XDCE,大商所,EB,12,12,4,0
20240620,XDCE,大商所,EG,12,12,3,0
20240620,XDCE,大商所,I,12,12,5,0
20240620,XDCE,大商所,J,12,12,3,0
20240620,XDCE,大商所,JM,12,12,2,0
20240620,XDCE,大商所,L,12,12,3,0
20240620,XDCE,大商所,M,8,8,5,0
20240620,XDCE,大商所,P,12,12,4,0
20240620,XDCE,大商所,PG,12,12,5,0
20240620,XDCE,大商所,PP,12,12,3,0
20240620,XDCE,大商所,RR,12,12,1,0
20240620,XDCE,大商所,V,12,12,5,0
20240620,XDCE,大商所,Y,8,8,6,0
20240620,XSGE,上期所,AG,12,12,5,0
20240620,XSGE,上期所,AL,12,12,3,0
20240620,XSGE,上期所,AO,12,12,3,0
20240620,XSGE,上期所,AU,8,8,3,0
20240620,XSGE,上期所,BR,12,12,3,0
20240620,XSGE,上期所,BU,16,16,3,0
20240620,XSGE,上期所,CU,12,12,7,0
20240620,XSGE,上期所,FU,12,12,7,0
20240620,XSGE,上期所,HC,12,12,2,0
20240620,XSGE,上期所,NI,12,12,4,0
20240620,XSGE,上期所,PB,12,12,5,0
20240620,XSGE,上期所,RB,12,12,3,0
20240620,XSGE,上期所,RU,10,10,3,0
20240620,XSGE,上期所,SN,12,12,3,0
20240620,XSGE,上期所,SP,12,12,3,0
20240620,XSGE,上期所,SS,12,12,2,0
20240620,XSGE,上期所,ZN,12,12,3,0
20240620,XSIE,能源中心,BC,12,12,2,0
20240620,XSIE,能源中心,LU,12,12,3,0
20240620,XSIE,能源中心,NR,12,12,2,0
20240620,XSIE,能源中心,SC,20,20,4,0
20240621,XDCE,大商所,A,6,6,3,0
20240621,XDCE,大商所,B,12,12,4,0
20240621,XDCE,大商所,C,6,6,5,0
20240621,XDCE,大商所,CS,6,6,3,0
20240621,XDCE,大商所,EB,12,12,3,0
20240621,XDCE,大商所,EG,12,12,3,0
20240621,XDCE,大商所,I,12,12,4,0
20240621,XDCE,大商所,J,12,12,2,0
20240621,XDCE,大商所,JM,12,12,1,0
20240621,XDCE,大商所,L,12,12,2,0
20240621,XDCE,大商所,M,8,8,6,0
20240621,XDCE,大商所,P,12,12,4,0
20240621,XDCE,大商所,PG,12,12,2,0
20240621,XDCE,大商所,PP,12,12,3,0
20240621,XDCE,大商所,RR,12,12,1,0
20240621,XDCE,大商所,V,12,12,3,0
20240621,XDCE,大商所,Y,8,8,5,0
20240621,XSGE,上期所,AG,12,12,8,0
20240621,XSGE,上期所,AL,12,12,3,0
20240621,XSGE,上期所,AO,12,12,5,0
20240621,XSGE,上期所,AU,8,8,3,0
20240621,XSGE,上期所,BR,12,12,3,0
20240621,XSGE,上期所,BU,16,16,4,0
20240621,XSGE,上期所,CU,12,12,5,0
20240621,XSGE,上期所,FU,12,12,8,0
20240621,XSGE,上期所,HC,12,12,4,0
20240621,XSGE,上期所,NI,12,12,5,0
20240621,XSGE,上期所,PB,12,12,4,0
20240621,XSGE,上期所,RB,12,12,4,0
20240621,XSGE,上期所,RU,10,10,2,0
20240621,XSGE,上期所,SN,12,12,3,0
20240621,XSGE,上期所,SP,12,12,2,0
20240621,XSGE,上期所,SS,12,12,3,0
20240621,XSGE,上期所,ZN,12,12,4,0
20240621,XSIE,能源中心,BC,12,12,2,0
20240621,XSIE,能源中心,LU,12,12,4,0
20240621,XSIE,能源中心,NR,12,12,3,0
20240621,XSIE,能源中心,SC,20,20,3,0
20240624,XDCE,大商所,A,6,6,3,0
20240624,XDCE,大商所,B,12,12,5,0
20240624,XDCE,大商所,C,6,6,4,0
20240624,XDCE,大商所,CS,6,6,3,0
20240624,XDCE,大商所,EB,12,12,5,0
20240624,XDCE,大商所,EG,12,12,2,0
20240624,XDCE,大商所,I,12,12,6,0
20240624,XDCE,大商所,J,12,12,2,0
20240624,XDCE,大商所,JM,12,12,2,0
20240624,XDCE,大商所,L,12,12,4,0
20240624,XDCE,大商所,M,8,8,6,0
20240624,XDCE,大商所,P,12,12,3,0
20240624,XDCE,大商所,PG,12,12,3,0
20240624,XDCE,大商所,PP,12,12,4,0
20240624,XDCE,大商所,RR,12,12,0,0
20240624,XDCE,大商所,V,12,12,6,0
20240624,XDCE,大商所,Y,8,8,5,0
20240624,XSGE,上期所,AG,12,12,7,0
20240624,XSGE,上期所,AL,12,12,4,0
20240624,XSGE,上期所,AO,12,12,3,0
20240624,XSGE,上期所,AU,8,8,3,0
20240624,XSGE,上期所,BR,12,12,3,0
20240624,XSGE,上期所,BU,16,16,3,0
20240624,XSGE,上期所,CU,12,12,8,0
20240624,XSGE,上期所,FU,12,12,6,0
20240624,XSGE,上期所,HC,12,12,3,0
20240624,XSGE,上期所,NI,12,12,4,0
20240624,XSGE,上期所,PB,12,12,4,0
20240624,XSGE,上期所,RB,12,12,5,0
20240624,XSGE,上期所,RU,10,10,3,0
20240624,XSGE,上期所,SN,12,12,3,0
20240624,XSGE,上期所,SP,12,12,3,0
20240624,XSGE,上期所,SS,12,12,4,0
20240624,XSGE,上期所,ZN,12,12,4,0
20240624,XSIE,能源中心,BC,12,12,2,0
20240624,XSIE,能源中心,LU,12,12,5,0
20240624,XSIE,能源中心,NR,12,12,3,0
20240624,XSIE,能源中心,SC,20,20,2,0
20240625,XDCE,大商所,A,6,6,5,0
20240625,XDCE,大商所,B,12,12,3,0
20240625,XDCE,大商所,C,6,6,5,0
20240625,XDCE,大商所,CS,6,6,3,0
20240625,XDCE,大商所,EB,12,12,3,0
20240625,XDCE,大商所,EG,12,12,3,0
20240625,XDCE,大商所,I,12,12,6,0
20240625,XDCE,大商所,J,12,12,1,0
20240625,XDCE,大商所,JM,12,12,2,0
20240625,XDCE,大商所,L,12,12,3,0
20240625,XDCE,大商所,M,8,8,7,0
20240625,XDCE,大商所,P,12,12,4,0
20240625,XDCE,大商所,PG,12,12,4,0
20240625,XDCE,大商所,PP,12,12,3,0
20240625,XDCE,大商所,RR,12,12,0,0
20240625,XDCE,大商所,V,12,12,3,0
20240625,XDCE,大商所,Y,8,8,5,0
20240625,XSGE,上期所,AG,12,12,6,0
20240625,XSGE,上期所,AL,12,12,5,0
20240625,XSGE,上期所,AO,12,12,3,0
20240625,XSGE,上期所,AU,8,8,3,0
20240625,XSGE,上期所,BR,12,12,3,0
20240625,XSGE,上期所,BU,16,16,4,0
20240625,XSGE,上期所,CU,12,12,5,0
20240625,XSGE,上期所,FU,12,12,3,0
20240625,XSGE,上期所,HC,12,12,3,0
20240625,XSGE,上期所,NI,12,12,3,0
20240625,XSGE,上期所,PB,12,12,3,0
20240625,XSGE,上期所,RB,12,12,6,0
20240625,XSGE,上期所,RU,10,10,5,0
20240625,XSGE,上期所,SN,12,12,4,0
20240625,XSGE,上期所,SP,12,12,3,0
20240625,XSGE,上期所,SS,12,12,2,0
20240625,XSGE,上期所,ZN,12,12,4,0
20240625,XSIE,能源中心,BC,12,12,2,0
20240625,XSIE,能源中心,LU,12,12,8,0
20240625,XSIE,能源中心,NR,12,12,4,0
20240625,XSIE,能源中心,SC,20,20,3,0
20240626,XDCE,大商所,A,6,6,4,0
20240626,XDCE,大商所,B,12,12,5,0
20240626,XDCE,大商所,C,6,6,4,0
20240626,XDCE,大商所,CS,6,6,3,0
20240626,XDCE,大商所,EB,12,12,4,0
20240626,XDCE,大商所,EG,12,12,2,0
20240626,XDCE,大商所,I,12,12,5,0
20240626,XDCE,大商所,J,12,12,1,0
20240626,XDCE,大商所,JM,12,12,2,0
20240626,XDCE,大商所,L,12,12,1,0
20240626,XDCE,大商所,M,8,8,7,0
20240626,XDCE,大商所,P,12,12,3,0
20240626,XDCE,大商所,PG,12,12,4,0
20240626,XDCE,大商所,PP,12,12,3,0
20240626,XDCE,大商所,RR,12,12,1,0
20240626,XDCE,大商所,V,12,12,4,0
20240626,XDCE,大商所,Y,8,8,6,0
20240626,XSGE,上期所,AG,12,12,8,0
20240626,XSGE,上期所,AL,12,12,6,0
20240626,XSGE,上期所,AO,12,12,3,0
20240626,XSGE,上期所,AU,8,8,3,0
20240626,XSGE,上期所,BR,12,12,3,0
20240626,XSGE,上期所,BU,16,16,5,0
20240626,XSGE,上期所,CU,12,12,11,0
20240626,XSGE,上期所,FU,12,12,4,0
20240626,XSGE,上期所,HC,12,12,3,0
20240626,XSGE,上期所,NI,12,12,3,0
20240626,XSGE,上期所,PB,12,12,3,0
20240626,XSGE,上期所,RB,12,12,6,0
20240626,XSGE,上期所,RU,10,10,3,0
20240626,XSGE,上期所,SN,12,12,3,0
20240626,XSGE,上期所,SP,12,12,5,0
20240626,XSGE,上期所,SS,12,12,4,0
20240626,XSGE,上期所,ZN,12,12,4,0
20240626,XSIE,能源中心,BC,12,12,1,0
20240626,XSIE,能源中心,LU,12,12,4,0
20240626,XSIE,能源中心,NR,12,12,3,0
20240626,XSIE,能源中心,SC,20,20,5,0
20240627,XDCE,大商所,A,6,6,3,0
20240627,XDCE,大商所,B,12,12,4,0
20240627,XDCE,大商所,C,6,6,3,0
20240627,XDCE,大商所,CS,6,6,3,0
20240627,XDCE,大商所,EB,12,12,4,0
20240627,XDCE,大商所,EG,12,12,2,0
20240627,XDCE,大商所,I,12,12,5,0
20240627,XDCE,大商所,J,12,12,2,0
20240627,XDCE,大商所,JM,12,12,3,0
20240627,XDCE,大商所,L,12,12,2,0
20240627,XDCE,大商所,M,8,8,7,0
20240627,XDCE,大商所,P,12,12,2,0
20240627,XDCE,大商所,PG,12,12,2,0
20240627,XDCE,大商所,PP,12,12,2,0
20240627,XDCE,大商所,RR,12,12,0,0
20240627,XDCE,大商所,V,12,12,4,0
20240627,XDCE,大商所,Y,8,8,5,0
20240627,XSGE,上期所,AG,12,12,6,0
20240627,XSGE,上期所,AL,12,12,5,0
20240627,XSGE,上期所,AO,12,12,3,0
20240627,XSGE,上期所,AU,8,8,3,0
20240627,XSGE,上期所,BR,12,12,3,0
20240627,XSGE,上期所,BU,16,16,4,0
20240627,XSGE,上期所,CU,12,12,5,0
20240627,XSGE,上期所,FU,12,12,6,0
20240627,XSGE,上期所,HC,12,12,3,0
20240627,XSGE,上期所,NI,12,12,3,0
20240627,XSGE,上期所,PB,12,12,4,0
20240627,XSGE,上期所,RB,12,12,5,0
20240627,XSGE,上期所,RU,10,10,2,0
20240627,XSGE,上期所,SN,12,12,3,0
20240627,XSGE,上期所,SP,12,12,3,0
20240627,XSGE,上期所,SS,12,12,4,0
20240627,XSGE,上期所,ZN,12,12,4,0
20240627,XSIE,能源中心,BC,12,12,1,0
20240627,XSIE,能源中心,LU,12,12,3,0
20240627,XSIE,能源中心,NR,12,12,3,0
20240627,XSIE,能源中心,SC,20,20,4,0
20240628,XDCE,大商所,A,6,6,5,0
20240628,XDCE,大商所,B,12,12,2,0
20240628,XDCE,大商所,C,6,6,5,0
20240628,XDCE,大商所,CS,6,6,2,0
20240628,XDCE,大商所,EB,12,12,4,0
20240628,XDCE,大商所,EG,12,12,3,0
20240628,XDCE,大商所,I,12,12,4,0
20240628,XDCE,大商所,J,12,12,1,0
20240628,XDCE,大商所,JM,12,12,2,0
20240628,XDCE,大商所,L,12,12,2,0
20240628,XDCE,大商所,M,8,8,7,0
20240628,XDCE,大商所,P,12,12,3,0
20240628,XDCE,大商所,PG,12,12,5,0
20240628,XDCE,大商所,PP,12,12,2,0
20240628,XDCE,大商所,RR,12,12,0,0
20240628,XDCE,大商所,V,12,12,5,0
20240628,XDCE,大商所,Y,8,8,4,0
20240628,XSGE,上期所,AG,12,12,11,0
20240628,XSGE,上期所,AL,12,12,2,0
20240628,XSGE,上期所,AO,12,12,3,0
20240628,XSGE,上期所,AU,8,8,5,0
20240628,XSGE,上期所,BR,12,12,3,0
20240628,XSGE,上期所,BU,16,16,4,0
20240628,XSGE,上期所,CU,12,12,6,0
20240628,XSGE,上期所,FU,12,12,7,0
20240628,XSGE,上期所,HC,12,12,4,0
20240628,XSGE,上期所,NI,12,12,4,0
20240628,XSGE,上期所,PB,12,12,3,0
20240628,XSGE,上期所,RB,12,12,7,0
20240628,XSGE,上期所,RU,10,10,3,0
20240628,XSGE,上期所,SN,12,12,4,0
20240628,XSGE,上期所,SP,12,12,5,0
20240628,XSGE,上期所,SS,12,12,2,0
20240628,XSGE,上期所,ZN,12,12,4,0
20240628,XSIE,能源中心,BC,12,12,2,0
20240628,XSIE,能源中心,LU,12,12,4,0
20240628,XSIE,能源中心,NR,12,12,4,0
20240628,XSIE,能源中心,SC,20,20,3,0
20240701,XDCE,大商所,A,6,6,4,0
20240701,XDCE,大商所,B,12,12,3,0
20240701,XDCE,大商所,C,6,6,4,0
20240701,XDCE,大商所,CS,6,6,2,0
20240701,XDCE,大商所,EB,12,12,4,0
20240701,XDCE,大商所,EG,12,12,2,0
20240701,XDCE,大商所,I,12,12,3,0
20240701,XDCE,大商所,J,12,12,1,0
20240701,XDCE,大商所,JM,12,12,2,0
20240701,XDCE,大商所,L,12,12,1,0
20240701,XDCE,大商所,M,8,8,6,0
20240701,XDCE,大商所,P,12,12,3,0
20240701,XDCE,大商所,PG,12,12,4,0
20240701,XDCE,大商所,PP,12,12,1,0
20240701,XDCE,大商所,RR,12,12,0,0
20240701,XDCE,大商所,V,12,12,3,0
20240701,XDCE,大商所,Y,8,8,4,0
20240701,XSGE,上期所,AG,12,12,10,0
20240701,XSGE,上期所,AL,12,12,5,0
20240701,XSGE,上期所,AO,12,12,3,0
20240701,XSGE,上期所,AU,8,8,4,0
20240701,XSGE,上期所,BR,12,12,2,0
20240701,XSGE,上期所,BU,16,16,3,0
20240701,XSGE,上期所,CU,12,12,5,0
20240701,XSGE,上期所,FU,12,12,4,0
20240701,XSGE,上期所,HC,12,12,3,0
20240701,XSGE,上期所,NI,12,12,3,0
20240701,XSGE,上期所,PB,12,12,3,0
20240701,XSGE,上期所,RB,12,12,4,0
20240701,XSGE,上期所,RU,10,10,3,0
20240701,XSGE,上期所,SN,12,12,3,0
20240701,XSGE,上期所,SP,12,12,3,0
20240701,XSGE,上期所,SS,12,12,2,0
20240701,XSGE,上期所,ZN,12,12,3,0
20240701,XSIE,能源中心,BC,12,12,1,0
20240701,XSIE,能源中心,LU,12,12,2,0
20240701,XSIE,能源中心,NR,12,12,3,0
20240701,XSIE,能源中心,SC,20,20,2,0
20240702,XDCE,大商所,A,6,6,4,0
20240702,XDCE,大商所,B,12,12,3,0
20240702,XDCE,大商所,C,6,6,4,0
20240702,XDCE,大商所,CS,6,6,2,0
20240702,XDCE,大商所,EB,12,12,2,0
20240702,XDCE,大商所,EG,12,12,2,0
20240702,XDCE,大商所,I,12,12,8,0
20240702,XDCE,大商所,J,12,12,2,0
20240702,XDCE,大商所,JM,12,12,2,0
20240702,XDCE,大商所,L,12,12,2,0
20240702,XDCE,大商所,M,8,8,8,0
20240702,XDCE,大商所,P,12,12,3,0
20240702,XDCE,大商所,PG,12,12,2,0
20240702,XDCE,大商所,PP,12,12,3,0
20240702,XDCE,大商所,RR,12,12,0,0
20240702,XDCE,大商所,V,12,12,2,0
20240702,XDCE,大商所,Y,8,8,5,0
20240702,XSGE,上期所,AG,12,12,5,0
20240702,XSGE,上期所,AL,12,12,2,0
20240702,XSGE,上期所,AO,12,12,3,0
20240702,XSGE,上期所,AU,8,8,3,0
20240702,XSGE,上期所,BR,12,12,2,0
20240702,XSGE,上期所,BU,16,16,3,0
20240702,XSGE,上期所,CU,12,12,6,0
20240702,XSGE,上期所,FU,12,12,4,0
20240702,XSGE,上期所,HC,12,12,4,0
20240702,XSGE,上期所,NI,12,12,4,0
20240702,XSGE,上期所,PB,12,12,2,0
20240702,XSGE,上期所,RB,12,12,7,0
20240702,XSGE,上期所,RU,10,10,3,0
20240702,XSGE,上期所,SN,12,12,2,0
20240702,XSGE,上期所,SP,12,12,2,0
20240702,XSGE,上期所,SS,12,12,2,0
20240702,XSGE,上期所,ZN,12,12,3,0
20240702,XSIE,能源中心,BC,12,12,1,0
20240702,XSIE,能源中心,LU,12,12,6,0
20240702,XSIE,能源中心,NR,12,12,2,0
20240702,XSIE,能源中心,SC,20,20,3,0
20240703,XDCE,大商所,A,6,6,3,0
20240703,XDCE,大商所,B,12,12,3,0
20240703,XDCE,大商所,C,6,6,6,0
20240703,XDCE,大商所,CS,6,6,2,0
20240703,XDCE,大商所,EB,12,12,4,0
20240703,XDCE,大商所,EG,12,12,2,0
20240703,XDCE,大商所,I,12,12,4,0
20240703,XDCE,大商所,J,12,12,2,0
20240703,XDCE,大商所,JM,12,12,2,0
20240703,XDCE,大商所,L,12,12,2,0
20240703,XDCE,大商所,M,8,8,6,0
20240703,XDCE,大商所,P,12,12,4,0
20240703,XDCE,大商所,PG,12,12,5,0
20240703,XDCE,大商所,PP,12,12,2,0
20240703,XDCE,大商所,RR,12,12,0,0
20240703,XDCE,大商所,V,12,12,4,0
20240703,XDCE,大商所,Y,8,8,6,0
20240703,XSGE,上期所,AG,12,12,9,0
20240703,XSGE,上期所,AL,12,12,4,0
20240703,XSGE,上期所,AO,12,12,3,0
20240703,XSGE,上期所,AU,8,8,3,0
20240703,XSGE,上期所,BR,12,12,2,0
20240703,XSGE,上期所,BU,16,16,3,0
20240703,XSGE,上期所,CU,12,12,12,0
20240703,XSGE,上期所,FU,12,12,7,0
20240703,XSGE,上期所,HC,12,12,3,0
20240703,XSGE,上期所,NI,12,12,4,0
20240703,XSGE,上期所,PB,12,12,2,0
20240703,XSGE,上期所,RB,12,12,3,0
20240703,XSGE,上期所,RU,10,10,3,0
20240703,XSGE,上期所,SN,12,12,3,0
20240703,XSGE,上期所,SP,12,12,3,0
20240703,XSGE,上期所,SS,12,12,3,0
20240703,XSGE,上期所,ZN,12,12,3,0
20240703,XSIE,能源中心,BC,12,12,1,0
20240703,XSIE,能源中心,LU,12,12,3,0
20240703,XSIE,能源中心,NR,12,12,4,0
20240703,XSIE,能源中心,SC,20,20,3,0
20240704,XDCE,大商所,A,6,6,3,0
20240704,XDCE,大商所,B,12,12,2,0
20240704,XDCE,大商所,C,6,6,3,0
20240704,XDCE,大商所,CS,6,6,2,0
20240704,XDCE,大商所,EB,12,12,4,0
20240704,XDCE,大商所,EG,12,12,3,0
20240704,XDCE,大商所,I,12,12,6,0
20240704,XDCE,大商所,J,12,12,1,0
20240704,XDCE,大商所,JM,12,12,2,0
20240704,XDCE,大商所,L,12,12,2,0
20240704,XDCE,大商所,M,8,8,6,0
20240704,XDCE,大商所,P,12,12,5,0
20240704,XDCE,大商所,PG,12,12,3,0
20240704,XDCE,大商所,PP,12,12,2,0
20240704,XDCE,大商所,RR,12,12,1,0
20240704,XDCE,大商所,V,12,12,2,0
20240704,XDCE,大商所,Y,8,8,5,0
20240704,XSGE,上期所,AG,12,12,11,0
20240704,XSGE,上期所,AL,12,12,4,0
20240704,XSGE,上期所,AO,12,12,3,0
20240704,XSGE,上期所,AU,8,8,4,0
20240704,XSGE,上期所,BR,12,12,2,0
20240704,XSGE,上期所,BU,16,16,3,0
20240704,XSGE,上期所,CU,12,12,7,0
20240704,XSGE,上期所,FU,12,12,4,0
20240704,XSGE,上期所,HC,12,12,4,0
20240704,XSGE,上期所,NI,12,12,5,0
20240704,XSGE,上期所,PB,12,12,3,0
20240704,XSGE,上期所,RB,12,12,7,0
20240704,XSGE,上期所,RU,10,10,3,0
20240704,XSGE,上期所,SN,12,12,4,0
20240704,XSGE,上期所,SP,12,12,3,0
20240704,XSGE,上期所,SS,12,12,3,0
20240704,XSGE,上期所,ZN,12,12,5,0
20240704,XSIE,能源中心,BC,12,12,1,0
20240704,XSIE,能源中心,LU,12,12,2,0
20240704,XSIE,能源中心,NR,12,12,2,0
20240704,XSIE,能源中心,SC,20,20,2,0
20240705,XDCE,大商所,A,6,6,2,0
20240705,XDCE,大商所,B,12,12,2,0
20240705,XDCE,大商所,C,6,6,3,0
20240705,XDCE,大商所,CS,6,6,2,0
20240705,XDCE,大商所,EB,12,12,3,0
20240705,XDCE,大商所,EG,12,12,4,0
20240705,XDCE,大商所,I,12,12,4,0
20240705,XDCE,大商所,J,12,12,1,0
20240705,XDCE,大商所,JM,12,12,2,0
20240705,XDCE,大商所,L,12,12,3,0
20240705,XDCE,大商所,M,8,8,5,0
20240705,XDCE,大商所,P,12,12,4,0
20240705,XDCE,大商所,PG,12,12,4,0
20240705,XDCE,大商所,PP,12,12,2,0
20240705,XDCE,大商所,RR,12,12,2,0
20240705,XDCE,大商所,V,12,12,2,0
20240705,XDCE,大商所,Y,8,8,4,0
20240705,XSGE,上期所,AG,12,12,8,0
20240705,XSGE,上期所,AL,12,12,4,0
20240705,XSGE,上期所,AO,12,12,3,0
20240705,XSGE,上期所,AU,8,8,3,0
20240705,XSGE,上期所,BR,12,12,2,0
20240705,XSGE,上期所,BU,16,16,3,0
20240705,XSGE,上期所,CU,12,12,7,0
20240705,XSGE,上期所,FU,12,12,8,0
20240705,XSGE,上期所,HC,12,12,2,0
20240705,XSGE,上期所,NI,12,12,3,0
20240705,XSGE,上期所,PB,12,12,3,0
20240705,XSGE,上期所,RB,12,12,6,0
20240705,XSGE,上期所,RU,10,10,3,0
20240705,XSGE,上期所,SN,12,12,2,0
20240705,XSGE,上期所,SP,12,12,3,0
20240705,XSGE,上期所,SS,12,12,4,0
20240705,XSGE,上期所,ZN,12,12,4,0
20240705,XSIE,能源中心,BC,12,12,2,0
20240705,XSIE,能源中心,LU,12,12,3,0
20240705,XSIE,能源中心,NR,12,12,2,0
20240705,XSIE,能源中心,SC,20,20,2,0
20240708,XDCE,大商所,A,6,6,2,0
20240708,XDCE,大商所,B,12,12,1,0
20240708,XDCE,大商所,C,6,6,3,0
20240708,XDCE,大商所,CS,6,6,2,0
20240708,XDCE,大商所,EB,12,12,3,0
20240708,XDCE,大商所,EG,12,12,2,0
20240708,XDCE,大商所,I,12,12,4,0
20240708,XDCE,大商所,J,12,12,2,0
20240708,XDCE,大商所,JM,12,12,3,0
20240708,XDCE,大商所,L,12,12,2,0
20240708,XDCE,大商所,M,8,8,6,0
20240708,XDCE,大商所,P,12,12,4,0
20240708,XDCE,大商所,PG,12,12,4,0
20240708,XDCE,大商所,PP,12,12,3,0
20240708,XDCE,大商所,RR,12,12,0,0
20240708,XDCE,大商所,V,12,12,3,0
20240708,XDCE,大商所,Y,8,8,4,0
20240708,XSGE,上期所,AG,12,12,9,0
20240708,XSGE,上期所,AL,12,12,5,0
20240708,XSGE,上期所,AO,12,12,3,0
20240708,XSGE,上期所,AU,8,8,5,0
20240708,XSGE,上期所,BR,12,12,2,0
20240708,XSGE,上期所,BU,16,16,3,0
20240708,XSGE,上期所,CU,12,12,9,0
20240708,XSGE,上期所,FU,12,12,4,0
20240708,XSGE,上期所,HC,12,12,3,0
20240708,XSGE,上期所,NI,12,12,3,0
20240708,XSGE,上期所,PB,12,12,3,0
20240708,XSGE,上期所,RB,12,12,6,0
20240708,XSGE,上期所,RU,10,10,3,0
20240708,XSGE,上期所,SN,12,12,3,0
20240708,XSGE,上期所,SP,12,12,4,0
20240708,XSGE,上期所,SS,12,12,3,0
20240708,XSGE,上期所,ZN,12,12,3,0
20240708,XSIE,能源中心,BC,12,12,2,0
20240708,XSIE,能源中心,LU,12,12,3,0
20240708,XSIE,能源中心,NR,12,12,3,0
20240708,XSIE,能源中心,SC,20,20,3,0
20240709,XDCE,大商所,A,6,6,3,0
20240709,XDCE,大商所,B,12,12,6,0
20240709,XDCE,大商所,C,6,6,4,0
20240709,XDCE,大商所,CS,6,6,2,0
20240709,XDCE,大商所,EB,12,12,4,0
20240709,XDCE,大商所,EG,12,12,4,0
20240709,XDCE,大商所,I,12,12,3,0
20240709,XDCE,大商所,J,12,12,1,0
20240709,XDCE,大商所,JM,12,12,2,0
20240709,XDCE,大商所,L,12,12,2,0
20240709,XDCE,大商所,M,8,8,6,0
20240709,XDCE,大商所,P,12,12,7,0
20240709,XDCE,大商所,PG,12,12,3,0
20240709,XDCE,大商所,PP,12,12,3,0
20240709,XDCE,大商所,RR,12,12,0,0
20240709,XDCE,大商所,V,12,12,3,0
20240709,XDCE,大商所,Y,8,8,4,0
20240709,XSGE,上期所,AG,12,12,9,0
20240709,XSGE,上期所,AL,12,12,2,0
20240709,XSGE,上期所,AO,12,12,3,0
20240709,XSGE,上期所,AU,8,8,5,0
20240709,XSGE,上期所,BR,12,12,2,0
20240709,XSGE,上期所,BU,16,16,3,0
20240709,XSGE,上期所,CU,12,12,7,0
20240709,XSGE,上期所,FU,12,12,6,0
20240709,XSGE,上期所,HC,12,12,4,0
20240709,XSGE,上期所,NI,12,12,3,0
20240709,XSGE,上期所,PB,12,12,3,0
20240709,XSGE,上期所,RB,12,12,6,0
20240709,XSGE,上期所,RU,10,10,4,0
20240709,XSGE,上期所,SN,12,12,2,0
20240709,XSGE,上期所,SP,12,12,3,0
20240709,XSGE,上期所,SS,12,12,3,0
20240709,XSGE,上期所,ZN,12,12,5,0
20240709,XSIE,能源中心,BC,12,12,2,0
20240709,XSIE,能源中心,LU,12,12,3,0
20240709,XSIE,能源中心,NR,12,12,2,0
20240709,XSIE,能源中心,SC,20,20,2,0
20240710,XDCE,大商所,A,6,6,2,0
20240710,XDCE,大商所,B,12,12,4,0
20240710,XDCE,大商所,C,6,6,3,0
20240710,XDCE,大商所,CS,6,6,2,0
20240710,XDCE,大商所,EB,12,12,4,0
20240710,XDCE,大商所,EG,12,12,5,0
20240710,XDCE,大商所,I,12,12,5,0
20240710,XDCE,大商所,J,12,12,1,0
20240710,XDCE,大商所,JM,12,12,2,0
20240710,XDCE,大商所,L,12,12,1,0
20240710,XDCE,大商所,M,8,8,5,0
20240710,XDCE,大商所,P,12,12,3,0
20240710,XDCE,大商所,PG,12,12,2,0
20240710,XDCE,大商所,PP,12,12,2,0
20240710,XDCE,大商所,RR,12,12,0,0
20240710,XDCE,大商所,V,12,12,3,0
20240710,XDCE,大商所,Y,8,8,5,0
20240710,XSGE,上期所,AG,12,12,8,0
20240710,XSGE,上期所,AL,12,12,2,0
20240710,XSGE,上期所,AO,12,12,3,0
20240710,XSGE,上期所,AU,8,8,3,0
20240710,XSGE,上期所,BR,12,12,2,0
20240710,XSGE,上期所,BU,16,16,3,0
20240710,XSGE,上期所,CU,12,12,8,0
20240710,XSGE,上期所,FU,12,12,6,0
20240710,XSGE,上期所,HC,12,12,2,0
20240710,XSGE,上期所,NI,12,12,4,0
20240710,XSGE,上期所,PB,12,12,4,0
20240710,XSGE,上期所,RB,12,12,4,0
20240710,XSGE,上期所,RU,10,10,4,0
20240710,XSGE,上期所,SN,12,12,4,0
20240710,XSGE,上期所,SP,12,12,2,0
20240710,XSGE,上期所,SS,12,12,3,0
20240710,XSGE,上期所,ZN,12,12,4,0
20240710,XSIE,能源中心,BC,12,12,2,0
20240710,XSIE,能源中心,LU,12,12,2,0
20240710,XSIE,能源中心,NR,12,12,2,0
20240710,XSIE,能源中心,SC,20,20,2,0
20240711,XDCE,大商所,A,6,6,2,0
20240711,XDCE,大商所,B,12,12,3,0
20240711,XDCE,大商所,C,6,6,4,0
20240711,XDCE,大商所,CS,6,6,3,0
20240711,XDCE,大商所,EB,12,12,4,0
20240711,XDCE,大商所,EG,12,12,2,0
20240711,XDCE,大商所,I,12,12,4,0
20240711,XDCE,大商所,J,12,12,1,0
20240711,XDCE,大商所,JM,12,12,2,0
20240711,XDCE,大商所,L,12,12,2,0
20240711,XDCE,大商所,M,8,8,7,0
20240711,XDCE,大商所,P,12,12,4,0
20240711,XDCE,大商所,PG,12,12,4,0
20240711,XDCE,大商所,PP,12,12,2,0
20240711,XDCE,大商所,RR,12,12,0,0
20240711,XDCE,大商所,V,12,12,3,0
20240711,XDCE,大商所,Y,8,8,5,0
20240711,XSGE,上期所,AG,12,12,5,0
20240711,XSGE,上期所,AL,12,12,5,0
20240711,XSGE,上期所,AO,12,12,3,0
20240711,XSGE,上期所,AU,8,8,5,0
20240711,XSGE,上期所,BR,12,12,2,0
20240711,XSGE,上期所,BU,16,16,3,0
20240711,XSGE,上期所,CU,12,12,5,0
20240711,XSGE,上期所,FU,12,12,4,0
20240711,XSGE,上期所,HC,12,12,3,0
20240711,XSGE,上期所,NI,12,12,4,0
20240711,XSGE,上期所,PB,12,12,3,0
20240711,XSGE,上期所,RB,12,12,5,0
20240711,XSGE,上期所,RU,10,10,2,0
20240711,XSGE,上期所,SN,12,12,3,0
20240711,XSGE,上期所,SP,12,12,4,0
20240711,XSGE,上期所,SS,12,12,3,0
20240711,XSGE,上期所,ZN,12,12,4,0
20240711,XSIE,能源中心,BC,12,12,1,0
20240711,XSIE,能源中心,LU,12,12,3,0
20240711,XSIE,能源中心,NR,12,12,4,0
20240711,XSIE,能源中心,SC,20,20,3,0
20240712,XDCE,大商所,A,6,6,3,0
20240712,XDCE,大商所,B,12,12,4,0
20240712,XDCE,大商所,C,6,6,3,0
20240712,XDCE,大商所,CS,6,6,3,0
20240712,XDCE,大商所,EB,12,12,4,0
20240712,XDCE,大商所,EG,12,12,2,0
20240712,XDCE,大商所,I,12,12,5,0
20240712,XDCE,大商所,J,12,12,2,0
20240712,XDCE,大商所,JM,12,12,2,0
20240712,XDCE,大商所,L,12,12,2,0
20240712,XDCE,大商所,M,8,8,7,0
20240712,XDCE,大商所,P,12,12,5,0
20240712,XDCE,大商所,PG,12,12,1,0
20240712,XDCE,大商所,PP,12,12,3,0
20240712,XDCE,大商所,RR,12,12,0,0
20240712,XDCE,大商所,V,12,12,2,0
20240712,XDCE,大商所,Y,8,8,4,0
20240712,XSGE,上期所,AG,12,12,12,0
20240712,XSGE,上期所,AL,12,12,4,0
20240712,XSGE,上期所,AO,12,12,4,0
20240712,XSGE,上期所,AU,8,8,5,0
20240712,XSGE,上期所,BR,12,12,2,0
20240712,XSGE,上期所,BU,16,16,4,0
20240712,XSGE,上期所,CU,12,12,6,0
20240712,XSGE,上期所,FU,12,12,5,0
20240712,XSGE,上期所,HC,12,12,2,0
20240712,XSGE,上期所,NI,12,12,5,0
20240712,XSGE,上期所,PB,12,12,3,0
20240712,XSGE,上期所,RB,12,12,5,0
20240712,XSGE,上期所,RU,10,10,3,0
20240712,XSGE,上期所,SN,12,12,3,0
20240712,XSGE,上期所,SP,12,12,3,0
20240712,XSGE,上期所,SS,12,12,2,0
20240712,XSGE,上期所,ZN,12,12,4,0
20240712,XSIE,能源中心,BC,12,12,1,0
20240712,XSIE,能源中心,LU,12,12,4,0
20240712,XSIE,能源中心,NR,12,12,3,0
20240712,XSIE,能源中心,SC,20,20,3,0
20240715,XDCE,大商所,A,6,6,3,0
20240715,XDCE,大商所,B,12,12,3,0
20240715,XDCE,大商所,C,6,6,4,0
20240715,XDCE,大商所,CS,6,6,2,0
20240715,XDCE,大商所,EB,12,12,3,0
20240715,XDCE,大商所,EG,12,12,2,0
20240715,XDCE,大商所,I,12,12,5,0
20240715,XDCE,大商所,J,12,12,2,0
20240715,XDCE,大商所,JM,12,12,2,0
20240715,XDCE,大商所,L,12,12,2,0
20240715,XDCE,大商所,M,8,8,6,0
20240715,XDCE,大商所,P,12,12,3,0
20240715,XDCE,大商所,PG,12,12,3,0
20240715,XDCE,大商所,PP,12,12,2,0
20240715,XDCE,大商所,RR,12,12,1,0
20240715,XDCE,大商所,V,12,12,2,0
20240715,XDCE,大商所,Y,8,8,5,0
20240715,XSGE,上期所,AG,12,12,10,0
20240715,XSGE,上期所,AL,12,12,4,0
20240715,XSGE,上期所,AO,12,12,5,0
20240715,XSGE,上期所,AU,8,8,5,0
20240715,XSGE,上期所,BR,12,12,2,0
20240715,XSGE,上期所,BU,16,16,3,0
20240715,XSGE,上期所,CU,12,12,6,0
20240715,XSGE,上期所,FU,12,12,5,0
20240715,XSGE,上期所,HC,12,12,3,0
20240715,XSGE,上期所,NI,12,12,3,0
20240715,XSGE,上期所,PB,12,12,4,0
20240715,XSGE,上期所,RB,12,12,4,0
20240715,XSGE,上期所,RU,10,10,2,0
20240715,XSGE,上期所,SN,12,12,2,0
20240715,XSGE,上期所,SP,12,12,3,0
20240715,XSGE,上期所,SS,12,12,3,0
20240715,XSGE,上期所,ZN,12,12,4,0
20240715,XSIE,能源中心,BC,12,12,2,0
20240715,XSIE,能源中心,LU,12,12,3,0
20240715,XSIE,能源中心,NR,12,12,2,0
20240715,XSIE,能源中心,SC,20,20,3,0
20240716,XDCE,大商所,A,6,6,3,0
20240716,XDCE,大商所,B,12,12,3,0
20240716,XDCE,大商所,C,6,6,3,0
20240716,XDCE,大商所,CS,6,6,3,0
20240716,XDCE,大商所,EB,12,12,5,0
20240716,XDCE,大商所,EG,12,12,2,0
20240716,XDCE,大商所,I,12,12,2,0
20240716,XDCE,大商所,J,12,12,2,0
20240716,XDCE,大商所,JM,12,12,3,0
20240716,XDCE,大商所,L,12,12,3,0
20240716,XDCE,大商所,M,8,8,8,0
20240716,XDCE,大商所,P,12,12,4,0
20240716,XDCE,大商所,PG,12,12,4,0
20240716,XDCE,大商所,PP,12,12,3,0
20240716,XDCE,大商所,RR,12,12,0,0
20240716,XDCE,大商所,V,12,12,4,0
20240716,XDCE,大商所,Y,8,8,5,0
20240716,XSGE,上期所,AG,12,12,5,0
20240716,XSGE,上期所,AL,12,12,5,0
20240716,XSGE,上期所,AO,12,12,4,0
20240716,XSGE,上期所,AU,8,8,3,0
20240716,XSGE,上期所,BR,12,12,2,0
20240716,XSGE,上期所,BU,16,16,3,0
20240716,XSGE,上期所,CU,12,12,5,0
20240716,XSGE,上期所,FU,12,12,4,0
20240716,XSGE,上期所,HC,12,12,3,0
20240716,XSGE,上期所,NI,12,12,4,0
20240716,XSGE,上期所,PB,12,12,2,0
20240716,XSGE,上期所,RB,12,12,3,0
20240716,XSGE,上期所,RU,10,10,5,0
20240716,XSGE,上期所,SN,12,12,2,0
20240716,XSGE,上期所,SP,12,12,3,0
20240716,XSGE,上期所,SS,12,12,3,0
20240716,XSGE,上期所,ZN,12,12,3,0
20240716,XSIE,能源中心,BC,12,12,2,0
20240716,XSIE,能源中心,LU,12,12,8,0
20240716,XSIE,能源中心,NR,12,12,5,0
20240716,XSIE,能源中心,SC,20,20,3,0
20240717,XDCE,大商所,A,6,6,4,0
20240717,XDCE,大商所,B,12,12,4,0
20240717,XDCE,大商所,C,6,6,4,0
20240717,XDCE,大商所,CS,6,6,2,0
20240717,XDCE,大商所,EB,12,12,4,0
20240717,XDCE,大商所,EG,12,12,3,0
20240717,XDCE,大商所,I,12,12,5,0
20240717,XDCE,大商所,J,12,12,3,0
20240717,XDCE,大商所,JM,12,12,2,0
20240717,XDCE,大商所,L,12,12,3,0
20240717,XDCE,大商所,M,8,8,5,0
20240717,XDCE,大商所,P,12,12,6,0
20240717,XDCE,大商所,PG,12,12,4,0
20240717,XDCE,大商所,PP,12,12,3,0
20240717,XDCE,大商所,RR,12,12,1,0
20240717,XDCE,大商所,V,12,12,4,0
20240717,XDCE,大商所,Y,8,8,6,0
20240717,XSGE,上期所,AG,12,12,10,0
20240717,XSGE,上期所,AL,12,12,5,0
20240717,XSGE,上期所,AO,12,12,5,0
20240717,XSGE,上期所,AU,8,8,4,0
20240717,XSGE,上期所,BR,12,12,2,0
20240717,XSGE,上期所,BU,16,16,4,0
20240717,XSGE,上期所,CU,12,12,11,0
20240717,XSGE,上期所,FU,12,12,8,0
20240717,XSGE,上期所,HC,12,12,3,0
20240717,XSGE,上期所,NI,12,12,4,0
20240717,XSGE,上期所,PB,12,12,3,0
20240717,XSGE,上期所,RB,12,12,5,0
20240717,XSGE,上期所,RU,10,10,2,0
20240717,XSGE,上期所,SN,12,12,3,0
20240717,XSGE,上期所,SP,12,12,3,0
20240717,XSGE,上期所,SS,12,12,3,0
20240717,XSGE,上期所,ZN,12,12,4,0
20240717,XSIE,能源中心,BC,12,12,2,0
20240717,XSIE,能源中心,LU,12,12,8,0
20240717,XSIE,能源中心,NR,12,12,3,0
20240717,XSIE,能源中心,SC,20,20,3,0
20240718,XDCE,大商所,A,6,6,3,0
20240718,XDCE,大商所,B,12,12,3,0
20240718,XDCE,大商所,C,6,6,5,0
20240718,XDCE,大商所,CS,6,6,2,0
20240718,XDCE,大商所,EB,12,12,2,0
20240718,XDCE,大商所,EG,12,12,3,0
20240718,XDCE,大商所,I,12,12,5,0
20240718,XDCE,大商所,J,12,12,1,0
20240718,XDCE,大商所,JM,12,12,2,0
20240718,XDCE,大商所,L,12,12,2,0
20240718,XDCE,大商所,M,8,8,6,0
20240718,XDCE,大商所,P,12,12,4,0
20240718,XDCE,大商所,PG,12,12,4,0
20240718,XDCE,大商所,PP,12,12,2,0
20240718,XDCE,大商所,RR,12,12,0,0
20240718,XDCE,大商所,V,12,12,4,0
20240718,XDCE,大商所,Y,8,8,5,0
20240718,XSGE,上期所,AG,12,12,8,0
20240718,XSGE,上期所,AL,12,12,2,0
20240718,XSGE,上期所,AO,12,12,4,0
20240718,XSGE,上期所,AU,8,8,4,0
20240718,XSGE,上期所,BR,12,12,2,0
20240718,XSGE,上期所,BU,16,16,3,0
20240718,XSGE,上期所,CU,12,12,7,0
20240718,XSGE,上期所,FU,12,12,6,0
20240718,XSGE,上期所,HC,12,12,3,0
20240718,XSGE,上期所,NI,12,12,4,0
20240718,XSGE,上期所,PB,12,12,3,0
20240718,XSGE,上期所,RB,12,12,5,0
20240718,XSGE,上期所,RU,10,10,2,0
20240718,XSGE,上期所,SN,12,12,2,0
20240718,XSGE,上期所,SP,12,12,4,0
20240718,XSGE,上期所,SS,12,12,3,0
20240718,XSGE,上期所,ZN,12,12,4,0
20240718,XSIE,能源中心,BC,12,12,2,0
20240718,XSIE,能源中心,LU,12,12,5,0
20240718,XSIE,能源中心,NR,12,12,3,0
20240718,XSIE,能源中心,SC,20,20,3,0
20240719,XDCE,大商所,A,6,6,3,0
20240719,XDCE,大商所,B,12,12,2,0
20240719,XDCE,大商所,C,6,6,4,0
20240719,XDCE,大商所,CS,6,6,3,0
20240719,XDCE,大商所,EB,12,12,3,0
20240719,XDCE,大商所,EG,12,12,2,0
20240719,XDCE,大商所,I,12,12,5,0
20240719,XDCE,大商所,J,12,12,2,0
20240719,XDCE,大商所,JM,12,12,3,0
20240719,XDCE,大商所,L,12,12,2,0
20240719,XDCE,大商所,M,8,8,6,0
20240719,XDCE,大商所,P,12,12,3,0
20240719,XDCE,大商所,PG,12,12,4,0
20240719,XDCE,大商所,PP,12,12,3,0
20240719,XDCE,大商所,RR,12,12,0,0
20240719,XDCE,大商所,V,12,12,4,0
20240719,XDCE,大商所,Y,8,8,5,0
20240719,XSGE,上期所,AG,12,12,9,0
20240719,XSGE,上期所,AL,12,12,6,0
20240719,XSGE,上期所,AO,12,12,4,0
20240719,XSGE,上期所,AU,8,8,5,0
20240719,XSGE,上期所,BR,12,12,2,0
20240719,XSGE,上期所,BU,16,16,4,0
20240719,XSGE,上期所,CU,12,12,11,0
20240719,XSGE,上期所,FU,12,12,7,0
20240719,XSGE,上期所,HC,12,12,4,0
20240719,XSGE,上期所,NI,12,12,5,0
20240719,XSGE,上期所,PB,12,12,4,0
20240719,XSGE,上期所,RB,12,12,5,0
20240719,XSGE,上期所,RU,10,10,4,0
20240719,XSGE,上期所,SN,12,12,3,0
20240719,XSGE,上期所,SP,12,12,3,0
20240719,XSGE,上期所,SS,12,12,5,0
20240719,XSGE,上期所,ZN,12,12,4,0
20240719,XSIE,能源中心,BC,12,12,2,0
20240719,XSIE,能源中心,LU,12,12,3,0
20240719,XSIE,能源中心,NR,12,12,3,0
20240719,XSIE,能源中心,SC,20,20,3,0
20240722,XDCE,大商所,A,6,6,2,0
20240722,XDCE,大商所,B,12,12,4,0
20240722,XDCE,大商所,C,6,6,4,0
20240722,XDCE,大商所,CS,6,6,2,0
20240722,XDCE,大商所,EB,12,12,3,0
20240722,XDCE,大商所,EG,12,12,2,0
20240722,XDCE,大商所,I,12,12,4,0
20240722,XDCE,大商所,J,12,12,2,0
20240722,XDCE,大商所,JM,12,12,2,0
20240722,XDCE,大商所,L,12,12,3,0
20240722,XDCE,大商所,M,8,8,7,0
20240722,XDCE,大商所,P,12,12,4,0
20240722,XDCE,大商所,PG,12,12,4,0
20240722,XDCE,大商所,PP,12,12,3,0
20240722,XDCE,大商所,RR,12,12,0,0
20240722,XDCE,大商所,V,12,12,2,0
20240722,XDCE,大商所,Y,8,8,5,0
20240722,XSGE,上期所,AG,12,12,11,0
20240722,XSGE,上期所,AL,12,12,3,0
20240722,XSGE,上期所,AO,12,12,4,0
20240722,XSGE,上期所,AU,8,8,4,0
20240722,XSGE,上期所,BR,12,12,2,0
20240722,XSGE,上期所,BU,16,16,4,0
20240722,XSGE,上期所,CU,12,12,6,0
20240722,XSGE,上期所,FU,12,12,4,0
20240722,XSGE,上期所,HC,12,12,2,0
20240722,XSGE,上期所,NI,12,12,3,0
20240722,XSGE,上期所,PB,12,12,3,0
20240722,XSGE,上期所,RB,12,12,5,0
20240722,XSGE,上期所,RU,10,10,2,0
20240722,XSGE,上期所,SN,12,12,4,0
20240722,XSGE,上期所,SP,12,12,3,0
20240722,XSGE,上期所,SS,12,12,4,0
20240722,XSGE,上期所,ZN,12,12,4,0
20240722,XSIE,能源中心,BC,12,12,2,0
20240722,XSIE,能源中心,LU,12,12,2,0
20240722,XSIE,能源中心,NR,12,12,3,0
20240722,XSIE,能源中心,SC,20,20,4,0
20240723,XDCE,大商所,A,6,6,2,0
20240723,XDCE,大商所,B,12,12,4,0
20240723,XDCE,大商所,C,6,6,4,0
20240723,XDCE,大商所,CS,6,6,2,0
20240723,XDCE,大商所,EB,12,12,4,0
20240723,XDCE,大商所,EG,12,12,3,0
20240723,XDCE,大商所,I,12,12,6,0
20240723,XDCE,大商所,J,12,12,2,0
20240723,XDCE,大商所,JM,12,12,2,0
20240723,XDCE,大商所,L,12,12,2,0
20240723,XDCE,大商所,M,8,8,7,0
20240723,XDCE,大商所,P,12,12,3,0
20240723,XDCE,大商所,PG,12,12,3,0
20240723,XDCE,大商所,PP,12,12,2,0
20240723,XDCE,大商所,RR,12,12,1,0
20240723,XDCE,大商所,V,12,12,3,0
20240723,XDCE,大商所,Y,8,8,4,0
20240723,XSGE,上期所,AG,12,12,7,0
20240723,XSGE,上期所,AL,12,12,4,0
20240723,XSGE,上期所,AO,12,12,4,0
20240723,XSGE,上期所,AU,8,8,5,0
20240723,XSGE,上期所,BR,12,12,4,0
20240723,XSGE,上期所,BU,16,16,5,0
20240723,XSGE,上期所,CU,12,12,9,0
20240723,XSGE,上期所,FU,12,12,6,0
20240723,XSGE,上期所,HC,12,12,2,0
20240723,XSGE,上期所,NI,12,12,6,0
20240723,XSGE,上期所,PB,12,12,4,0
20240723,XSGE,上期所,RB,12,12,7,0
20240723,XSGE,上期所,RU,10,10,4,0
20240723,XSGE,上期所,SN,12,12,4,0
20240723,XSGE,上期所,SP,12,12,3,0
20240723,XSGE,上期所,SS,12,12,4,0
20240723,XSGE,上期所,ZN,12,12,5,0
20240723,XSIE,能源中心,BC,12,12,2,0
20240723,XSIE,能源中心,LU,12,12,3,0
20240723,XSIE,能源中心,NR,12,12,3,0
20240723,XSIE,能源中心,SC,20,20,3,0
20240724,XDCE,大商所,A,6,6,3,0
20240724,XDCE,大商所,B,12,12,4,0
20240724,XDCE,大商所,C,6,6,4,0
20240724,XDCE,大商所,CS,6,6,2,0
20240724,XDCE,大商所,EB,12,12,5,0
20240724,XDCE,大商所,EG,12,12,2,0
20240724,XDCE,大商所,I,12,12,6,0
20240724,XDCE,大商所,J,12,12,2,0
20240724,XDCE,大商所,JM,12,12,2,0
20240724,XDCE,大商所,L,12,12,2,0
20240724,XDCE,大商所,M,8,8,7,0
20240724,XDCE,大商所,P,12,12,3,0
20240724,XDCE,大商所,PG,12,12,2,0
20240724,XDCE,大商所,PP,12,12,2,0
20240724,XDCE,大商所,RR,12,12,0,0
20240724,XDCE,大商所,V,12,12,4,0
20240724,XDCE,大商所,Y,8,8,3,0
20240724,XSGE,上期所,AG,12,12,9,0
20240724,XSGE,上期所,AL,12,12,4,0
20240724,XSGE,上期所,AO,12,12,3,0
20240724,XSGE,上期所,AU,8,8,4,0
20240724,XSGE,上期所,BR,12,12,3,0
20240724,XSGE,上期所,BU,16,16,3,0
20240724,XSGE,上期所,CU,12,12,5,0
20240724,XSGE,上期所,FU,12,12,7,0
20240724,XSGE,上期所,HC,12,12,3,0
20240724,XSGE,上期所,NI,12,12,4,0
20240724,XSGE,上期所,PB,12,12,4,0
20240724,XSGE,上期所,RB,12,12,6,0
20240724,XSGE,上期所,RU,10,10,2,0
20240724,XSGE,上期所,SN,12,12,5,0
20240724,XSGE,上期所,SP,12,12,3,0
20240724,XSGE,上期所,SS,12,12,5,0
20240724,XSGE,上期所,ZN,12,12,5,0
20240724,XSIE,能源中心,BC,12,12,1,0
20240724,XSIE,能源中心,LU,12,12,3,0
20240724,XSIE,能源中心,NR,12,12,3,0
20240724,XSIE,能源中心,SC,20,20,4,0
20240725,XDCE,大商所,A,6,6,2,0
20240725,XDCE,大商所,B,12,12,2,0
20240725,XDCE,大商所,C,6,6,3,0
20240725,XDCE,大商所,CS,6,6,3,0
20240725,XDCE,大商所,EB,12,12,5,0
20240725,XDCE,大商所,EG,12,12,3,0
20240725,XDCE,大商所,I,12,12,4,0
20240725,XDCE,大商所,J,12,12,1,0
20240725,XDCE,大商所,JM,12,12,2,0
20240725,XDCE,大商所,L,12,12,2,0
20240725,XDCE,大商所,M,8,8,5,0
20240725,XDCE,大商所,P,12,12,4,0
20240725,XDCE,大商所,PG,12,12,3,0
20240725,XDCE,大商所,PP,12,12,3,0
20240725,XDCE,大商所,RR,12,12,0,0
20240725,XDCE,大商所,V,12,12,2,0
20240725,XDCE,大商所,Y,8,8,4,0
20240725,XSGE,上期所,AG,12,12,5,0
20240725,XSGE,上期所,AL,12,12,3,0
20240725,XSGE,上期所,AO,12,12,3,0
20240725,XSGE,上期所,AU,8,8,4,0
20240725,XSGE,上期所,BR,12,12,3,0
20240725,XSGE,上期所,BU,16,16,5,0
20240725,XSGE,上期所,CU,12,12,6,0
20240725,XSGE,上期所,FU,12,12,5,0
20240725,XSGE,上期所,HC,12,12,3,0
20240725,XSGE,上期所,NI,12,12,5,0
20240725,XSGE,上期所,PB,12,12,4,0
20240725,XSGE,上期所,RB,12,12,7,0
20240725,XSGE,上期所,RU,10,10,3,0
20240725,XSGE,上期所,SN,12,12,3,0
20240725,XSGE,上期所,SP,12,12,4,0
20240725,XSGE,上期所,SS,12,12,5,0
20240725,XSGE,上期所,ZN,12,12,4,0
20240725,XSIE,能源中心,BC,12,12,1,0
20240725,XSIE,能源中心,LU,12,12,3,0
20240725,XSIE,能源中心,NR,12,12,2,0
20240725,XSIE,能源中心,SC,20,20,3,0
20240726,XDCE,大商所,A,6,6,2,0
20240726,XDCE,大商所,B,12,12,4,0
20240726,XDCE,大商所,C,6,6,3,0
20240726,XDCE,大商所,CS,6,6,3,0
20240726,XDCE,大商所,EB,12,12,5,0
20240726,XDCE,大商所,EG,12,12,2,0
20240726,XDCE,大商所,I,12,12,4,0
20240726,XDCE,大商所,J,12,12,1,0
20240726,XDCE,大商所,JM,12,12,2,0
20240726,XDCE,大商所,L,12,12,2,0
20240726,XDCE,大商所,M,8,8,7,0
20240726,XDCE,大商所,P,12,12,3,0
20240726,XDCE,大商所,PG,12,12,4,0
20240726,XDCE,大商所,PP,12,12,4,0
20240726,XDCE,大商所,RR,12,12,0,0
20240726,XDCE,大商所,V,12,12,5,0
20240726,XDCE,大商所,Y,8,8,4,0
20240726,XSGE,上期所,AG,12,12,11,0
20240726,XSGE,上期所,AL,12,12,3,0
20240726,XSGE,上期所,AO,12,12,5,0
20240726,XSGE,上期所,AU,8,8,4,0
20240726,XSGE,上期所,BR,12,12,2,0
20240726,XSGE,上期所,BU,16,16,4,0
20240726,XSGE,上期所,CU,12,12,6,0
20240726,XSGE,上期所,FU,12,12,6,0
20240726,XSGE,上期所,HC,12,12,5,0
20240726,XSGE,上期所,NI,12,12,6,0
20240726,XSGE,上期所,PB,12,12,4,0
20240726,XSGE,上期所,RB,12,12,7,0
20240726,XSGE,上期所,RU,10,10,3,0
20240726,XSGE,上期所,SN,12,12,3,0
20240726,XSGE,上期所,SP,12,12,3,0
20240726,XSGE,上期所,SS,12,12,4,0
20240726,XSGE,上期所,ZN,12,12,5,0
20240726,XSIE,能源中心,BC,12,12,1,0
20240726,XSIE,能源中心,LU,12,12,3,0
20240726,XSIE,能源中心,NR,12,12,2,0
20240726,XSIE,能源中心,SC,20,20,3,0
20240729,XDCE,大商所,A,6,6,2,0
20240729,XDCE,大商所,B,12,12,3,0
20240729,XDCE,大商所,C,6,6,3,0
20240729,XDCE,大商所,CS,6,6,4,0
20240729,XDCE,大商所,EB,12,12,3,0
20240729,XDCE,大商所,EG,12,12,4,0
20240729,XDCE,大商所,I,12,12,6,0
20240729,XDCE,大商所,J,12,12,2,0
20240729,XDCE,大商所,JM,12,12,2,0
20240729,XDCE,大商所,L,12,12,4,0
20240729,XDCE,大商所,M,8,8,8,0
20240729,XDCE,大商所,P,12,12,3,0
20240729,XDCE,大商所,PG,12,12,3,0
20240729,XDCE,大商所,PP,12,12,4,0
20240729,XDCE,大商所,RR,12,12,0,0
20240729,XDCE,大商所,V,12,12,3,0
20240729,XDCE,大商所,Y,8,8,5,0
20240729,XSGE,上期所,AG,12,12,7,0
20240729,XSGE,上期所,AL,12,12,5,0
20240729,XSGE,上期所,AO,12,12,5,0
20240729,XSGE,上期所,AU,8,8,3,0
20240729,XSGE,上期所,BR,12,12,3,0
20240729,XSGE,上期所,BU,16,16,5,0
20240729,XSGE,上期所,CU,12,12,7,0
20240729,XSGE,上期所,FU,12,12,6,0
20240729,XSGE,上期所,HC,12,12,4,0
20240729,XSGE,上期所,NI,12,12,4,0
20240729,XSGE,上期所,PB,12,12,5,0
20240729,XSGE,上期所,RB,12,12,7,0
20240729,XSGE,上期所,RU,10,10,4,0
20240729,XSGE,上期所,SN,12,12,3,0
20240729,XSGE,上期所,SP,12,12,3,0
20240729,XSGE,上期所,SS,12,12,5,0
20240729,XSGE,上期所,ZN,12,12,3,0
20240729,XSIE,能源中心,BC,12,12,1,0
20240729,XSIE,能源中心,LU,12,12,4,0
20240729,XSIE,能源中心,NR,12,12,2,0
20240729,XSIE,能源中心,SC,20,20,6,0
20240730,XDCE,大商所,A,6,6,3,0
20240730,XDCE,大商所,B,12,12,3,0
20240730,XDCE,大商所,C,6,6,6,0
20240730,XDCE,大商所,CS,6,6,3,0
20240730,XDCE,大商所,EB,12,12,4,0
20240730,XDCE,大商所,EG,12,12,2,0
20240730,XDCE,大商所,I,12,12,7,0
20240730,XDCE,大商所,J,12,12,3,0
20240730,XDCE,大商所,JM,12,12,2,0
20240730,XDCE,大商所,L,12,12,3,0
20240730,XDCE,大商所,M,8,8,8,0
20240730,XDCE,大商所,P,12,12,5,0
20240730,XDCE,大商所,PG,12,12,3,0
20240730,XDCE,大商所,PP,12,12,3,0
20240730,XDCE,大商所,RR,12,12,0,0
20240730,XDCE,大商所,V,12,12,4,0
20240730,XDCE,大商所,Y,8,8,5,0
20240730,XSGE,上期所,AG,12,12,7,0
20240730,XSGE,上期所,AL,12,12,4,0
20240730,XSGE,上期所,AO,12,12,5,0
20240730,XSGE,上期所,AU,8,8,4,0
20240730,XSGE,上期所,BR,12,12,3,0
20240730,XSGE,上期所,BU,16,16,4,0
20240730,XSGE,上期所,CU,12,12,6,0
20240730,XSGE,上期所,FU,12,12,4,0
20240730,XSGE,上期所,HC,12,12,4,0
20240730,XSGE,上期所,NI,12,12,6,0
20240730,XSGE,上期所,PB,12,12,3,0
20240730,XSGE,上期所,RB,12,12,8,0
20240730,XSGE,上期所,RU,10,10,3,0
20240730,XSGE,上期所,SN,12,12,4,0
20240730,XSGE,上期所,SP,12,12,3,0
20240730,XSGE,上期所,SS,12,12,5,0
20240730,XSGE,上期所,ZN,12,12,4,0
20240730,XSIE,能源中心,BC,12,12,2,0
20240730,XSIE,能源中心,LU,12,12,5,0
20240730,XSIE,能源中心,NR,12,12,3,0
20240730,XSIE,能源中心,SC,20,20,3,0
20240731,XDCE,大商所,A,6,6,3,0
20240731,XDCE,大商所,B,12,12,5,0
20240731,XDCE,大商所,C,6,6,4,0
20240731,XDCE,大商所,CS,6,6,2,0
20240731,XDCE,大商所,EB,12,12,4,0
20240731,XDCE,大商所,EG,12,12,2,0
20240731,XDCE,大商所,I,12,12,5,0
20240731,XDCE,大商所,J,12,12,2,0
20240731,XDCE,大商所,JM,12,12,2,0
20240731,XDCE,大商所,L,12,12,2,0
20240731,XDCE,大商所,M,8,8,7,0
20240731,XDCE,大商所,P,12,12,4,0
20240731,XDCE,大商所,PG,12,12,3,0
20240731,XDCE,大商所,PP,12,12,2,0
20240731,XDCE,大商所,RR,12,12,1,0
20240731,XDCE,大商所,V,12,12,2,0
20240731,XDCE,大商所,Y,8,8,5,0
20240731,XSGE,上期所,AG,12,12,7,0
20240731,XSGE,上期所,AL,12,12,5,0
20240731,XSGE,上期所,AO,12,12,5,0
20240731,XSGE,上期所,AU,8,8,5,0
20240731,XSGE,上期所,BR,12,12,3,0
20240731,XSGE,上期所,BU,16,16,4,0
20240731,XSGE,上期所,CU,12,12,6,0
20240731,XSGE,上期所,FU,12,12,7,0
20240731,XSGE,上期所,HC,12,12,7,0
20240731,XSGE,上期所,NI,12,12,4,0
20240731,XSGE,上期所,PB,12,12,4,0
20240731,XSGE,上期所,RB,12,12,8,0
20240731,XSGE,上期所,RU,10,10,4,0
20240731,XSGE,上期所,SN,12,12,4,0
20240731,XSGE,上期所,SP,12,12,3,0
20240731,XSGE,上期所,SS,12,12,4,0
20240731,XSGE,上期所,ZN,12,12,4,0
20240731,XSIE,能源中心,BC,12,12,1,0
20240731,XSIE,能源中心,LU,12,12,4,0
20240731,XSIE,能源中心,NR,12,12,3,0
20240731,XSIE,能源中心,SC,20,20,2,0
20240801,XDCE,大商所,A,6,6,3,0
20240801,XDCE,大商所,B,12,12,4,0
20240801,XDCE,大商所,C,6,6,4,0
20240801,XDCE,大商所,CS,6,6,4,0
20240801,XDCE,大商所,EB,12,12,5,0
20240801,XDCE,大商所,EG,12,12,4,0
20240801,XDCE,大商所,I,12,12,5,0
20240801,XDCE,大商所,J,12,12,2,0
20240801,XDCE,大商所,JM,12,12,2,0
20240801,XDCE,大商所,L,12,12,2,0
20240801,XDCE,大商所,M,8,8,5,0
20240801,XDCE,大商所,P,12,12,4,0
20240801,XDCE,大商所,PG,12,12,6,0
20240801,XDCE,大商所,PP,12,12,2,0
20240801,XDCE,大商所,RR,12,12,1,0
20240801,XDCE,大商所,V,12,12,5,0
20240801,XDCE,大商所,Y,8,8,4,0
20240801,XSGE,上期所,AG,12,12,7,0
20240801,XSGE,上期所,AL,12,12,5,0
20240801,XSGE,上期所,AO,12,12,4,0
20240801,XSGE,上期所,AU,8,8,3,0
20240801,XSGE,上期所,BR,12,12,2,0
20240801,XSGE,上期所,BU,16,16,4,0
20240801,XSGE,上期所,CU,12,12,6,0
20240801,XSGE,上期所,FU,12,12,7,0
20240801,XSGE,上期所,HC,12,12,4,0
20240801,XSGE,上期所,NI,12,12,5,0
20240801,XSGE,上期所,PB,12,12,4,0
20240801,XSGE,上期所,RB,12,12,7,0
20240801,XSGE,上期所,RU,10,10,3,0
20240801,XSGE,上期所,SN,12,12,3,0
20240801,XSGE,上期所,SP,12,12,3,0
20240801,XSGE,上期所,SS,12,12,3,0
20240801,XSGE,上期所,ZN,12,12,5,0
20240801,XSIE,能源中心,BC,12,12,2,0
20240801,XSIE,能源中心,LU,12,12,3,0
20240801,XSIE,能源中心,NR,12,12,3,0
20240801,XSIE,能源中心,SC,20,20,3,0
20240802,XDCE,大商所,A,6,6,2,0
20240802,XDCE,大商所,B,12,12,2,0
20240802,XDCE,大商所,C,6,6,4,0
20240802,XDCE,大商所,CS,6,6,2,0
20240802,XDCE,大商所,EB,12,12,3,0
20240802,XDCE,大商所,EG,12,12,2,0
20240802,XDCE,大商所,I,12,12,4,0
20240802,XDCE,大商所,J,12,12,2,0
20240802,XDCE,大商所,JM,12,12,3,0
20240802,XDCE,大商所,L,12,12,2,0
20240802,XDCE,大商所,M,8,8,5,0
20240802,XDCE,大商所,P,12,12,3,0
20240802,XDCE,大商所,PG,12,12,2,0
20240802,XDCE,大商所,PP,12,12,2,0
20240802,XDCE,大商所,RR,12,12,0,0
20240802,XDCE,大商所,V,12,12,3,0
20240802,XDCE,大商所,Y,8,8,3,0
20240802,XSGE,上期所,AG,12,12,7,0
20240802,XSGE,上期所,AL,12,12,3,0
20240802,XSGE,上期所,AO,12,12,4,0
20240802,XSGE,上期所,AU,8,8,4,0
20240802,XSGE,上期所,BR,12,12,3,0
20240802,XSGE,上期所,BU,16,16,4,0
20240802,XSGE,上期所,CU,12,12,5,0
20240802,XSGE,上期所,FU,12,12,4,0
20240802,XSGE,上期所,HC,12,12,5,0
20240802,XSGE,上期所,NI,12,12,5,0
20240802,XSGE,上期所,PB,12,12,3,0
20240802,XSGE,上期所,RB,12,12,5,0
20240802,XSGE,上期所,RU,10,10,2,0
20240802,XSGE,上期所,SN,12,12,3,0
20240802,XSGE,上期所,SP,12,12,2,0
20240802,XSGE,上期所,SS,12,12,4,0
20240802,XSGE,上期所,ZN,12,12,3,0
20240802,XSIE,能源中心,BC,12,12,2,0
20240802,XSIE,能源中心,LU,12,12,5,0
20240802,XSIE,能源中心,NR,12,12,4,0
20240802,XSIE,能源中心,SC,20,20,3,0
20240805,XDCE,大商所,A,6,6,2,0
20240805,XDCE,大商所,B,12,12,2,0
20240805,XDCE,大商所,C,6,6,4,0
20240805,XDCE,大商所,CS,6,6,2,0
20240805,XDCE,大商所,EB,12,12,5,0
20240805,XDCE,大商所,EG,12,12,6,0
20240805,XDCE,大商所,I,12,12,7,0
20240805,XDCE,大商所,J,12,12,2,0
20240805,XDCE,大商所,JM,12,12,2,0
20240805,XDCE,大商所,L,12,12,2,0
20240805,XDCE,大商所,M,8,8,7,0
20240805,XDCE,大商所,P,12,12,3,0
20240805,XDCE,大商所,PG,12,12,4,0
20240805,XDCE,大商所,PP,12,12,3,0
20240805,XDCE,大商所,RR,12,12,0,0
20240805,XDCE,大商所,V,12,12,3,0
20240805,XDCE,大商所,Y,8,8,4,0
20240805,XSGE,上期所,AG,12,12,12,0
20240805,XSGE,上期所,AL,12,12,5,0
20240805,XSGE,上期所,AO,12,12,4,0
20240805,XSGE,上期所,AU,8,8,5,0
20240805,XSGE,上期所,BR,12,12,2,0
20240805,XSGE,上期所,BU,16,16,5,0
20240805,XSGE,上期所,CU,12,12,5,0
20240805,XSGE,上期所,FU,12,12,9,0
20240805,XSGE,上期所,HC,12,12,4,0
20240805,XSGE,上期所,NI,12,12,4,0
20240805,XSGE,上期所,PB,12,12,4,0
20240805,XSGE,上期所,RB,12,12,7,0
20240805,XSGE,上期所,RU,10,10,4,0
20240805,XSGE,上期所,SN,12,12,3,0
20240805,XSGE,上期所,SP,12,12,4,0
20240805,XSGE,上期所,SS,12,12,3,0
20240805,XSGE,上期所,ZN,12,12,2,0
20240805,XSIE,能源中心,BC,12,12,2,0
20240805,XSIE,能源中心,LU,12,12,4,0
20240805,XSIE,能源中心,NR,12,12,4,0
20240805,XSIE,能源中心,SC,20,20,3,0
20240806,XDCE,大商所,A,6,6,4,0
20240806,XDCE,大商所,B,12,12,5,0
20240806,XDCE,大商所,C,6,6,4,0
20240806,XDCE,大商所,CS,6,6,2,0
20240806,XDCE,大商所,EB,12,12,5,0
20240806,XDCE,大商所,EG,12,12,3,0
20240806,XDCE,大商所,I,12,12,4,0
20240806,XDCE,大商所,J,12,12,2,0
20240806,XDCE,大商所,JM,12,12,2,0
20240806,XDCE,大商所,L,12,12,3,0
20240806,XDCE,大商所,M,8,8,8,0
20240806,XDCE,大商所,P,12,12,5,0
20240806,XDCE,大商所,PG,12,12,4,0
20240806,XDCE,大商所,PP,12,12,3,0
20240806,XDCE,大商所,RR,12,12,1,0
20240806,XDCE,大商所,V,12,12,3,0
20240806,XDCE,大商所,Y,8,8,5,0
20240806,XSGE,上期所,AG,12,12,10,0
20240806,XSGE,上期所,AL,12,12,5,0
20240806,XSGE,上期所,AO,12,12,4,0
20240806,XSGE,上期所,AU,8,8,6,0
20240806,XSGE,上期所,BR,12,12,3,0
20240806,XSGE,上期所,BU,16,16,4,0
20240806,XSGE,上期所,CU,12,12,11,0
20240806,XSGE,上期所,FU,12,12,7,0
20240806,XSGE,上期所,HC,12,12,5,0
20240806,XSGE,上期所,NI,12,12,5,0
20240806,XSGE,上期所,PB,12,12,3,0
20240806,XSGE,上期所,RB,12,12,6,0
20240806,XSGE,上期所,RU,10,10,4,0
20240806,XSGE,上期所,SN,12,12,4,0
20240806,XSGE,上期所,SP,12,12,3,0
20240806,XSGE,上期所,SS,12,12,4,0
20240806,XSGE,上期所,ZN,12,12,4,0
20240806,XSIE,能源中心,BC,12,12,1,0
20240806,XSIE,能源中心,LU,12,12,3,0
20240806,XSIE,能源中心,NR,12,12,5,0
20240806,XSIE,能源中心,SC,20,20,3,0
20240807,XDCE,大商所,A,6,6,2,0
20240807,XDCE,大商所,B,12,12,3,0
20240807,XDCE,大商所,C,6,6,4,0
20240807,XDCE,大商所,CS,6,6,3,0
20240807,XDCE,大商所,EB,12,12,5,0
20240807,XDCE,大商所,EG,12,12,3,0
20240807,XDCE,大商所,I,12,12,5,0
20240807,XDCE,大商所,J,12,12,2,0
20240807,XDCE,大商所,JM,12,12,2,0
20240807,XDCE,大商所,L,12,12,5,0
20240807,XDCE,大商所,M,8,8,7,0
20240807,XDCE,大商所,P,12,12,5,0
20240807,XDCE,大商所,PG,12,12,4,0
20240807,XDCE,大商所,PP,12,12,3,0
20240807,XDCE,大商所,RR,12,12,0,0
20240807,XDCE,大商所,V,12,12,4,0
20240807,XDCE,大商所,Y,8,8,4,0
20240807,XSGE,上期所,AG,12,12,11,0
20240807,XSGE,上期所,AL,12,12,4,0
20240807,XSGE,上期所,AO,12,12,4,0
20240807,XSGE,上期所,AU,8,8,5,0
20240807,XSGE,上期所,BR,12,12,2,0
20240807,XSGE,上期所,BU,16,16,4,0
20240807,XSGE,上期所,CU,12,12,6,0
20240807,XSGE,上期所,FU,12,12,8,0
20240807,XSGE,上期所,HC,12,12,5,0
20240807,XSGE,上期所,NI,12,12,4,0
20240807,XSGE,上期所,PB,12,12,3,0
20240807,XSGE,上期所,RB,12,12,4,0
20240807,XSGE,上期所,RU,10,10,3,0
20240807,XSGE,上期所,SN,12,12,3,0
20240807,XSGE,上期所,SP,12,12,3,0
20240807,XSGE,上期所,SS,12,12,4,0
20240807,XSGE,上期所,ZN,12,12,3,0
20240807,XSIE,能源中心,BC,12,12,2,0
20240807,XSIE,能源中心,LU,12,12,4,0
20240807,XSIE,能源中心,NR,12,12,3,0
20240807,XSIE,能源中心,SC,20,20,5,0
20240808,XDCE,大商所,A,6,6,4,0
20240808,XDCE,大商所,B,12,12,7,0
20240808,XDCE,大商所,C,6,6,5,0
20240808,XDCE,大商所,CS,6,6,4,0
20240808,XDCE,大商所,EB,12,12,4,0
20240808,XDCE,大商所,EG,12,12,3,0
20240808,XDCE,大商所,I,12,12,4,0
20240808,XDCE,大商所,J,12,12,2,0
20240808,XDCE,大商所,JM,12,12,2,0
20240808,XDCE,大商所,L,12,12,3,0
20240808,XDCE,大商所,M,8,8,7,0
20240808,XDCE,大商所,P,12,12,7,0
20240808,XDCE,大商所,PG,12,12,4,0
20240808,XDCE,大商所,PP,12,12,2,0
20240808,XDCE,大商所,RR,12,12,1,0
20240808,XDCE,大商所,V,12,12,5,0
20240808,XDCE,大商所,Y,8,8,5,0
20240808,XSGE,上期所,AG,12,12,6,0
20240808,XSGE,上期所,AL,12,12,4,0
20240808,XSGE,上期所,AO,12,12,3,0
20240808,XSGE,上期所,AU,8,8,2,0
20240808,XSGE,上期所,BR,12,12,2,0
20240808,XSGE,上期所,BU,16,16,4,0
20240808,XSGE,上期所,CU,12,12,7,0
20240808,XSGE,上期所,FU,12,12,6,0
20240808,XSGE,上期所,HC,12,12,4,0
20240808,XSGE,上期所,NI,12,12,4,0
20240808,XSGE,上期所,PB,12,12,2,0
20240808,XSGE,上期所,RB,12,12,6,0
20240808,XSGE,上期所,RU,10,10,3,0
20240808,XSGE,上期所,SN,12,12,4,0
20240808,XSGE,上期所,SP,12,12,3,0
20240808,XSGE,上期所,SS,12,12,5,0
20240808,XSGE,上期所,ZN,12,12,4,0
20240808,XSIE,能源中心,BC,12,12,2,0
20240808,XSIE,能源中心,LU,12,12,4,0
20240808,XSIE,能源中心,NR,12,12,3,0
20240808,XSIE,能源中心,SC,20,20,3,0
20240809,XDCE,大商所,A,6,6,4,0
20240809,XDCE,大商所,B,12,12,3,0
20240809,XDCE,大商所,C,6,6,4,0
20240809,XDCE,大商所,CS,6,6,3,0
20240809,XDCE,大商所,EB,12,12,2,0
20240809,XDCE,大商所,EG,12,12,2,0
20240809,XDCE,大商所,I,12,12,4,0
20240809,XDCE,大商所,J,12,12,2,0
20240809,XDCE,大商所,JM,12,12,3,0
20240809,XDCE,大商所,L,12,12,2,0
20240809,XDCE,大商所,M,8,8,4,0
20240809,XDCE,大商所,P,12,12,4,0
20240809,XDCE,大商所,PG,12,12,3,0
20240809,XDCE,大商所,PP,12,12,3,0
20240809,XDCE,大商所,RR,12,12,0,0
20240809,XDCE,大商所,V,12,12,4,0
20240809,XDCE,大商所,Y,8,8,3,0
20240809,XSGE,上期所,AG,12,12,8,0
20240809,XSGE,上期所,AL,12,12,5,0
20240809,XSGE,上期所,AO,12,12,3,0
20240809,XSGE,上期所,AU,8,8,5,0
20240809,XSGE,上期所,BR,12,12,2,0
20240809,XSGE,上期所,BU,16,16,4,0
20240809,XSGE,上期所,CU,12,12,6,0
20240809,XSGE,上期所,FU,12,12,5,0
20240809,XSGE,上期所,HC,12,12,4,0
20240809,XSGE,上期所,NI,12,12,2,0
20240809,XSGE,上期所,PB,12,12,3,0
20240809,XSGE,上期所,RB,12,12,4,0
20240809,XSGE,上期所,RU,10,10,4,0
20240809,XSGE,上期所,SN,12,12,4,0
20240809,XSGE,上期所,SP,12,12,4,0
20240809,XSGE,上期所,SS,12,12,4,0
20240809,XSGE,上期所,ZN,12,12,5,0
20240809,XSIE,能源中心,BC,12,12,2,0
20240809,XSIE,能源中心,LU,12,12,3,0
20240809,XSIE,能源中心,NR,12,12,4,0
20240809,XSIE,能源中心,SC,20,20,4,0
20240812,XDCE,大商所,A,6,6,4,0
20240812,XDCE,大商所,B,12,12,3,0
20240812,XDCE,大商所,C,6,6,5,0
20240812,XDCE,大商所,CS,6,6,3,0
20240812,XDCE,大商所,EB,12,12,4,0
20240812,XDCE,大商所,EG,12,12,6,0
20240812,XDCE,大商所,I,12,12,4,0
20240812,XDCE,大商所,J,12,12,2,0
20240812,XDCE,大商所,JM,12,12,2,0
20240812,XDCE,大商所,L,12,12,2,0
20240812,XDCE,大商所,M,8,8,5,0
20240812,XDCE,大商所,P,12,12,4,0
20240812,XDCE,大商所,PG,12,12,4,0
20240812,XDCE,大商所,PP,12,12,2,0
20240812,XDCE,大商所,RR,12,12,0,0
20240812,XDCE,大商所,V,12,12,2,0
20240812,XDCE,大商所,Y,8,8,4,0
20240812,XSGE,上期所,AG,12,12,6,0
20240812,XSGE,上期所,AL,12,12,5,0
20240812,XSGE,上期所,AO,12,12,5,0
20240812,XSGE,上期所,AU,8,8,4,0
20240812,XSGE,上期所,BR,12,12,3,0
20240812,XSGE,上期所,BU,16,16,4,0
20240812,XSGE,上期所,CU,12,12,6,0
20240812,XSGE,上期所,FU,12,12,5,0
20240812,XSGE,上期所,HC,12,12,3,0
20240812,XSGE,上期所,NI,12,12,2,0
20240812,XSGE,上期所,PB,12,12,4,0
20240812,XSGE,上期所,RB,12,12,5,0
20240812,XSGE,上期所,RU,10,10,3,0
20240812,XSGE,上期所,SN,12,12,4,0
20240812,XSGE,上期所,SP,12,12,4,0
20240812,XSGE,上期所,SS,12,12,4,0
20240812,XSGE,上期所,ZN,12,12,4,0
20240812,XSIE,能源中心,BC,12,12,1,0
20240812,XSIE,能源中心,LU,12,12,3,0
20240812,XSIE,能源中心,NR,12,12,4,0
20240812,XSIE,能源中心,SC,20,20,3,0
20240813,XDCE,大商所,A,6,6,3,0
20240813,XDCE,大商所,B,12,12,3,0
20240813,XDCE,大商所,C,6,6,4,0
20240813,XDCE,大商所,CS,6,6,2,0
20240813,XDCE,大商所,EB,12,12,4,0
20240813,XDCE,大商所,EG,12,12,2,0
20240813,XDCE,大商所,I,12,12,4,0
20240813,XDCE,大商所,J,12,12,2,0
20240813,XDCE,大商所,JM,12,12,2,0
20240813,XDCE,大商所,L,12,12,2,0
20240813,XDCE,大商所,M,8,8,5,0
20240813,XDCE,大商所,P,12,12,6,0
20240813,XDCE,大商所,PG,12,12,4,0
20240813,XDCE,大商所,PP,12,12,2,0
20240813,XDCE,大商所,RR,12,12,1,0
20240813,XDCE,大商所,V,12,12,3,0
20240813,XDCE,大商所,Y,8,8,4,0
20240813,XSGE,上期所,AG,12,12,9,0
20240813,XSGE,上期所,AL,12,12,5,0
20240813,XSGE,上期所,AO,12,12,4,0
20240813,XSGE,上期所,AU,8,8,4,0
20240813,XSGE,上期所,BR,12,12,3,0
20240813,XSGE,上期所,BU,16,16,4,0
20240813,XSGE,上期所,CU,12,12,9,0
20240813,XSGE,上期所,FU,12,12,7,0
20240813,XSGE,上期所,HC,12,12,4,0
20240813,XSGE,上期所,NI,12,12,5,0
20240813,XSGE,上期所,PB,12,12,3,0
20240813,XSGE,上期所,RB,12,12,6,0
20240813,XSGE,上期所,RU,10,10,3,0
20240813,XSGE,上期所,SN,12,12,4,0
20240813,XSGE,上期所,SP,12,12,3,0
20240813,XSGE,上期所,SS,12,12,5,0
20240813,XSGE,上期所,ZN,12,12,3,0
20240813,XSIE,能源中心,BC,12,12,1,0
20240813,XSIE,能源中心,LU,12,12,4,0
20240813,XSIE,能源中心,NR,12,12,5,0
20240813,XSIE,能源中心,SC,20,20,3,0
20240814,XDCE,大商所,A,6,6,3,0
20240814,XDCE,大商所,B,12,12,4,0
20240814,XDCE,大商所,C,6,6,5,0
20240814,XDCE,大商所,CS,6,6,4,0
20240814,XDCE,大商所,EB,12,12,4,0
20240814,XDCE,大商所,EG,12,12,6,0
20240814,XDCE,大商所,I,12,12,4,0
20240814,XDCE,大商所,J,12,12,2,0
20240814,XDCE,大商所,JM,12,12,2,0
20240814,XDCE,大商所,L,12,12,2,0
20240814,XDCE,大商所,M,8,8,5,0
20240814,XDCE,大商所,P,12,12,4,0
20240814,XDCE,大商所,PG,12,12,3,0
20240814,XDCE,大商所,PP,12,12,2,0
20240814,XDCE,大商所,RR,12,12,0,0
20240814,XDCE,大商所,V,12,12,3,0
20240814,XDCE,大商所,Y,8,8,3,0
20240814,XSGE,上期所,AG,12,12,7,0
20240814,XSGE,上期所,AL,12,12,3,0
20240814,XSGE,上期所,AO,12,12,3,0
20240814,XSGE,上期所,AU,8,8,5,0
20240814,XSGE,上期所,BR,12,12,2,0
20240814,XSGE,上期所,BU,16,16,5,0
20240814,XSGE,上期所,CU,12,12,4,0
20240814,XSGE,上期所,FU,12,12,5,0
20240814,XSGE,上期所,HC,12,12,3,0
20240814,XSGE,上期所,NI,12,12,4,0
20240814,XSGE,上期所,PB,12,12,2,0
20240814,XSGE,上期所,RB,12,12,5,0
20240814,XSGE,上期所,RU,10,10,4,0
20240814,XSGE,上期所,SN,12,12,4,0
20240814,XSGE,上期所,SP,12,12,3,0
20240814,XSGE,上期所,SS,12,12,4,0
20240814,XSGE,上期所,ZN,12,12,4,0
20240814,XSIE,能源中心,BC,12,12,1,0
20240814,XSIE,能源中心,LU,12,12,3,0
20240814,XSIE,能源中心,NR,12,12,4,0
20240814,XSIE,能源中心,SC,20,20,2,0
20240815,XDCE,大商所,A,6,6,4,0
20240815,XDCE,大商所,B,12,12,3,0
20240815,XDCE,大商所,C,6,6,3,0
20240815,XDCE,大商所,CS,6,6,3,0
20240815,XDCE,大商所,EB,12,12,3,0
20240815,XDCE,大商所,EG,12,12,3,0
20240815,XDCE,大商所,I,12,12,5,0
20240815,XDCE,大商所,J,12,12,2,0
20240815,XDCE,大商所,JM,12,12,4,0
20240815,XDCE,大商所,L,12,12,2,0
20240815,XDCE,大商所,M,8,8,6,0
20240815,XDCE,大商所,P,12,12,4,0
20240815,XDCE,大商所,PG,12,12,4,0
20240815,XDCE,大商所,PP,12,12,2,0
20240815,XDCE,大商所,RR,12,12,0,0
20240815,XDCE,大商所,V,12,12,6,0
20240815,XDCE,大商所,Y,8,8,3,0
20240815,XSGE,上期所,AG,12,12,8,0
20240815,XSGE,上期所,AL,12,12,4,0
20240815,XSGE,上期所,AO,12,12,3,0
20240815,XSGE,上期所,AU,8,8,2,0
20240815,XSGE,上期所,BR,12,12,2,0
20240815,XSGE,上期所,BU,16,16,4,0
20240815,XSGE,上期所,CU,12,12,5,0
20240815,XSGE,上期所,FU,12,12,5,0
20240815,XSGE,上期所,HC,12,12,4,0
20240815,XSGE,上期所,NI,12,12,2,0
20240815,XSGE,上期所,PB,12,12,4,0
20240815,XSGE,上期所,RB,12,12,7,0
20240815,XSGE,上期所,RU,10,10,4,0
20240815,XSGE,上期所,SN,12,12,2,0
20240815,XSGE,上期所,SP,12,12,4,0
20240815,XSGE,上期所,SS,12,12,4,0
20240815,XSGE,上期所,ZN,12,12,5,0
20240815,XSIE,能源中心,BC,12,12,1,0
20240815,XSIE,能源中心,LU,12,12,6,0
20240815,XSIE,能源中心,NR,12,12,3,0
20240815,XSIE,能源中心,SC,20,20,4,0
20240816,XDCE,大商所,A,6,6,4,0
20240816,XDCE,大商所,B,12,12,3,0
20240816,XDCE,大商所,C,6,6,5,0
20240816,XDCE,大商所,CS,6,6,3,0
20240816,XDCE,大商所,EB,12,12,5,0
20240816,XDCE,大商所,EG,12,12,2,0
20240816,XDCE,大商所,I,12,12,4,0
20240816,XDCE,大商所,J,12,12,2,0
20240816,XDCE,大商所,JM,12,12,3,0
20240816,XDCE,大商所,L,12,12,4,0
20240816,XDCE,大商所,M,8,8,6,0
20240816,XDCE,大商所,P,12,12,4,0
20240816,XDCE,大商所,PG,12,12,3,0
20240816,XDCE,大商所,PP,12,12,3,0
20240816,XDCE,大商所,RR,12,12,0,0
20240816,XDCE,大商所,V,12,12,3,0
20240816,XDCE,大商所,Y,8,8,5,0
20240816,XSGE,上期所,AG,12,12,9,0
20240816,XSGE,上期所,AL,12,12,4,0
20240816,XSGE,上期所,AO,12,12,4,0
20240816,XSGE,上期所,AU,8,8,5,0
20240816,XSGE,上期所,BR,12,12,3,0
20240816,XSGE,上期所,BU,16,16,4,0
20240816,XSGE,上期所,CU,12,12,5,0
20240816,XSGE,上期所,FU,12,12,6,0
20240816,XSGE,上期所,HC,12,12,4,0
20240816,XSGE,上期所,NI,12,12,4,0
20240816,XSGE,上期所,PB,12,12,3,0
20240816,XSGE,上期所,RB,12,12,7,0
20240816,XSGE,上期所,RU,10,10,3,0
20240816,XSGE,上期所,SN,12,12,3,0
20240816,XSGE,上期所,SP,12,12,2,0
20240816,XSGE,上期所,SS,12,12,5,0
20240816,XSGE,上期所,ZN,12,12,4,0
20240816,XSIE,能源中心,BC,12,12,1,0
20240816,XSIE,能源中心,LU,12,12,2,0
20240816,XSIE,能源中心,NR,12,12,4,0
20240816,XSIE,能源中心,SC,20,20,3,0
20240819,XDCE,大商所,A,6,6,4,0
20240819,XDCE,大商所,B,12,12,3,0
20240819,XDCE,大商所,C,6,6,4,0
20240819,XDCE,大商所,CS,6,6,4,0
20240819,XDCE,大商所,EB,12,12,6,0
20240819,XDCE,大商所,EG,12,12,2,0
20240819,XDCE,大商所,I,12,12,5,0
20240819,XDCE,大商所,J,12,12,2,0
20240819,XDCE,大商所,JM,12,12,2,0
20240819,XDCE,大商所,L,12,12,4,0
20240819,XDCE,大商所,M,8,8,5,0
20240819,XDCE,大商所,P,12,12,5,0
20240819,XDCE,大商所,PG,12,12,4,0
20240819,XDCE,大商所,PP,12,12,3,0
20240819,XDCE,大商所,RR,12,12,0,0
20240819,XDCE,大商所,V,12,12,4,0
20240819,XDCE,大商所,Y,8,8,4,0
20240819,XSGE,上期所,AG,12,12,9,0
20240819,XSGE,上期所,AL,12,12,5,0
20240819,XSGE,上期所,AO,12,12,5,0
20240819,XSGE,上期所,AU,8,8,5,0
20240819,XSGE,上期所,BR,12,12,3,0
20240819,XSGE,上期所,BU,16,16,4,0
20240819,XSGE,上期所,CU,12,12,6,0
20240819,XSGE,上期所,FU,12,12,7,0
20240819,XSGE,上期所,HC,12,12,5,0
20240819,XSGE,上期所,NI,12,12,4,0
20240819,XSGE,上期所,PB,12,12,3,0
20240819,XSGE,上期所,RB,12,12,6,0
20240819,XSGE,上期所,RU,10,10,4,0
20240819,XSGE,上期所,SN,12,12,3,0
20240819,XSGE,上期所,SP,12,12,4,0
20240819,XSGE,上期所,SS,12,12,5,0
20240819,XSGE,上期所,ZN,12,12,5,0
20240819,XSIE,能源中心,BC,12,12,2,0
20240819,XSIE,能源中心,LU,12,12,4,0
20240819,XSIE,能源中心,NR,12,12,3,0
20240819,XSIE,能源中心,SC,20,20,3,0
20240820,XDCE,大商所,A,6,6,4,0
20240820,XDCE,大商所,B,12,12,3,0
20240820,XDCE,大商所,C,6,6,3,0
20240820,XDCE,大商所,CS,6,6,3,0
20240820,XDCE,大商所,EB,12,12,4,0
20240820,XDCE,大商所,EG,12,12,2,0
20240820,XDCE,大商所,I,12,12,4,0
20240820,XDCE,大商所,J,12,12,3,0
20240820,XDCE,大商所,JM,12,12,3,0
20240820,XDCE,大商所,L,12,12,3,0
20240820,XDCE,大商所,M,8,8,6,0
20240820,XDCE,大商所,P,12,12,5,0
20240820,XDCE,大商所,PG,12,12,5,0
20240820,XDCE,大商所,PP,12,12,3,0
20240820,XDCE,大商所,RR,12,12,1,0
20240820,XDCE,大商所,V,12,12,4,0
20240820,XDCE,大商所,Y,8,8,3,0
20240820,XSGE,上期所,AG,12,12,8,0
20240820,XSGE,上期所,AL,12,12,5,0
20240820,XSGE,上期所,AO,12,12,5,0
20240820,XSGE,上期所,AU,8,8,5,0
20240820,XSGE,上期所,BR,12,12,2,0
20240820,XSGE,上期所,BU,16,16,4,0
20240820,XSGE,上期所,CU,12,12,5,0
20240820,XSGE,上期所,FU,12,12,4,0
20240820,XSGE,上期所,HC,12,12,4,0
20240820,XSGE,上期所,NI,12,12,4,0
20240820,XSGE,上期所,PB,12,12,2,0
20240820,XSGE,上期所,RB,12,12,8,0
20240820,XSGE,上期所,RU,10,10,4,0
20240820,XSGE,上期所,SN,12,12,3,0
20240820,XSGE,上期所,SP,12,12,3,0
20240820,XSGE,上期所,SS,12,12,5,0
20240820,XSGE,上期所,ZN,12,12,3,0
20240820,XSIE,能源中心,BC,12,12,1,0
20240820,XSIE,能源中心,LU,12,12,5,0
20240820,XSIE,能源中心,NR,12,12,3,0
20240820,XSIE,能源中心,SC,20,20,3,0
20240821,XDCE,大商所,A,6,6,4,0
20240821,XDCE,大商所,B,12,12,5,0
20240821,XDCE,大商所,C,6,6,4,0
20240821,XDCE,大商所,CS,6,6,2,0
20240821,XDCE,大商所,EB,12,12,4,0
20240821,XDCE,大商所,EG,12,12,5,0
20240821,XDCE,大商所,I,12,12,6,0
20240821,XDCE,大商所,J,12,12,2,0
20240821,XDCE,大商所,JM,12,12,2,0
20240821,XDCE,大商所,L,12,12,3,0
20240821,XDCE,大商所,M,8,8,5,0
20240821,XDCE,大商所,P,12,12,4,0
20240821,XDCE,大商所,PG,12,12,4,0
20240821,XDCE,大商所,PP,12,12,2,0
20240821,XDCE,大商所,RR,12,12,0,0
20240821,XDCE,大商所,V,12,12,4,0
20240821,XDCE,大商所,Y,8,8,3,0
20240821,XSGE,上期所,AG,12,12,10,0
20240821,XSGE,上期所,AL,12,12,7,0
20240821,XSGE,上期所,AO,12,12,4,0
20240821,XSGE,上期所,AU,8,8,6,0
20240821,XSGE,上期所,BR,12,12,2,0
20240821,XSGE,上期所,BU,16,16,4,0
20240821,XSGE,上期所,CU,12,12,6,0
20240821,XSGE,上期所,FU,12,12,6,0
20240821,XSGE,上期所,HC,12,12,6,0
20240821,XSGE,上期所,NI,12,12,5,0
20240821,XSGE,上期所,PB,12,12,3,0
20240821,XSGE,上期所,RB,12,12,8,0
20240821,XSGE,上期所,RU,10,10,4,0
20240821,XSGE,上期所,SN,12,12,3,0
20240821,XSGE,上期所,SP,12,12,3,0
20240821,XSGE,上期所,SS,12,12,4,0
20240821,XSGE,上期所,ZN,12,12,4,0
20240821,XSIE,能源中心,BC,12,12,2,0
20240821,XSIE,能源中心,LU,12,12,3,0
20240821,XSIE,能源中心,NR,12,12,5,0
20240821,XSIE,能源中心,SC,20,20,3,0
20240822,XDCE,大商所,A,6,6,4,0
20240822,XDCE,大商所,B,12,12,4,0
20240822,XDCE,大商所,C,6,6,5,0
20240822,XDCE,大商所,CS,6,6,3,0
20240822,XDCE,大商所,EB,12,12,3,0
20240822,XDCE,大商所,EG,12,12,2,0
20240822,XDCE,大商所,I,12,12,4,0
20240822,XDCE,大商所,J,12,12,3,0
20240822,XDCE,大商所,JM,12,12,3,0
20240822,XDCE,大商所,L,12,12,3,0
20240822,XDCE,大商所,M,8,8,4,0
20240822,XDCE,大商所,P,12,12,4,0
20240822,XDCE,大商所,PG,12,12,5,0
20240822,XDCE,大商所,PP,12,12,3,0
20240822,XDCE,大商所,RR,12,12,0,0
20240822,XDCE,大商所,V,12,12,4,0
20240822,XDCE,大商所,Y,8,8,4,0
20240822,XSGE,上期所,AG,12,12,5,0
20240822,XSGE,上期所,AL,12,12,3,0
20240822,XSGE,上期所,AO,12,12,5,0
20240822,XSGE,上期所,AU,8,8,5,0
20240822,XSGE,上期所,BR,12,12,2,0
20240822,XSGE,上期所,BU,16,16,4,0
20240822,XSGE,上期所,CU,12,12,5,0
20240822,XSGE,上期所,FU,12,12,5,0
20240822,XSGE,上期所,HC,12,12,5,0
20240822,XSGE,上期所,NI,12,12,4,0
20240822,XSGE,上期所,PB,12,12,4,0
20240822,XSGE,上期所,RB,12,12,5,0
20240822,XSGE,上期所,RU,10,10,4,0
20240822,XSGE,上期所,SN,12,12,3,0
20240822,XSGE,上期所,SP,12,12,3,0
20240822,XSGE,上期所,SS,12,12,4,0
20240822,XSGE,上期所,ZN,12,12,4,0
20240822,XSIE,能源中心,BC,12,12,2,0
20240822,XSIE,能源中心,LU,12,12,3,0
20240822,XSIE,能源中心,NR,12,12,3,0
20240822,XSIE,能源中心,SC,20,20,4,0
20240823,XDCE,大商所,A,6,6,3,0
20240823,XDCE,大商所,B,12,12,4,0
20240823,XDCE,大商所,C,6,6,5,0
20240823,XDCE,大商所,CS,6,6,4,0
20240823,XDCE,大商所,EB,12,12,3,0
20240823,XDCE,大商所,EG,12,12,2,0
20240823,XDCE,大商所,I,12,12,4,0
20240823,XDCE,大商所,J,12,12,2,0
20240823,XDCE,大商所,JM,12,12,2,0
20240823,XDCE,大商所,L,12,12,3,0
20240823,XDCE,大商所,M,8,8,4,0
20240823,XDCE,大商所,P,12,12,4,0
20240823,XDCE,大商所,PG,12,12,5,0
20240823,XDCE,大商所,PP,12,12,3,0
20240823,XDCE,大商所,RR,12,12,0,0
20240823,XDCE,大商所,V,12,12,5,0
20240823,XDCE,大商所,Y,8,8,5,0
20240823,XSGE,上期所,AG,12,12,9,0
20240823,XSGE,上期所,AL,12,12,3,0
20240823,XSGE,上期所,AO,12,12,5,0
20240823,XSGE,上期所,AU,8,8,3,0
20240823,XSGE,上期所,BR,12,12,2,0
20240823,XSGE,上期所,BU,16,16,4,0
20240823,XSGE,上期所,CU,12,12,5,0
20240823,XSGE,上期所,FU,12,12,8,0
20240823,XSGE,上期所,HC,12,12,4,0
20240823,XSGE,上期所,NI,12,12,4,0
20240823,XSGE,上期所,PB,12,12,3,0
20240823,XSGE,上期所,RB,12,12,6,0
20240823,XSGE,上期所,RU,10,10,4,0
20240823,XSGE,上期所,SN,12,12,4,0
20240823,XSGE,上期所,SP,12,12,4,0
20240823,XSGE,上期所,SS,12,12,4,0
20240823,XSGE,上期所,ZN,12,12,5,0
20240823,XSIE,能源中心,BC,12,12,2,0
20240823,XSIE,能源中心,LU,12,12,3,0
20240823,XSIE,能源中心,NR,12,12,3,0
20240823,XSIE,能源中心,SC,20,20,4,0
20240826,XDCE,大商所,A,6,6,4,0
20240826,XDCE,大商所,B,12,12,4,0
20240826,XDCE,大商所,C,6,6,5,0
20240826,XDCE,大商所,CS,6,6,3,0
20240826,XDCE,大商所,EB,12,12,5,0
20240826,XDCE,大商所,EG,12,12,3,0
20240826,XDCE,大商所,I,12,12,5,0
20240826,XDCE,大商所,J,12,12,2,0
20240826,XDCE,大商所,JM,12,12,2,0
20240826,XDCE,大商所,L,12,12,3,0
20240826,XDCE,大商所,M,8,8,6,0
20240826,XDCE,大商所,P,12,12,4,0
20240826,XDCE,大商所,PG,12,12,6,0
20240826,XDCE,大商所,PP,12,12,4,0
20240826,XDCE,大商所,RR,12,12,0,0
20240826,XDCE,大商所,V,12,12,5,0
20240826,XDCE,大商所,Y,8,8,4,0
20240826,XSGE,上期所,AG,12,12,8,0
20240826,XSGE,上期所,AL,12,12,6,0
20240826,XSGE,上期所,AO,12,12,5,0
20240826,XSGE,上期所,AU,8,8,4,0
20240826,XSGE,上期所,BR,12,12,2,0
20240826,XSGE,上期所,BU,16,16,6,0
20240826,XSGE,上期所,CU,12,12,4,0
20240826,XSGE,上期所,FU,12,12,8,0
20240826,XSGE,上期所,HC,12,12,4,0
20240826,XSGE,上期所,NI,12,12,4,0
20240826,XSGE,上期所,PB,12,12,2,0
20240826,XSGE,上期所,RB,12,12,6,0
20240826,XSGE,上期所,RU,10,10,4,0
20240826,XSGE,上期所,SN,12,12,4,0
20240826,XSGE,上期所,SP,12,12,3,0
20240826,XSGE,上期所,SS,12,12,4,0
20240826,XSGE,上期所,ZN,12,12,4,0
20240826,XSIE,能源中心,BC,12,12,2,0
20240826,XSIE,能源中心,LU,12,12,4,0
20240826,XSIE,能源中心,NR,12,12,3,0
20240826,XSIE,能源中心,SC,20,20,4,0
20240827,XDCE,大商所,A,6,6,6,0
20240827,XDCE,大商所,B,12,12,5,0
20240827,XDCE,大商所,C,6,6,4,0
20240827,XDCE,大商所,CS,6,6,3,0
20240827,XDCE,大商所,EB,12,12,4,0
20240827,XDCE,大商所,EG,12,12,3,0
20240827,XDCE,大商所,I,12,12,5,0
20240827,XDCE,大商所,J,12,12,2,0
20240827,XDCE,大商所,JM,12,12,2,0
20240827,XDCE,大商所,L,12,12,3,0
20240827,XDCE,大商所,M,8,8,5,0
20240827,XDCE,大商所,P,12,12,4,0
20240827,XDCE,大商所,PG,12,12,5,0
20240827,XDCE,大商所,PP,12,12,4,0
20240827,XDCE,大商所,RR,12,12,1,0
20240827,XDCE,大商所,V,12,12,6,0
20240827,XDCE,大商所,Y,8,8,4,0
20240827,XSGE,上期所,AG,12,12,7,0
20240827,XSGE,上期所,AL,12,12,3,0
20240827,XSGE,上期所,AO,12,12,4,0
20240827,XSGE,上期所,AU,8,8,5,0
20240827,XSGE,上期所,BR,12,12,3,0
20240827,XSGE,上期所,BU,16,16,6,0
20240827,XSGE,上期所,CU,12,12,5,0
20240827,XSGE,上期所,FU,12,12,8,0
20240827,XSGE,上期所,HC,12,12,4,0
20240827,XSGE,上期所,NI,12,12,5,0
20240827,XSGE,上期所,PB,12,12,4,0
20240827,XSGE,上期所,RB,12,12,8,0
20240827,XSGE,上期所,RU,10,10,4,0
20240827,XSGE,上期所,SN,12,12,3,0
20240827,XSGE,上期所,SP,12,12,3,0
20240827,XSGE,上期所,SS,12,12,5,0
20240827,XSGE,上期所,ZN,12,12,3,0
20240827,XSIE,能源中心,BC,12,12,2,0
20240827,XSIE,能源中心,LU,12,12,4,0
20240827,XSIE,能源中心,NR,12,12,3,0
20240827,XSIE,能源中心,SC,20,20,4,0
20240828,XDCE,大商所,A,6,6,4,0
20240828,XDCE,大商所,B,12,12,6,0
20240828,XDCE,大商所,C,6,6,4,0
20240828,XDCE,大商所,CS,6,6,4,0
20240828,XDCE,大商所,EB,12,12,4,0
20240828,XDCE,大商所,EG,12,12,3,0
20240828,XDCE,大商所,I,12,12,5,0
20240828,XDCE,大商所,J,12,12,3,0
20240828,XDCE,大商所,JM,12,12,3,0
20240828,XDCE,大商所,L,12,12,3,0
20240828,XDCE,大商所,M,8,8,5,0
20240828,XDCE,大商所,P,12,12,8,0
20240828,XDCE,大商所,PG,12,12,5,0
20240828,XDCE,大商所,PP,12,12,3,0
20240828,XDCE,大商所,RR,12,12,0,0
20240828,XDCE,大商所,V,12,12,7,0
20240828,XDCE,大商所,Y,8,8,4,0
20240828,XSGE,上期所,AG,12,12,7,0
20240828,XSGE,上期所,AL,12,12,3,0
20240828,XSGE,上期所,AO,12,12,4,0
20240828,XSGE,上期所,AU,8,8,4,0
20240828,XSGE,上期所,BR,12,12,3,0
20240828,XSGE,上期所,BU,16,16,4,0
20240828,XSGE,上期所,CU,12,12,6,0
20240828,XSGE,上期所,FU,12,12,6,0
20240828,XSGE,上期所,HC,12,12,3,0
20240828,XSGE,上期所,NI,12,12,5,0
20240828,XSGE,上期所,PB,12,12,3,0
20240828,XSGE,上期所,RB,12,12,7,0
20240828,XSGE,上期所,RU,10,10,3,0
20240828,XSGE,上期所,SN,12,12,3,0
20240828,XSGE,上期所,SP,12,12,3,0
20240828,XSGE,上期所,SS,12,12,5,0
20240828,XSGE,上期所,ZN,12,12,4,0
20240828,XSIE,能源中心,BC,12,12,1,0
20240828,XSIE,能源中心,LU,12,12,3,0
20240828,XSIE,能源中心,NR,12,12,3,0
20240828,XSIE,能源中心,SC,20,20,3,0
20240829,XDCE,大商所,A,6,6,2,0
20240829,XDCE,大商所,B,12,12,6,0
20240829,XDCE,大商所,C,6,6,6,0
20240829,XDCE,大商所,CS,6,6,3,0
20240829,XDCE,大商所,EB,12,12,5,0
20240829,XDCE,大商所,EG,12,12,3,0
20240829,XDCE,大商所,I,12,12,4,0
20240829,XDCE,大商所,J,12,12,3,0
20240829,XDCE,大商所,JM,12,12,3,0
20240829,XDCE,大商所,L,12,12,3,0
20240829,XDCE,大商所,M,8,8,8,0
20240829,XDCE,大商所,P,12,12,5,0
20240829,XDCE,大商所,PG,12,12,5,0
20240829,XDCE,大商所,PP,12,12,3,0
20240829,XDCE,大商所,RR,12,12,0,0
20240829,XDCE,大商所,V,12,12,5,0
20240829,XDCE,大商所,Y,8,8,4,0
20240829,XSGE,上期所,AG,12,12,8,0
20240829,XSGE,上期所,AL,12,12,5,0
20240829,XSGE,上期所,AO,12,12,5,0
20240829,XSGE,上期所,AU,8,8,3,0
20240829,XSGE,上期所,BR,12,12,4,0
20240829,XSGE,上期所,BU,16,16,5,0
20240829,XSGE,上期所,CU,12,12,6,0
20240829,XSGE,上期所,FU,12,12,7,0
20240829,XSGE,上期所,HC,12,12,3,0
20240829,XSGE,上期所,NI,12,12,4,0
20240829,XSGE,上期所,PB,12,12,4,0
20240829,XSGE,上期所,RB,12,12,7,0
20240829,XSGE,上期所,RU,10,10,3,0
20240829,XSGE,上期所,SN,12,12,4,0
20240829,XSGE,上期所,SP,12,12,3,0
20240829,XSGE,上期所,SS,12,12,5,0
20240829,XSGE,上期所,ZN,12,12,4,0
20240829,XSIE,能源中心,BC,12,12,1,0
20240829,XSIE,能源中心,LU,12,12,4,0
20240829,XSIE,能源中心,NR,12,12,3,0
20240829,XSIE,能源中心,SC,20,20,4,0
20240830,XDCE,大商所,A,6,6,3,0
20240830,XDCE,大商所,B,12,12,5,0
20240830,XDCE,大商所,C,6,6,4,0
20240830,XDCE,大商所,CS,6,6,3,0
20240830,XDCE,大商所,EB,12,12,5,0
20240830,XDCE,大商所,EG,12,12,5,0
20240830,XDCE,大商所,I,12,12,5,0
20240830,XDCE,大商所,J,12,12,2,0
20240830,XDCE,大商所,JM,12,12,3,0
20240830,XDCE,大商所,L,12,12,2,0
20240830,XDCE,大商所,M,8,8,6,0
20240830,XDCE,大商所,P,12,12,6,0
20240830,XDCE,大商所,PG,12,12,5,0
20240830,XDCE,大商所,PP,12,12,3,0
20240830,XDCE,大商所,RR,12,12,0,0
20240830,XDCE,大商所,V,12,12,4,0
20240830,XDCE,大商所,Y,8,8,5,0
20240830,XSGE,上期所,AG,12,12,9,0
20240830,XSGE,上期所,AL,12,12,5,0
20240830,XSGE,上期所,AO,12,12,4,0
20240830,XSGE,上期所,AU,8,8,4,0
20240830,XSGE,上期所,BR,12,12,4,0
20240830,XSGE,上期所,BU,16,16,3,0
20240830,XSGE,上期所,CU,12,12,6,0
20240830,XSGE,上期所,FU,12,12,10,0
20240830,XSGE,上期所,HC,12,12,5,0
20240830,XSGE,上期所,NI,12,12,5,0
20240830,XSGE,上期所,PB,12,12,3,0
20240830,XSGE,上期所,RB,12,12,4,0
20240830,XSGE,上期所,RU,10,10,3,0
20240830,XSGE,上期所,SN,12,12,4,0
20240830,XSGE,上期所,SP,12,12,4,0
20240830,XSGE,上期所,SS,12,12,3,0
20240830,XSGE,上期所,ZN,12,12,3,0
20240830,XSIE,能源中心,BC,12,12,2,0
20240830,XSIE,能源中心,LU,12,12,4,0
20240830,XSIE,能源中心,NR,12,12,3,0
20240830,XSIE,能源中心,SC,20,20,4,0
20240902,XDCE,大商所,A,6,6,4,0
20240902,XDCE,大商所,B,12,12,4,0
20240902,XDCE,大商所,C,6,6,5,0
20240902,XDCE,大商所,CS,6,6,4,0
20240902,XDCE,大商所,EB,12,12,5,0
20240902,XDCE,大商所,EG,12,12,6,0
20240902,XDCE,大商所,I,12,12,4,0
20240902,XDCE,大商所,J,12,12,2,0
20240902,XDCE,大商所,JM,12,12,3,0
20240902,XDCE,大商所,L,12,12,2,0
20240902,XDCE,大商所,M,8,8,7,0
20240902,XDCE,大商所,P,12,12,3,0
20240902,XDCE,大商所,PG,12,12,4,0
20240902,XDCE,大商所,PP,12,12,3,0
20240902,XDCE,大商所,RR,12,12,0,0
20240902,XDCE,大商所,V,12,12,5,0
20240902,XDCE,大商所,Y,8,8,4,0
20240902,XSGE,上期所,AG,12,12,5,0
20240902,XSGE,上期所,AL,12,12,4,0
20240902,XSGE,上期所,AO,12,12,4,0
20240902,XSGE,上期所,AU,8,8,2,0
20240902,XSGE,上期所,BR,12,12,3,0
20240902,XSGE,上期所,BU,16,16,3,0
20240902,XSGE,上期所,CU,12,12,3,0
20240902,XSGE,上期所,FU,12,12,6,0
20240902,XSGE,上期所,HC,12,12,4,0
20240902,XSGE,上期所,NI,12,12,3,0
20240902,XSGE,上期所,PB,12,12,3,0
20240902,XSGE,上期所,RB,12,12,6,0
20240902,XSGE,上期所,RU,10,10,3,0
20240902,XSGE,上期所,SN,12,12,3,0
20240902,XSGE,上期所,SP,12,12,4,0
20240902,XSGE,上期所,SS,12,12,4,0
20240902,XSGE,上期所,ZN,12,12,4,0
20240902,XSIE,能源中心,BC,12,12,1,0
20240902,XSIE,能源中心,LU,12,12,3,0
20240902,XSIE,能源中心,NR,12,12,3,0
20240902,XSIE,能源中心,SC,20,20,2,0
20240903,XDCE,大商所,A,6,6,2,0
20240903,XDCE,大商所,B,12,12,4,0
20240903,XDCE,大商所,C,6,6,4,0
20240903,XDCE,大商所,CS,6,6,2,0
20240903,XDCE,大商所,EB,12,12,5,0
20240903,XDCE,大商所,EG,12,12,3,0
20240903,XDCE,大商所,I,12,12,3,0
20240903,XDCE,大商所,J,12,12,1,0
20240903,XDCE,大商所,JM,12,12,2,0
20240903,XDCE,大商所,L,12,12,2,0
20240903,XDCE,大商所,M,8,8,3,0
20240903,XDCE,大商所,P,12,12,5,0
20240903,XDCE,大商所,PG,12,12,2,0
20240903,XDCE,大商所,PP,12,12,3,0
20240903,XDCE,大商所,RR,12,12,0,0
20240903,XDCE,大商所,V,12,12,4,0
20240903,XDCE,大商所,Y,8,8,2,0
20240903,XSGE,上期所,AG,12,12,8,0
20240903,XSGE,上期所,AL,12,12,3,0
20240903,XSGE,上期所,AO,12,12,4,0
20240903,XSGE,上期所,AU,8,8,3,0
20240903,XSGE,上期所,BR,12,12,3,0
20240903,XSGE,上期所,BU,16,16,3,0
20240903,XSGE,上期所,CU,12,12,4,0
20240903,XSGE,上期所,FU,12,12,7,0
20240903,XSGE,上期所,HC,12,12,4,0
20240903,XSGE,上期所,NI,12,12,4,0
20240903,XSGE,上期所,PB,12,12,3,0
20240903,XSGE,上期所,RB,12,12,5,0
20240903,XSGE,上期所,RU,10,10,4,0
20240903,XSGE,上期所,SN,12,12,3,0
20240903,XSGE,上期所,SP,12,12,5,0
20240903,XSGE,上期所,SS,12,12,3,0
20240903,XSGE,上期所,ZN,12,12,3,0
20240903,XSIE,能源中心,BC,12,12,1,0
20240903,XSIE,能源中心,LU,12,12,4,0
20240903,XSIE,能源中心,NR,12,12,4,0
20240903,XSIE,能源中心,SC,20,20,3,0
20240904,XDCE,大商所,A,6,6,4,0
20240904,XDCE,大商所,B,12,12,4,0
20240904,XDCE,大商所,C,6,6,5,0
20240904,XDCE,大商所,CS,6,6,3,0
20240904,XDCE,大商所,EB,12,12,4,0
20240904,XDCE,大商所,EG,12,12,3,0
20240904,XDCE,大商所,I,12,12,6,0
20240904,XDCE,大商所,J,12,12,1,0
20240904,XDCE,大商所,JM,12,12,2,0
20240904,XDCE,大商所,L,12,12,2,0
20240904,XDCE,大商所,M,8,8,6,0
20240904,XDCE,大商所,P,12,12,4,0
20240904,XDCE,大商所,PG,12,12,5,0
20240904,XDCE,大商所,PP,12,12,2,0
20240904,XDCE,大商所,RR,12,12,1,0
20240904,XDCE,大商所,V,12,12,5,0
20240904,XDCE,大商所,Y,8,8,2,0
20240904,XSGE,上期所,AG,12,12,8,0
20240904,XSGE,上期所,AL,12,12,5,0
20240904,XSGE,上期所,AO,12,12,4,0
20240904,XSGE,上期所,AU,8,8,3,0
20240904,XSGE,上期所,BR,12,12,3,0
20240904,XSGE,上期所,BU,16,16,5,0
20240904,XSGE,上期所,CU,12,12,7,0
20240904,XSGE,上期所,FU,12,12,10,0
20240904,XSGE,上期所,HC,12,12,4,0
20240904,XSGE,上期所,NI,12,12,4,0
20240904,XSGE,上期所,PB,12,12,3,0
20240904,XSGE,上期所,RB,12,12,5,0
20240904,XSGE,上期所,RU,10,10,4,0
20240904,XSGE,上期所,SN,12,12,2,0
20240904,XSGE,上期所,SP,12,12,3,0
20240904,XSGE,上期所,SS,12,12,4,0
20240904,XSGE,上期所,ZN,12,12,4,0
20240904,XSIE,能源中心,BC,12,12,1,0
20240904,XSIE,能源中心,LU,12,12,5,0
20240904,XSIE,能源中心,NR,12,12,2,0
20240904,XSIE,能源中心,SC,20,20,3,0
20240905,XDCE,大商所,A,6,6,3,0
20240905,XDCE,大商所,B,12,12,3,0
20240905,XDCE,大商所,C,6,6,3,0
20240905,XDCE,大商所,CS,6,6,2,0
20240905,XDCE,大商所,EB,12,12,5,0
20240905,XDCE,大商所,EG,12,12,2,0
20240905,XDCE,大商所,I,12,12,3,0
20240905,XDCE,大商所,J,12,12,1,0
20240905,XDCE,大商所,JM,12,12,2,0
20240905,XDCE,大商所,L,12,12,3,0
20240905,XDCE,大商所,M,8,8,6,0
20240905,XDCE,大商所,P,12,12,3,0
20240905,XDCE,大商所,PG,12,12,3,0
20240905,XDCE,大商所,PP,12,12,2,0
20240905,XDCE,大商所,RR,12,12,0,0
20240905,XDCE,大商所,V,12,12,6,0
20240905,XDCE,大商所,Y,8,8,3,0
20240905,XSGE,上期所,AG,12,12,7,0
20240905,XSGE,上期所,AL,12,12,4,0
20240905,XSGE,上期所,AO,12,12,3,0
20240905,XSGE,上期所,AU,8,8,3,0
20240905,XSGE,上期所,BR,12,12,2,0
20240905,XSGE,上期所,BU,16,16,4,0
20240905,XSGE,上期所,CU,12,12,6,0
20240905,XSGE,上期所,FU,12,12,9,0
20240905,XSGE,上期所,HC,12,12,5,0
20240905,XSGE,上期所,NI,12,12,3,0
20240905,XSGE,上期所,PB,12,12,4,0
20240905,XSGE,上期所,RB,12,12,5,0
20240905,XSGE,上期所,RU,10,10,3,0
20240905,XSGE,上期所,SN,12,12,2,0
20240905,XSGE,上期所,SP,12,12,4,0
20240905,XSGE,上期所,SS,12,12,4,0
20240905,XSGE,上期所,ZN,12,12,6,0
20240905,XSIE,能源中心,BC,12,12,2,0
20240905,XSIE,能源中心,LU,12,12,4,0
20240905,XSIE,能源中心,NR,12,12,3,0
20240905,XSIE,能源中心,SC,20,20,3,0
20240906,XDCE,大商所,A,6,6,3,0
20240906,XDCE,大商所,B,12,12,5,0
20240906,XDCE,大商所,C,6,6,5,0
20240906,XDCE,大商所,CS,6,6,2,0
20240906,XDCE,大商所,EB,12,12,3,0
20240906,XDCE,大商所,EG,12,12,4,0
20240906,XDCE,大商所,I,12,12,3,0
20240906,XDCE,大商所,J,12,12,2,0
20240906,XDCE,大商所,JM,12,12,2,0
20240906,XDCE,大商所,L,12,12,3,0
20240906,XDCE,大商所,M,8,8,5,0
20240906,XDCE,大商所,P,12,12,3,0
20240906,XDCE,大商所,PG,12,12,2,0
20240906,XDCE,大商所,PP,12,12,4,0
20240906,XDCE,大商所,RR,12,12,0,0
20240906,XDCE,大商所,V,12,12,4,0
20240906,XDCE,大商所,Y,8,8,3,0
20240906,XSGE,上期所,AG,12,12,8,0
20240906,XSGE,上期所,AL,12,12,5,0
20240906,XSGE,上期所,AO,12,12,5,0
20240906,XSGE,上期所,AU,8,8,5,0
20240906,XSGE,上期所,BR,12,12,3,0
20240906,XSGE,上期所,BU,16,16,3,0
20240906,XSGE,上期所,CU,12,12,6,0
20240906,XSGE,上期所,FU,12,12,6,0
20240906,XSGE,上期所,HC,12,12,4,0
20240906,XSGE,上期所,NI,12,12,5,0
20240906,XSGE,上期所,PB,12,12,2,0
20240906,XSGE,上期所,RB,12,12,6,0
20240906,XSGE,上期所,RU,10,10,3,0
20240906,XSGE,上期所,SN,12,12,3,0
20240906,XSGE,上期所,SP,12,12,4,0
20240906,XSGE,上期所,SS,12,12,4,0
20240906,XSGE,上期所,ZN,12,12,5,0
20240906,XSIE,能源中心,BC,12,12,2,0
20240906,XSIE,能源中心,LU,12,12,3,0
20240906,XSIE,能源中心,NR,12,12,3,0
20240906,XSIE,能源中心,SC,20,20,3,0
20240909,XDCE,大商所,A,6,6,3,0
20240909,XDCE,大商所,B,12,12,4,0
20240909,XDCE,大商所,C,6,6,6,0
20240909,XDCE,大商所,CS,6,6,3,0
20240909,XDCE,大商所,EB,12,12,3,0
20240909,XDCE,大商所,EG,12,12,5,0
20240909,XDCE,大商所,I,12,12,3,0
20240909,XDCE,大商所,J,12,12,1,0
20240909,XDCE,大商所,JM,12,12,2,0
20240909,XDCE,大商所,L,12,12,2,0
20240909,XDCE,大商所,M,8,8,8,0
20240909,XDCE,大商所,P,12,12,3,0
20240909,XDCE,大商所,PG,12,12,6,0
20240909,XDCE,大商所,PP,12,12,2,0
20240909,XDCE,大商所,RR,12,12,0,0
20240909,XDCE,大商所,V,12,12,4,0
20240909,XDCE,大商所,Y,8,8,3,0
20240909,XSGE,上期所,AG,12,12,10,0
20240909,XSGE,上期所,AL,12,12,5,0
20240909,XSGE,上期所,AO,12,12,5,0
20240909,XSGE,上期所,AU,8,8,3,0
20240909,XSGE,上期所,BR,12,12,3,0
20240909,XSGE,上期所,BU,16,16,3,0
20240909,XSGE,上期所,CU,12,12,5,0
20240909,XSGE,上期所,FU,12,12,5,0
20240909,XSGE,上期所,HC,12,12,3,0
20240909,XSGE,上期所,NI,12,12,3,0
20240909,XSGE,上期所,PB,12,12,2,0
20240909,XSGE,上期所,RB,12,12,5,0
20240909,XSGE,上期所,RU,10,10,4,0
20240909,XSGE,上期所,SN,12,12,4,0
20240909,XSGE,上期所,SP,12,12,2,0
20240909,XSGE,上期所,SS,12,12,4,0
20240909,XSGE,上期所,ZN,12,12,4,0
20240909,XSIE,能源中心,BC,12,12,1,0
20240909,XSIE,能源中心,LU,12,12,4,0
20240909,XSIE,能源中心,NR,12,12,3,0
20240909,XSIE,能源中心,SC,20,20,3,0
20240910,XDCE,大商所,A,6,6,4,0
20240910,XDCE,大商所,B,12,12,4,0
20240910,XDCE,大商所,C,6,6,4,0
20240910,XDCE,大商所,CS,6,6,2,0
20240910,XDCE,大商所,EB,12,12,4,0
20240910,XDCE,大商所,EG,12,12,2,0
20240910,XDCE,大商所,I,12,12,4,0
20240910,XDCE,大商所,J,12,12,1,0
20240910,XDCE,大商所,JM,12,12,2,0
20240910,XDCE,大商所,L,12,12,3,0
20240910,XDCE,大商所,M,8,8,5,0
20240910,XDCE,大商所,P,12,12,3,0
20240910,XDCE,大商所,PG,12,12,4,0
20240910,XDCE,大商所,PP,12,12,3,0
20240910,XDCE,大商所,RR,12,12,0,0
20240910,XDCE,大商所,V,12,12,4,0
20240910,XDCE,大商所,Y,8,8,3,0
20240910,XSGE,上期所,AG,12,12,7,0
20240910,XSGE,上期所,AL,12,12,4,0
20240910,XSGE,上期所,AO,12,12,4,0
20240910,XSGE,上期所,AU,8,8,4,0
20240910,XSGE,上期所,BR,12,12,3,0
20240910,XSGE,上期所,BU,16,16,3,0
20240910,XSGE,上期所,CU,12,12,5,0
20240910,XSGE,上期所,FU,12,12,7,0
20240910,XSGE,上期所,HC,12,12,5,0
20240910,XSGE,上期所,NI,12,12,3,0
20240910,XSGE,上期所,PB,12,12,4,0
20240910,XSGE,上期所,RB,12,12,5,0
20240910,XSGE,上期所,RU,10,10,4,0
20240910,XSGE,上期所,SN,12,12,3,0
20240910,XSGE,上期所,SP,12,12,2,0
20240910,XSGE,上期所,SS,12,12,4,0
20240910,XSGE,上期所,ZN,12,12,4,0
20240910,XSIE,能源中心,BC,12,12,2,0
20240910,XSIE,能源中心,LU,12,12,4,0
20240910,XSIE,能源中心,NR,12,12,3,0
20240910,XSIE,能源中心,SC,20,20,3,0
20240911,XDCE,大商所,A,6,6,3,0
20240911,XDCE,大商所,B,12,12,4,0
20240911,XDCE,大商所,C,6,6,3,0
20240911,XDCE,大商所,CS,6,6,2,0
20240911,XDCE,大商所,EB,12,12,6,0
20240911,XDCE,大商所,EG,12,12,4,0
20240911,XDCE,大商所,I,12,12,5,0
20240911,XDCE,大商所,J,12,12,1,0
20240911,XDCE,大商所,JM,12,12,2,0
20240911,XDCE,大商所,L,12,12,3,0
20240911,XDCE,大商所,M,8,8,5,0
20240911,XDCE,大商所,P,12,12,4,0
20240911,XDCE,大商所,PG,12,12,2,0
20240911,XDCE,大商所,PP,12,12,2,0
20240911,XDCE,大商所,RR,12,12,0,0
20240911,XDCE,大商所,V,12,12,5,0
20240911,XDCE,大商所,Y,8,8,4,0
20240911,XSGE,上期所,AG,12,12,7,0
20240911,XSGE,上期所,AL,12,12,4,0
20240911,XSGE,上期所,AO,12,12,4,0
20240911,XSGE,上期所,AU,8,8,5,0
20240911,XSGE,上期所,BR,12,12,3,0
20240911,XSGE,上期所,BU,16,16,5,0
20240911,XSGE,上期所,CU,12,12,5,0
20240911,XSGE,上期所,FU,12,12,7,0
20240911,XSGE,上期所,HC,12,12,4,0
20240911,XSGE,上期所,NI,12,12,3,0
20240911,XSGE,上期所,PB,12,12,3,0
20240911,XSGE,上期所,RB,12,12,5,0
20240911,XSGE,上期所,RU,10,10,3,0
20240911,XSGE,上期所,SN,12,12,3,0
20240911,XSGE,上期所,SP,12,12,2,0
20240911,XSGE,上期所,SS,12,12,3,0
20240911,XSGE,上期所,ZN,12,12,3,0
20240911,XSIE,能源中心,BC,12,12,2,0
20240911,XSIE,能源中心,LU,12,12,4,0
20240911,XSIE,能源中心,NR,12,12,5,0
20240911,XSIE,能源中心,SC,20,20,3,0
20240912,XDCE,大商所,A,6,6,3,0
20240912,XDCE,大商所,B,12,12,4,0
20240912,XDCE,大商所,C,6,6,5,0
20240912,XDCE,大商所,CS,6,6,3,0
20240912,XDCE,大商所,EB,12,12,4,0
20240912,XDCE,大商所,EG,12,12,2,0
20240912,XDCE,大商所,I,12,12,5,0
20240912,XDCE,大商所,J,12,12,1,0
20240912,XDCE,大商所,JM,12,12,4,0
20240912,XDCE,大商所,L,12,12,3,0
20240912,XDCE,大商所,M,8,8,5,0
20240912,XDCE,大商所,P,12,12,4,0
20240912,XDCE,大商所,PG,12,12,4,0
20240912,XDCE,大商所,PP,12,12,2,0
20240912,XDCE,大商所,RR,12,12,0,0
20240912,XDCE,大商所,V,12,12,4,0
20240912,XDCE,大商所,Y,8,8,2,0
20240912,XSGE,上期所,AG,12,12,8,0
20240912,XSGE,上期所,AL,12,12,4,0
20240912,XSGE,上期所,AO,12,12,4,0
20240912,XSGE,上期所,AU,8,8,6,0
20240912,XSGE,上期所,BR,12,12,3,0
20240912,XSGE,上期所,BU,16,16,4,0
20240912,XSGE,上期所,CU,12,12,6,0
20240912,XSGE,上期所,FU,12,12,7,0
20240912,XSGE,上期所,HC,12,12,4,0
20240912,XSGE,上期所,NI,12,12,3,0
20240912,XSGE,上期所,PB,12,12,3,0
20240912,XSGE,上期所,RB,12,12,5,0
20240912,XSGE,上期所,RU,10,10,2,0
20240912,XSGE,上期所,SN,12,12,3,0
20240912,XSGE,上期所,SP,12,12,3,0
20240912,XSGE,上期所,SS,12,12,4,0
20240912,XSGE,上期所,ZN,12,12,5,0
20240912,XSIE,能源中心,BC,12,12,2,0
20240912,XSIE,能源中心,LU,12,12,4,0
20240912,XSIE,能源中心,NR,12,12,3,0
20240912,XSIE,能源中心,SC,20,20,3,0
20240913,XDCE,大商所,A,6,6,1,0
20240913,XDCE,大商所,B,12,12,4,0
20240913,XDCE,大商所,C,6,6,5,0
20240913,XDCE,大商所,CS,6,6,3,0
20240913,XDCE,大商所,EB,12,12,4,0
20240913,XDCE,大商所,EG,12,12,3,0
20240913,XDCE,大商所,I,12,12,5,0
20240913,XDCE,大商所,J,12,12,1,0
20240913,XDCE,大商所,JM,12,12,5,0
20240913,XDCE,大商所,L,12,12,3,0
20240913,XDCE,大商所,M,8,8,6,0
20240913,XDCE,大商所,P,12,12,6,0
20240913,XDCE,大商所,PG,12,12,4,0
20240913,XDCE,大商所,PP,12,12,3,0
20240913,XDCE,大商所,RR,12,12,0,0
20240913,XDCE,大商所,V,12,12,3,0
20240913,XDCE,大商所,Y,8,8,3,0
20240913,XSGE,上期所,AG,12,12,9,0
20240913,XSGE,上期所,AL,12,12,4,0
20240913,XSGE,上期所,AO,12,12,4,0
20240913,XSGE,上期所,AU,8,8,5,0
20240913,XSGE,上期所,BR,12,12,2,0
20240913,XSGE,上期所,BU,16,16,4,0
20240913,XSGE,上期所,CU,12,12,7,0
20240913,XSGE,上期所,FU,12,12,5,0
20240913,XSGE,上期所,HC,12,12,4,0
20240913,XSGE,上期所,NI,12,12,3,0
20240913,XSGE,上期所,PB,12,12,3,0
20240913,XSGE,上期所,RB,12,12,6,0
20240913,XSGE,上期所,RU,10,10,3,0
20240913,XSGE,上期所,SN,12,12,4,0
20240913,XSGE,上期所,SP,12,12,2,0
20240913,XSGE,上期所,SS,12,12,3,0
20240913,XSGE,上期所,ZN,12,12,5,0
20240913,XSIE,能源中心,BC,12,12,2,0
20240913,XSIE,能源中心,LU,12,12,4,0
20240913,XSIE,能源中心,NR,12,12,3,0
20240913,XSIE,能源中心,SC,20,20,5,0
20240919,XDCE,大商所,A,6,6,3,0
20240919,XDCE,大商所,B,12,12,4,0
20240919,XDCE,大商所,C,6,6,5,0
20240919,XDCE,大商所,CS,6,6,3,0
20240919,XDCE,大商所,EB,12,12,4,0
20240919,XDCE,大商所,EG,12,12,3,0
20240919,XDCE,大商所,I,12,12,5,0
20240919,XDCE,大商所,J,12,12,1,0
20240919,XDCE,大商所,JM,12,12,1,0
20240919,XDCE,大商所,L,12,12,2,0
20240919,XDCE,大商所,M,8,8,7,0
20240919,XDCE,大商所,P,12,12,4,0
20240919,XDCE,大商所,PG,12,12,3,0
20240919,XDCE,大商所,PP,12,12,2,0
20240919,XDCE,大商所,RR,12,12,0,0
20240919,XDCE,大商所,V,12,12,4,0
20240919,XDCE,大商所,Y,8,8,3,0
20240919,XSGE,上期所,AG,12,12,6,0
20240919,XSGE,上期所,AL,12,12,3,0
20240919,XSGE,上期所,AO,12,12,4,0
20240919,XSGE,上期所,AU,8,8,4,0
20240919,XSGE,上期所,BR,12,12,4,0
20240919,XSGE,上期所,BU,16,16,4,0
20240919,XSGE,上期所,CU,12,12,5,0
20240919,XSGE,上期所,FU,12,12,6,0
20240919,XSGE,上期所,HC,12,12,5,0
20240919,XSGE,上期所,NI,12,12,2,0
20240919,XSGE,上期所,PB,12,12,2,0
20240919,XSGE,上期所,RB,12,12,4,0
20240919,XSGE,上期所,RU,10,10,3,0
20240919,XSGE,上期所,SN,12,12,3,0
20240919,XSGE,上期所,SP,12,12,3,0
20240919,XSGE,上期所,SS,12,12,3,0
20240919,XSGE,上期所,ZN,12,12,4,0
20240919,XSIE,能源中心,BC,12,12,2,0
20240919,XSIE,能源中心,LU,12,12,5,0
20240919,XSIE,能源中心,NR,12,12,4,0
20240919,XSIE,能源中心,SC,20,20,3,0
20240920,XDCE,大商所,A,6,6,3,0
20240920,XDCE,大商所,B,12,12,5,0
20240920,XDCE,大商所,C,6,6,4,0
20240920,XDCE,大商所,CS,6,6,4,0
20240920,XDCE,大商所,EB,12,12,5,0
20240920,XDCE,大商所,EG,12,12,4,0
20240920,XDCE,大商所,I,12,12,7,0
20240920,XDCE,大商所,J,12,12,1,0
20240920,XDCE,大商所,JM,12,12,2,0
20240920,XDCE,大商所,L,12,12,4,0
20240920,XDCE,大商所,M,8,8,8,0
20240920,XDCE,大商所,P,12,12,8,0
20240920,XDCE,大商所,PG,12,12,8,0
20240920,XDCE,大商所,PP,12,12,4,0
20240920,XDCE,大商所,RR,12,12,0,0
20240920,XDCE,大商所,V,12,12,6,0
20240920,XDCE,大商所,Y,8,8,5,0
20240920,XSGE,上期所,AG,12,12,6,0
20240920,XSGE,上期所,AL,12,12,6,0
20240920,XSGE,上期所,AO,12,12,5,0
20240920,XSGE,上期所,AU,8,8,3,0
20240920,XSGE,上期所,BR,12,12,3,0
20240920,XSGE,上期所,BU,16,16,4,0
20240920,XSGE,上期所,CU,12,12,7,0
20240920,XSGE,上期所,FU,12,12,6,0
20240920,XSGE,上期所,HC,12,12,6,0
20240920,XSGE,上期所,NI,12,12,4,0
20240920,XSGE,上期所,PB,12,12,4,0
20240920,XSGE,上期所,RB,12,12,5,0
20240920,XSGE,上期所,RU,10,10,4,0
20240920,XSGE,上期所,SN,12,12,4,0
20240920,XSGE,上期所,SP,12,12,4,0
20240920,XSGE,上期所,SS,12,12,3,0
20240920,XSGE,上期所,ZN,12,12,4,0
20240920,XSIE,能源中心,BC,12,12,2,0
20240920,XSIE,能源中心,LU,12,12,3,0
20240920,XSIE,能源中心,NR,12,12,2,0
20240920,XSIE,能源中心,SC,20,20,4,0
20240923,XDCE,大商所,A,6,6,4,0
20240923,XDCE,大商所,B,12,12,4,0
20240923,XDCE,大商所,C,6,6,4,0
20240923,XDCE,大商所,CS,6,6,3,0
20240923,XDCE,大商所,EB,12,12,4,0
20240923,XDCE,大商所,EG,12,12,3,0
20240923,XDCE,大商所,I,12,12,4,0
20240923,XDCE,大商所,J,12,12,2,0
20240923,XDCE,大商所,JM,12,12,2,0
20240923,XDCE,大商所,L,12,12,2,0
20240923,XDCE,大商所,M,8,8,8,0
20240923,XDCE,大商所,P,12,12,3,0
20240923,XDCE,大商所,PG,12,12,4,0
20240923,XDCE,大商所,PP,12,12,2,0
20240923,XDCE,大商所,RR,12,12,0,0
20240923,XDCE,大商所,V,12,12,4,0
20240923,XDCE,大商所,Y,8,8,4,0
20240923,XSGE,上期所,AG,12,12,9,0
20240923,XSGE,上期所,AL,12,12,4,0
20240923,XSGE,上期所,AO,12,12,4,0
20240923,XSGE,上期所,AU,8,8,5,0
20240923,XSGE,上期所,BR,12,12,3,0
20240923,XSGE,上期所,BU,16,16,4,0
20240923,XSGE,上期所,CU,12,12,4,0
20240923,XSGE,上期所,FU,12,12,7,0
20240923,XSGE,上期所,HC,12,12,4,0
20240923,XSGE,上期所,NI,12,12,3,0
20240923,XSGE,上期所,PB,12,12,2,0
20240923,XSGE,上期所,RB,12,12,5,0
20240923,XSGE,上期所,RU,10,10,3,0
20240923,XSGE,上期所,SN,12,12,5,0
20240923,XSGE,上期所,SP,12,12,2,0
20240923,XSGE,上期所,SS,12,12,4,0
20240923,XSGE,上期所,ZN,12,12,4,0
20240923,XSIE,能源中心,BC,12,12,2,0
20240923,XSIE,能源中心,LU,12,12,4,0
20240923,XSIE,能源中心,NR,12,12,3,0
20240923,XSIE,能源中心,SC,20,20,5,0
20240924,XDCE,大商所,A,6,6,3,0
20240924,XDCE,大商所,B,12,12,4,0
20240924,XDCE,大商所,C,6,6,6,0
20240924,XDCE,大商所,CS,6,6,3,0
20240924,XDCE,大商所,EB,12,12,5,0
20240924,XDCE,大商所,EG,12,12,3,0
20240924,XDCE,大商所,I,12,12,6,0
20240924,XDCE,大商所,J,12,12,3,0
20240924,XDCE,大商所,JM,12,12,2,0
20240924,XDCE,大商所,L,12,12,2,0
20240924,XDCE,大商所,M,8,8,7,0
20240924,XDCE,大商所,P,12,12,4,0
20240924,XDCE,大商所,PG,12,12,4,0
20240924,XDCE,大商所,PP,12,12,2,0
20240924,XDCE,大商所,RR,12,12,0,0
20240924,XDCE,大商所,V,12,12,3,0
20240924,XDCE,大商所,Y,8,8,4,0
20240924,XSGE,上期所,AG,12,12,6,0
20240924,XSGE,上期所,AL,12,12,3,0
20240924,XSGE,上期所,AO,12,12,4,0
20240924,XSGE,上期所,AU,8,8,5,0
20240924,XSGE,上期所,BR,12,12,3,0
20240924,XSGE,上期所,BU,16,16,3,0
20240924,XSGE,上期所,CU,12,12,3,0
20240924,XSGE,上期所,FU,12,12,7,0
20240924,XSGE,上期所,HC,12,12,5,0
20240924,XSGE,上期所,NI,12,12,4,0
20240924,XSGE,上期所,PB,12,12,3,0
20240924,XSGE,上期所,RB,12,12,5,0
20240924,XSGE,上期所,RU,10,10,3,0
20240924,XSGE,上期所,SN,12,12,4,0
20240924,XSGE,上期所,SP,12,12,4,0
20240924,XSGE,上期所,SS,12,12,4,0
20240924,XSGE,上期所,ZN,12,12,4,0
20240924,XSIE,能源中心,BC,12,12,1,0
20240924,XSIE,能源中心,LU,12,12,4,0
20240924,XSIE,能源中心,NR,12,12,3,0
20240924,XSIE,能源中心,SC,20,20,3,0
20240925,XDCE,大商所,A,6,6,4,0
20240925,XDCE,大商所,B,12,12,5,0
20240925,XDCE,大商所,C,6,6,5,0
20240925,XDCE,大商所,CS,6,6,3,0
20240925,XDCE,大商所,EB,12,12,4,0
20240925,XDCE,大商所,EG,12,12,3,0
20240925,XDCE,大商所,I,12,12,6,0
20240925,XDCE,大商所,J,12,12,2,0
20240925,XDCE,大商所,JM,12,12,2,0
20240925,XDCE,大商所,L,12,12,2,0
20240925,XDCE,大商所,M,8,8,8,0
20240925,XDCE,大商所,P,12,12,3,0
20240925,XDCE,大商所,PG,12,12,5,0
20240925,XDCE,大商所,PP,12,12,3,0
20240925,XDCE,大商所,RR,12,12,1,0
20240925,XDCE,大商所,V,12,12,2,0
20240925,XDCE,大商所,Y,8,8,5,0
20240925,XSGE,上期所,AG,12,12,6,0
20240925,XSGE,上期所,AL,12,12,4,0
20240925,XSGE,上期所,AO,12,12,5,0
20240925,XSGE,上期所,AU,8,8,4,0
20240925,XSGE,上期所,BR,12,12,3,0
20240925,XSGE,上期所,BU,16,16,4,0
20240925,XSGE,上期所,CU,12,12,11,0
20240925,XSGE,上期所,FU,12,12,6,0
20240925,XSGE,上期所,HC,12,12,5,0
20240925,XSGE,上期所,NI,12,12,5,0
20240925,XSGE,上期所,PB,12,12,4,0
20240925,XSGE,上期所,RB,12,12,6,0
20240925,XSGE,上期所,RU,10,10,4,0
20240925,XSGE,上期所,SN,12,12,4,0
20240925,XSGE,上期所,SP,12,12,3,0
20240925,XSGE,上期所,SS,12,12,4,0
20240925,XSGE,上期所,ZN,12,12,4,0
20240925,XSIE,能源中心,BC,12,12,1,0
20240925,XSIE,能源中心,LU,12,12,3,0
20240925,XSIE,能源中心,NR,12,12,3,0
20240925,XSIE,能源中心,SC,20,20,3,0
20240926,XDCE,大商所,A,6,6,3,0
20240926,XDCE,大商所,B,12,12,4,0
20240926,XDCE,大商所,C,6,6,4,0
20240926,XDCE,大商所,CS,6,6,3,0
20240926,XDCE,大商所,EB,12,12,4,0
20240926,XDCE,大商所,EG,12,12,4,0
20240926,XDCE,大商所,I,12,12,4,0
20240926,XDCE,大商所,J,12,12,1,0
20240926,XDCE,大商所,JM,12,12,2,0
20240926,XDCE,大商所,L,12,12,2,0
20240926,XDCE,大商所,M,8,8,6,0
20240926,XDCE,大商所,P,12,12,3,0
20240926,XDCE,大商所,PG,12,12,4,0
20240926,XDCE,大商所,PP,12,12,2,0
20240926,XDCE,大商所,RR,12,12,0,0
20240926,XDCE,大商所,V,12,12,3,0
20240926,XDCE,大商所,Y,8,8,2,0
20240926,XSGE,上期所,AG,12,12,6,0
20240926,XSGE,上期所,AL,12,12,3,0
20240926,XSGE,上期所,AO,12,12,4,0
20240926,XSGE,上期所,AU,8,8,3,0
20240926,XSGE,上期所,BR,12,12,3,0
20240926,XSGE,上期所,BU,16,16,4,0
20240926,XSGE,上期所,CU,12,12,4,0
20240926,XSGE,上期所,FU,12,12,8,0
20240926,XSGE,上期所,HC,12,12,5,0
20240926,XSGE,上期所,NI,12,12,4,0
20240926,XSGE,上期所,PB,12,12,3,0
20240926,XSGE,上期所,RB,12,12,6,0
20240926,XSGE,上期所,RU,10,10,3,0
20240926,XSGE,上期所,SN,12,12,4,0
20240926,XSGE,上期所,SP,12,12,4,0
20240926,XSGE,上期所,SS,12,12,4,0
20240926,XSGE,上期所,ZN,12,12,3,0
20240926,XSIE,能源中心,BC,12,12,2,0
20240926,XSIE,能源中心,LU,12,12,3,0
20240926,XSIE,能源中心,NR,12,12,4,0
20240926,XSIE,能源中心,SC,20,20,4,0
20240927,XDCE,大商所,A,6,6,5,0
20240927,XDCE,大商所,B,12,12,5,0
20240927,XDCE,大商所,C,6,6,5,0
20240927,XDCE,大商所,CS,6,6,3,0
20240927,XDCE,大商所,EB,12,12,5,0
20240927,XDCE,大商所,EG,12,12,2,0
20240927,XDCE,大商所,I,12,12,7,0
20240927,XDCE,大商所,J,12,12,2,0
20240927,XDCE,大商所,JM,12,12,4,0
20240927,XDCE,大商所,L,12,12,3,0
20240927,XDCE,大商所,M,8,8,8,0
20240927,XDCE,大商所,P,12,12,5,0
20240927,XDCE,大商所,PG,12,12,4,0
20240927,XDCE,大商所,PP,12,12,2,0
20240927,XDCE,大商所,RR,12,12,0,0
20240927,XDCE,大商所,V,12,12,3,0
20240927,XDCE,大商所,Y,8,8,3,0
20240927,XSGE,上期所,AG,12,12,10,0
20240927,XSGE,上期所,AL,12,12,5,0
20240927,XSGE,上期所,AO,12,12,4,0
20240927,XSGE,上期所,AU,8,8,6,0
20240927,XSGE,上期所,BR,12,12,3,0
20240927,XSGE,上期所,BU,16,16,4,0
20240927,XSGE,上期所,CU,12,12,7,0
20240927,XSGE,上期所,FU,12,12,5,0
20240927,XSGE,上期所,HC,12,12,5,0
20240927,XSGE,上期所,NI,12,12,5,0
20240927,XSGE,上期所,PB,12,12,3,0
20240927,XSGE,上期所,RB,12,12,6,0
20240927,XSGE,上期所,RU,10,10,3,0
20240927,XSGE,上期所,SN,12,12,4,0
20240927,XSGE,上期所,SP,12,12,2,0
20240927,XSGE,上期所,SS,12,12,4,0
20240927,XSGE,上期所,ZN,12,12,4,0
20240927,XSIE,能源中心,BC,12,12,1,0
20240927,XSIE,能源中心,LU,12,12,4,0
20240927,XSIE,能源中心,NR,12,12,3,0
20240927,XSIE,能源中心,SC,20,20,3,0
20240930,XDCE,大商所,A,6,6,4,0
20240930,XDCE,大商所,B,12,12,5,0
20240930,XDCE,大商所,C,6,6,5,0
20240930,XDCE,大商所,CS,6,6,4,0
20240930,XDCE,大商所,EB,12,12,4,0
20240930,XDCE,大商所,EG,12,12,3,0
20240930,XDCE,大商所,I,12,12,5,0
20240930,XDCE,大商所,J,12,12,2,0
20240930,XDCE,大商所,JM,12,12,5,0
20240930,XDCE,大商所,L,12,12,3,0
20240930,XDCE,大商所,M,8,8,7,0
20240930,XDCE,大商所,P,12,12,6,0
20240930,XDCE,大商所,PG,12,12,6,0
20240930,XDCE,大商所,PP,12,12,2,0
20240930,XDCE,大商所,RR,12,12,0,0
20240930,XDCE,大商所,V,12,12,3,0
20240930,XDCE,大商所,Y,8,8,4,0
20240930,XSGE,上期所,AG,12,12,11,0
20240930,XSGE,上期所,AL,12,12,4,0
20240930,XSGE,上期所,AO,12,12,4,0
20240930,XSGE,上期所,AU,8,8,5,0
20240930,XSGE,上期所,BR,12,12,3,0
20240930,XSGE,上期所,BU,16,16,4,0
20240930,XSGE,上期所,CU,12,12,5,0
20240930,XSGE,上期所,FU,12,12,6,0
20240930,XSGE,上期所,HC,12,12,5,0
20240930,XSGE,上期所,NI,12,12,4,0
20240930,XSGE,上期所,PB,12,12,3,0
20240930,XSGE,上期所,RB,12,12,7,0
20240930,XSGE,上期所,RU,10,10,3,0
20240930,XSGE,上期所,SN,12,12,4,0
20240930,XSGE,上期所,SP,12,12,3,0
20240930,XSGE,上期所,SS,12,12,4,0
20240930,XSGE,上期所,ZN,12,12,3,0
20240930,XSIE,能源中心,BC,12,12,2,0
20240930,XSIE,能源中心,LU,12,12,4,0
20240930,XSIE,能源中心,NR,12,12,2,0
20240930,XSIE,能源中心,SC,20,20,4,0
20241009,XDCE,大商所,A,6,6,5,0
20241009,XDCE,大商所,B,12,12,4,0
20241009,XDCE,大商所,C,6,6,5,0
20241009,XDCE,大商所,CS,6,6,3,0
20241009,XDCE,大商所,EB,12,12,5,0
20241009,XDCE,大商所,EG,12,12,5,0
20241009,XDCE,大商所,I,12,12,3,0
20241009,XDCE,大商所,J,12,12,1,0
20241009,XDCE,大商所,JM,12,12,2,0
20241009,XDCE,大商所,L,12,12,2,0
20241009,XDCE,大商所,M,8,8,6,0
20241009,XDCE,大商所,P,12,12,6,0
20241009,XDCE,大商所,PG,12,12,6,0
20241009,XDCE,大商所,PP,12,12,4,0
20241009,XDCE,大商所,RR,12,12,0,0
20241009,XDCE,大商所,V,12,12,4,0
20241009,XDCE,大商所,Y,8,8,3,0
20241009,XSGE,上期所,AG,12,12,7,0
20241009,XSGE,上期所,AL,12,12,3,0
20241009,XSGE,上期所,AO,12,12,3,0
20241009,XSGE,上期所,AU,8,8,3,0
20241009,XSGE,上期所,BR,12,12,3,0
20241009,XSGE,上期所,BU,16,16,3,0
20241009,XSGE,上期所,CU,12,12,5,0
20241009,XSGE,上期所,FU,12,12,6,0
20241009,XSGE,上期所,HC,12,12,5,0
20241009,XSGE,上期所,NI,12,12,3,0
20241009,XSGE,上期所,PB,12,12,3,0
20241009,XSGE,上期所,RB,12,12,7,0
20241009,XSGE,上期所,RU,10,10,3,0
20241009,XSGE,上期所,SN,12,12,3,0
20241009,XSGE,上期所,SP,12,12,4,0
20241009,XSGE,上期所,SS,12,12,3,0
20241009,XSGE,上期所,ZN,12,12,4,0
20241009,XSIE,能源中心,BC,12,12,2,0
20241009,XSIE,能源中心,LU,12,12,5,0
20241009,XSIE,能源中心,NR,12,12,3,0
20241009,XSIE,能源中心,SC,20,20,4,0
20241010,XDCE,大商所,A,6,6,5,0
20241010,XDCE,大商所,B,12,12,4,0
20241010,XDCE,大商所,C,6,6,4,0
20241010,XDCE,大商所,CS,6,6,4,0
20241010,XDCE,大商所,EB,12,12,4,0
20241010,XDCE,大商所,EG,12,12,2,0
20241010,XDCE,大商所,I,12,12,5,0
20241010,XDCE,大商所,J,12,12,1,0
20241010,XDCE,大商所,JM,12,12,2,0
20241010,XDCE,大商所,L,12,12,2,0
20241010,XDCE,大商所,M,8,8,6,0
20241010,XDCE,大商所,P,12,12,4,0
20241010,XDCE,大商所,PG,12,12,4,0
20241010,XDCE,大商所,PP,12,12,3,0
20241010,XDCE,大商所,RR,12,12,1,0
20241010,XDCE,大商所,V,12,12,3,0
20241010,XDCE,大商所,Y,8,8,5,0
20241010,XSGE,上期所,AG,12,12,5,0
20241010,XSGE,上期所,AL,12,12,7,0
20241010,XSGE,上期所,AO,12,12,4,0
20241010,XSGE,上期所,AU,8,8,6,0
20241010,XSGE,上期所,BR,12,12,3,0
20241010,XSGE,上期所,BU,16,16,4,0
20241010,XSGE,上期所,CU,12,12,9,0
20241010,XSGE,上期所,FU,12,12,7,0
20241010,XSGE,上期所,HC,12,12,4,0
20241010,XSGE,上期所,NI,12,12,4,0
20241010,XSGE,上期所,PB,12,12,2,0
20241010,XSGE,上期所,RB,12,12,6,0
20241010,XSGE,上期所,RU,10,10,3,0
20241010,XSGE,上期所,SN,12,12,4,0
20241010,XSGE,上期所,SP,12,12,3,0
20241010,XSGE,上期所,SS,12,12,3,0
20241010,XSGE,上期所,ZN,12,12,5,0
20241010,XSIE,能源中心,BC,12,12,2,0
20241010,XSIE,能源中心,LU,12,12,5,0
20241010,XSIE,能源中心,NR,12,12,6,0
20241010,XSIE,能源中心,SC,20,20,3,0
20241011,XDCE,大商所,A,6,6,4,0
20241011,XDCE,大商所,B,12,12,3,0
20241011,XDCE,大商所,C,6,6,4,0
20241011,XDCE,大商所,CS,6,6,4,0
20241011,XDCE,大商所,EB,12,12,3,0
20241011,XDCE,大商所,EG,12,12,2,0
20241011,XDCE,大商所,I,12,12,5,0
20241011,XDCE,大商所,J,12,12,1,0
20241011,XDCE,大商所,JM,12,12,2,0
20241011,XDCE,大商所,L,12,12,2,0
20241011,XDCE,大商所,M,8,8,6,0
20241011,XDCE,大商所,P,12,12,2,0
20241011,XDCE,大商所,PG,12,12,4,0
20241011,XDCE,大商所,PP,12,12,2,0
20241011,XDCE,大商所,RR,12,12,0,0
20241011,XDCE,大商所,V,12,12,4,0
20241011,XDCE,大商所,Y,8,8,2,0
20241011,XSGE,上期所,AG,12,12,7,0
20241011,XSGE,上期所,AL,12,12,3,0
20241011,XSGE,上期所,AO,12,12,4,0
20241011,XSGE,上期所,AU,8,8,5,0
20241011,XSGE,上期所,BR,12,12,4,0
20241011,XSGE,上期所,BU,16,16,3,0
20241011,XSGE,上期所,CU,12,12,5,0
20241011,XSGE,上期所,FU,12,12,8,0
20241011,XSGE,上期所,HC,12,12,3,0
20241011,XSGE,上期所,NI,12,12,4,0
20241011,XSGE,上期所,PB,12,12,3,0
20241011,XSGE,上期所,RB,12,12,6,0
20241011,XSGE,上期所,RU,10,10,6,0
20241011,XSGE,上期所,SN,12,12,3,0
20241011,XSGE,上期所,SP,12,12,4,0
20241011,XSGE,上期所,SS,12,12,3,0
20241011,XSGE,上期所,ZN,12,12,3,0
20241011,XSIE,能源中心,BC,12,12,2,0
20241011,XSIE,能源中心,LU,12,12,4,0
20241011,XSIE,能源中心,NR,12,12,3,0
20241011,XSIE,能源中心,SC,20,20,3,0
20241014,XDCE,大商所,A,6,6,3,0
20241014,XDCE,大商所,B,12,12,3,0
20241014,XDCE,大商所,C,6,6,4,0
20241014,XDCE,大商所,CS,6,6,4,0
20241014,XDCE,大商所,EB,12,12,7,0
20241014,XDCE,大商所,EG,12,12,1,0
20241014,XDCE,大商所,I,12,12,4,0
20241014,XDCE,大商所,J,12,12,1,0
20241014,XDCE,大商所,JM,12,12,2,0
20241014,XDCE,大商所,L,12,12,3,0
20241014,XDCE,大商所,M,8,8,8,0
20241014,XDCE,大商所,P,12,12,7,0
20241014,XDCE,大商所,PG,12,12,4,0
20241014,XDCE,大商所,PP,12,12,2,0
20241014,XDCE,大商所,RR,12,12,1,0
20241014,XDCE,大商所,V,12,12,6,0
20241014,XDCE,大商所,Y,8,8,5,0
20241014,XSGE,上期所,AG,12,12,6,0
20241014,XSGE,上期所,AL,12,12,5,0
20241014,XSGE,上期所,AO,12,12,5,0
20241014,XSGE,上期所,AU,8,8,3,0
20241014,XSGE,上期所,BR,12,12,4,0
20241014,XSGE,上期所,BU,16,16,3,0
20241014,XSGE,上期所,CU,12,12,4,0
20241014,XSGE,上期所,FU,12,12,7,0
20241014,XSGE,上期所,HC,12,12,3,0
20241014,XSGE,上期所,NI,12,12,4,0
20241014,XSGE,上期所,PB,12,12,3,0
20241014,XSGE,上期所,RB,12,12,4,0
20241014,XSGE,上期所,RU,10,10,3,0
20241014,XSGE,上期所,SN,12,12,3,0
20241014,XSGE,上期所,SP,12,12,3,0
20241014,XSGE,上期所,SS,12,12,4,0
20241014,XSGE,上期所,ZN,12,12,3,0
20241014,XSIE,能源中心,BC,12,12,2,0
20241014,XSIE,能源中心,LU,12,12,2,0
20241014,XSIE,能源中心,NR,12,12,3,0
20241014,XSIE,能源中心,SC,20,20,3,0
20241015,XDCE,大商所,A,6,6,4,0
20241015,XDCE,大商所,B,12,12,3,0
20241015,XDCE,大商所,C,6,6,5,0
20241015,XDCE,大商所,CS,6,6,4,0
20241015,XDCE,大商所,EB,12,12,3,0
20241015,XDCE,大商所,EG,12,12,2,0
20241015,XDCE,大商所,I,12,12,4,0
20241015,XDCE,大商所,J,12,12,1,0
20241015,XDCE,大商所,JM,12,12,2,0
20241015,XDCE,大商所,L,12,12,3,0
20241015,XDCE,大商所,M,8,8,8,0
20241015,XDCE,大商所,P,12,12,4,0
20241015,XDCE,大商所,PG,12,12,5,0
20241015,XDCE,大商所,PP,12,12,4,0
20241015,XDCE,大商所,RR,12,12,0,0
20241015,XDCE,大商所,V,12,12,6,0
20241015,XDCE,大商所,Y,8,8,3,0
20241015,XSGE,上期所,AG,12,12,8,0
20241015,XSGE,上期所,AL,12,12,4,0
20241015,XSGE,上期所,AO,12,12,4,0
20241015,XSGE,上期所,AU,8,8,5,0
20241015,XSGE,上期所,BR,12,12,4,0
20241015,XSGE,上期所,BU,16,16,3,0
20241015,XSGE,上期所,CU,12,12,12,0
20241015,XSGE,上期所,FU,12,12,8,0
20241015,XSGE,上期所,HC,12,12,4,0
20241015,XSGE,上期所,NI,12,12,3,0
20241015,XSGE,上期所,PB,12,12,3,0
20241015,XSGE,上期所,RB,12,12,4,0
20241015,XSGE,上期所,RU,10,10,3,0
20241015,XSGE,上期所,SN,12,12,3,0
20241015,XSGE,上期所,SP,12,12,4,0
20241015,XSGE,上期所,SS,12,12,4,0
20241015,XSGE,上期所,ZN,12,12,3,0
20241015,XSIE,能源中心,BC,12,12,2,0
20241015,XSIE,能源中心,LU,12,12,4,0
20241015,XSIE,能源中心,NR,12,12,3,0
20241015,XSIE,能源中心,SC,20,20,3,0
20241016,XDCE,大商所,A,6,6,4,0
20241016,XDCE,大商所,B,12,12,4,0
20241016,XDCE,大商所,C,6,6,5,0
20241016,XDCE,大商所,CS,6,6,4,0
20241016,XDCE,大商所,EB,12,12,3,0
20241016,XDCE,大商所,EG,12,12,2,0
20241016,XDCE,大商所,I,12,12,3,0
20241016,XDCE,大商所,J,12,12,1,0
20241016,XDCE,大商所,JM,12,12,2,0
20241016,XDCE,大商所,L,12,12,2,0
20241016,XDCE,大商所,M,8,8,6,0
20241016,XDCE,大商所,P,12,12,3,0
20241016,XDCE,大商所,PG,12,12,5,0
20241016,XDCE,大商所,PP,12,12,2,0
20241016,XDCE,大商所,RR,12,12,0,0
20241016,XDCE,大商所,V,12,12,8,0
20241016,XDCE,大商所,Y,8,8,5,0
20241016,XSGE,上期所,AG,12,12,6,0
20241016,XSGE,上期所,AL,12,12,3,0
20241016,XSGE,上期所,AO,12,12,4,0
20241016,XSGE,上期所,AU,8,8,4,0
20241016,XSGE,上期所,BR,12,12,3,0
20241016,XSGE,上期所,BU,16,16,3,0
20241016,XSGE,上期所,CU,12,12,6,0
20241016,XSGE,上期所,FU,12,12,9,0
20241016,XSGE,上期所,HC,12,12,3,0
20241016,XSGE,上期所,NI,12,12,3,0
20241016,XSGE,上期所,PB,12,12,3,0
20241016,XSGE,上期所,RB,12,12,5,0
20241016,XSGE,上期所,RU,10,10,2,0
20241016,XSGE,上期所,SN,12,12,3,0
20241016,XSGE,上期所,SP,12,12,4,0
20241016,XSGE,上期所,SS,12,12,3,0
20241016,XSGE,上期所,ZN,12,12,3,0
20241016,XSIE,能源中心,BC,12,12,2,0
20241016,XSIE,能源中心,LU,12,12,5,0
20241016,XSIE,能源中心,NR,12,12,3,0
20241016,XSIE,能源中心,SC,20,20,3,0
20241017,XDCE,大商所,A,6,6,4,0
20241017,XDCE,大商所,B,12,12,4,0
20241017,XDCE,大商所,C,6,6,4,0
20241017,XDCE,大商所,CS,6,6,5,0
20241017,XDCE,大商所,EB,12,12,4,0
20241017,XDCE,大商所,EG,12,12,2,0
20241017,XDCE,大商所,I,12,12,6,0
20241017,XDCE,大商所,J,12,12,2,0
20241017,XDCE,大商所,JM,12,12,1,0
20241017,XDCE,大商所,L,12,12,2,0
20241017,XDCE,大商所,M,8,8,4,0
20241017,XDCE,大商所,P,12,12,3,0
20241017,XDCE,大商所,PG,12,12,3,0
20241017,XDCE,大商所,PP,12,12,2,0
20241017,XDCE,大商所,RR,12,12,0,0
20241017,XDCE,大商所,V,12,12,4,0
20241017,XDCE,大商所,Y,8,8,4,0
20241017,XSGE,上期所,AG,12,12,8,0
20241017,XSGE,上期所,AL,12,12,4,0
20241017,XSGE,上期所,AO,12,12,6,0
20241017,XSGE,上期所,AU,8,8,4,0
20241017,XSGE,上期所,BR,12,12,3,0
20241017,XSGE,上期所,BU,16,16,3,0
20241017,XSGE,上期所,CU,12,12,3,0
20241017,XSGE,上期所,FU,12,12,5,0
20241017,XSGE,上期所,HC,12,12,3,0
20241017,XSGE,上期所,NI,12,12,3,0
20241017,XSGE,上期所,PB,12,12,2,0
20241017,XSGE,上期所,RB,12,12,6,0
20241017,XSGE,上期所,RU,10,10,4,0
20241017,XSGE,上期所,SN,12,12,3,0
20241017,XSGE,上期所,SP,12,12,4,0
20241017,XSGE,上期所,SS,12,12,3,0
20241017,XSGE,上期所,ZN,12,12,3,0
20241017,XSIE,能源中心,BC,12,12,2,0
20241017,XSIE,能源中心,LU,12,12,4,0
20241017,XSIE,能源中心,NR,12,12,3,0
20241017,XSIE,能源中心,SC,20,20,3,0
20241018,XDCE,大商所,A,6,6,4,0
20241018,XDCE,大商所,B,12,12,4,0
20241018,XDCE,大商所,C,6,6,5,0
20241018,XDCE,大商所,CS,6,6,5,0
20241018,XDCE,大商所,EB,12,12,4,0
20241018,XDCE,大商所,EG,12,12,2,0
20241018,XDCE,大商所,I,12,12,5,0
20241018,XDCE,大商所,J,12,12,2,0
20241018,XDCE,大商所,JM,12,12,2,0
20241018,XDCE,大商所,L,12,12,2,0
20241018,XDCE,大商所,M,8,8,7,0
20241018,XDCE,大商所,P,12,12,4,0
20241018,XDCE,大商所,PG,12,12,5,0
20241018,XDCE,大商所,PP,12,12,2,0
20241018,XDCE,大商所,RR,12,12,0,0
20241018,XDCE,大商所,V,12,12,4,0
20241018,XDCE,大商所,Y,8,8,2,0
20241018,XSGE,上期所,AG,12,12,8,0
20241018,XSGE,上期所,AL,12,12,4,0
20241018,XSGE,上期所,AO,12,12,5,0
20241018,XSGE,上期所,AU,8,8,5,0
20241018,XSGE,上期所,BR,12,12,3,0
20241018,XSGE,上期所,BU,16,16,3,0
20241018,XSGE,上期所,CU,12,12,3,0
20241018,XSGE,上期所,FU,12,12,7,0
20241018,XSGE,上期所,HC,12,12,4,0
20241018,XSGE,上期所,NI,12,12,3,0
20241018,XSGE,上期所,PB,12,12,4,0
20241018,XSGE,上期所,RB,12,12,7,0
20241018,XSGE,上期所,RU,10,10,2,0
20241018,XSGE,上期所,SN,12,12,4,0
20241018,XSGE,上期所,SP,12,12,3,0
20241018,XSGE,上期所,SS,12,12,3,0
20241018,XSGE,上期所,ZN,12,12,3,0
20241018,XSIE,能源中心,BC,12,12,2,0
20241018,XSIE,能源中心,LU,12,12,4,0
20241018,XSIE,能源中心,NR,12,12,3,0
20241018,XSIE,能源中心,SC,20,20,3,0
20241021,XDCE,大商所,A,6,6,4,0
20241021,XDCE,大商所,B,12,12,4,0
20241021,XDCE,大商所,C,6,6,4,0
20241021,XDCE,大商所,CS,6,6,4,0
20241021,XDCE,大商所,EB,12,12,4,0
20241021,XDCE,大商所,EG,12,12,2,0
20241021,XDCE,大商所,I,12,12,4,0
20241021,XDCE,大商所,J,12,12,3,0
20241021,XDCE,大商所,JM,12,12,2,0
20241021,XDCE,大商所,L,12,12,3,0
20241021,XDCE,大商所,M,8,8,6,0
20241021,XDCE,大商所,P,12,12,4,0
20241021,XDCE,大商所,PG,12,12,4,0
20241021,XDCE,大商所,PP,12,12,3,0
20241021,XDCE,大商所,RR,12,12,1,0
20241021,XDCE,大商所,V,12,12,3,0
20241021,XDCE,大商所,Y,8,8,4,0
20241021,XSGE,上期所,AG,12,12,8,0
20241021,XSGE,上期所,AL,12,12,6,0
20241021,XSGE,上期所,AO,12,12,5,0
20241021,XSGE,上期所,AU,8,8,4,0
20241021,XSGE,上期所,BR,12,12,3,0
20241021,XSGE,上期所,BU,16,16,3,0
20241021,XSGE,上期所,CU,12,12,4,0
20241021,XSGE,上期所,FU,12,12,7,0
20241021,XSGE,上期所,HC,12,12,5,0
20241021,XSGE,上期所,NI,12,12,3,0
20241021,XSGE,上期所,PB,12,12,4,0
20241021,XSGE,上期所,RB,12,12,5,0
20241021,XSGE,上期所,RU,10,10,3,0
20241021,XSGE,上期所,SN,12,12,3,0
20241021,XSGE,上期所,SP,12,12,4,0
20241021,XSGE,上期所,SS,12,12,3,0
20241021,XSGE,上期所,ZN,12,12,4,0
20241021,XSIE,能源中心,BC,12,12,1,0
20241021,XSIE,能源中心,LU,12,12,3,0
20241021,XSIE,能源中心,NR,12,12,2,0
20241021,XSIE,能源中心,SC,20,20,3,0
20241022,XDCE,大商所,A,6,6,4,0
20241022,XDCE,大商所,B,12,12,4,0
20241022,XDCE,大商所,C,6,6,4,0
20241022,XDCE,大商所,CS,6,6,5,0
20241022,XDCE,大商所,EB,12,12,4,0
20241022,XDCE,大商所,EG,12,12,2,0
20241022,XDCE,大商所,I,12,12,2,0
20241022,XDCE,大商所,J,12,12,2,0
20241022,XDCE,大商所,JM,12,12,2,0
20241022,XDCE,大商所,L,12,12,2,0
20241022,XDCE,大商所,M,8,8,5,0
20241022,XDCE,大商所,P,12,12,2,0
20241022,XDCE,大商所,PG,12,12,4,0
20241022,XDCE,大商所,PP,12,12,2,0
20241022,XDCE,大商所,RR,12,12,0,0
20241022,XDCE,大商所,V,12,12,3,0
20241022,XDCE,大商所,Y,8,8,5,0
20241022,XSGE,上期所,AG,12,12,8,0
20241022,XSGE,上期所,AL,12,12,5,0
20241022,XSGE,上期所,AO,12,12,7,0
20241022,XSGE,上期所,AU,8,8,5,0
20241022,XSGE,上期所,BR,12,12,3,0
20241022,XSGE,上期所,BU,16,16,4,0
20241022,XSGE,上期所,CU,12,12,5,0
20241022,XSGE,上期所,FU,12,12,8,0
20241022,XSGE,上期所,HC,12,12,4,0
20241022,XSGE,上期所,NI,12,12,3,0
20241022,XSGE,上期所,PB,12,12,2,0
20241022,XSGE,上期所,RB,12,12,5,0
20241022,XSGE,上期所,RU,10,10,2,0
20241022,XSGE,上期所,SN,12,12,2,0
20241022,XSGE,上期所,SP,12,12,3,0
20241022,XSGE,上期所,SS,12,12,3,0
20241022,XSGE,上期所,ZN,12,12,3,0
20241022,XSIE,能源中心,BC,12,12,2,0
20241022,XSIE,能源中心,LU,12,12,5,0
20241022,XSIE,能源中心,NR,12,12,3,0
20241022,XSIE,能源中心,SC,20,20,4,0
20241023,XDCE,大商所,A,6,6,4,0
20241023,XDCE,大商所,B,12,12,4,0
20241023,XDCE,大商所,C,6,6,5,0
20241023,XDCE,大商所,CS,6,6,5,0
20241023,XDCE,大商所,EB,12,12,5,0
20241023,XDCE,大商所,EG,12,12,2,0
20241023,XDCE,大商所,I,12,12,6,0
20241023,XDCE,大商所,J,12,12,1,0
20241023,XDCE,大商所,JM,12,12,2,0
20241023,XDCE,大商所,L,12,12,2,0
20241023,XDCE,大商所,M,8,8,7,0
20241023,XDCE,大商所,P,12,12,4,0
20241023,XDCE,大商所,PG,12,12,5,0
20241023,XDCE,大商所,PP,12,12,2,0
20241023,XDCE,大商所,RR,12,12,0,0
20241023,XDCE,大商所,V,12,12,6,0
20241023,XDCE,大商所,Y,8,8,6,0
20241023,XSGE,上期所,AG,12,12,10,0
20241023,XSGE,上期所,AL,12,12,5,0
20241023,XSGE,上期所,AO,12,12,6,0
20241023,XSGE,上期所,AU,8,8,3,0
20241023,XSGE,上期所,BR,12,12,3,0
20241023,XSGE,上期所,BU,16,16,4,0
20241023,XSGE,上期所,CU,12,12,4,0
20241023,XSGE,上期所,FU,12,12,8,0
20241023,XSGE,上期所,HC,12,12,4,0
20241023,XSGE,上期所,NI,12,12,3,0
20241023,XSGE,上期所,PB,12,12,3,0
20241023,XSGE,上期所,RB,12,12,6,0
20241023,XSGE,上期所,RU,10,10,3,0
20241023,XSGE,上期所,SN,12,12,3,0
20241023,XSGE,上期所,SP,12,12,4,0
20241023,XSGE,上期所,SS,12,12,4,0
20241023,XSGE,上期所,ZN,12,12,5,0
20241023,XSIE,能源中心,BC,12,12,2,0
20241023,XSIE,能源中心,LU,12,12,4,0
20241023,XSIE,能源中心,NR,12,12,3,0
20241023,XSIE,能源中心,SC,20,20,2,0
20241024,XDCE,大商所,A,6,6,4,0
20241024,XDCE,大商所,B,12,12,4,0
20241024,XDCE,大商所,C,6,6,6,0
20241024,XDCE,大商所,CS,6,6,4,0
20241024,XDCE,大商所,EB,12,12,4,0
20241024,XDCE,大商所,EG,12,12,3,0
20241024,XDCE,大商所,I,12,12,5,0
20241024,XDCE,大商所,J,12,12,1,0
20241024,XDCE,大商所,JM,12,12,4,0
20241024,XDCE,大商所,L,12,12,3,0
20241024,XDCE,大商所,M,8,8,7,0
20241024,XDCE,大商所,P,12,12,5,0
20241024,XDCE,大商所,PG,12,12,5,0
20241024,XDCE,大商所,PP,12,12,3,0
20241024,XDCE,大商所,RR,12,12,1,0
20241024,XDCE,大商所,V,12,12,4,0
20241024,XDCE,大商所,Y,8,8,5,0
20241024,XSGE,上期所,AG,12,12,10,0
20241024,XSGE,上期所,AL,12,12,5,0
20241024,XSGE,上期所,AO,12,12,6,0
20241024,XSGE,上期所,AU,8,8,4,0
20241024,XSGE,上期所,BR,12,12,3,0
20241024,XSGE,上期所,BU,16,16,5,0
20241024,XSGE,上期所,CU,12,12,5,0
20241024,XSGE,上期所,FU,12,12,8,0
20241024,XSGE,上期所,HC,12,12,3,0
20241024,XSGE,上期所,NI,12,12,5,0
20241024,XSGE,上期所,PB,12,12,2,0
20241024,XSGE,上期所,RB,12,12,5,0
20241024,XSGE,上期所,RU,10,10,2,0
20241024,XSGE,上期所,SN,12,12,3,0
20241024,XSGE,上期所,SP,12,12,3,0
20241024,XSGE,上期所,SS,12,12,4,0
20241024,XSGE,上期所,ZN,12,12,4,0
20241024,XSIE,能源中心,BC,12,12,2,0
20241024,XSIE,能源中心,LU,12,12,3,0
20241024,XSIE,能源中心,NR,12,12,4,0
20241024,XSIE,能源中心,SC,20,20,3,0
20241025,XDCE,大商所,A,6,6,4,0
20241025,XDCE,大商所,B,12,12,5,0
20241025,XDCE,大商所,C,6,6,4,0
20241025,XDCE,大商所,CS,6,6,4,0
20241025,XDCE,大商所,EB,12,12,4,0
20241025,XDCE,大商所,EG,12,12,1,0
20241025,XDCE,大商所,I,12,12,4,0
20241025,XDCE,大商所,J,12,12,1,0
20241025,XDCE,大商所,JM,12,12,6,0
20241025,XDCE,大商所,L,12,12,2,0
20241025,XDCE,大商所,M,8,8,8,0
20241025,XDCE,大商所,P,12,12,4,0
20241025,XDCE,大商所,PG,12,12,5,0
20241025,XDCE,大商所,PP,12,12,3,0
20241025,XDCE,大商所,RR,12,12,0,0
20241025,XDCE,大商所,V,12,12,5,0
20241025,XDCE,大商所,Y,8,8,3,0
20241025,XSGE,上期所,AG,12,12,6,0
20241025,XSGE,上期所,AL,12,12,5,0
20241025,XSGE,上期所,AO,12,12,6,0
20241025,XSGE,上期所,AU,8,8,4,0
20241025,XSGE,上期所,BR,12,12,3,0
20241025,XSGE,上期所,BU,16,16,3,0
20241025,XSGE,上期所,CU,12,12,4,0
20241025,XSGE,上期所,FU,12,12,9,0
20241025,XSGE,上期所,HC,12,12,3,0
20241025,XSGE,上期所,NI,12,12,3,0
20241025,XSGE,上期所,PB,12,12,3,0
20241025,XSGE,上期所,RB,12,12,5,0
20241025,XSGE,上期所,RU,10,10,3,0
20241025,XSGE,上期所,SN,12,12,3,0
20241025,XSGE,上期所,SP,12,12,3,0
20241025,XSGE,上期所,SS,12,12,4,0
20241025,XSGE,上期所,ZN,12,12,5,0
20241025,XSIE,能源中心,BC,12,12,4,0
20241025,XSIE,能源中心,LU,12,12,3,0
20241025,XSIE,能源中心,NR,12,12,4,0
20241025,XSIE,能源中心,SC,20,20,4,0
20241028,XDCE,大商所,A,6,6,5,0
20241028,XDCE,大商所,B,12,12,6,0
20241028,XDCE,大商所,C,6,6,3,0
20241028,XDCE,大商所,CS,6,6,3,0
20241028,XDCE,大商所,EB,12,12,3,0
20241028,XDCE,大商所,EG,12,12,2,0
20241028,XDCE,大商所,I,12,12,7,0
20241028,XDCE,大商所,J,12,12,1,0
20241028,XDCE,大商所,JM,12,12,3,0
20241028,XDCE,大商所,L,12,12,2,0
20241028,XDCE,大商所,M,8,8,6,0
20241028,XDCE,大商所,P,12,12,5,0
20241028,XDCE,大商所,PG,12,12,5,0
20241028,XDCE,大商所,PP,12,12,4,0
20241028,XDCE,大商所,RR,12,12,0,0
20241028,XDCE,大商所,V,12,12,4,0
20241028,XDCE,大商所,Y,8,8,4,0
20241028,XSGE,上期所,AG,12,12,9,0
20241028,XSGE,上期所,AL,12,12,6,0
20241028,XSGE,上期所,AO,12,12,6,0
20241028,XSGE,上期所,AU,8,8,4,0
20241028,XSGE,上期所,BR,12,12,3,0
20241028,XSGE,上期所,BU,16,16,3,0
20241028,XSGE,上期所,CU,12,12,6,0
20241028,XSGE,上期所,FU,12,12,7,0
20241028,XSGE,上期所,HC,12,12,4,0
20241028,XSGE,上期所,NI,12,12,4,0
20241028,XSGE,上期所,PB,12,12,3,0
20241028,XSGE,上期所,RB,12,12,6,0
20241028,XSGE,上期所,RU,10,10,3,0
20241028,XSGE,上期所,SN,12,12,3,0
20241028,XSGE,上期所,SP,12,12,4,0
20241028,XSGE,上期所,SS,12,12,4,0
20241028,XSGE,上期所,ZN,12,12,4,0
20241028,XSIE,能源中心,BC,12,12,4,0
20241028,XSIE,能源中心,LU,12,12,3,0
20241028,XSIE,能源中心,NR,12,12,4,0
20241028,XSIE,能源中心,SC,20,20,5,0
20241029,XDCE,大商所,A,6,6,5,0
20241029,XDCE,大商所,B,12,12,4,0
20241029,XDCE,大商所,C,6,6,4,0
20241029,XDCE,大商所,CS,6,6,4,0
20241029,XDCE,大商所,EB,12,12,4,0
20241029,XDCE,大商所,EG,12,12,3,0
20241029,XDCE,大商所,I,12,12,8,0
20241029,XDCE,大商所,J,12,12,2,0
20241029,XDCE,大商所,JM,12,12,4,0
20241029,XDCE,大商所,L,12,12,2,0
20241029,XDCE,大商所,M,8,8,7,0
20241029,XDCE,大商所,P,12,12,5,0
20241029,XDCE,大商所,PG,12,12,5,0
20241029,XDCE,大商所,PP,12,12,2,0
20241029,XDCE,大商所,RR,12,12,0,0
20241029,XDCE,大商所,V,12,12,4,0
20241029,XDCE,大商所,Y,8,8,5,0
20241029,XSGE,上期所,AG,12,12,9,0
20241029,XSGE,上期所,AL,12,12,6,0
20241029,XSGE,上期所,AO,12,12,9,0
20241029,XSGE,上期所,AU,8,8,4,0
20241029,XSGE,上期所,BR,12,12,3,0
20241029,XSGE,上期所,BU,16,16,5,0
20241029,XSGE,上期所,CU,12,12,5,0
20241029,XSGE,上期所,FU,12,12,10,0
20241029,XSGE,上期所,HC,12,12,3,0
20241029,XSGE,上期所,NI,12,12,4,0
20241029,XSGE,上期所,PB,12,12,3,0
20241029,XSGE,上期所,RB,12,12,6,0
20241029,XSGE,上期所,RU,10,10,3,0
20241029,XSGE,上期所,SN,12,12,4,0
20241029,XSGE,上期所,SP,12,12,3,0
20241029,XSGE,上期所,SS,12,12,3,0
20241029,XSGE,上期所,ZN,12,12,5,0
20241029,XSIE,能源中心,BC,12,12,2,0
20241029,XSIE,能源中心,LU,12,12,7,0
20241029,XSIE,能源中心,NR,12,12,6,0
20241029,XSIE,能源中心,SC,20,20,3,0
20241030,XDCE,大商所,A,6,6,3,0
20241030,XDCE,大商所,B,12,12,5,0
20241030,XDCE,大商所,C,6,6,4,0
20241030,XDCE,大商所,CS,6,6,5,0
20241030,XDCE,大商所,EB,12,12,4,0
20241030,XDCE,大商所,EG,12,12,2,0
20241030,XDCE,大商所,I,12,12,4,0
20241030,XDCE,大商所,J,12,12,2,0
20241030,XDCE,大商所,JM,12,12,2,0
20241030,XDCE,大商所,L,12,12,2,0
20241030,XDCE,大商所,M,8,8,7,0
20241030,XDCE,大商所,P,12,12,4,0
20241030,XDCE,大商所,PG,12,12,5,0
20241030,XDCE,大商所,PP,12,12,2,0
20241030,XDCE,大商所,RR,12,12,0,0
20241030,XDCE,大商所,V,12,12,5,0
20241030,XDCE,大商所,Y,8,8,6,0
20241030,XSGE,上期所,AG,12,12,8,0
20241030,XSGE,上期所,AL,12,12,4,0
20241030,XSGE,上期所,AO,12,12,6,0
20241030,XSGE,上期所,AU,8,8,5,0
20241030,XSGE,上期所,BR,12,12,3,0
20241030,XSGE,上期所,BU,16,16,5,0
20241030,XSGE,上期所,CU,12,12,5,0
20241030,XSGE,上期所,FU,12,12,8,0
20241030,XSGE,上期所,HC,12,12,3,0
20241030,XSGE,上期所,NI,12,12,4,0
20241030,XSGE,上期所,PB,12,12,3,0
20241030,XSGE,上期所,RB,12,12,9,0
20241030,XSGE,上期所,RU,10,10,3,0
20241030,XSGE,上期所,SN,12,12,3,0
20241030,XSGE,上期所,SP,12,12,3,0
20241030,XSGE,上期所,SS,12,12,4,0
20241030,XSGE,上期所,ZN,12,12,7,0
20241030,XSIE,能源中心,BC,12,12,1,0
20241030,XSIE,能源中心,LU,12,12,4,0
20241030,XSIE,能源中心,NR,12,12,3,0
20241030,XSIE,能源中心,SC,20,20,3,0
20241031,XDCE,大商所,A,6,6,3,0
20241031,XDCE,大商所,B,12,12,3,0
20241031,XDCE,大商所,C,6,6,6,0
20241031,XDCE,大商所,CS,6,6,3,0
20241031,XDCE,大商所,EB,12,12,4,0
20241031,XDCE,大商所,EG,12,12,2,0
20241031,XDCE,大商所,I,12,12,3,0
20241031,XDCE,大商所,J,12,12,1,0
20241031,XDCE,大商所,JM,12,12,2,0
20241031,XDCE,大商所,L,12,12,2,0
20241031,XDCE,大商所,M,8,8,6,0
20241031,XDCE,大商所,P,12,12,3,0
20241031,XDCE,大商所,PG,12,12,5,0
20241031,XDCE,大商所,PP,12,12,3,0
20241031,XDCE,大商所,RR,12,12,0,0
20241031,XDCE,大商所,V,12,12,2,0
20241031,XDCE,大商所,Y,8,8,3,0
20241031,XSGE,上期所,AG,12,12,11,0
20241031,XSGE,上期所,AL,12,12,5,0
20241031,XSGE,上期所,AO,12,12,6,0
20241031,XSGE,上期所,AU,8,8,4,0
20241031,XSGE,上期所,BR,12,12,3,0
20241031,XSGE,上期所,BU,16,16,5,0
20241031,XSGE,上期所,CU,12,12,8,0
20241031,XSGE,上期所,FU,12,12,7,0
20241031,XSGE,上期所,HC,12,12,7,0
20241031,XSGE,上期所,NI,12,12,4,0
20241031,XSGE,上期所,PB,12,12,3,0
20241031,XSGE,上期所,RB,12,12,5,0
20241031,XSGE,上期所,RU,10,10,4,0
20241031,XSGE,上期所,SN,12,12,3,0
20241031,XSGE,上期所,SP,12,12,3,0
20241031,XSGE,上期所,SS,12,12,5,0
20241031,XSGE,上期所,ZN,12,12,4,0
20241031,XSIE,能源中心,BC,12,12,1,0
20241031,XSIE,能源中心,LU,12,12,3,0
20241031,XSIE,能源中心,NR,12,12,2,0
20241031,XSIE,能源中心,SC,20,20,2,0
20241101,XDCE,大商所,A,6,6,3,0
20241101,XDCE,大商所,B,12,12,4,0
20241101,XDCE,大商所,C,6,6,4,0
20241101,XDCE,大商所,CS,6,6,3,0
20241101,XDCE,大商所,EB,12,12,4,0
20241101,XDCE,大商所,EG,12,12,2,0
20241101,XDCE,大商所,I,12,12,3,0
20241101,XDCE,大商所,J,12,12,2,0
20241101,XDCE,大商所,JM,12,12,2,0
20241101,XDCE,大商所,L,12,12,2,0
20241101,XDCE,大商所,M,8,8,7,0
20241101,XDCE,大商所,P,12,12,6,0
20241101,XDCE,大商所,PG,12,12,4,0
20241101,XDCE,大商所,PP,12,12,2,0
20241101,XDCE,大商所,RR,12,12,1,0
20241101,XDCE,大商所,V,12,12,2,0
20241101,XDCE,大商所,Y,8,8,6,0
20241101,XSGE,上期所,AG,12,12,8,0
20241101,XSGE,上期所,AL,12,12,4,0
20241101,XSGE,上期所,AO,12,12,6,0
20241101,XSGE,上期所,AU,8,8,3,0
20241101,XSGE,上期所,BR,12,12,3,0
20241101,XSGE,上期所,BU,16,16,3,0
20241101,XSGE,上期所,CU,12,12,5,0
20241101,XSGE,上期所,FU,12,12,7,0
20241101,XSGE,上期所,HC,12,12,3,0
20241101,XSGE,上期所,NI,12,12,3,0
20241101,XSGE,上期所,PB,12,12,2,0
20241101,XSGE,上期所,RB,12,12,4,0
20241101,XSGE,上期所,RU,10,10,4,0
20241101,XSGE,上期所,SN,12,12,3,0
20241101,XSGE,上期所,SP,12,12,3,0
20241101,XSGE,上期所,SS,12,12,2,0
20241101,XSGE,上期所,ZN,12,12,4,0
20241101,XSIE,能源中心,BC,12,12,1,0
20241101,XSIE,能源中心,LU,12,12,4,0
20241101,XSIE,能源中心,NR,12,12,3,0
20241101,XSIE,能源中心,SC,20,20,2,0
20241104,XDCE,大商所,A,6,6,3,0
20241104,XDCE,大商所,B,12,12,4,0
20241104,XDCE,大商所,C,6,6,3,0
20241104,XDCE,大商所,CS,6,6,2,0
20241104,XDCE,大商所,EB,12,12,3,0
20241104,XDCE,大商所,EG,12,12,3,0
20241104,XDCE,大商所,I,12,12,4,0
20241104,XDCE,大商所,J,12,12,2,0
20241104,XDCE,大商所,JM,12,12,2,0
20241104,XDCE,大商所,L,12,12,2,0
20241104,XDCE,大商所,M,8,8,6,0
20241104,XDCE,大商所,P,12,12,4,0
20241104,XDCE,大商所,PG,12,12,4,0
20241104,XDCE,大商所,PP,12,12,2,0
20241104,XDCE,大商所,RR,12,12,0,0
20241104,XDCE,大商所,V,12,12,3,0
20241104,XDCE,大商所,Y,8,8,4,0
20241104,XSGE,上期所,AG,12,12,9,0
20241104,XSGE,上期所,AL,12,12,3,0
20241104,XSGE,上期所,AO,12,12,6,0
20241104,XSGE,上期所,AU,8,8,6,0
20241104,XSGE,上期所,BR,12,12,2,0
20241104,XSGE,上期所,BU,16,16,4,0
20241104,XSGE,上期所,CU,12,12,6,0
20241104,XSGE,上期所,FU,12,12,7,0
20241104,XSGE,上期所,HC,12,12,4,0
20241104,XSGE,上期所,NI,12,12,5,0
20241104,XSGE,上期所,PB,12,12,2,0
20241104,XSGE,上期所,RB,12,12,5,0
20241104,XSGE,上期所,RU,10,10,3,0
20241104,XSGE,上期所,SN,12,12,3,0
20241104,XSGE,上期所,SP,12,12,2,0
20241104,XSGE,上期所,SS,12,12,3,0
20241104,XSGE,上期所,ZN,12,12,5,0
20241104,XSIE,能源中心,BC,12,12,1,0
20241104,XSIE,能源中心,LU,12,12,4,0
20241104,XSIE,能源中心,NR,12,12,4,0
20241104,XSIE,能源中心,SC,20,20,2,0
20241105,XDCE,大商所,A,6,6,2,0
20241105,XDCE,大商所,B,12,12,4,0
20241105,XDCE,大商所,C,6,6,4,0
20241105,XDCE,大商所,CS,6,6,2,0
20241105,XDCE,大商所,EB,12,12,3,0
20241105,XDCE,大商所,EG,12,12,2,0
20241105,XDCE,大商所,I,12,12,5,0
20241105,XDCE,大商所,J,12,12,2,0
20241105,XDCE,大商所,JM,12,12,2,0
20241105,XDCE,大商所,L,12,12,2,0
20241105,XDCE,大商所,M,8,8,7,0
20241105,XDCE,大商所,P,12,12,3,0
20241105,XDCE,大商所,PG,12,12,4,0
20241105,XDCE,大商所,PP,12,12,3,0
20241105,XDCE,大商所,RR,12,12,1,0
20241105,XDCE,大商所,V,12,12,3,0
20241105,XDCE,大商所,Y,8,8,5,0
20241105,XSGE,上期所,AG,12,12,8,0
20241105,XSGE,上期所,AL,12,12,4,0
20241105,XSGE,上期所,AO,12,12,6,0
20241105,XSGE,上期所,AU,8,8,3,0
20241105,XSGE,上期所,BR,12,12,3,0
20241105,XSGE,上期所,BU,16,16,6,0
20241105,XSGE,上期所,CU,12,12,6,0
20241105,XSGE,上期所,FU,12,12,8,0
20241105,XSGE,上期所,HC,12,12,3,0
20241105,XSGE,上期所,NI,12,12,3,0
20241105,XSGE,上期所,PB,12,12,3,0
20241105,XSGE,上期所,RB,12,12,6,0
20241105,XSGE,上期所,RU,10,10,4,0
20241105,XSGE,上期所,SN,12,12,4,0
20241105,XSGE,上期所,SP,12,12,3,0
20241105,XSGE,上期所,SS,12,12,2,0
20241105,XSGE,上期所,ZN,12,12,4,0
20241105,XSIE,能源中心,BC,12,12,2,0
20241105,XSIE,能源中心,LU,12,12,3,0
20241105,XSIE,能源中心,NR,12,12,2,0
20241105,XSIE,能源中心,SC,20,20,3,0
20241106,XDCE,大商所,A,6,6,3,0
20241106,XDCE,大商所,B,12,12,4,0
20241106,XDCE,大商所,C,6,6,4,0
20241106,XDCE,大商所,CS,6,6,3,0
20241106,XDCE,大商所,EB,12,12,3,0
20241106,XDCE,大商所,EG,12,12,4,0
20241106,XDCE,大商所,I,12,12,3,0
20241106,XDCE,大商所,J,12,12,1,0
20241106,XDCE,大商所,JM,12,12,2,0
20241106,XDCE,大商所,L,12,12,3,0
20241106,XDCE,大商所,M,8,8,6,0
20241106,XDCE,大商所,P,12,12,3,0
20241106,XDCE,大商所,PG,12,12,4,0
20241106,XDCE,大商所,PP,12,12,3,0
20241106,XDCE,大商所,RR,12,12,0,0
20241106,XDCE,大商所,V,12,12,3,0
20241106,XDCE,大商所,Y,8,8,3,0
20241106,XSGE,上期所,AG,12,12,7,0
20241106,XSGE,上期所,AL,12,12,3,0
20241106,XSGE,上期所,AO,12,12,7,0
20241106,XSGE,上期所,AU,8,8,4,0
20241106,XSGE,上期所,BR,12,12,2,0
20241106,XSGE,上期所,BU,16,16,4,0
20241106,XSGE,上期所,CU,12,12,5,0
20241106,XSGE,上期所,FU,12,12,7,0
20241106,XSGE,上期所,HC,12,12,3,0
20241106,XSGE,上期所,NI,12,12,2,0
20241106,XSGE,上期所,PB,12,12,2,0
20241106,XSGE,上期所,RB,12,12,4,0
20241106,XSGE,上期所,RU,10,10,4,0
20241106,XSGE,上期所,SN,12,12,3,0
20241106,XSGE,上期所,SP,12,12,4,0
20241106,XSGE,上期所,SS,12,12,3,0
20241106,XSGE,上期所,ZN,12,12,4,0
20241106,XSIE,能源中心,BC,12,12,2,0
20241106,XSIE,能源中心,LU,12,12,4,0
20241106,XSIE,能源中心,NR,12,12,6,0
20241106,XSIE,能源中心,SC,20,20,3,0
20241107,XDCE,大商所,A,6,6,4,0
20241107,XDCE,大商所,B,12,12,5,0
20241107,XDCE,大商所,C,6,6,4,0
20241107,XDCE,大商所,CS,6,6,2,0
20241107,XDCE,大商所,EB,12,12,4,0
20241107,XDCE,大商所,EG,12,12,2,0
20241107,XDCE,大商所,I,12,12,6,0
20241107,XDCE,大商所,J,12,12,2,0
20241107,XDCE,大商所,JM,12,12,2,0
20241107,XDCE,大商所,L,12,12,2,0
20241107,XDCE,大商所,M,8,8,6,0
20241107,XDCE,大商所,P,12,12,6,0
20241107,XDCE,大商所,PG,12,12,4,0
20241107,XDCE,大商所,PP,12,12,2,0
20241107,XDCE,大商所,RR,12,12,0,0
20241107,XDCE,大商所,V,12,12,3,0
20241107,XDCE,大商所,Y,8,8,6,0
20241107,XSGE,上期所,AG,12,12,11,0
20241107,XSGE,上期所,AL,12,12,5,0
20241107,XSGE,上期所,AO,12,12,8,0
20241107,XSGE,上期所,AU,8,8,5,0
20241107,XSGE,上期所,BR,12,12,3,0
20241107,XSGE,上期所,BU,16,16,3,0
20241107,XSGE,上期所,CU,12,12,9,0
20241107,XSGE,上期所,FU,12,12,8,0
20241107,XSGE,上期所,HC,12,12,4,0
20241107,XSGE,上期所,NI,12,12,3,0
20241107,XSGE,上期所,PB,12,12,3,0
20241107,XSGE,上期所,RB,12,12,7,0
20241107,XSGE,上期所,RU,10,10,3,0
20241107,XSGE,上期所,SN,12,12,4,0
20241107,XSGE,上期所,SP,12,12,3,0
20241107,XSGE,上期所,SS,12,12,3,0
20241107,XSGE,上期所,ZN,12,12,5,0
20241107,XSIE,能源中心,BC,12,12,2,0
20241107,XSIE,能源中心,LU,12,12,4,0
20241107,XSIE,能源中心,NR,12,12,3,0
20241107,XSIE,能源中心,SC,20,20,4,0
20241108,XDCE,大商所,A,6,6,3,0
20241108,XDCE,大商所,B,12,12,5,0
20241108,XDCE,大商所,C,6,6,6,0
20241108,XDCE,大商所,CS,6,6,3,0
20241108,XDCE,大商所,EB,12,12,7,0
20241108,XDCE,大商所,EG,12,12,3,0
20241108,XDCE,大商所,I,12,12,5,0
20241108,XDCE,大商所,J,12,12,2,0
20241108,XDCE,大商所,JM,12,12,3,0
20241108,XDCE,大商所,L,12,12,2,0
20241108,XDCE,大商所,M,8,8,7,0
20241108,XDCE,大商所,P,12,12,4,0
20241108,XDCE,大商所,PG,12,12,4,0
20241108,XDCE,大商所,PP,12,12,2,0
20241108,XDCE,大商所,RR,12,12,0,0
20241108,XDCE,大商所,V,12,12,4,0
20241108,XDCE,大商所,Y,8,8,5,0
20241108,XSGE,上期所,AG,12,12,9,0
20241108,XSGE,上期所,AL,12,12,7,0
20241108,XSGE,上期所,AO,12,12,7,0
20241108,XSGE,上期所,AU,8,8,5,0
20241108,XSGE,上期所,BR,12,12,2,0
20241108,XSGE,上期所,BU,16,16,4,0
20241108,XSGE,上期所,CU,12,12,4,0
20241108,XSGE,上期所,FU,12,12,9,0
20241108,XSGE,上期所,HC,12,12,3,0
20241108,XSGE,上期所,NI,12,12,4,0
20241108,XSGE,上期所,PB,12,12,2,0
20241108,XSGE,上期所,RB,12,12,5,0
20241108,XSGE,上期所,RU,10,10,5,0
20241108,XSGE,上期所,SN,12,12,3,0
20241108,XSGE,上期所,SP,12,12,4,0
20241108,XSGE,上期所,SS,12,12,2,0
20241108,XSGE,上期所,ZN,12,12,3,0
20241108,XSIE,能源中心,BC,12,12,2,0
20241108,XSIE,能源中心,LU,12,12,5,0
20241108,XSIE,能源中心,NR,12,12,4,0
20241108,XSIE,能源中心,SC,20,20,3,0
20241111,XDCE,大商所,A,6,6,3,0
20241111,XDCE,大商所,B,12,12,4,0
20241111,XDCE,大商所,C,6,6,4,0
20241111,XDCE,大商所,CS,6,6,2,0
20241111,XDCE,大商所,EB,12,12,4,0
20241111,XDCE,大商所,EG,12,12,3,0
20241111,XDCE,大商所,I,12,12,5,0
20241111,XDCE,大商所,J,12,12,1,0
20241111,XDCE,大商所,JM,12,12,2,0
20241111,XDCE,大商所,L,12,12,3,0
20241111,XDCE,大商所,M,8,8,6,0
20241111,XDCE,大商所,P,12,12,3,0
20241111,XDCE,大商所,PG,12,12,5,0
20241111,XDCE,大商所,PP,12,12,3,0
20241111,XDCE,大商所,RR,12,12,0,0
20241111,XDCE,大商所,V,12,12,4,0
20241111,XDCE,大商所,Y,8,8,5,0
20241111,XSGE,上期所,AG,12,12,6,0
20241111,XSGE,上期所,AL,12,12,6,0
20241111,XSGE,上期所,AO,12,12,5,0
20241111,XSGE,上期所,AU,8,8,4,0
20241111,XSGE,上期所,BR,12,12,3,0
20241111,XSGE,上期所,BU,16,16,5,0
20241111,XSGE,上期所,CU,12,12,6,0
20241111,XSGE,上期所,FU,12,12,6,0
20241111,XSGE,上期所,HC,12,12,3,0
20241111,XSGE,上期所,NI,12,12,4,0
20241111,XSGE,上期所,PB,12,12,2,0
20241111,XSGE,上期所,RB,12,12,6,0
20241111,XSGE,上期所,RU,10,10,2,0
20241111,XSGE,上期所,SN,12,12,3,0
20241111,XSGE,上期所,SP,12,12,3,0
20241111,XSGE,上期所,SS,12,12,3,0
20241111,XSGE,上期所,ZN,12,12,4,0
20241111,XSIE,能源中心,BC,12,12,2,0
20241111,XSIE,能源中心,LU,12,12,4,0
20241111,XSIE,能源中心,NR,12,12,3,0
20241111,XSIE,能源中心,SC,20,20,3,0
20241112,XDCE,大商所,A,6,6,3,0
20241112,XDCE,大商所,B,12,12,2,0
20241112,XDCE,大商所,C,6,6,4,0
20241112,XDCE,大商所,CS,6,6,3,0
20241112,XDCE,大商所,EB,12,12,3,0
20241112,XDCE,大商所,EG,12,12,2,0
20241112,XDCE,大商所,I,12,12,7,0
20241112,XDCE,大商所,J,12,12,2,0
20241112,XDCE,大商所,JM,12,12,2,0
20241112,XDCE,大商所,L,12,12,2,0
20241112,XDCE,大商所,M,8,8,6,0
20241112,XDCE,大商所,P,12,12,5,0
20241112,XDCE,大商所,PG,12,12,4,0
20241112,XDCE,大商所,PP,12,12,2,0
20241112,XDCE,大商所,RR,12,12,1,0
20241112,XDCE,大商所,V,12,12,5,0
20241112,XDCE,大商所,Y,8,8,4,0
20241112,XSGE,上期所,AG,12,12,8,0
20241112,XSGE,上期所,AL,12,12,6,0
20241112,XSGE,上期所,AO,12,12,7,0
20241112,XSGE,上期所,AU,8,8,5,0
20241112,XSGE,上期所,BR,12,12,4,0
20241112,XSGE,上期所,BU,16,16,4,0
20241112,XSGE,上期所,CU,12,12,7,0
20241112,XSGE,上期所,FU,12,12,7,0
20241112,XSGE,上期所,HC,12,12,3,0
20241112,XSGE,上期所,NI,12,12,4,0
20241112,XSGE,上期所,PB,12,12,3,0
20241112,XSGE,上期所,RB,12,12,5,0
20241112,XSGE,上期所,RU,10,10,3,0
20241112,XSGE,上期所,SN,12,12,4,0
20241112,XSGE,上期所,SP,12,12,3,0
20241112,XSGE,上期所,SS,12,12,3,0
20241112,XSGE,上期所,ZN,12,12,3,0
20241112,XSIE,能源中心,BC,12,12,1,0
20241112,XSIE,能源中心,LU,12,12,4,0
20241112,XSIE,能源中心,NR,12,12,5,0
20241112,XSIE,能源中心,SC,20,20,4,0
20241113,XDCE,大商所,A,6,6,3,0
20241113,XDCE,大商所,B,12,12,3,0
20241113,XDCE,大商所,C,6,6,5,0
20241113,XDCE,大商所,CS,6,6,2,0
20241113,XDCE,大商所,EB,12,12,2,0
20241113,XDCE,大商所,EG,12,12,2,0
20241113,XDCE,大商所,I,12,12,3,0
20241113,XDCE,大商所,J,12,12,2,0
20241113,XDCE,大商所,JM,12,12,2,0
20241113,XDCE,大商所,L,12,12,2,0
20241113,XDCE,大商所,M,8,8,6,0
20241113,XDCE,大商所,P,12,12,5,0
20241113,XDCE,大商所,PG,12,12,3,0
20241113,XDCE,大商所,PP,12,12,2,0
20241113,XDCE,大商所,RR,12,12,1,0
20241113,XDCE,大商所,V,12,12,2,0
20241113,XDCE,大商所,Y,8,8,4,0
20241113,XSGE,上期所,AG,12,12,8,0
20241113,XSGE,上期所,AL,12,12,4,0
20241113,XSGE,上期所,AO,12,12,5,0
20241113,XSGE,上期所,AU,8,8,6,0
20241113,XSGE,上期所,BR,12,12,3,0
20241113,XSGE,上期所,BU,16,16,5,0
20241113,XSGE,上期所,CU,12,12,5,0
20241113,XSGE,上期所,FU,12,12,8,0
20241113,XSGE,上期所,HC,12,12,3,0
20241113,XSGE,上期所,NI,12,12,4,0
20241113,XSGE,上期所,PB,12,12,3,0
20241113,XSGE,上期所,RB,12,12,4,0
20241113,XSGE,上期所,RU,10,10,3,0
20241113,XSGE,上期所,SN,12,12,4,0
20241113,XSGE,上期所,SP,12,12,3,0
20241113,XSGE,上期所,SS,12,12,3,0
20241113,XSGE,上期所,ZN,12,12,3,0
20241113,XSIE,能源中心,BC,12,12,2,0
20241113,XSIE,能源中心,LU,12,12,3,0
20241113,XSIE,能源中心,NR,12,12,3,0
20241113,XSIE,能源中心,SC,20,20,3,0
20241114,XDCE,大商所,A,6,6,2,0
20241114,XDCE,大商所,B,12,12,4,0
20241114,XDCE,大商所,C,6,6,4,0
20241114,XDCE,大商所,CS,6,6,2,0
20241114,XDCE,大商所,EB,12,12,3,0
20241114,XDCE,大商所,EG,12,12,2,0
20241114,XDCE,大商所,I,12,12,5,0
20241114,XDCE,大商所,J,12,12,1,0
20241114,XDCE,大商所,JM,12,12,2,0
20241114,XDCE,大商所,L,12,12,2,0
20241114,XDCE,大商所,M,8,8,5,0
20241114,XDCE,大商所,P,12,12,4,0
20241114,XDCE,大商所,PG,12,12,3,0
20241114,XDCE,大商所,PP,12,12,2,0
20241114,XDCE,大商所,RR,12,12,1,0
20241114,XDCE,大商所,V,12,12,3,0
20241114,XDCE,大商所,Y,8,8,4,0
20241114,XSGE,上期所,AG,12,12,7,0
20241114,XSGE,上期所,AL,12,12,4,0
20241114,XSGE,上期所,AO,12,12,5,0
20241114,XSGE,上期所,AU,8,8,4,0
20241114,XSGE,上期所,BR,12,12,3,0
20241114,XSGE,上期所,BU,16,16,4,0
20241114,XSGE,上期所,CU,12,12,6,0
20241114,XSGE,上期所,FU,12,12,4,0
20241114,XSGE,上期所,HC,12,12,3,0
20241114,XSGE,上期所,NI,12,12,5,0
20241114,XSGE,上期所,PB,12,12,3,0
20241114,XSGE,上期所,RB,12,12,5,0
20241114,XSGE,上期所,RU,10,10,2,0
20241114,XSGE,上期所,SN,12,12,3,0
20241114,XSGE,上期所,SP,12,12,3,0
20241114,XSGE,上期所,SS,12,12,4,0
20241114,XSGE,上期所,ZN,12,12,6,0
20241114,XSIE,能源中心,BC,12,12,1,0
20241114,XSIE,能源中心,LU,12,12,4,0
20241114,XSIE,能源中心,NR,12,12,3,0
20241114,XSIE,能源中心,SC,20,20,3,0
20241115,XDCE,大商所,A,6,6,3,0
20241115,XDCE,大商所,B,12,12,5,0
20241115,XDCE,大商所,C,6,6,5,0
20241115,XDCE,大商所,CS,6,6,2,0
20241115,XDCE,大商所,EB,12,12,3,0
20241115,XDCE,大商所,EG,12,12,2,0
20241115,XDCE,大商所,I,12,12,4,0
20241115,XDCE,大商所,J,12,12,1,0
20241115,XDCE,大商所,JM,12,12,2,0
20241115,XDCE,大商所,L,12,12,3,0
20241115,XDCE,大商所,M,8,8,6,0
20241115,XDCE,大商所,P,12,12,4,0
20241115,XDCE,大商所,PG,12,12,4,0
20241115,XDCE,大商所,PP,12,12,2,0
20241115,XDCE,大商所,RR,12,12,0,0
20241115,XDCE,大商所,V,12,12,2,0
20241115,XDCE,大商所,Y,8,8,4,0
20241115,XSGE,上期所,AG,12,12,9,0
20241115,XSGE,上期所,AL,12,12,5,0
20241115,XSGE,上期所,AO,12,12,5,0
20241115,XSGE,上期所,AU,8,8,4,0
20241115,XSGE,上期所,BR,12,12,4,0
20241115,XSGE,上期所,BU,16,16,4,0
20241115,XSGE,上期所,CU,12,12,5,0
20241115,XSGE,上期所,FU,12,12,8,0
20241115,XSGE,上期所,HC,12,12,4,0
20241115,XSGE,上期所,NI,12,12,6,0
20241115,XSGE,上期所,PB,12,12,3,0
20241115,XSGE,上期所,RB,12,12,5,0
20241115,XSGE,上期所,RU,10,10,4,0
20241115,XSGE,上期所,SN,12,12,4,0
20241115,XSGE,上期所,SP,12,12,3,0
20241115,XSGE,上期所,SS,12,12,4,0
20241115,XSGE,上期所,ZN,12,12,4,0
20241115,XSIE,能源中心,BC,12,12,2,0
20241115,XSIE,能源中心,LU,12,12,5,0
20241115,XSIE,能源中心,NR,12,12,4,0
20241115,XSIE,能源中心,SC,20,20,4,0
20241118,XDCE,大商所,A,6,6,4,0
20241118,XDCE,大商所,B,12,12,5,0
20241118,XDCE,大商所,C,6,6,6,0
20241118,XDCE,大商所,CS,6,6,2,0
20241118,XDCE,大商所,EB,12,12,3,0
20241118,XDCE,大商所,EG,12,12,2,0
20241118,XDCE,大商所,I,12,12,4,0
20241118,XDCE,大商所,J,12,12,2,0
20241118,XDCE,大商所,JM,12,12,2,0
20241118,XDCE,大商所,L,12,12,3,0
20241118,XDCE,大商所,M,8,8,7,0
20241118,XDCE,大商所,P,12,12,5,0
20241118,XDCE,大商所,PG,12,12,4,0
20241118,XDCE,大商所,PP,12,12,2,0
20241118,XDCE,大商所,RR,12,12,1,0
20241118,XDCE,大商所,V,12,12,2,0
20241118,XDCE,大商所,Y,8,8,4,0
20241118,XSGE,上期所,AG,12,12,10,0
20241118,XSGE,上期所,AL,12,12,7,0
20241118,XSGE,上期所,AO,12,12,8,0
20241118,XSGE,上期所,AU,8,8,4,0
20241118,XSGE,上期所,BR,12,12,3,0
20241118,XSGE,上期所,BU,16,16,4,0
20241118,XSGE,上期所,CU,12,12,5,0
20241118,XSGE,上期所,FU,12,12,8,0
20241118,XSGE,上期所,HC,12,12,4,0
20241118,XSGE,上期所,NI,12,12,4,0
20241118,XSGE,上期所,PB,12,12,2,0
20241118,XSGE,上期所,RB,12,12,4,0
20241118,XSGE,上期所,RU,10,10,3,0
20241118,XSGE,上期所,SN,12,12,3,0
20241118,XSGE,上期所,SP,12,12,5,0
20241118,XSGE,上期所,SS,12,12,4,0
20241118,XSGE,上期所,ZN,12,12,4,0
20241118,XSIE,能源中心,BC,12,12,2,0
20241118,XSIE,能源中心,LU,12,12,4,0
20241118,XSIE,能源中心,NR,12,12,4,0
20241118,XSIE,能源中心,SC,20,20,3,0
20241119,XDCE,大商所,A,6,6,3,0
20241119,XDCE,大商所,B,12,12,5,0
20241119,XDCE,大商所,C,6,6,4,0
20241119,XDCE,大商所,CS,6,6,2,0
20241119,XDCE,大商所,EB,12,12,3,0
20241119,XDCE,大商所,EG,12,12,3,0
20241119,XDCE,大商所,I,12,12,4,0
20241119,XDCE,大商所,J,12,12,2,0
20241119,XDCE,大商所,JM,12,12,4,0
20241119,XDCE,大商所,L,12,12,3,0
20241119,XDCE,大商所,M,8,8,7,0
20241119,XDCE,大商所,P,12,12,6,0
20241119,XDCE,大商所,PG,12,12,2,0
20241119,XDCE,大商所,PP,12,12,3,0
20241119,XDCE,大商所,RR,12,12,1,0
20241119,XDCE,大商所,V,12,12,3,0
20241119,XDCE,大商所,Y,8,8,4,0
20241119,XSGE,上期所,AG,12,12,8,0
20241119,XSGE,上期所,AL,12,12,6,0
20241119,XSGE,上期所,AO,12,12,6,0
20241119,XSGE,上期所,AU,8,8,5,0
20241119,XSGE,上期所,BR,12,12,3,0
20241119,XSGE,上期所,BU,16,16,4,0
20241119,XSGE,上期所,CU,12,12,4,0
20241119,XSGE,上期所,FU,12,12,7,0
20241119,XSGE,上期所,HC,12,12,3,0
20241119,XSGE,上期所,NI,12,12,4,0
20241119,XSGE,上期所,PB,12,12,2,0
20241119,XSGE,上期所,RB,12,12,5,0
20241119,XSGE,上期所,RU,10,10,2,0
20241119,XSGE,上期所,SN,12,12,3,0
20241119,XSGE,上期所,SP,12,12,4,0
20241119,XSGE,上期所,SS,12,12,5,0
20241119,XSGE,上期所,ZN,12,12,4,0
20241119,XSIE,能源中心,BC,12,12,2,0
20241119,XSIE,能源中心,LU,12,12,3,0
20241119,XSIE,能源中心,NR,12,12,2,0
20241119,XSIE,能源中心,SC,20,20,4,0
20241120,XDCE,大商所,A,6,6,2,0
20241120,XDCE,大商所,B,12,12,5,0
20241120,XDCE,大商所,C,6,6,4,0
20241120,XDCE,大商所,CS,6,6,2,0
20241120,XDCE,大商所,EB,12,12,4,0
20241120,XDCE,大商所,EG,12,12,2,0
20241120,XDCE,大商所,I,12,12,4,0
20241120,XDCE,大商所,J,12,12,2,0
20241120,XDCE,大商所,JM,12,12,2,0
20241120,XDCE,大商所,L,12,12,2,0
20241120,XDCE,大商所,M,8,8,6,0
20241120,XDCE,大商所,P,12,12,5,0
20241120,XDCE,大商所,PG,12,12,4,0
20241120,XDCE,大商所,PP,12,12,3,0
20241120,XDCE,大商所,RR,12,12,0,0
20241120,XDCE,大商所,V,12,12,5,0
20241120,XDCE,大商所,Y,8,8,4,0
20241120,XSGE,上期所,AG,12,12,7,0
20241120,XSGE,上期所,AL,12,12,4,0
20241120,XSGE,上期所,AO,12,12,5,0
20241120,XSGE,上期所,AU,8,8,6,0
20241120,XSGE,上期所,BR,12,12,2,0
20241120,XSGE,上期所,BU,16,16,4,0
20241120,XSGE,上期所,CU,12,12,5,0
20241120,XSGE,上期所,FU,12,12,7,0
20241120,XSGE,上期所,HC,12,12,3,0
20241120,XSGE,上期所,NI,12,12,5,0
20241120,XSGE,上期所,PB,12,12,2,0
20241120,XSGE,上期所,RB,12,12,3,0
20241120,XSGE,上期所,RU,10,10,2,0
20241120,XSGE,上期所,SN,12,12,3,0
20241120,XSGE,上期所,SP,12,12,3,0
20241120,XSGE,上期所,SS,12,12,3,0
20241120,XSGE,上期所,ZN,12,12,4,0
20241120,XSIE,能源中心,BC,12,12,2,0
20241120,XSIE,能源中心,LU,12,12,4,0
20241120,XSIE,能源中心,NR,12,12,3,0
20241120,XSIE,能源中心,SC,20,20,4,0
20241121,XDCE,大商所,A,6,6,2,0
20241121,XDCE,大商所,B,12,12,4,0
20241121,XDCE,大商所,C,6,6,5,0
20241121,XDCE,大商所,CS,6,6,3,0
20241121,XDCE,大商所,EB,12,12,4,0
20241121,XDCE,大商所,EG,12,12,2,0
20241121,XDCE,大商所,I,12,12,4,0
20241121,XDCE,大商所,J,12,12,2,0
20241121,XDCE,大商所,JM,12,12,2,0
20241121,XDCE,大商所,L,12,12,3,0
20241121,XDCE,大商所,M,8,8,7,0
20241121,XDCE,大商所,P,12,12,5,0
20241121,XDCE,大商所,PG,12,12,4,0
20241121,XDCE,大商所,PP,12,12,2,0
20241121,XDCE,大商所,RR,12,12,0,0
20241121,XDCE,大商所,V,12,12,2,0
20241121,XDCE,大商所,Y,8,8,5,0
20241121,XSGE,上期所,AG,12,12,7,0
20241121,XSGE,上期所,AL,12,12,6,0
20241121,XSGE,上期所,AO,12,12,7,0
20241121,XSGE,上期所,AU,8,8,4,0
20241121,XSGE,上期所,BR,12,12,3,0
20241121,XSGE,上期所,BU,16,16,4,0
20241121,XSGE,上期所,CU,12,12,4,0
20241121,XSGE,上期所,FU,12,12,7,0
20241121,XSGE,上期所,HC,12,12,3,0
20241121,XSGE,上期所,NI,12,12,4,0
20241121,XSGE,上期所,PB,12,12,2,0
20241121,XSGE,上期所,RB,12,12,4,0
20241121,XSGE,上期所,RU,10,10,4,0
20241121,XSGE,上期所,SN,12,12,3,0
20241121,XSGE,上期所,SP,12,12,3,0
20241121,XSGE,上期所,SS,12,12,3,0
20241121,XSGE,上期所,ZN,12,12,4,0
20241121,XSIE,能源中心,BC,12,12,1,0
20241121,XSIE,能源中心,LU,12,12,3,0
20241121,XSIE,能源中心,NR,12,12,6,0
20241121,XSIE,能源中心,SC,20,20,3,0
20241122,XDCE,大商所,A,6,6,3,0
20241122,XDCE,大商所,B,12,12,4,0
20241122,XDCE,大商所,C,6,6,4,0
20241122,XDCE,大商所,CS,6,6,5,0
20241122,XDCE,大商所,EB,12,12,4,0
20241122,XDCE,大商所,EG,12,12,3,0
20241122,XDCE,大商所,I,12,12,4,0
20241122,XDCE,大商所,J,12,12,2,0
20241122,XDCE,大商所,JM,12,12,3,0
20241122,XDCE,大商所,L,12,12,3,0
20241122,XDCE,大商所,M,8,8,5,0
20241122,XDCE,大商所,P,12,12,6,0
20241122,XDCE,大商所,PG,12,12,4,0
20241122,XDCE,大商所,PP,12,12,2,0
20241122,XDCE,大商所,RR,12,12,0,0
20241122,XDCE,大商所,V,12,12,3,0
20241122,XDCE,大商所,Y,8,8,5,0
20241122,XSGE,上期所,AG,12,12,5,0
20241122,XSGE,上期所,AL,12,12,5,0
20241122,XSGE,上期所,AO,12,12,5,0
20241122,XSGE,上期所,AU,8,8,5,0
20241122,XSGE,上期所,BR,12,12,2,0
20241122,XSGE,上期所,BU,16,16,5,0
20241122,XSGE,上期所,CU,12,12,5,0
20241122,XSGE,上期所,FU,12,12,7,0
20241122,XSGE,上期所,HC,12,12,3,0
20241122,XSGE,上期所,NI,12,12,3,0
20241122,XSGE,上期所,PB,12,12,3,0
20241122,XSGE,上期所,RB,12,12,5,0
20241122,XSGE,上期所,RU,10,10,4,0
20241122,XSGE,上期所,SN,12,12,3,0
20241122,XSGE,上期所,SP,12,12,3,0
20241122,XSGE,上期所,SS,12,12,3,0
20241122,XSGE,上期所,ZN,12,12,4,0
20241122,XSIE,能源中心,BC,12,12,2,0
20241122,XSIE,能源中心,LU,12,12,4,0
20241122,XSIE,能源中心,NR,12,12,5,0
20241122,XSIE,能源中心,SC,20,20,3,0
20241125,XDCE,大商所,A,6,6,3,0
20241125,XDCE,大商所,B,12,12,3,0
20241125,XDCE,大商所,C,6,6,4,0
20241125,XDCE,大商所,CS,6,6,4,0
20241125,XDCE,大商所,EB,12,12,4,0
20241125,XDCE,大商所,EG,12,12,2,0
20241125,XDCE,大商所,I,12,12,4,0
20241125,XDCE,大商所,J,12,12,2,0
20241125,XDCE,大商所,JM,12,12,1,0
20241125,XDCE,大商所,L,12,12,4,0
20241125,XDCE,大商所,M,8,8,5,0
20241125,XDCE,大商所,P,12,12,5,0
20241125,XDCE,大商所,PG,12,12,4,0
20241125,XDCE,大商所,PP,12,12,2,0
20241125,XDCE,大商所,RR,12,12,0,0
20241125,XDCE,大商所,V,12,12,3,0
20241125,XDCE,大商所,Y,8,8,6,0
20241125,XSGE,上期所,AG,12,12,9,0
20241125,XSGE,上期所,AL,12,12,4,0
20241125,XSGE,上期所,AO,12,12,7,0
20241125,XSGE,上期所,AU,8,8,7,0
20241125,XSGE,上期所,BR,12,12,3,0
20241125,XSGE,上期所,BU,16,16,6,0
20241125,XSGE,上期所,CU,12,12,5,0
20241125,XSGE,上期所,FU,12,12,6,0
20241125,XSGE,上期所,HC,12,12,3,0
20241125,XSGE,上期所,NI,12,12,4,0
20241125,XSGE,上期所,PB,12,12,3,0
20241125,XSGE,上期所,RB,12,12,4,0
20241125,XSGE,上期所,RU,10,10,5,0
20241125,XSGE,上期所,SN,12,12,3,0
20241125,XSGE,上期所,SP,12,12,3,0
20241125,XSGE,上期所,SS,12,12,3,0
20241125,XSGE,上期所,ZN,12,12,4,0
20241125,XSIE,能源中心,BC,12,12,2,0
20241125,XSIE,能源中心,LU,12,12,3,0
20241125,XSIE,能源中心,NR,12,12,3,0
20241125,XSIE,能源中心,SC,20,20,3,0
20241126,XDCE,大商所,A,6,6,3,0
20241126,XDCE,大商所,B,12,12,5,0
20241126,XDCE,大商所,C,6,6,4,0
20241126,XDCE,大商所,CS,6,6,5,0
20241126,XDCE,大商所,EB,12,12,4,0
20241126,XDCE,大商所,EG,12,12,3,0
20241126,XDCE,大商所,I,12,12,8,0
20241126,XDCE,大商所,J,12,12,1,0
20241126,XDCE,大商所,JM,12,12,5,0
20241126,XDCE,大商所,L,12,12,3,0
20241126,XDCE,大商所,M,8,8,6,0
20241126,XDCE,大商所,P,12,12,6,0
20241126,XDCE,大商所,PG,12,12,5,0
20241126,XDCE,大商所,PP,12,12,4,0
20241126,XDCE,大商所,RR,12,12,0,0
20241126,XDCE,大商所,V,12,12,5,0
20241126,XDCE,大商所,Y,8,8,5,0
20241126,XSGE,上期所,AG,12,12,7,0
20241126,XSGE,上期所,AL,12,12,5,0
20241126,XSGE,上期所,AO,12,12,7,0
20241126,XSGE,上期所,AU,8,8,6,0
20241126,XSGE,上期所,BR,12,12,4,0
20241126,XSGE,上期所,BU,16,16,4,0
20241126,XSGE,上期所,CU,12,12,4,0
20241126,XSGE,上期所,FU,12,12,5,0
20241126,XSGE,上期所,HC,12,12,4,0
20241126,XSGE,上期所,NI,12,12,4,0
20241126,XSGE,上期所,PB,12,12,3,0
20241126,XSGE,上期所,RB,12,12,6,0
20241126,XSGE,上期所,RU,10,10,5,0
20241126,XSGE,上期所,SN,12,12,3,0
20241126,XSGE,上期所,SP,12,12,3,0
20241126,XSGE,上期所,SS,12,12,3,0
20241126,XSGE,上期所,ZN,12,12,4,0
20241126,XSIE,能源中心,BC,12,12,2,0
20241126,XSIE,能源中心,LU,12,12,3,0
20241126,XSIE,能源中心,NR,12,12,3,0
20241126,XSIE,能源中心,SC,20,20,3,0
20241127,XDCE,大商所,A,6,6,3,0
20241127,XDCE,大商所,B,12,12,5,0
20241127,XDCE,大商所,C,6,6,6,0
20241127,XDCE,大商所,CS,6,6,4,0
20241127,XDCE,大商所,EB,12,12,4,0
20241127,XDCE,大商所,EG,12,12,2,0
20241127,XDCE,大商所,I,12,12,5,0
20241127,XDCE,大商所,J,12,12,2,0
20241127,XDCE,大商所,JM,12,12,4,0
20241127,XDCE,大商所,L,12,12,3,0
20241127,XDCE,大商所,M,8,8,6,0
20241127,XDCE,大商所,P,12,12,6,0
20241127,XDCE,大商所,PG,12,12,5,0
20241127,XDCE,大商所,PP,12,12,3,0
20241127,XDCE,大商所,RR,12,12,1,0
20241127,XDCE,大商所,V,12,12,2,0
20241127,XDCE,大商所,Y,8,8,4,0
20241127,XSGE,上期所,AG,12,12,8,0
20241127,XSGE,上期所,AL,12,12,4,0
20241127,XSGE,上期所,AO,12,12,6,0
20241127,XSGE,上期所,AU,8,8,6,0
20241127,XSGE,上期所,BR,12,12,3,0
20241127,XSGE,上期所,BU,16,16,4,0
20241127,XSGE,上期所,CU,12,12,4,0
20241127,XSGE,上期所,FU,12,12,5,0
20241127,XSGE,上期所,HC,12,12,3,0
20241127,XSGE,上期所,NI,12,12,3,0
20241127,XSGE,上期所,PB,12,12,3,0
20241127,XSGE,上期所,RB,12,12,6,0
20241127,XSGE,上期所,RU,10,10,4,0
20241127,XSGE,上期所,SN,12,12,3,0
20241127,XSGE,上期所,SP,12,12,4,0
20241127,XSGE,上期所,SS,12,12,4,0
20241127,XSGE,上期所,ZN,12,12,4,0
20241127,XSIE,能源中心,BC,12,12,2,0
20241127,XSIE,能源中心,LU,12,12,3,0
20241127,XSIE,能源中心,NR,12,12,3,0
20241127,XSIE,能源中心,SC,20,20,4,0
20241128,XDCE,大商所,A,6,6,4,0
20241128,XDCE,大商所,B,12,12,4,0
20241128,XDCE,大商所,C,6,6,5,0
20241128,XDCE,大商所,CS,6,6,4,0
20241128,XDCE,大商所,EB,12,12,5,0
20241128,XDCE,大商所,EG,12,12,3,0
20241128,XDCE,大商所,I,12,12,4,0
20241128,XDCE,大商所,J,12,12,2,0
20241128,XDCE,大商所,JM,12,12,2,0
20241128,XDCE,大商所,L,12,12,2,0
20241128,XDCE,大商所,M,8,8,5,0
20241128,XDCE,大商所,P,12,12,6,0
20241128,XDCE,大商所,PG,12,12,4,0
20241128,XDCE,大商所,PP,12,12,2,0
20241128,XDCE,大商所,RR,12,12,0,0
20241128,XDCE,大商所,V,12,12,2,0
20241128,XDCE,大商所,Y,8,8,4,0
20241128,XSGE,上期所,AG,12,12,9,0
20241128,XSGE,上期所,AL,12,12,4,0
20241128,XSGE,上期所,AO,12,12,6,0
20241128,XSGE,上期所,AU,8,8,4,0
20241128,XSGE,上期所,BR,12,12,3,0
20241128,XSGE,上期所,BU,16,16,5,0
20241128,XSGE,上期所,CU,12,12,4,0
20241128,XSGE,上期所,FU,12,12,6,0
20241128,XSGE,上期所,HC,12,12,3,0
20241128,XSGE,上期所,NI,12,12,4,0
20241128,XSGE,上期所,PB,12,12,3,0
20241128,XSGE,上期所,RB,12,12,7,0
20241128,XSGE,上期所,RU,10,10,3,0
20241128,XSGE,上期所,SN,12,12,4,0
20241128,XSGE,上期所,SP,12,12,3,0
20241128,XSGE,上期所,SS,12,12,4,0
20241128,XSGE,上期所,ZN,12,12,5,0
20241128,XSIE,能源中心,BC,12,12,2,0
20241128,XSIE,能源中心,LU,12,12,5,0
20241128,XSIE,能源中心,NR,12,12,6,0
20241128,XSIE,能源中心,SC,20,20,4,0
20241129,XDCE,大商所,A,6,6,3,0
20241129,XDCE,大商所,B,12,12,4,0
20241129,XDCE,大商所,C,6,6,5,0
20241129,XDCE,大商所,CS,6,6,4,0
20241129,XDCE,大商所,EB,12,12,4,0
20241129,XDCE,大商所,EG,12,12,3,0
20241129,XDCE,大商所,I,12,12,6,0
20241129,XDCE,大商所,J,12,12,2,0
20241129,XDCE,大商所,JM,12,12,2,0
20241129,XDCE,大商所,L,12,12,2,0
20241129,XDCE,大商所,M,8,8,6,0
20241129,XDCE,大商所,P,12,12,5,0
20241129,XDCE,大商所,PG,12,12,5,0
20241129,XDCE,大商所,PP,12,12,2,0
20241129,XDCE,大商所,RR,12,12,0,0
20241129,XDCE,大商所,V,12,12,3,0
20241129,XDCE,大商所,Y,8,8,4,0
20241129,XSGE,上期所,AG,12,12,11,0
20241129,XSGE,上期所,AL,12,12,5,0
20241129,XSGE,上期所,AO,12,12,6,0
20241129,XSGE,上期所,AU,8,8,6,0
20241129,XSGE,上期所,BR,12,12,4,0
20241129,XSGE,上期所,BU,16,16,6,0
20241129,XSGE,上期所,CU,12,12,8,0
20241129,XSGE,上期所,FU,12,12,7,0
20241129,XSGE,上期所,HC,12,12,3,0
20241129,XSGE,上期所,NI,12,12,4,0
20241129,XSGE,上期所,PB,12,12,3,0
20241129,XSGE,上期所,RB,12,12,5,0
20241129,XSGE,上期所,RU,10,10,4,0
20241129,XSGE,上期所,SN,12,12,4,0
20241129,XSGE,上期所,SP,12,12,3,0
20241129,XSGE,上期所,SS,12,12,3,0
20241129,XSGE,上期所,ZN,12,12,5,0
20241129,XSIE,能源中心,BC,12,12,1,0
20241129,XSIE,能源中心,LU,12,12,4,0
20241129,XSIE,能源中心,NR,12,12,4,0
20241129,XSIE,能源中心,SC,20,20,3,0
20241202,XDCE,大商所,A,6,6,2,0
20241202,XDCE,大商所,B,12,12,4,0
20241202,XDCE,大商所,C,6,6,3,0
20241202,XDCE,大商所,CS,6,6,3,0
20241202,XDCE,大商所,EB,12,12,3,0
20241202,XDCE,大商所,EG,12,12,3,0
20241202,XDCE,大商所,I,12,12,4,0
20241202,XDCE,大商所,J,12,12,1,0
20241202,XDCE,大商所,JM,12,12,2,0
20241202,XDCE,大商所,L,12,12,2,0
20241202,XDCE,大商所,M,8,8,4,0
20241202,XDCE,大商所,P,12,12,4,0
20241202,XDCE,大商所,PG,12,12,4,0
20241202,XDCE,大商所,PP,12,12,2,0
20241202,XDCE,大商所,RR,12,12,2,0
20241202,XDCE,大商所,V,12,12,3,0
20241202,XDCE,大商所,Y,8,8,2,0
20241202,XSGE,上期所,AG,12,12,6,0
20241202,XSGE,上期所,AL,12,12,3,0
20241202,XSGE,上期所,AO,12,12,4,0
20241202,XSGE,上期所,AU,8,8,4,0
20241202,XSGE,上期所,BR,12,12,2,0
20241202,XSGE,上期所,BU,16,16,4,0
20241202,XSGE,上期所,CU,12,12,6,0
20241202,XSGE,上期所,FU,12,12,6,0
20241202,XSGE,上期所,HC,12,12,3,0
20241202,XSGE,上期所,NI,12,12,3,0
20241202,XSGE,上期所,PB,12,12,2,0
20241202,XSGE,上期所,RB,12,12,3,0
20241202,XSGE,上期所,RU,10,10,4,0
20241202,XSGE,上期所,SN,12,12,3,0
20241202,XSGE,上期所,SP,12,12,3,0
20241202,XSGE,上期所,SS,12,12,2,0
20241202,XSGE,上期所,ZN,12,12,6,0
20241202,XSIE,能源中心,BC,12,12,1,0
20241202,XSIE,能源中心,LU,12,12,2,0
20241202,XSIE,能源中心,NR,12,12,5,0
20241202,XSIE,能源中心,SC,20,20,4,0
20241203,XDCE,大商所,A,6,6,5,0
20241203,XDCE,大商所,B,12,12,4,0
20241203,XDCE,大商所,C,6,6,5,0
20241203,XDCE,大商所,CS,6,6,4,0
20241203,XDCE,大商所,EB,12,12,4,0
20241203,XDCE,大商所,EG,12,12,2,0
20241203,XDCE,大商所,I,12,12,4,0
20241203,XDCE,大商所,J,12,12,1,0
20241203,XDCE,大商所,JM,12,12,2,0
20241203,XDCE,大商所,L,12,12,2,0
20241203,XDCE,大商所,M,8,8,4,0
20241203,XDCE,大商所,P,12,12,6,0
20241203,XDCE,大商所,PG,12,12,4,0
20241203,XDCE,大商所,PP,12,12,2,0
20241203,XDCE,大商所,RR,12,12,1,0
20241203,XDCE,大商所,V,12,12,3,0
20241203,XDCE,大商所,Y,8,8,3,0
20241203,XSGE,上期所,AG,12,12,9,0
20241203,XSGE,上期所,AL,12,12,4,0
20241203,XSGE,上期所,AO,12,12,5,0
20241203,XSGE,上期所,AU,8,8,8,0
20241203,XSGE,上期所,BR,12,12,2,0
20241203,XSGE,上期所,BU,16,16,4,0
20241203,XSGE,上期所,CU,12,12,4,0
20241203,XSGE,上期所,FU,12,12,5,0
20241203,XSGE,上期所,HC,12,12,3,0
20241203,XSGE,上期所,NI,12,12,5,0
20241203,XSGE,上期所,PB,12,12,2,0
20241203,XSGE,上期所,RB,12,12,5,0
20241203,XSGE,上期所,RU,10,10,4,0
20241203,XSGE,上期所,SN,12,12,4,0
20241203,XSGE,上期所,SP,12,12,3,0
20241203,XSGE,上期所,SS,12,12,4,0
20241203,XSGE,上期所,ZN,12,12,4,0
20241203,XSIE,能源中心,BC,12,12,1,0
20241203,XSIE,能源中心,LU,12,12,3,0
20241203,XSIE,能源中心,NR,12,12,3,0
20241203,XSIE,能源中心,SC,20,20,3,0
20241204,XDCE,大商所,A,6,6,3,0
20241204,XDCE,大商所,B,12,12,5,0
20241204,XDCE,大商所,C,6,6,5,0
20241204,XDCE,大商所,CS,6,6,4,0
20241204,XDCE,大商所,EB,12,12,4,0
20241204,XDCE,大商所,EG,12,12,2,0
20241204,XDCE,大商所,I,12,12,4,0
20241204,XDCE,大商所,J,12,12,2,0
20241204,XDCE,大商所,JM,12,12,2,0
20241204,XDCE,大商所,L,12,12,3,0
20241204,XDCE,大商所,M,8,8,5,0
20241204,XDCE,大商所,P,12,12,6,0
20241204,XDCE,大商所,PG,12,12,4,0
20241204,XDCE,大商所,PP,12,12,3,0
20241204,XDCE,大商所,RR,12,12,0,0
20241204,XDCE,大商所,V,12,12,6,0
20241204,XDCE,大商所,Y,8,8,3,0
20241204,XSGE,上期所,AG,12,12,8,0
20241204,XSGE,上期所,AL,12,12,6,0
20241204,XSGE,上期所,AO,12,12,4,0
20241204,XSGE,上期所,AU,8,8,4,0
20241204,XSGE,上期所,BR,12,12,4,0
20241204,XSGE,上期所,BU,16,16,5,0
20241204,XSGE,上期所,CU,12,12,4,0
20241204,XSGE,上期所,FU,12,12,8,0
20241204,XSGE,上期所,HC,12,12,4,0
20241204,XSGE,上期所,NI,12,12,4,0
20241204,XSGE,上期所,PB,12,12,2,0
20241204,XSGE,上期所,RB,12,12,4,0
20241204,XSGE,上期所,RU,10,10,3,0
20241204,XSGE,上期所,SN,12,12,4,0
20241204,XSGE,上期所,SP,12,12,3,0
20241204,XSGE,上期所,SS,12,12,4,0
20241204,XSGE,上期所,ZN,12,12,5,0
20241204,XSIE,能源中心,BC,12,12,1,0
20241204,XSIE,能源中心,LU,12,12,5,0
20241204,XSIE,能源中心,NR,12,12,4,0
20241204,XSIE,能源中心,SC,20,20,3,0
20241205,XDCE,大商所,A,6,6,3,0
20241205,XDCE,大商所,B,12,12,3,0
20241205,XDCE,大商所,C,6,6,5,0
20241205,XDCE,大商所,CS,6,6,4,0
20241205,XDCE,大商所,EB,12,12,3,0
20241205,XDCE,大商所,EG,12,12,3,0
20241205,XDCE,大商所,I,12,12,3,0
20241205,XDCE,大商所,J,12,12,2,0
20241205,XDCE,大商所,JM,12,12,2,0
20241205,XDCE,大商所,L,12,12,3,0
20241205,XDCE,大商所,M,8,8,4,0
20241205,XDCE,大商所,P,12,12,7,0
20241205,XDCE,大商所,PG,12,12,4,0
20241205,XDCE,大商所,PP,12,12,2,0
20241205,XDCE,大商所,RR,12,12,2,0
20241205,XDCE,大商所,V,12,12,5,0
20241205,XDCE,大商所,Y,8,8,3,0
20241205,XSGE,上期所,AG,12,12,10,0
20241205,XSGE,上期所,AL,12,12,3,0
20241205,XSGE,上期所,AO,12,12,4,0
20241205,XSGE,上期所,AU,8,8,6,0
20241205,XSGE,上期所,BR,12,12,3,0
20241205,XSGE,上期所,BU,16,16,4,0
20241205,XSGE,上期所,CU,12,12,5,0
20241205,XSGE,上期所,FU,12,12,4,0
20241205,XSGE,上期所,HC,12,12,3,0
20241205,XSGE,上期所,NI,12,12,4,0
20241205,XSGE,上期所,PB,12,12,2,0
20241205,XSGE,上期所,RB,12,12,5,0
20241205,XSGE,上期所,RU,10,10,4,0
20241205,XSGE,上期所,SN,12,12,4,0
20241205,XSGE,上期所,SP,12,12,3,0
20241205,XSGE,上期所,SS,12,12,3,0
20241205,XSGE,上期所,ZN,12,12,5,0
20241205,XSIE,能源中心,BC,12,12,1,0
20241205,XSIE,能源中心,LU,12,12,5,0
20241205,XSIE,能源中心,NR,12,12,4,0
20241205,XSIE,能源中心,SC,20,20,3,0
20241206,XDCE,大商所,A,6,6,3,0
20241206,XDCE,大商所,B,12,12,3,0
20241206,XDCE,大商所,C,6,6,5,0
20241206,XDCE,大商所,CS,6,6,5,0
20241206,XDCE,大商所,EB,12,12,3,0
20241206,XDCE,大商所,EG,12,12,3,0
20241206,XDCE,大商所,I,12,12,4,0
20241206,XDCE,大商所,J,12,12,2,0
20241206,XDCE,大商所,JM,12,12,2,0
20241206,XDCE,大商所,L,12,12,3,0
20241206,XDCE,大商所,M,8,8,6,0
20241206,XDCE,大商所,P,12,12,5,0
20241206,XDCE,大商所,PG,12,12,4,0
20241206,XDCE,大商所,PP,12,12,3,0
20241206,XDCE,大商所,RR,12,12,2,0
20241206,XDCE,大商所,V,12,12,2,0
20241206,XDCE,大商所,Y,8,8,4,0
20241206,XSGE,上期所,AG,12,12,6,0
20241206,XSGE,上期所,AL,12,12,3,0
20241206,XSGE,上期所,AO,12,12,6,0
20241206,XSGE,上期所,AU,8,8,5,0
20241206,XSGE,上期所,BR,12,12,2,0
20241206,XSGE,上期所,BU,16,16,5,0
20241206,XSGE,上期所,CU,12,12,4,0
20241206,XSGE,上期所,FU,12,12,6,0
20241206,XSGE,上期所,HC,12,12,3,0
20241206,XSGE,上期所,NI,12,12,4,0
20241206,XSGE,上期所,PB,12,12,2,0
20241206,XSGE,上期所,RB,12,12,7,0
20241206,XSGE,上期所,RU,10,10,3,0
20241206,XSGE,上期所,SN,12,12,3,0
20241206,XSGE,上期所,SP,12,12,3,0
20241206,XSGE,上期所,SS,12,12,4,0
20241206,XSGE,上期所,ZN,12,12,4,0
20241206,XSIE,能源中心,BC,12,12,1,0
20241206,XSIE,能源中心,LU,12,12,3,0
20241206,XSIE,能源中心,NR,12,12,4,0
20241206,XSIE,能源中心,SC,20,20,3,0
20241209,XDCE,大商所,A,6,6,3,0
20241209,XDCE,大商所,B,12,12,5,0
20241209,XDCE,大商所,C,6,6,5,0
20241209,XDCE,大商所,CS,6,6,3,0
20241209,XDCE,大商所,EB,12,12,3,0
20241209,XDCE,大商所,EG,12,12,2,0
20241209,XDCE,大商所,I,12,12,5,0
20241209,XDCE,大商所,J,12,12,2,0
20241209,XDCE,大商所,JM,12,12,2,0
20241209,XDCE,大商所,L,12,12,3,0
20241209,XDCE,大商所,M,8,8,7,0
20241209,XDCE,大商所,P,12,12,5,0
20241209,XDCE,大商所,PG,12,12,4,0
20241209,XDCE,大商所,PP,12,12,5,0
20241209,XDCE,大商所,RR,12,12,1,0
20241209,XDCE,大商所,V,12,12,2,0
20241209,XDCE,大商所,Y,8,8,4,0
20241209,XSGE,上期所,AG,12,12,7,0
20241209,XSGE,上期所,AL,12,12,4,0
20241209,XSGE,上期所,AO,12,12,6,0
20241209,XSGE,上期所,AU,8,8,4,0
20241209,XSGE,上期所,BR,12,12,4,0
20241209,XSGE,上期所,BU,16,16,5,0
20241209,XSGE,上期所,CU,12,12,4,0
20241209,XSGE,上期所,FU,12,12,8,0
20241209,XSGE,上期所,HC,12,12,5,0
20241209,XSGE,上期所,NI,12,12,3,0
20241209,XSGE,上期所,PB,12,12,2,0
20241209,XSGE,上期所,RB,12,12,6,0
20241209,XSGE,上期所,RU,10,10,3,0
20241209,XSGE,上期所,SN,12,12,4,0
20241209,XSGE,上期所,SP,12,12,3,0
20241209,XSGE,上期所,SS,12,12,4,0
20241209,XSGE,上期所,ZN,12,12,5,0
20241209,XSIE,能源中心,BC,12,12,1,0
20241209,XSIE,能源中心,LU,12,12,4,0
20241209,XSIE,能源中心,NR,12,12,5,0
20241209,XSIE,能源中心,SC,20,20,4,0
20241210,XDCE,大商所,A,6,6,5,0
20241210,XDCE,大商所,B,12,12,4,0
20241210,XDCE,大商所,C,6,6,4,0
20241210,XDCE,大商所,CS,6,6,3,0
20241210,XDCE,大商所,EB,12,12,4,0
20241210,XDCE,大商所,EG,12,12,2,0
20241210,XDCE,大商所,I,12,12,6,0
20241210,XDCE,大商所,J,12,12,2,0
20241210,XDCE,大商所,JM,12,12,5,0
20241210,XDCE,大商所,L,12,12,3,0
20241210,XDCE,大商所,M,8,8,6,0
20241210,XDCE,大商所,P,12,12,5,0
20241210,XDCE,大商所,PG,12,12,4,0
20241210,XDCE,大商所,PP,12,12,3,0
20241210,XDCE,大商所,RR,12,12,1,0
20241210,XDCE,大商所,V,12,12,6,0
20241210,XDCE,大商所,Y,8,8,3,0
20241210,XSGE,上期所,AG,12,12,11,0
20241210,XSGE,上期所,AL,12,12,4,0
20241210,XSGE,上期所,AO,12,12,7,0
20241210,XSGE,上期所,AU,8,8,6,0
20241210,XSGE,上期所,BR,12,12,4,0
20241210,XSGE,上期所,BU,16,16,5,0
20241210,XSGE,上期所,CU,12,12,6,0
20241210,XSGE,上期所,FU,12,12,7,0
20241210,XSGE,上期所,HC,12,12,5,0
20241210,XSGE,上期所,NI,12,12,4,0
20241210,XSGE,上期所,PB,12,12,3,0
20241210,XSGE,上期所,RB,12,12,8,0
20241210,XSGE,上期所,RU,10,10,4,0
20241210,XSGE,上期所,SN,12,12,3,0
20241210,XSGE,上期所,SP,12,12,3,0
20241210,XSGE,上期所,SS,12,12,5,0
20241210,XSGE,上期所,ZN,12,12,6,0
20241210,XSIE,能源中心,BC,12,12,2,0
20241210,XSIE,能源中心,LU,12,12,3,0
20241210,XSIE,能源中心,NR,12,12,4,0
20241210,XSIE,能源中心,SC,20,20,2,0
20241211,XDCE,大商所,A,6,6,3,0
20241211,XDCE,大商所,B,12,12,4,0
20241211,XDCE,大商所,C,6,6,5,0
20241211,XDCE,大商所,CS,6,6,4,0
20241211,XDCE,大商所,EB,12,12,2,0
20241211,XDCE,大商所,EG,12,12,3,0
20241211,XDCE,大商所,I,12,12,4,0
20241211,XDCE,大商所,J,12,12,2,0
20241211,XDCE,大商所,JM,12,12,2,0
20241211,XDCE,大商所,L,12,12,2,0
20241211,XDCE,大商所,M,8,8,5,0
20241211,XDCE,大商所,P,12,12,5,0
20241211,XDCE,大商所,PG,12,12,5,0
20241211,XDCE,大商所,PP,12,12,3,0
20241211,XDCE,大商所,RR,12,12,1,0
20241211,XDCE,大商所,V,12,12,3,0
20241211,XDCE,大商所,Y,8,8,3,0
20241211,XSGE,上期所,AG,12,12,8,0
20241211,XSGE,上期所,AL,12,12,3,0
20241211,XSGE,上期所,AO,12,12,4,0
20241211,XSGE,上期所,AU,8,8,6,0
20241211,XSGE,上期所,BR,12,12,4,0
20241211,XSGE,上期所,BU,16,16,4,0
20241211,XSGE,上期所,CU,12,12,3,0
20241211,XSGE,上期所,FU,12,12,6,0
20241211,XSGE,上期所,HC,12,12,4,0
20241211,XSGE,上期所,NI,12,12,4,0
20241211,XSGE,上期所,PB,12,12,2,0
20241211,XSGE,上期所,RB,12,12,5,0
20241211,XSGE,上期所,RU,10,10,3,0
20241211,XSGE,上期所,SN,12,12,4,0
20241211,XSGE,上期所,SP,12,12,4,0
20241211,XSGE,上期所,SS,12,12,4,0
20241211,XSGE,上期所,ZN,12,12,4,0
20241211,XSIE,能源中心,BC,12,12,1,0
20241211,XSIE,能源中心,LU,12,12,3,0
20241211,XSIE,能源中心,NR,12,12,6,0
20241211,XSIE,能源中心,SC,20,20,3,0
20241212,XDCE,大商所,A,6,6,3,0
20241212,XDCE,大商所,B,12,12,4,0
20241212,XDCE,大商所,C,6,6,5,0
20241212,XDCE,大商所,CS,6,6,3,0
20241212,XDCE,大商所,EB,12,12,3,0
20241212,XDCE,大商所,EG,12,12,2,0
20241212,XDCE,大商所,I,12,12,4,0
20241212,XDCE,大商所,J,12,12,2,0
20241212,XDCE,大商所,JM,12,12,2,0
20241212,XDCE,大商所,L,12,12,3,0
20241212,XDCE,大商所,M,8,8,7,0
20241212,XDCE,大商所,P,12,12,7,0
20241212,XDCE,大商所,PG,12,12,4,0
20241212,XDCE,大商所,PP,12,12,3,0
20241212,XDCE,大商所,RR,12,12,0,0
20241212,XDCE,大商所,V,12,12,3,0
20241212,XDCE,大商所,Y,8,8,5,0
20241212,XSGE,上期所,AG,12,12,7,0
20241212,XSGE,上期所,AL,12,12,3,0
20241212,XSGE,上期所,AO,12,12,6,0
20241212,XSGE,上期所,AU,8,8,6,0
20241212,XSGE,上期所,BR,12,12,4,0
20241212,XSGE,上期所,BU,16,16,3,0
20241212,XSGE,上期所,CU,12,12,6,0
20241212,XSGE,上期所,FU,12,12,4,0
20241212,XSGE,上期所,HC,12,12,4,0
20241212,XSGE,上期所,NI,12,12,3,0
20241212,XSGE,上期所,PB,12,12,2,0
20241212,XSGE,上期所,RB,12,12,5,0
20241212,XSGE,上期所,RU,10,10,3,0
20241212,XSGE,上期所,SN,12,12,2,0
20241212,XSGE,上期所,SP,12,12,3,0
20241212,XSGE,上期所,SS,12,12,3,0
20241212,XSGE,上期所,ZN,12,12,4,0
20241212,XSIE,能源中心,BC,12,12,2,0
20241212,XSIE,能源中心,LU,12,12,4,0
20241212,XSIE,能源中心,NR,12,12,4,0
20241212,XSIE,能源中心,SC,20,20,3,0
20241213,XDCE,大商所,A,6,6,3,0
20241213,XDCE,大商所,B,12,12,4,0
20241213,XDCE,大商所,C,6,6,4,0
20241213,XDCE,大商所,CS,6,6,5,0
20241213,XDCE,大商所,EB,12,12,4,0
20241213,XDCE,大商所,EG,12,12,2,0
20241213,XDCE,大商所,I,12,12,6,0
20241213,XDCE,大商所,J,12,12,2,0
20241213,XDCE,大商所,JM,12,12,2,0
20241213,XDCE,大商所,L,12,12,4,0
20241213,XDCE,大商所,M,8,8,5,0
20241213,XDCE,大商所,P,12,12,5,0
20241213,XDCE,大商所,PG,12,12,4,0
20241213,XDCE,大商所,PP,12,12,3,0
20241213,XDCE,大商所,RR,12,12,0,0
20241213,XDCE,大商所,V,12,12,4,0
20241213,XDCE,大商所,Y,8,8,3,0
20241213,XSGE,上期所,AG,12,12,9,0
20241213,XSGE,上期所,AL,12,12,4,0
20241213,XSGE,上期所,AO,12,12,4,0
20241213,XSGE,上期所,AU,8,8,3,0
20241213,XSGE,上期所,BR,12,12,4,0
20241213,XSGE,上期所,BU,16,16,3,0
20241213,XSGE,上期所,CU,12,12,6,0
20241213,XSGE,上期所,FU,12,12,5,0
20241213,XSGE,上期所,HC,12,12,3,0
20241213,XSGE,上期所,NI,12,12,4,0
20241213,XSGE,上期所,PB,12,12,2,0
20241213,XSGE,上期所,RB,12,12,4,0
20241213,XSGE,上期所,RU,10,10,3,0
20241213,XSGE,上期所,SN,12,12,3,0
20241213,XSGE,上期所,SP,12,12,3,0
20241213,XSGE,上期所,SS,12,12,4,0
20241213,XSGE,上期所,ZN,12,12,4,0
20241213,XSIE,能源中心,BC,12,12,2,0
20241213,XSIE,能源中心,LU,12,12,3,0
20241213,XSIE,能源中心,NR,12,12,4,0
20241213,XSIE,能源中心,SC,20,20,4,0
20241216,XDCE,大商所,A,6,6,3,0
20241216,XDCE,大商所,B,12,12,5,0
20241216,XDCE,大商所,C,6,6,6,0
20241216,XDCE,大商所,CS,6,6,4,0
20241216,XDCE,大商所,EB,12,12,5,0
20241216,XDCE,大商所,EG,12,12,2,0
20241216,XDCE,大商所,I,12,12,5,0
20241216,XDCE,大商所,J,12,12,2,0
20241216,XDCE,大商所,JM,12,12,2,0
20241216,XDCE,大商所,L,12,12,3,0
20241216,XDCE,大商所,M,8,8,5,0
20241216,XDCE,大商所,P,12,12,6,0
20241216,XDCE,大商所,PG,12,12,3,0
20241216,XDCE,大商所,PP,12,12,3,0
20241216,XDCE,大商所,RR,12,12,0,0
20241216,XDCE,大商所,V,12,12,3,0
20241216,XDCE,大商所,Y,8,8,4,0
20241216,XSGE,上期所,AG,12,12,8,0
20241216,XSGE,上期所,AL,12,12,5,0
20241216,XSGE,上期所,AO,12,12,4,0
20241216,XSGE,上期所,AU,8,8,7,0
20241216,XSGE,上期所,BR,12,12,3,0
20241216,XSGE,上期所,BU,16,16,3,0
20241216,XSGE,上期所,CU,12,12,4,0
20241216,XSGE,上期所,FU,12,12,5,0
20241216,XSGE,上期所,HC,12,12,4,0
20241216,XSGE,上期所,NI,12,12,2,0
20241216,XSGE,上期所,PB,12,12,2,0
20241216,XSGE,上期所,RB,12,12,5,0
20241216,XSGE,上期所,RU,10,10,3,0
20241216,XSGE,上期所,SN,12,12,2,0
20241216,XSGE,上期所,SP,12,12,3,0
20241216,XSGE,上期所,SS,12,12,4,0
20241216,XSGE,上期所,ZN,12,12,5,0
20241216,XSIE,能源中心,BC,12,12,2,0
20241216,XSIE,能源中心,LU,12,12,3,0
20241216,XSIE,能源中心,NR,12,12,3,0
20241216,XSIE,能源中心,SC,20,20,3,0
20241217,XDCE,大商所,A,6,6,4,0
20241217,XDCE,大商所,B,12,12,6,0
20241217,XDCE,大商所,C,6,6,4,0
20241217,XDCE,大商所,CS,6,6,4,0
20241217,XDCE,大商所,EB,12,12,3,0
20241217,XDCE,大商所,EG,12,12,3,0
20241217,XDCE,大商所,I,12,12,6,0
20241217,XDCE,大商所,J,12,12,2,0
20241217,XDCE,大商所,JM,12,12,2,0
20241217,XDCE,大商所,L,12,12,5,0
20241217,XDCE,大商所,M,8,8,7,0
20241217,XDCE,大商所,P,12,12,5,0
20241217,XDCE,大商所,PG,12,12,3,0
20241217,XDCE,大商所,PP,12,12,3,0
20241217,XDCE,大商所,RR,12,12,1,0
20241217,XDCE,大商所,V,12,12,5,0
20241217,XDCE,大商所,Y,8,8,5,0
20241217,XSGE,上期所,AG,12,12,8,0
20241217,XSGE,上期所,AL,12,12,5,0
20241217,XSGE,上期所,AO,12,12,5,0
20241217,XSGE,上期所,AU,8,8,3,0
20241217,XSGE,上期所,BR,12,12,4,0
20241217,XSGE,上期所,BU,16,16,4,0
20241217,XSGE,上期所,CU,12,12,3,0
20241217,XSGE,上期所,FU,12,12,5,0
20241217,XSGE,上期所,HC,12,12,4,0
20241217,XSGE,上期所,NI,12,12,4,0
20241217,XSGE,上期所,PB,12,12,2,0
20241217,XSGE,上期所,RB,12,12,4,0
20241217,XSGE,上期所,RU,10,10,3,0
20241217,XSGE,上期所,SN,12,12,3,0
20241217,XSGE,上期所,SP,12,12,3,0
20241217,XSGE,上期所,SS,12,12,4,0
20241217,XSGE,上期所,ZN,12,12,3,0
20241217,XSIE,能源中心,BC,12,12,1,0
20241217,XSIE,能源中心,LU,12,12,2,0
20241217,XSIE,能源中心,NR,12,12,3,0
20241217,XSIE,能源中心,SC,20,20,3,0
20241218,XDCE,大商所,A,6,6,4,0
20241218,XDCE,大商所,B,12,12,6,0
20241218,XDCE,大商所,C,6,6,5,0
20241218,XDCE,大商所,CS,6,6,4,0
20241218,XDCE,大商所,EB,12,12,5,0
20241218,XDCE,大商所,EG,12,12,3,0
20241218,XDCE,大商所,I,12,12,4,0
20241218,XDCE,大商所,J,12,12,2,0
20241218,XDCE,大商所,JM,12,12,2,0
20241218,XDCE,大商所,L,12,12,3,0
20241218,XDCE,大商所,M,8,8,6,0
20241218,XDCE,大商所,P,12,12,4,0
20241218,XDCE,大商所,PG,12,12,4,0
20241218,XDCE,大商所,PP,12,12,2,0
20241218,XDCE,大商所,RR,12,12,3,0
20241218,XDCE,大商所,V,12,12,5,0
20241218,XDCE,大商所,Y,8,8,3,0
20241218,XSGE,上期所,AG,12,12,8,0
20241218,XSGE,上期所,AL,12,12,5,0
20241218,XSGE,上期所,AO,12,12,4,0
20241218,XSGE,上期所,AU,8,8,4,0
20241218,XSGE,上期所,BR,12,12,3,0
20241218,XSGE,上期所,BU,16,16,9,0
20241218,XSGE,上期所,CU,12,12,4,0
20241218,XSGE,上期所,FU,12,12,9,0
20241218,XSGE,上期所,HC,12,12,4,0
20241218,XSGE,上期所,NI,12,12,4,0
20241218,XSGE,上期所,PB,12,12,2,0
20241218,XSGE,上期所,RB,12,12,4,0
20241218,XSGE,上期所,RU,10,10,4,0
20241218,XSGE,上期所,SN,12,12,3,0
20241218,XSGE,上期所,SP,12,12,4,0
20241218,XSGE,上期所,SS,12,12,3,0
20241218,XSGE,上期所,ZN,12,12,4,0
20241218,XSIE,能源中心,BC,12,12,2,0
20241218,XSIE,能源中心,LU,12,12,5,0
20241218,XSIE,能源中心,NR,12,12,3,0
20241218,XSIE,能源中心,SC,20,20,3,0
20241219,XDCE,大商所,A,6,6,4,0
20241219,XDCE,大商所,B,12,12,4,0
20241219,XDCE,大商所,C,6,6,5,0
20241219,XDCE,大商所,CS,6,6,3,0
20241219,XDCE,大商所,EB,12,12,3,0
20241219,XDCE,大商所,EG,12,12,3,0
20241219,XDCE,大商所,I,12,12,3,0
20241219,XDCE,大商所,J,12,12,2,0
20241219,XDCE,大商所,JM,12,12,3,0
20241219,XDCE,大商所,L,12,12,3,0
20241219,XDCE,大商所,M,8,8,6,0
20241219,XDCE,大商所,P,12,12,6,0
20241219,XDCE,大商所,PG,12,12,4,0
20241219,XDCE,大商所,PP,12,12,3,0
20241219,XDCE,大商所,RR,12,12,1,0
20241219,XDCE,大商所,V,12,12,4,0
20241219,XDCE,大商所,Y,8,8,3,0
20241219,XSGE,上期所,AG,12,12,5,0
20241219,XSGE,上期所,AL,12,12,4,0
20241219,XSGE,上期所,AO,12,12,5,0
20241219,XSGE,上期所,AU,8,8,2,0
20241219,XSGE,上期所,BR,12,12,2,0
20241219,XSGE,上期所,BU,16,16,5,0
20241219,XSGE,上期所,CU,12,12,4,0
20241219,XSGE,上期所,FU,12,12,9,0
20241219,XSGE,上期所,HC,12,12,4,0
20241219,XSGE,上期所,NI,12,12,3,0
20241219,XSGE,上期所,PB,12,12,3,0
20241219,XSGE,上期所,RB,12,12,5,0
20241219,XSGE,上期所,RU,10,10,4,0
20241219,XSGE,上期所,SN,12,12,3,0
20241219,XSGE,上期所,SP,12,12,3,0
20241219,XSGE,上期所,SS,12,12,4,0
20241219,XSGE,上期所,ZN,12,12,4,0
20241219,XSIE,能源中心,BC,12,12,1,0
20241219,XSIE,能源中心,LU,12,12,5,0
20241219,XSIE,能源中心,NR,12,12,4,0
20241219,XSIE,能源中心,SC,20,20,4,0
20241220,XDCE,大商所,A,6,6,5,0
20241220,XDCE,大商所,B,12,12,5,0
20241220,XDCE,大商所,C,6,6,6,0
20241220,XDCE,大商所,CS,6,6,4,0
20241220,XDCE,大商所,EB,12,12,3,0
20241220,XDCE,大商所,EG,12,12,2,0
20241220,XDCE,大商所,I,12,12,4,0
20241220,XDCE,大商所,J,12,12,2,0
20241220,XDCE,大商所,JM,12,12,2,0
20241220,XDCE,大商所,L,12,12,4,0
20241220,XDCE,大商所,M,8,8,6,0
20241220,XDCE,大商所,P,12,12,6,0
20241220,XDCE,大商所,PG,12,12,5,0
20241220,XDCE,大商所,PP,12,12,2,0
20241220,XDCE,大商所,RR,12,12,0,0
20241220,XDCE,大商所,V,12,12,4,0
20241220,XDCE,大商所,Y,8,8,5,0
20241220,XSGE,上期所,AG,12,12,7,0
20241220,XSGE,上期所,AL,12,12,4,0
20241220,XSGE,上期所,AO,12,12,4,0
20241220,XSGE,上期所,AU,8,8,3,0
20241220,XSGE,上期所,BR,12,12,3,0
20241220,XSGE,上期所,BU,16,16,3,0
20241220,XSGE,上期所,CU,12,12,4,0
20241220,XSGE,上期所,FU,12,12,6,0
20241220,XSGE,上期所,HC,12,12,4,0
20241220,XSGE,上期所,NI,12,12,5,0
20241220,XSGE,上期所,PB,12,12,3,0
20241220,XSGE,上期所,RB,12,12,6,0
20241220,XSGE,上期所,RU,10,10,4,0
20241220,XSGE,上期所,SN,12,12,3,0
20241220,XSGE,上期所,SP,12,12,4,0
20241220,XSGE,上期所,SS,12,12,3,0
20241220,XSGE,上期所,ZN,12,12,4,0
20241220,XSIE,能源中心,BC,12,12,1,0
20241220,XSIE,能源中心,LU,12,12,4,0
20241220,XSIE,能源中心,NR,12,12,4,0
20241220,XSIE,能源中心,SC,20,20,3,0
20241223,XDCE,大商所,A,6,6,5,0
20241223,XDCE,大商所,B,12,12,6,0
20241223,XDCE,大商所,C,6,6,4,0
20241223,XDCE,大商所,CS,6,6,4,0
20241223,XDCE,大商所,EB,12,12,3,0
20241223,XDCE,大商所,EG,12,12,2,0
20241223,XDCE,大商所,I,12,12,5,0
20241223,XDCE,大商所,J,12,12,2,0
20241223,XDCE,大商所,JM,12,12,3,0
20241223,XDCE,大商所,L,12,12,3,0
20241223,XDCE,大商所,M,8,8,7,0
20241223,XDCE,大商所,P,12,12,5,0
20241223,XDCE,大商所,PG,12,12,3,0
20241223,XDCE,大商所,PP,12,12,2,0
20241223,XDCE,大商所,RR,12,12,0,0
20241223,XDCE,大商所,V,12,12,4,0
20241223,XDCE,大商所,Y,8,8,3,0
20241223,XSGE,上期所,AG,12,12,6,0
20241223,XSGE,上期所,AL,12,12,5,0
20241223,XSGE,上期所,AO,12,12,5,0
20241223,XSGE,上期所,AU,8,8,4,0
20241223,XSGE,上期所,BR,12,12,4,0
20241223,XSGE,上期所,BU,16,16,3,0
20241223,XSGE,上期所,CU,12,12,4,0
20241223,XSGE,上期所,FU,12,12,6,0
20241223,XSGE,上期所,HC,12,12,4,0
20241223,XSGE,上期所,NI,12,12,4,0
20241223,XSGE,上期所,PB,12,12,3,0
20241223,XSGE,上期所,RB,12,12,6,0
20241223,XSGE,上期所,RU,10,10,3,0
20241223,XSGE,上期所,SN,12,12,4,0
20241223,XSGE,上期所,SP,12,12,4,0
20241223,XSGE,上期所,SS,12,12,3,0
20241223,XSGE,上期所,ZN,12,12,5,0
20241223,XSIE,能源中心,BC,12,12,3,0
20241223,XSIE,能源中心,LU,12,12,3,0
20241223,XSIE,能源中心,NR,12,12,3,0
20241223,XSIE,能源中心,SC,20,20,3,0
20241224,XDCE,大商所,A,6,6,4,0
20241224,XDCE,大商所,B,12,12,5,0
20241224,XDCE,大商所,C,6,6,4,0
20241224,XDCE,大商所,CS,6,6,3,0
20241224,XDCE,大商所,EB,12,12,4,0
20241224,XDCE,大商所,EG,12,12,3,0
20241224,XDCE,大商所,I,12,12,5,0
20241224,XDCE,大商所,J,12,12,3,0
20241224,XDCE,大商所,JM,12,12,2,0
20241224,XDCE,大商所,L,12,12,3,0
20241224,XDCE,大商所,M,8,8,6,0
20241224,XDCE,大商所,P,12,12,5,0
20241224,XDCE,大商所,PG,12,12,4,0
20241224,XDCE,大商所,PP,12,12,3,0
20241224,XDCE,大商所,RR,12,12,1,0
20241224,XDCE,大商所,V,12,12,5,0
20241224,XDCE,大商所,Y,8,8,4,0
20241224,XSGE,上期所,AG,12,12,8,0
20241224,XSGE,上期所,AL,12,12,4,0
20241224,XSGE,上期所,AO,12,12,4,0
20241224,XSGE,上期所,AU,8,8,3,0
20241224,XSGE,上期所,BR,12,12,3,0
20241224,XSGE,上期所,BU,16,16,6,0
20241224,XSGE,上期所,CU,12,12,5,0
20241224,XSGE,上期所,FU,12,12,9,0
20241224,XSGE,上期所,HC,12,12,4,0
20241224,XSGE,上期所,NI,12,12,3,0
20241224,XSGE,上期所,PB,12,12,3,0
20241224,XSGE,上期所,RB,12,12,4,0
20241224,XSGE,上期所,RU,10,10,3,0
20241224,XSGE,上期所,SN,12,12,3,0
20241224,XSGE,上期所,SP,12,12,3,0
20241224,XSGE,上期所,SS,12,12,3,0
20241224,XSGE,上期所,ZN,12,12,5,0
20241224,XSIE,能源中心,BC,12,12,2,0
20241224,XSIE,能源中心,LU,12,12,6,0
20241224,XSIE,能源中心,NR,12,12,2,0
20241224,XSIE,能源中心,SC,20,20,4,0
20241225,XDCE,大商所,A,6,6,3,0
20241225,XDCE,大商所,B,12,12,6,0
20241225,XDCE,大商所,C,6,6,4,0
20241225,XDCE,大商所,CS,6,6,4,0
20241225,XDCE,大商所,EB,12,12,3,0
20241225,XDCE,大商所,EG,12,12,4,0
20241225,XDCE,大商所,I,12,12,5,0
20241225,XDCE,大商所,J,12,12,2,0
20241225,XDCE,大商所,JM,12,12,4,0
20241225,XDCE,大商所,L,12,12,3,0
20241225,XDCE,大商所,M,8,8,5,0
20241225,XDCE,大商所,P,12,12,5,0
20241225,XDCE,大商所,PG,12,12,4,0
20241225,XDCE,大商所,PP,12,12,4,0
20241225,XDCE,大商所,RR,12,12,0,0
20241225,XDCE,大商所,V,12,12,5,0
20241225,XDCE,大商所,Y,8,8,3,0
20241225,XSGE,上期所,AG,12,12,8,0
20241225,XSGE,上期所,AL,12,12,6,0
20241225,XSGE,上期所,AO,12,12,6,0
20241225,XSGE,上期所,AU,8,8,2,0
20241225,XSGE,上期所,BR,12,12,3,0
20241225,XSGE,上期所,BU,16,16,5,0
20241225,XSGE,上期所,CU,12,12,3,0
20241225,XSGE,上期所,FU,12,12,7,0
20241225,XSGE,上期所,HC,12,12,3,0
20241225,XSGE,上期所,NI,12,12,5,0
20241225,XSGE,上期所,PB,12,12,3,0
20241225,XSGE,上期所,RB,12,12,5,0
20241225,XSGE,上期所,RU,10,10,3,0
20241225,XSGE,上期所,SN,12,12,3,0
20241225,XSGE,上期所,SP,12,12,3,0
20241225,XSGE,上期所,SS,12,12,5,0
20241225,XSGE,上期所,ZN,12,12,6,0
20241225,XSIE,能源中心,BC,12,12,2,0
20241225,XSIE,能源中心,LU,12,12,5,0
20241225,XSIE,能源中心,NR,12,12,4,0
20241225,XSIE,能源中心,SC,20,20,3,0
20241226,XDCE,大商所,A,6,6,3,0
20241226,XDCE,大商所,B,12,12,4,0
20241226,XDCE,大商所,C,6,6,4,0
20241226,XDCE,大商所,CS,6,6,4,0
20241226,XDCE,大商所,EB,12,12,5,0
20241226,XDCE,大商所,EG,12,12,3,0
20241226,XDCE,大商所,I,12,12,5,0
20241226,XDCE,大商所,J,12,12,2,0
20241226,XDCE,大商所,JM,12,12,2,0
20241226,XDCE,大商所,L,12,12,3,0
20241226,XDCE,大商所,M,8,8,4,0
20241226,XDCE,大商所,P,12,12,4,0
20241226,XDCE,大商所,PG,12,12,4,0
20241226,XDCE,大商所,PP,12,12,3,0
20241226,XDCE,大商所,RR,12,12,0,0
20241226,XDCE,大商所,V,12,12,3,0
20241226,XDCE,大商所,Y,8,8,4,0
20241226,XSGE,上期所,AG,12,12,6,0
20241226,XSGE,上期所,AL,12,12,3,0
20241226,XSGE,上期所,AO,12,12,5,0
20241226,XSGE,上期所,AU,8,8,3,0
20241226,XSGE,上期所,BR,12,12,3,0
20241226,XSGE,上期所,BU,16,16,4,0
20241226,XSGE,上期所,CU,12,12,4,0
20241226,XSGE,上期所,FU,12,12,4,0
20241226,XSGE,上期所,HC,12,12,4,0
20241226,XSGE,上期所,NI,12,12,4,0
20241226,XSGE,上期所,PB,12,12,3,0
20241226,XSGE,上期所,RB,12,12,6,0
20241226,XSGE,上期所,RU,10,10,3,0
20241226,XSGE,上期所,SN,12,12,3,0
20241226,XSGE,上期所,SP,12,12,3,0
20241226,XSGE,上期所,SS,12,12,3,0
20241226,XSGE,上期所,ZN,12,12,4,0
20241226,XSIE,能源中心,BC,12,12,2,0
20241226,XSIE,能源中心,LU,12,12,4,0
20241226,XSIE,能源中心,NR,12,12,2,0
20241226,XSIE,能源中心,SC,20,20,4,0
20241227,XDCE,大商所,A,6,6,5,0
20241227,XDCE,大商所,B,12,12,6,0
20241227,XDCE,大商所,C,6,6,5,0
20241227,XDCE,大商所,CS,6,6,4,0
20241227,XDCE,大商所,EB,12,12,3,0
20241227,XDCE,大商所,EG,12,12,4,0
20241227,XDCE,大商所,I,12,12,4,0
20241227,XDCE,大商所,J,12,12,2,0
20241227,XDCE,大商所,JM,12,12,3,0
20241227,XDCE,大商所,L,12,12,3,0
20241227,XDCE,大商所,M,8,8,4,0
20241227,XDCE,大商所,P,12,12,4,0
20241227,XDCE,大商所,PG,12,12,4,0
20241227,XDCE,大商所,PP,12,12,4,0
20241227,XDCE,大商所,RR,12,12,0,0
20241227,XDCE,大商所,V,12,12,5,0
20241227,XDCE,大商所,Y,8,8,3,0
20241227,XSGE,上期所,AG,12,12,8,0
20241227,XSGE,上期所,AL,12,12,5,0
20241227,XSGE,上期所,AO,12,12,9,0
20241227,XSGE,上期所,AU,8,8,3,0
20241227,XSGE,上期所,BR,12,12,4,0
20241227,XSGE,上期所,BU,16,16,5,0
20241227,XSGE,上期所,CU,12,12,6,0
20241227,XSGE,上期所,FU,12,12,5,0
20241227,XSGE,上期所,HC,12,12,5,0
20241227,XSGE,上期所,NI,12,12,4,0
20241227,XSGE,上期所,PB,12,12,3,0
20241227,XSGE,上期所,RB,12,12,6,0
20241227,XSGE,上期所,RU,10,10,3,0
20241227,XSGE,上期所,SN,12,12,4,0
20241227,XSGE,上期所,SP,12,12,3,0
20241227,XSGE,上期所,SS,12,12,4,0
20241227,XSGE,上期所,ZN,12,12,5,0
20241227,XSIE,能源中心,BC,12,12,3,0
20241227,XSIE,能源中心,LU,12,12,3,0
20241227,XSIE,能源中心,NR,12,12,4,0
20241227,XSIE,能源中心,SC,20,20,3,0
20241230,XDCE,大商所,A,6,6,3,0
20241230,XDCE,大商所,B,12,12,4,0
20241230,XDCE,大商所,C,6,6,6,0
20241230,XDCE,大商所,CS,6,6,4,0
20241230,XDCE,大商所,EB,12,12,7,0
20241230,XDCE,大商所,EG,12,12,2,0
20241230,XDCE,大商所,I,12,12,5,0
20241230,XDCE,大商所,J,12,12,2,0
20241230,XDCE,大商所,JM,12,12,3,0
20241230,XDCE,大商所,L,12,12,4,0
20241230,XDCE,大商所,M,8,8,5,0
20241230,XDCE,大商所,P,12,12,5,0
20241230,XDCE,大商所,PG,12,12,4,0
20241230,XDCE,大商所,PP,12,12,4,0
20241230,XDCE,大商所,RR,12,12,0,0
20241230,XDCE,大商所,V,12,12,6,0
20241230,XDCE,大商所,Y,8,8,5,0
20241230,XSGE,上期所,AG,12,12,8,0
20241230,XSGE,上期所,AL,12,12,4,0
20241230,XSGE,上期所,AO,12,12,4,0
20241230,XSGE,上期所,AU,8,8,3,0
20241230,XSGE,上期所,BR,12,12,4,0
20241230,XSGE,上期所,BU,16,16,5,0
20241230,XSGE,上期所,CU,12,12,4,0
20241230,XSGE,上期所,FU,12,12,8,0
20241230,XSGE,上期所,HC,12,12,6,0
20241230,XSGE,上期所,NI,12,12,5,0
20241230,XSGE,上期所,PB,12,12,3,0
20241230,XSGE,上期所,RB,12,12,6,0
20241230,XSGE,上期所,RU,10,10,3,0
20241230,XSGE,上期所,SN,12,12,3,0
20241230,XSGE,上期所,SP,12,12,4,0
20241230,XSGE,上期所,SS,12,12,4,0
20241230,XSGE,上期所,ZN,12,12,5,0
20241230,XSIE,能源中心,BC,12,12,1,0
20241230,XSIE,能源中心,LU,12,12,5,0
20241230,XSIE,能源中心,NR,12,12,4,0
20241230,XSIE,能源中心,SC,20,20,2,0
20241231,XDCE,大商所,A,6,6,4,0
20241231,XDCE,大商所,B,12,12,5,0
20241231,XDCE,大商所,C,6,6,6,0
20241231,XDCE,大商所,CS,6,6,4,0
20241231,XDCE,大商所,EB,12,12,5,0
20241231,XDCE,大商所,EG,12,12,3,0
20241231,XDCE,大商所,I,12,12,6,0
20241231,XDCE,大商所,J,12,12,2,0
20241231,XDCE,大商所,JM,12,12,2,0
20241231,XDCE,大商所,L,12,12,3,0
20241231,XDCE,大商所,M,8,8,6,0
20241231,XDCE,大商所,P,12,12,7,0
20241231,XDCE,大商所,PG,12,12,3,0
20241231,XDCE,大商所,PP,12,12,3,0
20241231,XDCE,大商所,RR,12,12,0,0
20241231,XDCE,大商所,V,12,12,5,0
20241231,XDCE,大商所,Y,8,8,5,0
20241231,XSGE,上期所,AG,12,12,5,0
20241231,XSGE,上期所,AL,12,12,4,0
20241231,XSGE,上期所,AO,12,12,4,0
20241231,XSGE,上期所,AU,8,8,3,0
20241231,XSGE,上期所,BR,12,12,4,0
20241231,XSGE,上期所,BU,16,16,6,0
20241231,XSGE,上期所,CU,12,12,5,0
20241231,XSGE,上期所,FU,12,12,5,0
20241231,XSGE,上期所,HC,12,12,5,0
20241231,XSGE,上期所,NI,12,12,4,0
20241231,XSGE,上期所,PB,12,12,3,0
20241231,XSGE,上期所,RB,12,12,6,0
20241231,XSGE,上期所,RU,10,10,3,0
20241231,XSGE,上期所,SN,12,12,3,0
20241231,XSGE,上期所,SP,12,12,4,0
20241231,XSGE,上期所,SS,12,12,6,0
20241231,XSGE,上期所,ZN,12,12,6,0
20241231,XSIE,能源中心,BC,12,12,1,0
20241231,XSIE,能源中心,LU,12,12,6,0
20241231,XSIE,能源中心,NR,12,12,3,0
20241231,XSIE,能源中心,SC,20,20,2,0
20250103,XDCE,大商所,A,6,6,4,0
20250103,XDCE,大商所,B,12,12,2,0
20250103,XDCE,大商所,C,6,6,5,0
20250103,XDCE,大商所,CS,6,6,4,0
20250103,XDCE,大商所,EB,12,12,5,0
20250103,XDCE,大商所,EG,12,12,3,0
20250103,XDCE,大商所,I,12,12,3,0
20250103,XDCE,大商所,J,12,12,1,0
20250103,XDCE,大商所,JM,12,12,4,0
20250103,XDCE,大商所,L,12,12,6,0
20250103,XDCE,大商所,M,8,8,6,0
20250103,XDCE,大商所,P,12,12,5,0
20250103,XDCE,大商所,PG,12,12,3,0
20250103,XDCE,大商所,PP,12,12,2,0
20250103,XDCE,大商所,RR,12,12,1,0
20250103,XDCE,大商所,V,12,12,5,0
20250103,XDCE,大商所,Y,8,8,2,0
20250103,XSGE,上期所,AG,12,12,9,0
20250103,XSGE,上期所,AL,12,12,5,0
20250103,XSGE,上期所,AO,12,12,4,0
20250103,XSGE,上期所,AU,8,8,6,0
20250103,XSGE,上期所,BR,12,12,3,0
20250103,XSGE,上期所,BU,16,16,7,0
20250103,XSGE,上期所,CU,12,12,6,0
20250103,XSGE,上期所,FU,12,12,7,0
20250103,XSGE,上期所,HC,12,12,5,0
20250103,XSGE,上期所,NI,12,12,4,0
20250103,XSGE,上期所,PB,12,12,4,0
20250103,XSGE,上期所,RB,12,12,10,0
20250103,XSGE,上期所,RU,10,10,4,0
20250103,XSGE,上期所,SN,12,12,4,0
20250103,XSGE,上期所,SP,12,12,4,0
20250103,XSGE,上期所,SS,12,12,5,0
20250103,XSGE,上期所,ZN,12,12,7,0
20250103,XSIE,能源中心,BC,12,12,1,0
20250103,XSIE,能源中心,LU,12,12,5,0
20250103,XSIE,能源中心,NR,12,12,5,0
20250103,XSIE,能源中心,SC,20,20,4,0
20250106,XDCE,大商所,A,6,6,4,0
20250106,XDCE,大商所,B,12,12,4,0
20250106,XDCE,大商所,C,6,6,4,0
20250106,XDCE,大商所,CS,6,6,3,0
20250106,XDCE,大商所,EB,12,12,2,0
20250106,XDCE,大商所,EG,12,12,3,0
20250106,XDCE,大商所,I,12,12,4,0
20250106,XDCE,大商所,J,12,12,1,0
20250106,XDCE,大商所,JM,12,12,2,0
20250106,XDCE,大商所,L,12,12,5,0
20250106,XDCE,大商所,M,8,8,6,0
20250106,XDCE,大商所,P,12,12,4,0
20250106,XDCE,大商所,PG,12,12,3,0
20250106,XDCE,大商所,PP,12,12,2,0
20250106,XDCE,大商所,RR,12,12,1,0
20250106,XDCE,大商所,V,12,12,5,0
20250106,XDCE,大商所,Y,8,8,2,0
20250106,XSGE,上期所,AG,12,12,7,0
20250106,XSGE,上期所,AL,12,12,5,0
20250106,XSGE,上期所,AO,12,12,5,0
20250106,XSGE,上期所,AU,8,8,7,0
20250106,XSGE,上期所,BR,12,12,3,0
20250106,XSGE,上期所,BU,16,16,3,0
20250106,XSGE,上期所,CU,12,12,5,0
20250106,XSGE,上期所,FU,12,12,5,0
20250106,XSGE,上期所,HC,12,12,3,0
20250106,XSGE,上期所,NI,12,12,4,0
20250106,XSGE,上期所,PB,12,12,2,0
20250106,XSGE,上期所,RB,12,12,8,0
20250106,XSGE,上期所,RU,10,10,4,0
20250106,XSGE,上期所,SN,12,12,2,0
20250106,XSGE,上期所,SP,12,12,3,0
20250106,XSGE,上期所,SS,12,12,4,0
20250106,XSGE,上期所,ZN,12,12,4,0
20250106,XSIE,能源中心,BC,12,12,1,0
20250106,XSIE,能源中心,LU,12,12,3,0
20250106,XSIE,能源中心,NR,12,12,4,0
20250106,XSIE,能源中心,SC,20,20,3,0
20250107,XDCE,大商所,A,6,6,4,0
20250107,XDCE,大商所,B,12,12,4,0
20250107,XDCE,大商所,C,6,6,4,0
20250107,XDCE,大商所,CS,6,6,3,0
20250107,XDCE,大商所,EB,12,12,3,0
20250107,XDCE,大商所,EG,12,12,4,0
20250107,XDCE,大商所,I,12,12,4,0
20250107,XDCE,大商所,J,12,12,1,0
20250107,XDCE,大商所,JM,12,12,2,0
20250107,XDCE,大商所,L,12,12,4,0
20250107,XDCE,大商所,M,8,8,7,0
20250107,XDCE,大商所,P,12,12,4,0
20250107,XDCE,大商所,PG,12,12,4,0
20250107,XDCE,大商所,PP,12,12,2,0
20250107,XDCE,大商所,RR,12,12,0,0
20250107,XDCE,大商所,V,12,12,4,0
20250107,XDCE,大商所,Y,8,8,3,0
20250107,XSGE,上期所,AG,12,12,11,0
20250107,XSGE,上期所,AL,12,12,4,0
20250107,XSGE,上期所,AO,12,12,6,0
20250107,XSGE,上期所,AU,8,8,6,0
20250107,XSGE,上期所,BR,12,12,3,0
20250107,XSGE,上期所,BU,16,16,4,0
20250107,XSGE,上期所,CU,12,12,7,0
20250107,XSGE,上期所,FU,12,12,7,0
20250107,XSGE,上期所,HC,12,12,5,0
20250107,XSGE,上期所,NI,12,12,4,0
20250107,XSGE,上期所,PB,12,12,2,0
20250107,XSGE,上期所,RB,12,12,5,0
20250107,XSGE,上期所,RU,10,10,3,0
20250107,XSGE,上期所,SN,12,12,4,0
20250107,XSGE,上期所,SP,12,12,3,0
20250107,XSGE,上期所,SS,12,12,5,0
20250107,XSGE,上期所,ZN,12,12,4,0
20250107,XSIE,能源中心,BC,12,12,2,0
20250107,XSIE,能源中心,LU,12,12,5,0
20250107,XSIE,能源中心,NR,12,12,5,0
20250107,XSIE,能源中心,SC,20,20,3,0
20250108,XDCE,大商所,A,6,6,3,0
20250108,XDCE,大商所,B,12,12,5,0
20250108,XDCE,大商所,C,6,6,5,0
20250108,XDCE,大商所,CS,6,6,3,0
20250108,XDCE,大商所,EB,12,12,5,0
20250108,XDCE,大商所,EG,12,12,2,0
20250108,XDCE,大商所,I,12,12,4,0
20250108,XDCE,大商所,J,12,12,1,0
20250108,XDCE,大商所,JM,12,12,2,0
20250108,XDCE,大商所,L,12,12,4,0
20250108,XDCE,大商所,M,8,8,6,0
20250108,XDCE,大商所,P,12,12,5,0
20250108,XDCE,大商所,PG,12,12,3,0
20250108,XDCE,大商所,PP,12,12,3,0
20250108,XDCE,大商所,RR,12,12,0,0
20250108,XDCE,大商所,V,12,12,4,0
20250108,XDCE,大商所,Y,8,8,3,0
20250108,XSGE,上期所,AG,12,12,6,0
20250108,XSGE,上期所,AL,12,12,4,0
20250108,XSGE,上期所,AO,12,12,6,0
20250108,XSGE,上期所,AU,8,8,5,0
20250108,XSGE,上期所,BR,12,12,3,0
20250108,XSGE,上期所,BU,16,16,7,0
20250108,XSGE,上期所,CU,12,12,4,0
20250108,XSGE,上期所,FU,12,12,6,0
20250108,XSGE,上期所,HC,12,12,5,0
20250108,XSGE,上期所,NI,12,12,4,0
20250108,XSGE,上期所,PB,12,12,3,0
20250108,XSGE,上期所,RB,12,12,6,0
20250108,XSGE,上期所,RU,10,10,4,0
20250108,XSGE,上期所,SN,12,12,4,0
20250108,XSGE,上期所,SP,12,12,4,0
20250108,XSGE,上期所,SS,12,12,4,0
20250108,XSGE,上期所,ZN,12,12,4,0
20250108,XSIE,能源中心,BC,12,12,2,0
20250108,XSIE,能源中心,LU,12,12,4,0
20250108,XSIE,能源中心,NR,12,12,4,0
20250108,XSIE,能源中心,SC,20,20,3,0
20250109,XDCE,大商所,A,6,6,3,0
20250109,XDCE,大商所,B,12,12,4,0
20250109,XDCE,大商所,C,6,6,4,0
20250109,XDCE,大商所,CS,6,6,3,0
20250109,XDCE,大商所,EB,12,12,3,0
20250109,XDCE,大商所,EG,12,12,1,0
20250109,XDCE,大商所,I,12,12,3,0
20250109,XDCE,大商所,J,12,12,1,0
20250109,XDCE,大商所,JM,12,12,3,0
20250109,XDCE,大商所,L,12,12,2,0
20250109,XDCE,大商所,M,8,8,5,0
20250109,XDCE,大商所,P,12,12,4,0
20250109,XDCE,大商所,PG,12,12,3,0
20250109,XDCE,大商所,PP,12,12,2,0
20250109,XDCE,大商所,RR,12,12,0,0
20250109,XDCE,大商所,V,12,12,4,0
20250109,XDCE,大商所,Y,8,8,2,0
20250109,XSGE,上期所,AG,12,12,6,0
20250109,XSGE,上期所,AL,12,12,5,0
20250109,XSGE,上期所,AO,12,12,5,0
20250109,XSGE,上期所,AU,8,8,4,0
20250109,XSGE,上期所,BR,12,12,3,0
20250109,XSGE,上期所,BU,16,16,5,0
20250109,XSGE,上期所,CU,12,12,4,0
20250109,XSGE,上期所,FU,12,12,3,0
20250109,XSGE,上期所,HC,12,12,4,0
20250109,XSGE,上期所,NI,12,12,4,0
20250109,XSGE,上期所,PB,12,12,2,0
20250109,XSGE,上期所,RB,12,12,5,0
20250109,XSGE,上期所,RU,10,10,3,0
20250109,XSGE,上期所,SN,12,12,3,0
20250109,XSGE,上期所,SP,12,12,3,0
20250109,XSGE,上期所,SS,12,12,3,0
20250109,XSGE,上期所,ZN,12,12,5,0
20250109,XSIE,能源中心,BC,12,12,2,0
20250109,XSIE,能源中心,LU,12,12,2,0
20250109,XSIE,能源中心,NR,12,12,4,0
20250109,XSIE,能源中心,SC,20,20,3,0
20250110,XDCE,大商所,A,6,6,2,0
20250110,XDCE,大商所,B,12,12,4,0
20250110,XDCE,大商所,C,6,6,3,0
20250110,XDCE,大商所,CS,6,6,3,0
20250110,XDCE,大商所,EB,12,12,4,0
20250110,XDCE,大商所,EG,12,12,2,0
20250110,XDCE,大商所,I,12,12,3,0
20250110,XDCE,大商所,J,12,12,1,0
20250110,XDCE,大商所,JM,12,12,2,0
20250110,XDCE,大商所,L,12,12,2,0
20250110,XDCE,大商所,M,8,8,4,0
20250110,XDCE,大商所,P,12,12,3,0
20250110,XDCE,大商所,PG,12,12,3,0
20250110,XDCE,大商所,PP,12,12,2,0
20250110,XDCE,大商所,RR,12,12,1,0
20250110,XDCE,大商所,V,12,12,4,0
20250110,XDCE,大商所,Y,8,8,3,0
20250110,XSGE,上期所,AG,12,12,9,0
20250110,XSGE,上期所,AL,12,12,4,0
20250110,XSGE,上期所,AO,12,12,5,0
20250110,XSGE,上期所,AU,8,8,4,0
20250110,XSGE,上期所,BR,12,12,2,0
20250110,XSGE,上期所,BU,16,16,4,0
20250110,XSGE,上期所,CU,12,12,4,0
20250110,XSGE,上期所,FU,12,12,5,0
20250110,XSGE,上期所,HC,12,12,4,0
20250110,XSGE,上期所,NI,12,12,5,0
20250110,XSGE,上期所,PB,12,12,3,0
20250110,XSGE,上期所,RB,12,12,6,0
20250110,XSGE,上期所,RU,10,10,2,0
20250110,XSGE,上期所,SN,12,12,4,0
20250110,XSGE,上期所,SP,12,12,3,0
20250110,XSGE,上期所,SS,12,12,3,0
20250110,XSGE,上期所,ZN,12,12,5,0
20250110,XSIE,能源中心,BC,12,12,2,0
20250110,XSIE,能源中心,LU,12,12,4,0
20250110,XSIE,能源中心,NR,12,12,4,0
20250110,XSIE,能源中心,SC,20,20,4,0
20250113,XDCE,大商所,A,6,6,4,0
20250113,XDCE,大商所,B,12,12,5,0
20250113,XDCE,大商所,C,6,6,4,0
20250113,XDCE,大商所,CS,6,6,2,0
20250113,XDCE,大商所,EB,12,12,5,0
20250113,XDCE,大商所,EG,12,12,2,0
20250113,XDCE,大商所,I,12,12,7,0
20250113,XDCE,大商所,J,12,12,1,0
20250113,XDCE,大商所,JM,12,12,2,0
20250113,XDCE,大商所,L,12,12,4,0
20250113,XDCE,大商所,M,8,8,5,0
20250113,XDCE,大商所,P,12,12,5,0
20250113,XDCE,大商所,PG,12,12,4,0
20250113,XDCE,大商所,PP,12,12,3,0
20250113,XDCE,大商所,RR,12,12,1,0
20250113,XDCE,大商所,V,12,12,4,0
20250113,XDCE,大商所,Y,8,8,4,0
20250113,XSGE,上期所,AG,12,12,5,0
20250113,XSGE,上期所,AL,12,12,5,0
20250113,XSGE,上期所,AO,12,12,4,0
20250113,XSGE,上期所,AU,8,8,4,0
20250113,XSGE,上期所,BR,12,12,3,0
20250113,XSGE,上期所,BU,16,16,5,0
20250113,XSGE,上期所,CU,12,12,4,0
20250113,XSGE,上期所,FU,12,12,10,0
20250113,XSGE,上期所,HC,12,12,4,0
20250113,XSGE,上期所,NI,12,12,5,0
20250113,XSGE,上期所,PB,12,12,2,0
20250113,XSGE,上期所,RB,12,12,6,0
20250113,XSGE,上期所,RU,10,10,2,0
20250113,XSGE,上期所,SN,12,12,3,0
20250113,XSGE,上期所,SP,12,12,5,0
20250113,XSGE,上期所,SS,12,12,4,0
20250113,XSGE,上期所,ZN,12,12,4,0
20250113,XSIE,能源中心,BC,12,12,1,0
20250113,XSIE,能源中心,LU,12,12,3,0
20250113,XSIE,能源中心,NR,12,12,3,0
20250113,XSIE,能源中心,SC,20,20,4,0
20250114,XDCE,大商所,A,6,6,4,0
20250114,XDCE,大商所,B,12,12,4,0
20250114,XDCE,大商所,C,6,6,5,0
20250114,XDCE,大商所,CS,6,6,3,0
20250114,XDCE,大商所,EB,12,12,3,0
20250114,XDCE,大商所,EG,12,12,4,0
20250114,XDCE,大商所,I,12,12,4,0
20250114,XDCE,大商所,J,12,12,2,0
20250114,XDCE,大商所,JM,12,12,3,0
20250114,XDCE,大商所,L,12,12,1,0
20250114,XDCE,大商所,M,8,8,5,0
20250114,XDCE,大商所,P,12,12,8,0
20250114,XDCE,大商所,PG,12,12,3,0
20250114,XDCE,大商所,PP,12,12,3,0
20250114,XDCE,大商所,RR,12,12,0,0
20250114,XDCE,大商所,V,12,12,4,0
20250114,XDCE,大商所,Y,8,8,2,0
20250114,XSGE,上期所,AG,12,12,11,0
20250114,XSGE,上期所,AL,12,12,4,0
20250114,XSGE,上期所,AO,12,12,4,0
20250114,XSGE,上期所,AU,8,8,6,0
20250114,XSGE,上期所,BR,12,12,4,0
20250114,XSGE,上期所,BU,16,16,5,0
20250114,XSGE,上期所,CU,12,12,5,0
20250114,XSGE,上期所,FU,12,12,7,0
20250114,XSGE,上期所,HC,12,12,4,0
20250114,XSGE,上期所,NI,12,12,3,0
20250114,XSGE,上期所,PB,12,12,3,0
20250114,XSGE,上期所,RB,12,12,5,0
20250114,XSGE,上期所,RU,10,10,2,0
20250114,XSGE,上期所,SN,12,12,4,0
20250114,XSGE,上期所,SP,12,12,2,0
20250114,XSGE,上期所,SS,12,12,4,0
20250114,XSGE,上期所,ZN,12,12,5,0
20250114,XSIE,能源中心,BC,12,12,2,0
20250114,XSIE,能源中心,LU,12,12,3,0
20250114,XSIE,能源中心,NR,12,12,3,0
20250114,XSIE,能源中心,SC,20,20,4,0
20250115,XDCE,大商所,A,6,6,3,0
20250115,XDCE,大商所,B,12,12,5,0
20250115,XDCE,大商所,C,6,6,4,0
20250115,XDCE,大商所,CS,6,6,2,0
20250115,XDCE,大商所,EB,12,12,3,0
20250115,XDCE,大商所,EG,12,12,2,0
20250115,XDCE,大商所,I,12,12,4,0
20250115,XDCE,大商所,J,12,12,1,0
20250115,XDCE,大商所,JM,12,12,1,0
20250115,XDCE,大商所,L,12,12,3,0
20250115,XDCE,大商所,M,8,8,7,0
20250115,XDCE,大商所,P,12,12,6,0
20250115,XDCE,大商所,PG,12,12,3,0
20250115,XDCE,大商所,PP,12,12,2,0
20250115,XDCE,大商所,RR,12,12,0,0
20250115,XDCE,大商所,V,12,12,4,0
20250115,XDCE,大商所,Y,8,8,3,0
20250115,XSGE,上期所,AG,12,12,9,0
20250115,XSGE,上期所,AL,12,12,3,0
20250115,XSGE,上期所,AO,12,12,4,0
20250115,XSGE,上期所,AU,8,8,6,0
20250115,XSGE,上期所,BR,12,12,3,0
20250115,XSGE,上期所,BU,16,16,6,0
20250115,XSGE,上期所,CU,12,12,6,0
20250115,XSGE,上期所,FU,12,12,4,0
20250115,XSGE,上期所,HC,12,12,4,0
20250115,XSGE,上期所,NI,12,12,7,0
20250115,XSGE,上期所,PB,12,12,2,0
20250115,XSGE,上期所,RB,12,12,5,0
20250115,XSGE,上期所,RU,10,10,2,0
20250115,XSGE,上期所,SN,12,12,4,0
20250115,XSGE,上期所,SP,12,12,3,0
20250115,XSGE,上期所,SS,12,12,4,0
20250115,XSGE,上期所,ZN,12,12,4,0
20250115,XSIE,能源中心,BC,12,12,2,0
20250115,XSIE,能源中心,LU,12,12,4,0
20250115,XSIE,能源中心,NR,12,12,4,0
20250115,XSIE,能源中心,SC,20,20,3,0
20250116,XDCE,大商所,A,6,6,4,0
20250116,XDCE,大商所,B,12,12,5,0
20250116,XDCE,大商所,C,6,6,5,0
20250116,XDCE,大商所,CS,6,6,4,0
20250116,XDCE,大商所,EB,12,12,5,0
20250116,XDCE,大商所,EG,12,12,3,0
20250116,XDCE,大商所,I,12,12,4,0
20250116,XDCE,大商所,J,12,12,1,0
20250116,XDCE,大商所,JM,12,12,3,0
20250116,XDCE,大商所,L,12,12,3,0
20250116,XDCE,大商所,M,8,8,6,0
20250116,XDCE,大商所,P,12,12,4,0
20250116,XDCE,大商所,PG,12,12,5,0
20250116,XDCE,大商所,PP,12,12,2,0
20250116,XDCE,大商所,RR,12,12,1,0
20250116,XDCE,大商所,V,12,12,3,0
20250116,XDCE,大商所,Y,8,8,2,0
20250116,XSGE,上期所,AG,12,12,9,0
20250116,XSGE,上期所,AL,12,12,4,0
20250116,XSGE,上期所,AO,12,12,5,0
20250116,XSGE,上期所,AU,8,8,6,0
20250116,XSGE,上期所,BR,12,12,2,0
20250116,XSGE,上期所,BU,16,16,5,0
20250116,XSGE,上期所,CU,12,12,4,0
20250116,XSGE,上期所,FU,12,12,5,0
20250116,XSGE,上期所,HC,12,12,4,0
20250116,XSGE,上期所,NI,12,12,5,0
20250116,XSGE,上期所,PB,12,12,3,0
20250116,XSGE,上期所,RB,12,12,4,0
20250116,XSGE,上期所,RU,10,10,3,0
20250116,XSGE,上期所,SN,12,12,4,0
20250116,XSGE,上期所,SP,12,12,2,0
20250116,XSGE,上期所,SS,12,12,7,0
20250116,XSGE,上期所,ZN,12,12,4,0
20250116,XSIE,能源中心,BC,12,12,1,0
20250116,XSIE,能源中心,LU,12,12,3,0
20250116,XSIE,能源中心,NR,12,12,4,0
20250116,XSIE,能源中心,SC,20,20,4,0
20250117,XDCE,大商所,A,6,6,2,0
20250117,XDCE,大商所,B,12,12,4,0
20250117,XDCE,大商所,C,6,6,5,0
20250117,XDCE,大商所,CS,6,6,3,0
20250117,XDCE,大商所,EB,12,12,4,0
20250117,XDCE,大商所,EG,12,12,1,0
20250117,XDCE,大商所,I,12,12,5,0
20250117,XDCE,大商所,J,12,12,1,0
20250117,XDCE,大商所,JM,12,12,1,0
20250117,XDCE,大商所,L,12,12,2,0
20250117,XDCE,大商所,M,8,8,5,0
20250117,XDCE,大商所,P,12,12,4,0
20250117,XDCE,大商所,PG,12,12,3,0
20250117,XDCE,大商所,PP,12,12,3,0
20250117,XDCE,大商所,RR,12,12,1,0
20250117,XDCE,大商所,V,12,12,4,0
20250117,XDCE,大商所,Y,8,8,2,0
20250117,XSGE,上期所,AG,12,12,7,0
20250117,XSGE,上期所,AL,12,12,5,0
20250117,XSGE,上期所,AO,12,12,4,0
20250117,XSGE,上期所,AU,8,8,7,0
20250117,XSGE,上期所,BR,12,12,2,0
20250117,XSGE,上期所,BU,16,16,6,0
20250117,XSGE,上期所,CU,12,12,5,0
20250117,XSGE,上期所,FU,12,12,8,0
20250117,XSGE,上期所,HC,12,12,4,0
20250117,XSGE,上期所,NI,12,12,3,0
20250117,XSGE,上期所,PB,12,12,3,0
20250117,XSGE,上期所,RB,12,12,7,0
20250117,XSGE,上期所,RU,10,10,2,0
20250117,XSGE,上期所,SN,12,12,3,0
20250117,XSGE,上期所,SP,12,12,2,0
20250117,XSGE,上期所,SS,12,12,3,0
20250117,XSGE,上期所,ZN,12,12,4,0
20250117,XSIE,能源中心,BC,12,12,2,0
20250117,XSIE,能源中心,LU,12,12,4,0
20250117,XSIE,能源中心,NR,12,12,4,0
20250117,XSIE,能源中心,SC,20,20,4,0
20250120,XDCE,大商所,A,6,6,4,0
20250120,XDCE,大商所,B,12,12,5,0
20250120,XDCE,大商所,C,6,6,3,0
20250120,XDCE,大商所,CS,6,6,2,0
20250120,XDCE,大商所,EB,12,12,3,0
20250120,XDCE,大商所,EG,12,12,3,0
20250120,XDCE,大商所,I,12,12,4,0
20250120,XDCE,大商所,J,12,12,2,0
20250120,XDCE,大商所,JM,12,12,3,0
20250120,XDCE,大商所,L,12,12,4,0
20250120,XDCE,大商所,M,8,8,6,0
20250120,XDCE,大商所,P,12,12,4,0
20250120,XDCE,大商所,PG,12,12,4,0
20250120,XDCE,大商所,PP,12,12,5,0
20250120,XDCE,大商所,RR,12,12,2,0
20250120,XDCE,大商所,V,12,12,4,0
20250120,XDCE,大商所,Y,8,8,4,0
20250120,XSGE,上期所,AG,12,12,9,0
20250120,XSGE,上期所,AL,12,12,6,0
20250120,XSGE,上期所,AO,12,12,6,0
20250120,XSGE,上期所,AU,8,8,3,0
20250120,XSGE,上期所,BR,12,12,3,0
20250120,XSGE,上期所,BU,16,16,6,0
20250120,XSGE,上期所,CU,12,12,5,0
20250120,XSGE,上期所,FU,12,12,7,0
20250120,XSGE,上期所,HC,12,12,3,0
20250120,XSGE,上期所,NI,12,12,3,0
20250120,XSGE,上期所,PB,12,12,3,0
20250120,XSGE,上期所,RB,12,12,4,0
20250120,XSGE,上期所,RU,10,10,2,0
20250120,XSGE,上期所,SN,12,12,4,0
20250120,XSGE,上期所,SP,12,12,2,0
20250120,XSGE,上期所,SS,12,12,3,0
20250120,XSGE,上期所,ZN,12,12,4,0
20250120,XSIE,能源中心,BC,12,12,2,0
20250120,XSIE,能源中心,LU,12,12,4,0
20250120,XSIE,能源中心,NR,12,12,4,0
20250120,XSIE,能源中心,SC,20,20,3,0
20250121,XDCE,大商所,A,6,6,2,0
20250121,XDCE,大商所,B,12,12,6,0
20250121,XDCE,大商所,C,6,6,5,0
20250121,XDCE,大商所,CS,6,6,3,0
20250121,XDCE,大商所,EB,12,12,3,0
20250121,XDCE,大商所,EG,12,12,4,0
20250121,XDCE,大商所,I,12,12,5,0
20250121,XDCE,大商所,J,12,12,2,0
20250121,XDCE,大商所,JM,12,12,3,0
20250121,XDCE,大商所,L,12,12,3,0
20250121,XDCE,大商所,M,8,8,6,0
20250121,XDCE,大商所,P,12,12,6,0
20250121,XDCE,大商所,PG,12,12,3,0
20250121,XDCE,大商所,PP,12,12,2,0
20250121,XDCE,大商所,RR,12,12,0,0
20250121,XDCE,大商所,V,12,12,5,0
20250121,XDCE,大商所,Y,8,8,3,0
20250121,XSGE,上期所,AG,12,12,7,0
20250121,XSGE,上期所,AL,12,12,4,0
20250121,XSGE,上期所,AO,12,12,4,0
20250121,XSGE,上期所,AU,8,8,3,0
20250121,XSGE,上期所,BR,12,12,3,0
20250121,XSGE,上期所,BU,16,16,5,0
20250121,XSGE,上期所,CU,12,12,5,0
20250121,XSGE,上期所,FU,12,12,5,0
20250121,XSGE,上期所,HC,12,12,4,0
20250121,XSGE,上期所,NI,12,12,5,0
20250121,XSGE,上期所,PB,12,12,2,0
20250121,XSGE,上期所,RB,12,12,5,0
20250121,XSGE,上期所,RU,10,10,2,0
20250121,XSGE,上期所,SN,12,12,4,0
20250121,XSGE,上期所,SP,12,12,3,0
20250121,XSGE,上期所,SS,12,12,4,0
20250121,XSGE,上期所,ZN,12,12,4,0
20250121,XSIE,能源中心,BC,12,12,1,0
20250121,XSIE,能源中心,LU,12,12,5,0
20250121,XSIE,能源中心,NR,12,12,4,0
20250121,XSIE,能源中心,SC,20,20,4,0
20250122,XDCE,大商所,A,6,6,3,0
20250122,XDCE,大商所,B,12,12,5,0
20250122,XDCE,大商所,C,6,6,3,0
20250122,XDCE,大商所,CS,6,6,2,0
20250122,XDCE,大商所,EB,12,12,4,0
20250122,XDCE,大商所,EG,12,12,2,0
20250122,XDCE,大商所,I,12,12,4,0
20250122,XDCE,大商所,J,12,12,1,0
20250122,XDCE,大商所,JM,12,12,2,0
20250122,XDCE,大商所,L,12,12,4,0
20250122,XDCE,大商所,M,8,8,6,0
20250122,XDCE,大商所,P,12,12,4,0
20250122,XDCE,大商所,PG,12,12,4,0
20250122,XDCE,大商所,PP,12,12,3,0
20250122,XDCE,大商所,RR,12,12,0,0
20250122,XDCE,大商所,V,12,12,4,0
20250122,XDCE,大商所,Y,8,8,3,0
20250122,XSGE,上期所,AG,12,12,5,0
20250122,XSGE,上期所,AL,12,12,5,0
20250122,XSGE,上期所,AO,12,12,7,0
20250122,XSGE,上期所,AU,8,8,6,0
20250122,XSGE,上期所,BR,12,12,3,0
20250122,XSGE,上期所,BU,16,16,6,0
20250122,XSGE,上期所,CU,12,12,5,0
20250122,XSGE,上期所,FU,12,12,7,0
20250122,XSGE,上期所,HC,12,12,3,0
20250122,XSGE,上期所,NI,12,12,4,0
20250122,XSGE,上期所,PB,12,12,3,0
20250122,XSGE,上期所,RB,12,12,8,0
20250122,XSGE,上期所,RU,10,10,2,0
20250122,XSGE,上期所,SN,12,12,4,0
20250122,XSGE,上期所,SP,12,12,2,0
20250122,XSGE,上期所,SS,12,12,3,0
20250122,XSGE,上期所,ZN,12,12,3,0
20250122,XSIE,能源中心,BC,12,12,3,0
20250122,XSIE,能源中心,LU,12,12,3,0
20250122,XSIE,能源中心,NR,12,12,4,0
20250122,XSIE,能源中心,SC,20,20,4,0
20250123,XDCE,大商所,A,6,6,3,0
20250123,XDCE,大商所,B,12,12,4,0
20250123,XDCE,大商所,C,6,6,4,0
20250123,XDCE,大商所,CS,6,6,2,0
20250123,XDCE,大商所,EB,12,12,3,0
20250123,XDCE,大商所,EG,12,12,2,0
20250123,XDCE,大商所,I,12,12,6,0
20250123,XDCE,大商所,J,12,12,1,0
20250123,XDCE,大商所,JM,12,12,3,0
20250123,XDCE,大商所,L,12,12,3,0
20250123,XDCE,大商所,M,8,8,5,0
20250123,XDCE,大商所,P,12,12,4,0
20250123,XDCE,大商所,PG,12,12,3,0
20250123,XDCE,大商所,PP,12,12,2,0
20250123,XDCE,大商所,RR,12,12,2,0
20250123,XDCE,大商所,V,12,12,3,0
20250123,XDCE,大商所,Y,8,8,3,0
20250123,XSGE,上期所,AG,12,12,5,0
20250123,XSGE,上期所,AL,12,12,4,0
20250123,XSGE,上期所,AO,12,12,4,0
20250123,XSGE,上期所,AU,8,8,6,0
20250123,XSGE,上期所,BR,12,12,3,0
20250123,XSGE,上期所,BU,16,16,5,0
20250123,XSGE,上期所,CU,12,12,5,0
20250123,XSGE,上期所,FU,12,12,5,0
20250123,XSGE,上期所,HC,12,12,5,0
20250123,XSGE,上期所,NI,12,12,6,0
20250123,XSGE,上期所,PB,12,12,3,0
20250123,XSGE,上期所,RB,12,12,8,0
20250123,XSGE,上期所,RU,10,10,2,0
20250123,XSGE,上期所,SN,12,12,3,0
20250123,XSGE,上期所,SP,12,12,4,0
20250123,XSGE,上期所,SS,12,12,3,0
20250123,XSGE,上期所,ZN,12,12,4,0
20250123,XSIE,能源中心,BC,12,12,2,0
20250123,XSIE,能源中心,LU,12,12,4,0
20250123,XSIE,能源中心,NR,12,12,4,0
20250123,XSIE,能源中心,SC,20,20,4,0
20250124,XDCE,大商所,A,6,6,2,0
20250124,XDCE,大商所,B,12,12,6,0
20250124,XDCE,大商所,C,6,6,4,0
20250124,XDCE,大商所,CS,6,6,3,0
20250124,XDCE,大商所,EB,12,12,4,0
20250124,XDCE,大商所,EG,12,12,2,0
20250124,XDCE,大商所,I,12,12,7,0
20250124,XDCE,大商所,J,12,12,2,0
20250124,XDCE,大商所,JM,12,12,2,0
20250124,XDCE,大商所,L,12,12,4,0
20250124,XDCE,大商所,M,8,8,8,0
20250124,XDCE,大商所,P,12,12,5,0
20250124,XDCE,大商所,PG,12,12,3,0
20250124,XDCE,大商所,PP,12,12,2,0
20250124,XDCE,大商所,RR,12,12,1,0
20250124,XDCE,大商所,V,12,12,5,0
20250124,XDCE,大商所,Y,8,8,4,0
20250124,XSGE,上期所,AG,12,12,10,0
20250124,XSGE,上期所,AL,12,12,6,0
20250124,XSGE,上期所,AO,12,12,6,0
20250124,XSGE,上期所,AU,8,8,5,0
20250124,XSGE,上期所,BR,12,12,3,0
20250124,XSGE,上期所,BU,16,16,5,0
20250124,XSGE,上期所,CU,12,12,5,0
20250124,XSGE,上期所,FU,12,12,7,0
20250124,XSGE,上期所,HC,12,12,4,0
20250124,XSGE,上期所,NI,12,12,5,0
20250124,XSGE,上期所,PB,12,12,2,0
20250124,XSGE,上期所,RB,12,12,4,0
20250124,XSGE,上期所,RU,10,10,2,0
20250124,XSGE,上期所,SN,12,12,4,0
20250124,XSGE,上期所,SP,12,12,2,0
20250124,XSGE,上期所,SS,12,12,3,0
20250124,XSGE,上期所,ZN,12,12,4,0
20250124,XSIE,能源中心,BC,12,12,2,0
20250124,XSIE,能源中心,LU,12,12,4,0
20250124,XSIE,能源中心,NR,12,12,3,0
20250124,XSIE,能源中心,SC,20,20,3,0
20250127,XDCE,大商所,A,6,6,3,0
20250127,XDCE,大商所,B,12,12,3,0
20250127,XDCE,大商所,C,6,6,4,0
20250127,XDCE,大商所,CS,6,6,2,0
20250127,XDCE,大商所,EB,12,12,4,0
20250127,XDCE,大商所,EG,12,12,4,0
20250127,XDCE,大商所,I,12,12,4,0
20250127,XDCE,大商所,J,12,12,1,0
20250127,XDCE,大商所,JM,12,12,1,0
20250127,XDCE,大商所,L,12,12,4,0
20250127,XDCE,大商所,M,8,8,5,0
20250127,XDCE,大商所,P,12,12,4,0
20250127,XDCE,大商所,PG,12,12,3,0
20250127,XDCE,大商所,PP,12,12,2,0
20250127,XDCE,大商所,RR,12,12,1,0
20250127,XDCE,大商所,V,12,12,4,0
20250127,XDCE,大商所,Y,8,8,2,0
20250127,XSGE,上期所,AG,12,12,6,0
20250127,XSGE,上期所,AL,12,12,4,0
20250127,XSGE,上期所,AO,12,12,6,0
20250127,XSGE,上期所,AU,8,8,4,0
20250127,XSGE,上期所,BR,12,12,5,0
20250127,XSGE,上期所,BU,16,16,4,0
20250127,XSGE,上期所,CU,12,12,5,0
20250127,XSGE,上期所,FU,12,12,7,0
20250127,XSGE,上期所,HC,12,12,3,0
20250127,XSGE,上期所,NI,12,12,5,0
20250127,XSGE,上期所,PB,12,12,3,0
20250127,XSGE,上期所,RB,12,12,7,0
20250127,XSGE,上期所,RU,10,10,2,0
20250127,XSGE,上期所,SN,12,12,3,0
20250127,XSGE,上期所,SP,12,12,4,0
20250127,XSGE,上期所,SS,12,12,3,0
20250127,XSGE,上期所,ZN,12,12,4,0
20250127,XSIE,能源中心,BC,12,12,2,0
20250127,XSIE,能源中心,LU,12,12,4,0
20250127,XSIE,能源中心,NR,12,12,3,0
20250127,XSIE,能源中心,SC,20,20,3,0
20250206,XDCE,大商所,A,6,6,2,0
20250206,XDCE,大商所,B,12,12,3,0
20250206,XDCE,大商所,C,6,6,4,0
20250206,XDCE,大商所,CS,6,6,3,0
20250206,XDCE,大商所,EB,12,12,3,0
20250206,XDCE,大商所,EG,12,12,3,0
20250206,XDCE,大商所,I,12,12,6,0
20250206,XDCE,大商所,J,12,12,1,0
20250206,XDCE,大商所,JM,12,12,3,0
20250206,XDCE,大商所,L,12,12,3,0
20250206,XDCE,大商所,M,8,8,6,0
20250206,XDCE,大商所,P,12,12,4,0
20250206,XDCE,大商所,PG,12,12,4,0
20250206,XDCE,大商所,PP,12,12,3,0
20250206,XDCE,大商所,RR,12,12,1,0
20250206,XDCE,大商所,V,12,12,4,0
20250206,XDCE,大商所,Y,8,8,3,0
20250206,XSGE,上期所,AG,12,12,10,0
20250206,XSGE,上期所,AL,12,12,3,0
20250206,XSGE,上期所,AO,12,12,5,0
20250206,XSGE,上期所,AU,8,8,6,0
20250206,XSGE,上期所,BR,12,12,2,0
20250206,XSGE,上期所,BU,16,16,4,0
20250206,XSGE,上期所,CU,12,12,4,0
20250206,XSGE,上期所,FU,12,12,9,0
20250206,XSGE,上期所,HC,12,12,2,0
20250206,XSGE,上期所,NI,12,12,3,0
20250206,XSGE,上期所,PB,12,12,2,0
20250206,XSGE,上期所,RB,12,12,4,0
20250206,XSGE,上期所,RU,10,10,2,0
20250206,XSGE,上期所,SN,12,12,2,0
20250206,XSGE,上期所,SP,12,12,2,0
20250206,XSGE,上期所,SS,12,12,4,0
20250206,XSGE,上期所,ZN,12,12,5,0
20250206,XSIE,能源中心,BC,12,12,2,0
20250206,XSIE,能源中心,LU,12,12,4,0
20250206,XSIE,能源中心,NR,12,12,3,0
20250206,XSIE,能源中心,SC,20,20,4,0
20250207,XDCE,大商所,A,6,6,3,0
20250207,XDCE,大商所,B,12,12,3,0
20250207,XDCE,大商所,C,6,6,4,0
20250207,XDCE,大商所,CS,6,6,2,0
20250207,XDCE,大商所,EB,12,12,3,0
20250207,XDCE,大商所,EG,12,12,1,0
20250207,XDCE,大商所,I,12,12,6,0
20250207,XDCE,大商所,J,12,12,2,0
20250207,XDCE,大商所,JM,12,12,3,0
20250207,XDCE,大商所,L,12,12,3,0
20250207,XDCE,大商所,M,8,8,5,0
20250207,XDCE,大商所,P,12,12,4,0
20250207,XDCE,大商所,PG,12,12,3,0
20250207,XDCE,大商所,PP,12,12,2,0
20250207,XDCE,大商所,RR,12,12,1,0
20250207,XDCE,大商所,V,12,12,4,0
20250207,XDCE,大商所,Y,8,8,3,0
20250207,XSGE,上期所,AG,12,12,10,0
20250207,XSGE,上期所,AL,12,12,3,0
20250207,XSGE,上期所,AO,12,12,5,0
20250207,XSGE,上期所,AU,8,8,5,0
20250207,XSGE,上期所,BR,12,12,3,0
20250207,XSGE,上期所,BU,16,16,4,0
20250207,XSGE,上期所,CU,12,12,5,0
20250207,XSGE,上期所,FU,12,12,5,0
20250207,XSGE,上期所,HC,12,12,4,0
20250207,XSGE,上期所,NI,12,12,3,0
20250207,XSGE,上期所,PB,12,12,2,0
20250207,XSGE,上期所,RB,12,12,5,0
20250207,XSGE,上期所,RU,10,10,2,0
20250207,XSGE,上期所,SN,12,12,4,0
20250207,XSGE,上期所,SP,12,12,2,0
20250207,XSGE,上期所,SS,12,12,2,0
20250207,XSGE,上期所,ZN,12,12,4,0
20250207,XSIE,能源中心,BC,12,12,2,0
20250207,XSIE,能源中心,LU,12,12,4,0
20250207,XSIE,能源中心,NR,12,12,4,0
20250207,XSIE,能源中心,SC,20,20,3,0
20250210,XDCE,大商所,A,6,6,3,0
20250210,XDCE,大商所,B,12,12,4,0
20250210,XDCE,大商所,C,6,6,5,0
20250210,XDCE,大商所,CS,6,6,3,0
20250210,XDCE,大商所,EB,12,12,2,0
20250210,XDCE,大商所,EG,12,12,4,0
20250210,XDCE,大商所,I,12,12,4,0
20250210,XDCE,大商所,J,12,12,1,0
20250210,XDCE,大商所,JM,12,12,2,0
20250210,XDCE,大商所,L,12,12,4,0
20250210,XDCE,大商所,M,8,8,6,0
20250210,XDCE,大商所,P,12,12,4,0
20250210,XDCE,大商所,PG,12,12,4,0
20250210,XDCE,大商所,PP,12,12,4,0
20250210,XDCE,大商所,RR,12,12,0,0
20250210,XDCE,大商所,V,12,12,4,0
20250210,XDCE,大商所,Y,8,8,3,0
20250210,XSGE,上期所,AG,12,12,5,0
20250210,XSGE,上期所,AL,12,12,3,0
20250210,XSGE,上期所,AO,12,12,5,0
20250210,XSGE,上期所,AU,8,8,3,0
20250210,XSGE,上期所,BR,12,12,3,0
20250210,XSGE,上期所,BU,16,16,4,0
20250210,XSGE,上期所,CU,12,12,5,0
20250210,XSGE,上期所,FU,12,12,5,0
20250210,XSGE,上期所,HC,12,12,3,0
20250210,XSGE,上期所,NI,12,12,4,0
20250210,XSGE,上期所,PB,12,12,2,0
20250210,XSGE,上期所,RB,12,12,5,0
20250210,XSGE,上期所,RU,10,10,2,0
20250210,XSGE,上期所,SN,12,12,3,0
20250210,XSGE,上期所,SP,12,12,3,0
20250210,XSGE,上期所,SS,12,12,2,0
20250210,XSGE,上期所,ZN,12,12,4,0
20250210,XSIE,能源中心,BC,12,12,2,0
20250210,XSIE,能源中心,LU,12,12,2,0
20250210,XSIE,能源中心,NR,12,12,4,0
20250210,XSIE,能源中心,SC,20,20,3,0
20250211,XDCE,大商所,A,6,6,3,0
20250211,XDCE,大商所,B,12,12,3,0
20250211,XDCE,大商所,C,6,6,5,0
20250211,XDCE,大商所,CS,6,6,3,0
20250211,XDCE,大商所,EB,12,12,4,0
20250211,XDCE,大商所,EG,12,12,2,0
20250211,XDCE,大商所,I,12,12,5,0
20250211,XDCE,大商所,J,12,12,1,0
20250211,XDCE,大商所,JM,12,12,1,0
20250211,XDCE,大商所,L,12,12,3,0
20250211,XDCE,大商所,M,8,8,8,0
20250211,XDCE,大商所,P,12,12,4,0
20250211,XDCE,大商所,PG,12,12,3,0
20250211,XDCE,大商所,PP,12,12,2,0
20250211,XDCE,大商所,RR,12,12,1,0
20250211,XDCE,大商所,V,12,12,5,0
20250211,XDCE,大商所,Y,8,8,3,0
20250211,XSGE,上期所,AG,12,12,9,0
20250211,XSGE,上期所,AL,12,12,4,0
20250211,XSGE,上期所,AO,12,12,2,0
20250211,XSGE,上期所,AU,8,8,8,0
20250211,XSGE,上期所,BR,12,12,3,0
20250211,XSGE,上期所,BU,16,16,5,0
20250211,XSGE,上期所,CU,12,12,6,0
20250211,XSGE,上期所,FU,12,12,6,0
20250211,XSGE,上期所,HC,12,12,4,0
20250211,XSGE,上期所,NI,12,12,3,0
20250211,XSGE,上期所,PB,12,12,2,0
20250211,XSGE,上期所,RB,12,12,6,0
20250211,XSGE,上期所,RU,10,10,2,0
20250211,XSGE,上期所,SN,12,12,2,0
20250211,XSGE,上期所,SP,12,12,4,0
20250211,XSGE,上期所,SS,12,12,5,0
20250211,XSGE,上期所,ZN,12,12,3,0
20250211,XSIE,能源中心,BC,12,12,2,0
20250211,XSIE,能源中心,LU,12,12,5,0
20250211,XSIE,能源中心,NR,12,12,5,0
20250211,XSIE,能源中心,SC,20,20,3,0
20250212,XDCE,大商所,A,6,6,3,0
20250212,XDCE,大商所,B,12,12,4,0
20250212,XDCE,大商所,C,6,6,5,0
20250212,XDCE,大商所,CS,6,6,3,0
20250212,XDCE,大商所,EB,12,12,3,0
20250212,XDCE,大商所,EG,12,12,2,0
20250212,XDCE,大商所,I,12,12,7,0
20250212,XDCE,大商所,J,12,12,1,0
20250212,XDCE,大商所,JM,12,12,3,0
20250212,XDCE,大商所,L,12,12,2,0
20250212,XDCE,大商所,M,8,8,6,0
20250212,XDCE,大商所,P,12,12,3,0
20250212,XDCE,大商所,PG,12,12,3,0
20250212,XDCE,大商所,PP,12,12,3,0
20250212,XDCE,大商所,RR,12,12,0,0
20250212,XDCE,大商所,V,12,12,3,0
20250212,XDCE,大商所,Y,8,8,4,0
20250212,XSGE,上期所,AG,12,12,10,0
20250212,XSGE,上期所,AL,12,12,4,0
20250212,XSGE,上期所,AO,12,12,3,0
20250212,XSGE,上期所,AU,8,8,8,0
20250212,XSGE,上期所,BR,12,12,2,0
20250212,XSGE,上期所,BU,16,16,5,0
20250212,XSGE,上期所,CU,12,12,6,0
20250212,XSGE,上期所,FU,12,12,8,0
20250212,XSGE,上期所,HC,12,12,4,0
20250212,XSGE,上期所,NI,12,12,5,0
20250212,XSGE,上期所,PB,12,12,3,0
20250212,XSGE,上期所,RB,12,12,5,0
20250212,XSGE,上期所,RU,10,10,2,0
20250212,XSGE,上期所,SN,12,12,2,0
20250212,XSGE,上期所,SP,12,12,3,0
20250212,XSGE,上期所,SS,12,12,5,0
20250212,XSGE,上期所,ZN,12,12,5,0
20250212,XSIE,能源中心,BC,12,12,2,0
20250212,XSIE,能源中心,LU,12,12,4,0
20250212,XSIE,能源中心,NR,12,12,3,0
20250212,XSIE,能源中心,SC,20,20,4,0
20250213,XDCE,大商所,A,6,6,3,0
20250213,XDCE,大商所,B,12,12,4,0
20250213,XDCE,大商所,C,6,6,5,0
20250213,XDCE,大商所,CS,6,6,3,0
20250213,XDCE,大商所,EB,12,12,3,0
20250213,XDCE,大商所,EG,12,12,2,0
20250213,XDCE,大商所,I,12,12,5,0
20250213,XDCE,大商所,J,12,12,1,0
20250213,XDCE,大商所,JM,12,12,2,0
20250213,XDCE,大商所,L,12,12,2,0
20250213,XDCE,大商所,M,8,8,6,0
20250213,XDCE,大商所,P,12,12,4,0
20250213,XDCE,大商所,PG,12,12,3,0
20250213,XDCE,大商所,PP,12,12,3,0
20250213,XDCE,大商所,RR,12,12,0,0
20250213,XDCE,大商所,V,12,12,3,0
20250213,XDCE,大商所,Y,8,8,3,0
20250213,XSGE,上期所,AG,12,12,7,0
20250213,XSGE,上期所,AL,12,12,4,0
20250213,XSGE,上期所,AO,12,12,4,0
20250213,XSGE,上期所,AU,8,8,7,0
20250213,XSGE,上期所,BR,12,12,3,0
20250213,XSGE,上期所,BU,16,16,4,0
20250213,XSGE,上期所,CU,12,12,4,0
20250213,XSGE,上期所,FU,12,12,6,0
20250213,XSGE,上期所,HC,12,12,3,0
20250213,XSGE,上期所,NI,12,12,4,0
20250213,XSGE,上期所,PB,12,12,2,0
20250213,XSGE,上期所,RB,12,12,4,0
20250213,XSGE,上期所,RU,10,10,2,0
20250213,XSGE,上期所,SN,12,12,3,0
20250213,XSGE,上期所,SP,12,12,3,0
20250213,XSGE,上期所,SS,12,12,3,0
20250213,XSGE,上期所,ZN,12,12,3,0
20250213,XSIE,能源中心,BC,12,12,2,0
20250213,XSIE,能源中心,LU,12,12,3,0
20250213,XSIE,能源中心,NR,12,12,3,0
20250213,XSIE,能源中心,SC,20,20,4,0
20250214,XDCE,大商所,A,6,6,4,0
20250214,XDCE,大商所,B,12,12,4,0
20250214,XDCE,大商所,C,6,6,5,0
20250214,XDCE,大商所,CS,6,6,3,0
20250214,XDCE,大商所,EB,12,12,3,0
20250214,XDCE,大商所,EG,12,12,2,0
20250214,XDCE,大商所,I,12,12,6,0
20250214,XDCE,大商所,J,12,12,2,0
20250214,XDCE,大商所,JM,12,12,2,0
20250214,XDCE,大商所,L,12,12,3,0
20250214,XDCE,大商所,M,8,8,6,0
20250214,XDCE,大商所,P,12,12,3,0
20250214,XDCE,大商所,PG,12,12,3,0
20250214,XDCE,大商所,PP,12,12,3,0
20250214,XDCE,大商所,RR,12,12,0,0
20250214,XDCE,大商所,V,12,12,4,0
20250214,XDCE,大商所,Y,8,8,3,0
20250214,XSGE,上期所,AG,12,12,8,0
20250214,XSGE,上期所,AL,12,12,5,0
20250214,XSGE,上期所,AO,12,12,3,0
20250214,XSGE,上期所,AU,8,8,4,0
20250214,XSGE,上期所,BR,12,12,3,0
20250214,XSGE,上期所,BU,16,16,5,0
20250214,XSGE,上期所,CU,12,12,4,0
20250214,XSGE,上期所,FU,12,12,7,0
20250214,XSGE,上期所,HC,12,12,4,0
20250214,XSGE,上期所,NI,12,12,4,0
20250214,XSGE,上期所,PB,12,12,3,0
20250214,XSGE,上期所,RB,12,12,5,0
20250214,XSGE,上期所,RU,10,10,2,0
20250214,XSGE,上期所,SN,12,12,3,0
20250214,XSGE,上期所,SP,12,12,3,0
20250214,XSGE,上期所,SS,12,12,4,0
20250214,XSGE,上期所,ZN,12,12,4,0
20250214,XSIE,能源中心,BC,12,12,2,0
20250214,XSIE,能源中心,LU,12,12,4,0
20250214,XSIE,能源中心,NR,12,12,3,0
20250214,XSIE,能源中心,SC,20,20,4,0
20250217,XDCE,大商所,A,6,6,5,0
20250217,XDCE,大商所,B,12,12,3,0
20250217,XDCE,大商所,C,6,6,6,0
20250217,XDCE,大商所,CS,6,6,3,0
20250217,XDCE,大商所,EB,12,12,3,0
20250217,XDCE,大商所,EG,12,12,2,0
20250217,XDCE,大商所,I,12,12,6,0
20250217,XDCE,大商所,J,12,12,1,0
20250217,XDCE,大商所,JM,12,12,2,0
20250217,XDCE,大商所,L,12,12,3,0
20250217,XDCE,大商所,M,8,8,7,0
20250217,XDCE,大商所,P,12,12,6,0
20250217,XDCE,大商所,PG,12,12,4,0
20250217,XDCE,大商所,PP,12,12,4,0
20250217,XDCE,大商所,RR,12,12,1,0
20250217,XDCE,大商所,V,12,12,2,0
20250217,XDCE,大商所,Y,8,8,3,0
20250217,XSGE,上期所,AG,12,12,9,0
20250217,XSGE,上期所,AL,12,12,5,0
20250217,XSGE,上期所,AO,12,12,3,0
20250217,XSGE,上期所,AU,8,8,3,0
20250217,XSGE,上期所,BR,12,12,4,0
20250217,XSGE,上期所,BU,16,16,5,0
20250217,XSGE,上期所,CU,12,12,7,0
20250217,XSGE,上期所,FU,12,12,8,0
20250217,XSGE,上期所,HC,12,12,5,0
20250217,XSGE,上期所,NI,12,12,5,0
20250217,XSGE,上期所,PB,12,12,3,0
20250217,XSGE,上期所,RB,12,12,5,0
20250217,XSGE,上期所,RU,10,10,2,0
20250217,XSGE,上期所,SN,12,12,3,0
20250217,XSGE,上期所,SP,12,12,4,0
20250217,XSGE,上期所,SS,12,12,4,0
20250217,XSGE,上期所,ZN,12,12,3,0
20250217,XSIE,能源中心,BC,12,12,2,0
20250217,XSIE,能源中心,LU,12,12,4,0
20250217,XSIE,能源中心,NR,12,12,3,0
20250217,XSIE,能源中心,SC,20,20,4,0
20250218,XDCE,大商所,A,6,6,4,0
20250218,XDCE,大商所,B,12,12,2,0
20250218,XDCE,大商所,C,6,6,5,0
20250218,XDCE,大商所,CS,6,6,3,0
20250218,XDCE,大商所,EB,12,12,3,0
20250218,XDCE,大商所,EG,12,12,2,0
20250218,XDCE,大商所,I,12,12,4,0
20250218,XDCE,大商所,J,12,12,1,0
20250218,XDCE,大商所,JM,12,12,2,0
20250218,XDCE,大商所,L,12,12,2,0
20250218,XDCE,大商所,M,8,8,5,0
20250218,XDCE,大商所,P,12,12,4,0
20250218,XDCE,大商所,PG,12,12,2,0
20250218,XDCE,大商所,PP,12,12,2,0
20250218,XDCE,大商所,RR,12,12,3,0
20250218,XDCE,大商所,V,12,12,3,0
20250218,XDCE,大商所,Y,8,8,3,0
20250218,XSGE,上期所,AG,12,12,8,0
20250218,XSGE,上期所,AL,12,12,4,0
20250218,XSGE,上期所,AO,12,12,3,0
20250218,XSGE,上期所,AU,8,8,4,0
20250218,XSGE,上期所,BR,12,12,2,0
20250218,XSGE,上期所,BU,16,16,4,0
20250218,XSGE,上期所,CU,12,12,6,0
20250218,XSGE,上期所,FU,12,12,7,0
20250218,XSGE,上期所,HC,12,12,3,0
20250218,XSGE,上期所,NI,12,12,4,0
20250218,XSGE,上期所,PB,12,12,2,0
20250218,XSGE,上期所,RB,12,12,4,0
20250218,XSGE,上期所,RU,10,10,2,0
20250218,XSGE,上期所,SN,12,12,3,0
20250218,XSGE,上期所,SP,12,12,3,0
20250218,XSGE,上期所,SS,12,12,3,0
20250218,XSGE,上期所,ZN,12,12,3,0
20250218,XSIE,能源中心,BC,12,12,2,0
20250218,XSIE,能源中心,LU,12,12,5,0
20250218,XSIE,能源中心,NR,12,12,3,0
20250218,XSIE,能源中心,SC,20,20,3,0
20250219,XDCE,大商所,A,6,6,4,0
20250219,XDCE,大商所,B,12,12,4,0
20250219,XDCE,大商所,C,6,6,5,0
20250219,XDCE,大商所,CS,6,6,3,0
20250219,XDCE,大商所,EB,12,12,3,0
20250219,XDCE,大商所,EG,12,12,2,0
20250219,XDCE,大商所,I,12,12,4,0
20250219,XDCE,大商所,J,12,12,1,0
20250219,XDCE,大商所,JM,12,12,2,0
20250219,XDCE,大商所,L,12,12,3,0
20250219,XDCE,大商所,M,8,8,6,0
20250219,XDCE,大商所,P,12,12,4,0
20250219,XDCE,大商所,PG,12,12,5,0
20250219,XDCE,大商所,PP,12,12,2,0
20250219,XDCE,大商所,RR,12,12,0,0
20250219,XDCE,大商所,V,12,12,3,0
20250219,XDCE,大商所,Y,8,8,4,0
20250219,XSGE,上期所,AG,12,12,4,0
20250219,XSGE,上期所,AL,12,12,3,0
20250219,XSGE,上期所,AO,12,12,3,0
20250219,XSGE,上期所,AU,8,8,5,0
20250219,XSGE,上期所,BR,12,12,3,0
20250219,XSGE,上期所,BU,16,16,4,0
20250219,XSGE,上期所,CU,12,12,5,0
20250219,XSGE,上期所,FU,12,12,8,0
20250219,XSGE,上期所,HC,12,12,3,0
20250219,XSGE,上期所,NI,12,12,4,0
20250219,XSGE,上期所,PB,12,12,2,0
20250219,XSGE,上期所,RB,12,12,4,0
20250219,XSGE,上期所,RU,10,10,2,0
20250219,XSGE,上期所,SN,12,12,3,0
20250219,XSGE,上期所,SP,12,12,3,0
20250219,XSGE,上期所,SS,12,12,3,0
20250219,XSGE,上期所,ZN,12,12,3,0
20250219,XSIE,能源中心,BC,12,12,2,0
20250219,XSIE,能源中心,LU,12,12,3,0
20250219,XSIE,能源中心,NR,12,12,3,0
20250219,XSIE,能源中心,SC,20,20,4,0
20250220,XDCE,大商所,A,6,6,2,0
20250220,XDCE,大商所,B,12,12,3,0
20250220,XDCE,大商所,C,6,6,6,0
20250220,XDCE,大商所,CS,6,6,3,0
20250220,XDCE,大商所,EB,12,12,3,0
20250220,XDCE,大商所,EG,12,12,2,0
20250220,XDCE,大商所,I,12,12,4,0
20250220,XDCE,大商所,J,12,12,1,0
20250220,XDCE,大商所,JM,12,12,2,0
20250220,XDCE,大商所,L,12,12,4,0
20250220,XDCE,大商所,M,8,8,6,0
20250220,XDCE,大商所,P,12,12,8,0
20250220,XDCE,大商所,PG,12,12,3,0
20250220,XDCE,大商所,PP,12,12,1,0
20250220,XDCE,大商所,RR,12,12,1,0
20250220,XDCE,大商所,V,12,12,3,0
20250220,XDCE,大商所,Y,8,8,3,0
20250220,XSGE,上期所,AG,12,12,9,0
20250220,XSGE,上期所,AL,12,12,5,0
20250220,XSGE,上期所,AO,12,12,3,0
20250220,XSGE,上期所,AU,8,8,5,0
20250220,XSGE,上期所,BR,12,12,3,0
20250220,XSGE,上期所,BU,16,16,4,0
20250220,XSGE,上期所,CU,12,12,6,0
20250220,XSGE,上期所,FU,12,12,9,0
20250220,XSGE,上期所,HC,12,12,2,0
20250220,XSGE,上期所,NI,12,12,3,0
20250220,XSGE,上期所,PB,12,12,3,0
20250220,XSGE,上期所,RB,12,12,6,0
20250220,XSGE,上期所,RU,10,10,2,0
20250220,XSGE,上期所,SN,12,12,2,0
20250220,XSGE,上期所,SP,12,12,3,0
20250220,XSGE,上期所,SS,12,12,4,0
20250220,XSGE,上期所,ZN,12,12,3,0
20250220,XSIE,能源中心,BC,12,12,1,0
20250220,XSIE,能源中心,LU,12,12,5,0
20250220,XSIE,能源中心,NR,12,12,4,0
20250220,XSIE,能源中心,SC,20,20,4,0
20250221,XDCE,大商所,A,6,6,3,0
20250221,XDCE,大商所,B,12,12,3,0
20250221,XDCE,大商所,C,6,6,5,0
20250221,XDCE,大商所,CS,6,6,3,0
20250221,XDCE,大商所,EB,12,12,3,0
20250221,XDCE,大商所,EG,12,12,2,0
20250221,XDCE,大商所,I,12,12,5,0
20250221,XDCE,大商所,J,12,12,2,0
20250221,XDCE,大商所,JM,12,12,3,0
20250221,XDCE,大商所,L,12,12,3,0
20250221,XDCE,大商所,M,8,8,7,0
20250221,XDCE,大商所,P,12,12,4,0
20250221,XDCE,大商所,PG,12,12,2,0
20250221,XDCE,大商所,PP,12,12,3,0
20250221,XDCE,大商所,RR,12,12,1,0
20250221,XDCE,大商所,V,12,12,3,0
20250221,XDCE,大商所,Y,8,8,4,0
20250221,XSGE,上期所,AG,12,12,10,0
20250221,XSGE,上期所,AL,12,12,3,0
20250221,XSGE,上期所,AO,12,12,3,0
20250221,XSGE,上期所,AU,8,8,6,0
20250221,XSGE,上期所,BR,12,12,3,0
20250221,XSGE,上期所,BU,16,16,4,0
20250221,XSGE,上期所,CU,12,12,5,0
20250221,XSGE,上期所,FU,12,12,8,0
20250221,XSGE,上期所,HC,12,12,4,0
20250221,XSGE,上期所,NI,12,12,4,0
20250221,XSGE,上期所,PB,12,12,3,0
20250221,XSGE,上期所,RB,12,12,6,0
20250221,XSGE,上期所,RU,10,10,3,0
20250221,XSGE,上期所,SN,12,12,3,0
20250221,XSGE,上期所,SP,12,12,3,0
20250221,XSGE,上期所,SS,12,12,4,0
20250221,XSGE,上期所,ZN,12,12,4,0
20250221,XSIE,能源中心,BC,12,12,2,0
20250221,XSIE,能源中心,LU,12,12,3,0
20250221,XSIE,能源中心,NR,12,12,4,0
20250221,XSIE,能源中心,SC,20,20,4,0
20250224,XDCE,大商所,A,6,6,4,0
20250224,XDCE,大商所,B,12,12,4,0
20250224,XDCE,大商所,C,6,6,5,0
20250224,XDCE,大商所,CS,6,6,2,0
20250224,XDCE,大商所,EB,12,12,3,0
20250224,XDCE,大商所,EG,12,12,3,0
20250224,XDCE,大商所,I,12,12,6,0
20250224,XDCE,大商所,J,12,12,2,0
20250224,XDCE,大商所,JM,12,12,4,0
20250224,XDCE,大商所,L,12,12,5,0
20250224,XDCE,大商所,M,8,8,5,0
20250224,XDCE,大商所,P,12,12,6,0
20250224,XDCE,大商所,PG,12,12,3,0
20250224,XDCE,大商所,PP,12,12,3,0
20250224,XDCE,大商所,RR,12,12,1,0
20250224,XDCE,大商所,V,12,12,4,0
20250224,XDCE,大商所,Y,8,8,3,0
20250224,XSGE,上期所,AG,12,12,7,0
20250224,XSGE,上期所,AL,12,12,5,0
20250224,XSGE,上期所,AO,12,12,3,0
20250224,XSGE,上期所,AU,8,8,3,0
20250224,XSGE,上期所,BR,12,12,3,0
20250224,XSGE,上期所,BU,16,16,4,0
20250224,XSGE,上期所,CU,12,12,3,0
20250224,XSGE,上期所,FU,12,12,8,0
20250224,XSGE,上期所,HC,12,12,4,0
20250224,XSGE,上期所,NI,12,12,3,0
20250224,XSGE,上期所,PB,12,12,3,0
20250224,XSGE,上期所,RB,12,12,4,0
20250224,XSGE,上期所,RU,10,10,3,0
20250224,XSGE,上期所,SN,12,12,3,0
20250224,XSGE,上期所,SP,12,12,4,0
20250224,XSGE,上期所,SS,12,12,4,0
20250224,XSGE,上期所,ZN,12,12,3,0
20250224,XSIE,能源中心,BC,12,12,2,0
20250224,XSIE,能源中心,LU,12,12,4,0
20250224,XSIE,能源中心,NR,12,12,5,0
20250224,XSIE,能源中心,SC,20,20,3,0
20250225,XDCE,大商所,A,6,6,4,0
20250225,XDCE,大商所,B,12,12,4,0
20250225,XDCE,大商所,C,6,6,5,0
20250225,XDCE,大商所,CS,6,6,3,0
20250225,XDCE,大商所,EB,12,12,3,0
20250225,XDCE,大商所,EG,12,12,3,0
20250225,XDCE,大商所,I,12,12,4,0
20250225,XDCE,大商所,J,12,12,2,0
20250225,XDCE,大商所,JM,12,12,2,0
20250225,XDCE,大商所,L,12,12,2,0
20250225,XDCE,大商所,M,8,8,7,0
20250225,XDCE,大商所,P,12,12,5,0
20250225,XDCE,大商所,PG,12,12,2,0
20250225,XDCE,大商所,PP,12,12,2,0
20250225,XDCE,大商所,RR,12,12,1,0
20250225,XDCE,大商所,V,12,12,3,0
20250225,XDCE,大商所,Y,8,8,3,0
20250225,XSGE,上期所,AG,12,12,9,0
20250225,XSGE,上期所,AL,12,12,4,0
20250225,XSGE,上期所,AO,12,12,3,0
20250225,XSGE,上期所,AU,8,8,6,0
20250225,XSGE,上期所,BR,12,12,3,0
20250225,XSGE,上期所,BU,16,16,5,0
20250225,XSGE,上期所,CU,12,12,6,0
20250225,XSGE,上期所,FU,12,12,5,0
20250225,XSGE,上期所,HC,12,12,2,0
20250225,XSGE,上期所,NI,12,12,4,0
20250225,XSGE,上期所,PB,12,12,3,0
20250225,XSGE,上期所,RB,12,12,5,0
20250225,XSGE,上期所,RU,10,10,3,0
20250225,XSGE,上期所,SN,12,12,3,0
20250225,XSGE,上期所,SP,12,12,4,0
20250225,XSGE,上期所,SS,12,12,4,0
20250225,XSGE,上期所,ZN,12,12,4,0
20250225,XSIE,能源中心,BC,12,12,2,0
20250225,XSIE,能源中心,LU,12,12,3,0
20250225,XSIE,能源中心,NR,12,12,5,0
20250225,XSIE,能源中心,SC,20,20,3,0
20250226,XDCE,大商所,A,6,6,4,0
20250226,XDCE,大商所,B,12,12,4,0
20250226,XDCE,大商所,C,6,6,5,0
20250226,XDCE,大商所,CS,6,6,4,0
20250226,XDCE,大商所,EB,12,12,4,0
20250226,XDCE,大商所,EG,12,12,3,0
20250226,XDCE,大商所,I,12,12,7,0
20250226,XDCE,大商所,J,12,12,2,0
20250226,XDCE,大商所,JM,12,12,2,0
20250226,XDCE,大商所,L,12,12,3,0
20250226,XDCE,大商所,M,8,8,6,0
20250226,XDCE,大商所,P,12,12,3,0
20250226,XDCE,大商所,PG,12,12,4,0
20250226,XDCE,大商所,PP,12,12,2,0
20250226,XDCE,大商所,RR,12,12,0,0
20250226,XDCE,大商所,V,12,12,4,0
20250226,XDCE,大商所,Y,8,8,5,0
20250226,XSGE,上期所,AG,12,12,10,0
20250226,XSGE,上期所,AL,12,12,3,0
20250226,XSGE,上期所,AO,12,12,4,0
20250226,XSGE,上期所,AU,8,8,5,0
20250226,XSGE,上期所,BR,12,12,4,0
20250226,XSGE,上期所,BU,16,16,5,0
20250226,XSGE,上期所,CU,12,12,5,0
20250226,XSGE,上期所,FU,12,12,9,0
20250226,XSGE,上期所,HC,12,12,3,0
20250226,XSGE,上期所,NI,12,12,5,0
20250226,XSGE,上期所,PB,12,12,3,0
20250226,XSGE,上期所,RB,12,12,7,0
20250226,XSGE,上期所,RU,10,10,4,0
20250226,XSGE,上期所,SN,12,12,4,0
20250226,XSGE,上期所,SP,12,12,3,0
20250226,XSGE,上期所,SS,12,12,4,0
20250226,XSGE,上期所,ZN,12,12,4,0
20250226,XSIE,能源中心,BC,12,12,2,0
20250226,XSIE,能源中心,LU,12,12,3,0
20250226,XSIE,能源中心,NR,12,12,5,0
20250226,XSIE,能源中心,SC,20,20,4,0
20250227,XDCE,大商所,A,6,6,4,0
20250227,XDCE,大商所,B,12,12,3,0
20250227,XDCE,大商所,C,6,6,5,0
20250227,XDCE,大商所,CS,6,6,4,0
20250227,XDCE,大商所,EB,12,12,3,0
20250227,XDCE,大商所,EG,12,12,3,0
20250227,XDCE,大商所,I,12,12,5,0
20250227,XDCE,大商所,J,12,12,2,0
20250227,XDCE,大商所,JM,12,12,2,0
20250227,XDCE,大商所,L,12,12,3,0
20250227,XDCE,大商所,M,8,8,5,0
20250227,XDCE,大商所,P,12,12,4,0
20250227,XDCE,大商所,PG,12,12,3,0
20250227,XDCE,大商所,PP,12,12,4,0
20250227,XDCE,大商所,RR,12,12,0,0
20250227,XDCE,大商所,V,12,12,4,0
20250227,XDCE,大商所,Y,8,8,3,0
20250227,XSGE,上期所,AG,12,12,9,0
20250227,XSGE,上期所,AL,12,12,5,0
20250227,XSGE,上期所,AO,12,12,3,0
20250227,XSGE,上期所,AU,8,8,3,0
20250227,XSGE,上期所,BR,12,12,3,0
20250227,XSGE,上期所,BU,16,16,4,0
20250227,XSGE,上期所,CU,12,12,5,0
20250227,XSGE,上期所,FU,12,12,6,0
20250227,XSGE,上期所,HC,12,12,5,0
20250227,XSGE,上期所,NI,12,12,4,0
20250227,XSGE,上期所,PB,12,12,3,0
20250227,XSGE,上期所,RB,12,12,6,0
20250227,XSGE,上期所,RU,10,10,2,0
20250227,XSGE,上期所,SN,12,12,3,0
20250227,XSGE,上期所,SP,12,12,2,0
20250227,XSGE,上期所,SS,12,12,5,0
20250227,XSGE,上期所,ZN,12,12,4,0
20250227,XSIE,能源中心,BC,12,12,2,0
20250227,XSIE,能源中心,LU,12,12,4,0
20250227,XSIE,能源中心,NR,12,12,4,0
20250227,XSIE,能源中心,SC,20,20,3,0
20250228,XDCE,大商所,A,6,6,4,0
20250228,XDCE,大商所,B,12,12,3,0
20250228,XDCE,大商所,C,6,6,5,0
20250228,XDCE,大商所,CS,6,6,5,0
20250228,XDCE,大商所,EB,12,12,3,0
20250228,XDCE,大商所,EG,12,12,3,0
20250228,XDCE,大商所,I,12,12,6,0
20250228,XDCE,大商所,J,12,12,2,0
20250228,XDCE,大商所,JM,12,12,2,0
20250228,XDCE,大商所,L,12,12,2,0
20250228,XDCE,大商所,M,8,8,8,0
20250228,XDCE,大商所,P,12,12,2,0
20250228,XDCE,大商所,PG,12,12,3,0
20250228,XDCE,大商所,PP,12,12,2,0
20250228,XDCE,大商所,RR,12,12,1,0
20250228,XDCE,大商所,V,12,12,2,0
20250228,XDCE,大商所,Y,8,8,3,0
20250228,XSGE,上期所,AG,12,12,8,0
20250228,XSGE,上期所,AL,12,12,5,0
20250228,XSGE,上期所,AO,12,12,3,0
20250228,XSGE,上期所,AU,8,8,3,0
20250228,XSGE,上期所,BR,12,12,3,0
20250228,XSGE,上期所,BU,16,16,5,0
20250228,XSGE,上期所,CU,12,12,3,0
20250228,XSGE,上期所,FU,12,12,9,0
20250228,XSGE,上期所,HC,12,12,5,0
20250228,XSGE,上期所,NI,12,12,5,0
20250228,XSGE,上期所,PB,12,12,3,0
20250228,XSGE,上期所,RB,12,12,5,0
20250228,XSGE,上期所,RU,10,10,2,0
20250228,XSGE,上期所,SN,12,12,4,0
20250228,XSGE,上期所,SP,12,12,2,0
20250228,XSGE,上期所,SS,12,12,4,0
20250228,XSGE,上期所,ZN,12,12,4,0
20250228,XSIE,能源中心,BC,12,12,2,0
20250228,XSIE,能源中心,LU,12,12,4,0
20250228,XSIE,能源中心,NR,12,12,4,0
20250228,XSIE,能源中心,SC,20,20,3,0
20250303,XDCE,大商所,A,6,6,3,0
20250303,XDCE,大商所,B,12,12,4,0
20250303,XDCE,大商所,C,6,6,4,0
20250303,XDCE,大商所,CS,6,6,3,0
20250303,XDCE,大商所,EB,12,12,2,0
20250303,XDCE,大商所,EG,12,12,2,0
20250303,XDCE,大商所,I,12,12,7,0
20250303,XDCE,大商所,J,12,12,1,0
20250303,XDCE,大商所,JM,12,12,3,0
20250303,XDCE,大商所,L,12,12,2,0
20250303,XDCE,大商所,M,8,8,6,0
20250303,XDCE,大商所,P,12,12,2,0
20250303,XDCE,大商所,PG,12,12,2,0
20250303,XDCE,大商所,PP,12,12,2,0
20250303,XDCE,大商所,RR,12,12,0,0
20250303,XDCE,大商所,V,12,12,3,0
20250303,XDCE,大商所,Y,8,8,2,0
20250303,XSGE,上期所,AG,12,12,6,0
20250303,XSGE,上期所,AL,12,12,2,0
20250303,XSGE,上期所,AO,12,12,3,0
20250303,XSGE,上期所,AU,8,8,6,0
20250303,XSGE,上期所,BR,12,12,3,0
20250303,XSGE,上期所,BU,16,16,4,0
20250303,XSGE,上期所,CU,12,12,2,0
20250303,XSGE,上期所,FU,12,12,4,0
20250303,XSGE,上期所,HC,12,12,4,0
20250303,XSGE,上期所,NI,12,12,5,0
20250303,XSGE,上期所,PB,12,12,3,0
20250303,XSGE,上期所,RB,12,12,5,0
20250303,XSGE,上期所,RU,10,10,2,0
20250303,XSGE,上期所,SN,12,12,2,0
20250303,XSGE,上期所,SP,12,12,3,0
20250303,XSGE,上期所,SS,12,12,5,0
20250303,XSGE,上期所,ZN,12,12,3,0
20250303,XSIE,能源中心,BC,12,12,1,0
20250303,XSIE,能源中心,LU,12,12,3,0
20250303,XSIE,能源中心,NR,12,12,4,0
20250303,XSIE,能源中心,SC,20,20,3,0
20250304,XDCE,大商所,A,6,6,5,0
20250304,XDCE,大商所,B,12,12,4,0
20250304,XDCE,大商所,C,6,6,6,0
20250304,XDCE,大商所,CS,6,6,2,0
20250304,XDCE,大商所,EB,12,12,4,0
20250304,XDCE,大商所,EG,12,12,3,0
20250304,XDCE,大商所,I,12,12,4,0
20250304,XDCE,大商所,J,12,12,2,0
20250304,XDCE,大商所,JM,12,12,3,0
20250304,XDCE,大商所,L,12,12,3,0
20250304,XDCE,大商所,M,8,8,7,0
20250304,XDCE,大商所,P,12,12,2,0
20250304,XDCE,大商所,PG,12,12,5,0
20250304,XDCE,大商所,PP,12,12,4,0
20250304,XDCE,大商所,RR,12,12,0,0
20250304,XDCE,大商所,V,12,12,4,0
20250304,XDCE,大商所,Y,8,8,2,0
20250304,XSGE,上期所,AG,12,12,11,0
20250304,XSGE,上期所,AL,12,12,5,0
20250304,XSGE,上期所,AO,12,12,1,0
20250304,XSGE,上期所,AU,8,8,4,0
20250304,XSGE,上期所,BR,12,12,2,0
20250304,XSGE,上期所,BU,16,16,3,0
20250304,XSGE,上期所,CU,12,12,5,0
20250304,XSGE,上期所,FU,12,12,6,0
20250304,XSGE,上期所,HC,12,12,5,0
20250304,XSGE,上期所,NI,12,12,4,0
20250304,XSGE,上期所,PB,12,12,2,0
20250304,XSGE,上期所,RB,12,12,4,0
20250304,XSGE,上期所,RU,10,10,2,0
20250304,XSGE,上期所,SN,12,12,2,0
20250304,XSGE,上期所,SP,12,12,3,0
20250304,XSGE,上期所,SS,12,12,4,0
20250304,XSGE,上期所,ZN,12,12,3,0
20250304,XSIE,能源中心,BC,12,12,1,0
20250304,XSIE,能源中心,LU,12,12,2,0
20250304,XSIE,能源中心,NR,12,12,4,0
20250304,XSIE,能源中心,SC,20,20,3,0
20250305,XDCE,大商所,A,6,6,4,0
20250305,XDCE,大商所,B,12,12,3,0
20250305,XDCE,大商所,C,6,6,4,0
20250305,XDCE,大商所,CS,6,6,2,0
20250305,XDCE,大商所,EB,12,12,3,0
20250305,XDCE,大商所,EG,12,12,2,0
20250305,XDCE,大商所,I,12,12,4,0
20250305,XDCE,大商所,J,12,12,1,0
20250305,XDCE,大商所,JM,12,12,2,0
20250305,XDCE,大商所,L,12,12,2,0
20250305,XDCE,大商所,M,8,8,7,0
20250305,XDCE,大商所,P,12,12,4,0
20250305,XDCE,大商所,PG,12,12,4,0
20250305,XDCE,大商所,PP,12,12,2,0
20250305,XDCE,大商所,RR,12,12,2,0
20250305,XDCE,大商所,V,12,12,2,0
20250305,XDCE,大商所,Y,8,8,4,0
20250305,XSGE,上期所,AG,12,12,8,0
20250305,XSGE,上期所,AL,12,12,4,0
20250305,XSGE,上期所,AO,12,12,2,0
20250305,XSGE,上期所,AU,8,8,6,0
20250305,XSGE,上期所,BR,12,12,2,0
20250305,XSGE,上期所,BU,16,16,4,0
20250305,XSGE,上期所,CU,12,12,4,0
20250305,XSGE,上期所,FU,12,12,7,0
20250305,XSGE,上期所,HC,12,12,4,0
20250305,XSGE,上期所,NI,12,12,3,0
20250305,XSGE,上期所,PB,12,12,2,0
20250305,XSGE,上期所,RB,12,12,5,0
20250305,XSGE,上期所,RU,10,10,2,0
20250305,XSGE,上期所,SN,12,12,3,0
20250305,XSGE,上期所,SP,12,12,3,0
20250305,XSGE,上期所,SS,12,12,4,0
20250305,XSGE,上期所,ZN,12,12,3,0
20250305,XSIE,能源中心,BC,12,12,2,0
20250305,XSIE,能源中心,LU,12,12,4,0
20250305,XSIE,能源中心,NR,12,12,3,0
20250305,XSIE,能源中心,SC,20,20,4,0
20250306,XDCE,大商所,A,6,6,3,0
20250306,XDCE,大商所,B,12,12,5,0
20250306,XDCE,大商所,C,6,6,5,0
20250306,XDCE,大商所,CS,6,6,2,0
20250306,XDCE,大商所,EB,12,12,4,0
20250306,XDCE,大商所,EG,12,12,2,0
20250306,XDCE,大商所,I,12,12,9,0
20250306,XDCE,大商所,J,12,12,2,0
20250306,XDCE,大商所,JM,12,12,2,0
20250306,XDCE,大商所,L,12,12,4,0
20250306,XDCE,大商所,M,8,8,8,0
20250306,XDCE,大商所,P,12,12,3,0
20250306,XDCE,大商所,PG,12,12,3,0
20250306,XDCE,大商所,PP,12,12,2,0
20250306,XDCE,大商所,RR,12,12,2,0
20250306,XDCE,大商所,V,12,12,3,0
20250306,XDCE,大商所,Y,8,8,2,0
20250306,XSGE,上期所,AG,12,12,9,0
20250306,XSGE,上期所,AL,12,12,3,0
20250306,XSGE,上期所,AO,12,12,3,0
20250306,XSGE,上期所,AU,8,8,3,0
20250306,XSGE,上期所,BR,12,12,3,0
20250306,XSGE,上期所,BU,16,16,4,0
20250306,XSGE,上期所,CU,12,12,6,0
20250306,XSGE,上期所,FU,12,12,8,0
20250306,XSGE,上期所,HC,12,12,3,0
20250306,XSGE,上期所,NI,12,12,5,0
20250306,XSGE,上期所,PB,12,12,2,0
20250306,XSGE,上期所,RB,12,12,4,0
20250306,XSGE,上期所,RU,10,10,2,0
20250306,XSGE,上期所,SN,12,12,3,0
20250306,XSGE,上期所,SP,12,12,3,0
20250306,XSGE,上期所,SS,12,12,4,0
20250306,XSGE,上期所,ZN,12,12,4,0
20250306,XSIE,能源中心,BC,12,12,2,0
20250306,XSIE,能源中心,LU,12,12,4,0
20250306,XSIE,能源中心,NR,12,12,4,0
20250306,XSIE,能源中心,SC,20,20,3,0
20250310,XDCE,大商所,A,6,6,2,0
20250310,XDCE,大商所,B,12,12,4,0
20250310,XDCE,大商所,C,6,6,5,0
20250310,XDCE,大商所,CS,6,6,2,0
20250310,XDCE,大商所,EB,12,12,5,0
20250310,XDCE,大商所,EG,12,12,3,0
20250310,XDCE,大商所,I,12,12,3,0
20250310,XDCE,大商所,J,12,12,1,0
20250310,XDCE,大商所,JM,12,12,2,0
20250310,XDCE,大商所,L,12,12,4,0
20250310,XDCE,大商所,M,8,8,5,0
20250310,XDCE,大商所,P,12,12,3,0
20250310,XDCE,大商所,PG,12,12,4,0
20250310,XDCE,大商所,PP,12,12,2,0
20250310,XDCE,大商所,RR,12,12,1,0
20250310,XDCE,大商所,V,12,12,3,0
20250310,XDCE,大商所,Y,8,8,3,0
20250310,XSGE,上期所,AG,12,12,7,0
20250310,XSGE,上期所,AL,12,12,4,0
20250310,XSGE,上期所,AO,12,12,4,0
20250310,XSGE,上期所,AU,8,8,3,0
20250310,XSGE,上期所,BR,12,12,2,0
20250310,XSGE,上期所,BU,16,16,7,0
20250310,XSGE,上期所,CU,12,12,5,0
20250310,XSGE,上期所,FU,12,12,10,0
20250310,XSGE,上期所,HC,12,12,3,0
20250310,XSGE,上期所,NI,12,12,3,0
20250310,XSGE,上期所,PB,12,12,2,0
20250310,XSGE,上期所,RB,12,12,4,0
20250310,XSGE,上期所,RU,10,10,2,0
20250310,XSGE,上期所,SN,12,12,2,0
20250310,XSGE,上期所,SP,12,12,3,0
20250310,XSGE,上期所,SS,12,12,4,0
20250310,XSGE,上期所,ZN,12,12,2,0
20250310,XSIE,能源中心,BC,12,12,3,0
20250310,XSIE,能源中心,LU,12,12,3,0
20250310,XSIE,能源中心,NR,12,12,4,0
20250310,XSIE,能源中心,SC,20,20,3,0
20250311,XDCE,大商所,A,6,6,4,0
20250311,XDCE,大商所,B,12,12,3,0
20250311,XDCE,大商所,C,6,6,5,0
20250311,XDCE,大商所,CS,6,6,2,0
20250311,XDCE,大商所,EB,12,12,4,0
20250311,XDCE,大商所,EG,12,12,2,0
20250311,XDCE,大商所,I,12,12,4,0
20250311,XDCE,大商所,J,12,12,2,0
20250311,XDCE,大商所,JM,12,12,3,0
20250311,XDCE,大商所,L,12,12,2,0
20250311,XDCE,大商所,M,8,8,7,0
20250311,XDCE,大商所,P,12,12,3,0
20250311,XDCE,大商所,PG,12,12,2,0
20250311,XDCE,大商所,PP,12,12,2,0
20250311,XDCE,大商所,RR,12,12,1,0
20250311,XDCE,大商所,V,12,12,2,0
20250311,XDCE,大商所,Y,8,8,2,0
20250311,XSGE,上期所,AG,12,12,7,0
20250311,XSGE,上期所,AL,12,12,4,0
20250311,XSGE,上期所,AO,12,12,3,0
20250311,XSGE,上期所,AU,8,8,3,0
20250311,XSGE,上期所,BR,12,12,2,0
20250311,XSGE,上期所,BU,16,16,3,0
20250311,XSGE,上期所,CU,12,12,3,0
20250311,XSGE,上期所,FU,12,12,6,0
20250311,XSGE,上期所,HC,12,12,4,0
20250311,XSGE,上期所,NI,12,12,4,0
20250311,XSGE,上期所,PB,12,12,3,0
20250311,XSGE,上期所,RB,12,12,5,0
20250311,XSGE,上期所,RU,10,10,2,0
20250311,XSGE,上期所,SN,12,12,2,0
20250311,XSGE,上期所,SP,12,12,4,0
20250311,XSGE,上期所,SS,12,12,3,0
20250311,XSGE,上期所,ZN,12,12,3,0
20250311,XSIE,能源中心,BC,12,12,2,0
20250311,XSIE,能源中心,LU,12,12,3,0
20250311,XSIE,能源中心,NR,12,12,3,0
20250311,XSIE,能源中心,SC,20,20,3,0
20250312,XDCE,大商所,A,6,6,3,0
20250312,XDCE,大商所,B,12,12,4,0
20250312,XDCE,大商所,C,6,6,4,0
20250312,XDCE,大商所,CS,6,6,2,0
20250312,XDCE,大商所,EB,12,12,3,0
20250312,XDCE,大商所,EG,12,12,2,0
20250312,XDCE,大商所,I,12,12,3,0
20250312,XDCE,大商所,J,12,12,2,0
20250312,XDCE,大商所,JM,12,12,2,0
20250312,XDCE,大商所,L,12,12,2,0
20250312,XDCE,大商所,M,8,8,5,0
20250312,XDCE,大商所,P,12,12,5,0
20250312,XDCE,大商所,PG,12,12,3,0
20250312,XDCE,大商所,PP,12,12,2,0
20250312,XDCE,大商所,RR,12,12,0,0
20250312,XDCE,大商所,V,12,12,3,0
20250312,XDCE,大商所,Y,8,8,2,0
20250312,XSGE,上期所,AG,12,12,10,0
20250312,XSGE,上期所,AL,12,12,4,0
20250312,XSGE,上期所,AO,12,12,4,0
20250312,XSGE,上期所,AU,8,8,6,0
20250312,XSGE,上期所,BR,12,12,2,0
20250312,XSGE,上期所,BU,16,16,5,0
20250312,XSGE,上期所,CU,12,12,7,0
20250312,XSGE,上期所,FU,12,12,6,0
20250312,XSGE,上期所,HC,12,12,4,0
20250312,XSGE,上期所,NI,12,12,4,0
20250312,XSGE,上期所,PB,12,12,3,0
20250312,XSGE,上期所,RB,12,12,5,0
20250312,XSGE,上期所,RU,10,10,2,0
20250312,XSGE,上期所,SN,12,12,3,0
20250312,XSGE,上期所,SP,12,12,3,0
20250312,XSGE,上期所,SS,12,12,2,0
20250312,XSGE,上期所,ZN,12,12,5,0
20250312,XSIE,能源中心,BC,12,12,2,0
20250312,XSIE,能源中心,LU,12,12,3,0
20250312,XSIE,能源中心,NR,12,12,4,0
20250312,XSIE,能源中心,SC,20,20,3,0
20250313,XDCE,大商所,A,6,6,3,0
20250313,XDCE,大商所,B,12,12,4,0
20250313,XDCE,大商所,C,6,6,5,0
20250313,XDCE,大商所,CS,6,6,4,0
20250313,XDCE,大商所,EB,12,12,4,0
20250313,XDCE,大商所,EG,12,12,2,0
20250313,XDCE,大商所,I,12,12,6,0
20250313,XDCE,大商所,J,12,12,2,0
20250313,XDCE,大商所,JM,12,12,2,0
20250313,XDCE,大商所,L,12,12,3,0
20250313,XDCE,大商所,M,8,8,5,0
20250313,XDCE,大商所,P,12,12,3,0
20250313,XDCE,大商所,PG,12,12,3,0
20250313,XDCE,大商所,PP,12,12,2,0
20250313,XDCE,大商所,RR,12,12,1,0
20250313,XDCE,大商所,V,12,12,2,0
20250313,XDCE,大商所,Y,8,8,3,0
20250313,XSGE,上期所,AG,12,12,11,0
20250313,XSGE,上期所,AL,12,12,4,0
20250313,XSGE,上期所,AO,12,12,4,0
20250313,XSGE,上期所,AU,8,8,4,0
20250313,XSGE,上期所,BR,12,12,2,0
20250313,XSGE,上期所,BU,16,16,5,0
20250313,XSGE,上期所,CU,12,12,9,0
20250313,XSGE,上期所,FU,12,12,9,0
20250313,XSGE,上期所,HC,12,12,5,0
20250313,XSGE,上期所,NI,12,12,4,0
20250313,XSGE,上期所,PB,12,12,2,0
20250313,XSGE,上期所,RB,12,12,4,0
20250313,XSGE,上期所,RU,10,10,3,0
20250313,XSGE,上期所,SN,12,12,3,0
20250313,XSGE,上期所,SP,12,12,2,0
20250313,XSGE,上期所,SS,12,12,3,0
20250313,XSGE,上期所,ZN,12,12,4,0
20250313,XSIE,能源中心,BC,12,12,3,0
20250313,XSIE,能源中心,LU,12,12,5,0
20250313,XSIE,能源中心,NR,12,12,3,0
20250313,XSIE,能源中心,SC,20,20,3,0
20250319,XDCE,大商所,A,6,6,4,0
20250319,XDCE,大商所,B,12,12,4,0
20250319,XDCE,大商所,C,6,6,4,0
20250319,XDCE,大商所,CS,6,6,2,0
20250319,XDCE,大商所,EB,12,12,4,0
20250319,XDCE,大商所,EG,12,12,2,0
20250319,XDCE,大商所,I,12,12,4,0
20250319,XDCE,大商所,J,12,12,2,0
20250319,XDCE,大商所,JM,12,12,4,0
20250319,XDCE,大商所,L,12,12,3,0
20250319,XDCE,大商所,M,8,8,5,0
20250319,XDCE,大商所,P,12,12,5,0
20250319,XDCE,大商所,PG,12,12,2,0
20250319,XDCE,大商所,PP,12,12,2,0
20250319,XDCE,大商所,RR,12,12,2,0
20250319,XDCE,大商所,V,12,12,4,0
20250319,XDCE,大商所,Y,8,8,3,0
20250319,XSGE,上期所,AG,12,12,12,0
20250319,XSGE,上期所,AL,12,12,5,0
20250319,XSGE,上期所,AO,12,12,2,0
20250319,XSGE,上期所,AU,8,8,6,0
20250319,XSGE,上期所,BR,12,12,2,0
20250319,XSGE,上期所,BU,16,16,5,0
20250319,XSGE,上期所,CU,12,12,4,0
20250319,XSGE,上期所,FU,12,12,6,0
20250319,XSGE,上期所,HC,12,12,4,0
20250319,XSGE,上期所,NI,12,12,4,0
20250319,XSGE,上期所,PB,12,12,3,0
20250319,XSGE,上期所,RB,12,12,5,0
20250319,XSGE,上期所,RU,10,10,3,0
20250319,XSGE,上期所,SN,12,12,3,0
20250319,XSGE,上期所,SP,12,12,3,0
20250319,XSGE,上期所,SS,12,12,3,0
20250319,XSGE,上期所,ZN,12,12,4,0
20250319,XSIE,能源中心,BC,12,12,2,0
20250319,XSIE,能源中心,LU,12,12,4,0
20250319,XSIE,能源中心,NR,12,12,4,0
20250319,XSIE,能源中心,SC,20,20,3,0
20250320,XDCE,大商所,A,6,6,3,0
20250320,XDCE,大商所,B,12,12,3,0
20250320,XDCE,大商所,C,6,6,4,0
20250320,XDCE,大商所,CS,6,6,2,0
20250320,XDCE,大商所,EB,12,12,4,0
20250320,XDCE,大商所,EG,12,12,3,0
20250320,XDCE,大商所,I,12,12,4,0
20250320,XDCE,大商所,J,12,12,2,0
20250320,XDCE,大商所,JM,12,12,2,0
20250320,XDCE,大商所,L,12,12,4,0
20250320,XDCE,大商所,M,8,8,7,0
20250320,XDCE,大商所,P,12,12,5,0
20250320,XDCE,大商所,PG,12,12,3,0
20250320,XDCE,大商所,PP,12,12,4,0
20250320,XDCE,大商所,RR,12,12,1,0
20250320,XDCE,大商所,V,12,12,2,0
20250320,XDCE,大商所,Y,8,8,2,0
20250320,XSGE,上期所,AG,12,12,10,0
20250320,XSGE,上期所,AL,12,12,4,0
20250320,XSGE,上期所,AO,12,12,5,0
20250320,XSGE,上期所,AU,8,8,4,0
20250320,XSGE,上期所,BR,12,12,2,0
20250320,XSGE,上期所,BU,16,16,5,0
20250320,XSGE,上期所,CU,12,12,6,0
20250320,XSGE,上期所,FU,12,12,6,0
20250320,XSGE,上期所,HC,12,12,3,0
20250320,XSGE,上期所,NI,12,12,4,0
20250320,XSGE,上期所,PB,12,12,3,0
20250320,XSGE,上期所,RB,12,12,5,0
20250320,XSGE,上期所,RU,10,10,3,0
20250320,XSGE,上期所,SN,12,12,4,0
20250320,XSGE,上期所,SP,12,12,3,0
20250320,XSGE,上期所,SS,12,12,3,0
20250320,XSGE,上期所,ZN,12,12,3,0
20250320,XSIE,能源中心,BC,12,12,2,0
20250320,XSIE,能源中心,LU,12,12,3,0
20250320,XSIE,能源中心,NR,12,12,5,0
20250320,XSIE,能源中心,SC,20,20,2,0
20250321,XDCE,大商所,A,6,6,5,0
20250321,XDCE,大商所,B,12,12,4,0
20250321,XDCE,大商所,C,6,6,5,0
20250321,XDCE,大商所,CS,6,6,2,0
20250321,XDCE,大商所,EB,12,12,3,0
20250321,XDCE,大商所,EG,12,12,3,0
20250321,XDCE,大商所,I,12,12,5,0
20250321,XDCE,大商所,J,12,12,1,0
20250321,XDCE,大商所,JM,12,12,2,0
20250321,XDCE,大商所,L,12,12,2,0
20250321,XDCE,大商所,M,8,8,7,0
20250321,XDCE,大商所,P,12,12,3,0
20250321,XDCE,大商所,PG,12,12,3,0
20250321,XDCE,大商所,PP,12,12,2,0
20250321,XDCE,大商所,RR,12,12,0,0
20250321,XDCE,大商所,V,12,12,3,0
20250321,XDCE,大商所,Y,8,8,4,0
20250321,XSGE,上期所,AG,12,12,12,0
20250321,XSGE,上期所,AL,12,12,4,0
20250321,XSGE,上期所,AO,12,12,4,0
20250321,XSGE,上期所,AU,8,8,6,0
20250321,XSGE,上期所,BR,12,12,2,0
20250321,XSGE,上期所,BU,16,16,4,0
20250321,XSGE,上期所,CU,12,12,5,0
20250321,XSGE,上期所,FU,12,12,6,0
20250321,XSGE,上期所,HC,12,12,2,0
20250321,XSGE,上期所,NI,12,12,4,0
20250321,XSGE,上期所,PB,12,12,2,0
20250321,XSGE,上期所,RB,12,12,4,0
20250321,XSGE,上期所,RU,10,10,3,0
20250321,XSGE,上期所,SN,12,12,3,0
20250321,XSGE,上期所,SP,12,12,2,0
20250321,XSGE,上期所,SS,12,12,3,0
20250321,XSGE,上期所,ZN,12,12,3,0
20250321,XSIE,能源中心,BC,12,12,2,0
20250321,XSIE,能源中心,LU,12,12,3,0
20250321,XSIE,能源中心,NR,12,12,4,0
20250321,XSIE,能源中心,SC,20,20,3,0
20250324,XDCE,大商所,A,6,6,4,0
20250324,XDCE,大商所,B,12,12,3,0
20250324,XDCE,大商所,C,6,6,6,0
20250324,XDCE,大商所,CS,6,6,3,0
20250324,XDCE,大商所,EB,12,12,4,0
20250324,XDCE,大商所,EG,12,12,3,0
20250324,XDCE,大商所,I,12,12,3,0
20250324,XDCE,大商所,J,12,12,2,0
20250324,XDCE,大商所,JM,12,12,3,0
20250324,XDCE,大商所,L,12,12,2,0
20250324,XDCE,大商所,M,8,8,6,0
20250324,XDCE,大商所,P,12,12,3,0
20250324,XDCE,大商所,PG,12,12,3,0
20250324,XDCE,大商所,PP,12,12,4,0
20250324,XDCE,大商所,RR,12,12,0,0
20250324,XDCE,大商所,V,12,12,3,0
20250324,XDCE,大商所,Y,8,8,2,0
20250324,XSGE,上期所,AG,12,12,8,0
20250324,XSGE,上期所,AL,12,12,4,0
20250324,XSGE,上期所,AO,12,12,3,0
20250324,XSGE,上期所,AU,8,8,5,0
20250324,XSGE,上期所,BR,12,12,2,0
20250324,XSGE,上期所,BU,16,16,5,0
20250324,XSGE,上期所,CU,12,12,3,0
20250324,XSGE,上期所,FU,12,12,5,0
20250324,XSGE,上期所,HC,12,12,2,0
20250324,XSGE,上期所,NI,12,12,3,0
20250324,XSGE,上期所,PB,12,12,3,0
20250324,XSGE,上期所,RB,12,12,5,0
20250324,XSGE,上期所,RU,10,10,3,0
20250324,XSGE,上期所,SN,12,12,3,0
20250324,XSGE,上期所,SP,12,12,3,0
20250324,XSGE,上期所,SS,12,12,2,0
20250324,XSGE,上期所,ZN,12,12,4,0
20250324,XSIE,能源中心,BC,12,12,1,0
20250324,XSIE,能源中心,LU,12,12,3,0
20250324,XSIE,能源中心,NR,12,12,6,0
20250324,XSIE,能源中心,SC,20,20,3,0
20250325,XDCE,大商所,A,6,6,2,0
20250325,XDCE,大商所,B,12,12,4,0
20250325,XDCE,大商所,C,6,6,4,0
20250325,XDCE,大商所,CS,6,6,3,0
20250325,XDCE,大商所,EB,12,12,4,0
20250325,XDCE,大商所,EG,12,12,2,0
20250325,XDCE,大商所,I,12,12,3,0
20250325,XDCE,大商所,J,12,12,2,0
20250325,XDCE,大商所,JM,12,12,2,0
20250325,XDCE,大商所,L,12,12,3,0
20250325,XDCE,大商所,M,8,8,6,0
20250325,XDCE,大商所,P,12,12,3,0
20250325,XDCE,大商所,PG,12,12,3,0
20250325,XDCE,大商所,PP,12,12,2,0
20250325,XDCE,大商所,RR,12,12,1,0
20250325,XDCE,大商所,V,12,12,4,0
20250325,XDCE,大商所,Y,8,8,2,0
20250325,XSGE,上期所,AG,12,12,10,0
20250325,XSGE,上期所,AL,12,12,5,0
20250325,XSGE,上期所,AO,12,12,4,0
20250325,XSGE,上期所,AU,8,8,6,0
20250325,XSGE,上期所,BR,12,12,2,0
20250325,XSGE,上期所,BU,16,16,6,0
20250325,XSGE,上期所,CU,12,12,7,0
20250325,XSGE,上期所,FU,12,12,6,0
20250325,XSGE,上期所,HC,12,12,3,0
20250325,XSGE,上期所,NI,12,12,5,0
20250325,XSGE,上期所,PB,12,12,3,0
20250325,XSGE,上期所,RB,12,12,6,0
20250325,XSGE,上期所,RU,10,10,2,0
20250325,XSGE,上期所,SN,12,12,3,0
20250325,XSGE,上期所,SP,12,12,3,0
20250325,XSGE,上期所,SS,12,12,2,0
20250325,XSGE,上期所,ZN,12,12,4,0
20250325,XSIE,能源中心,BC,12,12,2,0
20250325,XSIE,能源中心,LU,12,12,2,0
20250325,XSIE,能源中心,NR,12,12,3,0
20250325,XSIE,能源中心,SC,20,20,3,0
20250326,XDCE,大商所,A,6,6,3,0
20250326,XDCE,大商所,B,12,12,5,0
20250326,XDCE,大商所,C,6,6,5,0
20250326,XDCE,大商所,CS,6,6,3,0
20250326,XDCE,大商所,EB,12,12,4,0
20250326,XDCE,大商所,EG,12,12,2,0
20250326,XDCE,大商所,I,12,12,3,0
20250326,XDCE,大商所,J,12,12,1,0
20250326,XDCE,大商所,JM,12,12,2,0
20250326,XDCE,大商所,L,12,12,4,0
20250326,XDCE,大商所,M,8,8,5,0
20250326,XDCE,大商所,P,12,12,5,0
20250326,XDCE,大商所,PG,12,12,3,0
20250326,XDCE,大商所,PP,12,12,3,0
20250326,XDCE,大商所,RR,12,12,0,0
20250326,XDCE,大商所,V,12,12,4,0
20250326,XDCE,大商所,Y,8,8,3,0
20250326,XSGE,上期所,AG,12,12,11,0
20250326,XSGE,上期所,AL,12,12,4,0
20250326,XSGE,上期所,AO,12,12,4,0
20250326,XSGE,上期所,AU,8,8,5,0
20250326,XSGE,上期所,BR,12,12,2,0
20250326,XSGE,上期所,BU,16,16,4,0
20250326,XSGE,上期所,CU,12,12,6,0
20250326,XSGE,上期所,FU,12,12,8,0
20250326,XSGE,上期所,HC,12,12,3,0
20250326,XSGE,上期所,NI,12,12,3,0
20250326,XSGE,上期所,PB,12,12,3,0
20250326,XSGE,上期所,RB,12,12,5,0
20250326,XSGE,上期所,RU,10,10,3,0
20250326,XSGE,上期所,SN,12,12,3,0
20250326,XSGE,上期所,SP,12,12,3,0
20250326,XSGE,上期所,SS,12,12,3,0
20250326,XSGE,上期所,ZN,12,12,3,0
20250326,XSIE,能源中心,BC,12,12,1,0
20250326,XSIE,能源中心,LU,12,12,4,0
20250326,XSIE,能源中心,NR,12,12,4,0
20250326,XSIE,能源中心,SC,20,20,4,0
20250327,XDCE,大商所,A,6,6,3,0
20250327,XDCE,大商所,B,12,12,3,0
20250327,XDCE,大商所,C,6,6,5,0
20250327,XDCE,大商所,CS,6,6,3,0
20250327,XDCE,大商所,EB,12,12,4,0
20250327,XDCE,大商所,EG,12,12,3,0
20250327,XDCE,大商所,I,12,12,4,0
20250327,XDCE,大商所,J,12,12,2,0
20250327,XDCE,大商所,JM,12,12,3,0
20250327,XDCE,大商所,L,12,12,3,0
20250327,XDCE,大商所,M,8,8,7,0
20250327,XDCE,大商所,P,12,12,4,0
20250327,XDCE,大商所,PG,12,12,3,0
20250327,XDCE,大商所,PP,12,12,2,0
20250327,XDCE,大商所,RR,12,12,0,0
20250327,XDCE,大商所,V,12,12,5,0
20250327,XDCE,大商所,Y,8,8,4,0
20250327,XSGE,上期所,AG,12,12,10,0
20250327,XSGE,上期所,AL,12,12,4,0
20250327,XSGE,上期所,AO,12,12,4,0
20250327,XSGE,上期所,AU,8,8,4,0
20250327,XSGE,上期所,BR,12,12,2,0
20250327,XSGE,上期所,BU,16,16,5,0
20250327,XSGE,上期所,CU,12,12,7,0
20250327,XSGE,上期所,FU,12,12,6,0
20250327,XSGE,上期所,HC,12,12,4,0
20250327,XSGE,上期所,NI,12,12,6,0
20250327,XSGE,上期所,PB,12,12,3,0
20250327,XSGE,上期所,RB,12,12,6,0
20250327,XSGE,上期所,RU,10,10,3,0
20250327,XSGE,上期所,SN,12,12,3,0
20250327,XSGE,上期所,SP,12,12,3,0
20250327,XSGE,上期所,SS,12,12,4,0
20250327,XSGE,上期所,ZN,12,12,4,0
20250327,XSIE,能源中心,BC,12,12,1,0
20250327,XSIE,能源中心,LU,12,12,4,0
20250327,XSIE,能源中心,NR,12,12,6,0
20250327,XSIE,能源中心,SC,20,20,5,0
20250328,XDCE,大商所,A,6,6,4,0
20250328,XDCE,大商所,B,12,12,4,0
20250328,XDCE,大商所,C,6,6,6,0
20250328,XDCE,大商所,CS,6,6,3,0
20250328,XDCE,大商所,EB,12,12,6,0
20250328,XDCE,大商所,EG,12,12,4,0
20250328,XDCE,大商所,I,12,12,5,0
20250328,XDCE,大商所,J,12,12,2,0
20250328,XDCE,大商所,JM,12,12,3,0
20250328,XDCE,大商所,L,12,12,2,0
20250328,XDCE,大商所,M,8,8,8,0
20250328,XDCE,大商所,P,12,12,5,0
20250328,XDCE,大商所,PG,12,12,4,0
20250328,XDCE,大商所,PP,12,12,2,0
20250328,XDCE,大商所,RR,12,12,0,0
20250328,XDCE,大商所,V,12,12,2,0
20250328,XDCE,大商所,Y,8,8,6,0
20250328,XSGE,上期所,AG,12,12,12,0
20250328,XSGE,上期所,AL,12,12,6,0
20250328,XSGE,上期所,AO,12,12,4,0
20250328,XSGE,上期所,AU,8,8,6,0
20250328,XSGE,上期所,BR,12,12,3,0
20250328,XSGE,上期所,BU,16,16,5,0
20250328,XSGE,上期所,CU,12,12,6,0
20250328,XSGE,上期所,FU,12,12,4,0
20250328,XSGE,上期所,HC,12,12,4,0
20250328,XSGE,上期所,NI,12,12,5,0
20250328,XSGE,上期所,PB,12,12,2,0
20250328,XSGE,上期所,RB,12,12,4,0
20250328,XSGE,上期所,RU,10,10,3,0
20250328,XSGE,上期所,SN,12,12,4,0
20250328,XSGE,上期所,SP,12,12,3,0
20250328,XSGE,上期所,SS,12,12,2,0
20250328,XSGE,上期所,ZN,12,12,6,0
20250328,XSIE,能源中心,BC,12,12,2,0
20250328,XSIE,能源中心,LU,12,12,4,0
20250328,XSIE,能源中心,NR,12,12,4,0
20250328,XSIE,能源中心,SC,20,20,3,0
20250331,XDCE,大商所,A,6,6,3,0
20250331,XDCE,大商所,B,12,12,5,0
20250331,XDCE,大商所,C,6,6,4,0
20250331,XDCE,大商所,CS,6,6,2,0
20250331,XDCE,大商所,EB,12,12,4,0
20250331,XDCE,大商所,EG,12,12,2,0
20250331,XDCE,大商所,I,12,12,4,0
20250331,XDCE,大商所,J,12,12,2,0
20250331,XDCE,大商所,JM,12,12,2,0
20250331,XDCE,大商所,L,12,12,3,0
20250331,XDCE,大商所,M,8,8,5,0
20250331,XDCE,大商所,P,12,12,6,0
20250331,XDCE,大商所,PG,12,12,3,0
20250331,XDCE,大商所,PP,12,12,2,0
20250331,XDCE,大商所,RR,12,12,2,0
20250331,XDCE,大商所,V,12,12,2,0
20250331,XDCE,大商所,Y,8,8,2,0
20250331,XSGE,上期所,AG,12,12,11,0
20250331,XSGE,上期所,AL,12,12,3,0
20250331,XSGE,上期所,AO,12,12,3,0
20250331,XSGE,上期所,AU,8,8,3,0
20250331,XSGE,上期所,BR,12,12,3,0
20250331,XSGE,上期所,BU,16,16,3,0
20250331,XSGE,上期所,CU,12,12,6,0
20250331,XSGE,上期所,FU,12,12,6,0
20250331,XSGE,上期所,HC,12,12,3,0
20250331,XSGE,上期所,NI,12,12,4,0
20250331,XSGE,上期所,PB,12,12,2,0
20250331,XSGE,上期所,RB,12,12,5,0
20250331,XSGE,上期所,RU,10,10,3,0
20250331,XSGE,上期所,SN,12,12,5,0
20250331,XSGE,上期所,SP,12,12,2,0
20250331,XSGE,上期所,SS,12,12,4,0
20250331,XSGE,上期所,ZN,12,12,4,0
20250331,XSIE,能源中心,BC,12,12,2,0
20250331,XSIE,能源中心,LU,12,12,4,0
20250331,XSIE,能源中心,NR,12,12,4,0
20250331,XSIE,能源中心,SC,20,20,2,0
20250401,XDCE,大商所,A,6,6,3,0
20250401,XDCE,大商所,B,12,12,5,0
20250401,XDCE,大商所,C,6,6,5,0
20250401,XDCE,大商所,CS,6,6,2,0
20250401,XDCE,大商所,EB,12,12,5,0
20250401,XDCE,大商所,EG,12,12,3,0
20250401,XDCE,大商所,I,12,12,3,0
20250401,XDCE,大商所,J,12,12,2,0
20250401,XDCE,大商所,JM,12,12,2,0
20250401,XDCE,大商所,L,12,12,2,0
20250401,XDCE,大商所,M,8,8,8,0
20250401,XDCE,大商所,P,12,12,3,0
20250401,XDCE,大商所,PG,12,12,5,0
20250401,XDCE,大商所,PP,12,12,2,0
20250401,XDCE,大商所,RR,12,12,0,0
20250401,XDCE,大商所,V,12,12,2,0
20250401,XDCE,大商所,Y,8,8,4,0
20250401,XSGE,上期所,AG,12,12,10,0
20250401,XSGE,上期所,AL,12,12,4,0
20250401,XSGE,上期所,AO,12,12,4,0
20250401,XSGE,上期所,AU,8,8,4,0
20250401,XSGE,上期所,BR,12,12,2,0
20250401,XSGE,上期所,BU,16,16,4,0
20250401,XSGE,上期所,CU,12,12,7,0
20250401,XSGE,上期所,FU,12,12,6,0
20250401,XSGE,上期所,HC,12,12,5,0
20250401,XSGE,上期所,NI,12,12,4,0
20250401,XSGE,上期所,PB,12,12,2,0
20250401,XSGE,上期所,RB,12,12,6,0
20250401,XSGE,上期所,RU,10,10,2,0
20250401,XSGE,上期所,SN,12,12,4,0
20250401,XSGE,上期所,SP,12,12,3,0
20250401,XSGE,上期所,SS,12,12,2,0
20250401,XSGE,上期所,ZN,12,12,6,0
20250401,XSIE,能源中心,BC,12,12,3,0
20250401,XSIE,能源中心,LU,12,12,4,0
20250401,XSIE,能源中心,NR,12,12,4,0
20250401,XSIE,能源中心,SC,20,20,3,0
20250402,XDCE,大商所,A,6,6,3,0
20250402,XDCE,大商所,B,12,12,4,0
20250402,XDCE,大商所,C,6,6,5,0
20250402,XDCE,大商所,CS,6,6,3,0
20250402,XDCE,大商所,EB,12,12,3,0
20250402,XDCE,大商所,EG,12,12,3,0
20250402,XDCE,大商所,I,12,12,3,0
20250402,XDCE,大商所,J,12,12,2,0
20250402,XDCE,大商所,JM,12,12,3,0
20250402,XDCE,大商所,L,12,12,2,0
20250402,XDCE,大商所,M,8,8,8,0
20250402,XDCE,大商所,P,12,12,3,0
20250402,XDCE,大商所,PG,12,12,3,0
20250402,XDCE,大商所,PP,12,12,3,0
20250402,XDCE,大商所,RR,12,12,0,0
20250402,XDCE,大商所,V,12,12,2,0
20250402,XDCE,大商所,Y,8,8,4,0
20250402,XSGE,上期所,AG,12,12,10,0
20250402,XSGE,上期所,AL,12,12,6,0
20250402,XSGE,上期所,AO,12,12,4,0
20250402,XSGE,上期所,AU,8,8,5,0
20250402,XSGE,上期所,BR,12,12,2,0
20250402,XSGE,上期所,BU,16,16,4,0
20250402,XSGE,上期所,CU,12,12,5,0
20250402,XSGE,上期所,FU,12,12,6,0
20250402,XSGE,上期所,HC,12,12,4,0
20250402,XSGE,上期所,NI,12,12,4,0
20250402,XSGE,上期所,PB,12,12,2,0
20250402,XSGE,上期所,RB,12,12,3,0
20250402,XSGE,上期所,RU,10,10,3,0
20250402,XSGE,上期所,SN,12,12,5,0
20250402,XSGE,上期所,SP,12,12,4,0
20250402,XSGE,上期所,SS,12,12,2,0
20250402,XSGE,上期所,ZN,12,12,4,0
20250402,XSIE,能源中心,BC,12,12,2,0
20250402,XSIE,能源中心,LU,12,12,3,0
20250402,XSIE,能源中心,NR,12,12,5,0
20250402,XSIE,能源中心,SC,20,20,2,0
20250403,XDCE,大商所,A,6,6,3,0
20250403,XDCE,大商所,B,12,12,4,0
20250403,XDCE,大商所,C,6,6,4,0
20250403,XDCE,大商所,CS,6,6,2,0
20250403,XDCE,大商所,EB,12,12,3,0
20250403,XDCE,大商所,EG,12,12,3,0
20250403,XDCE,大商所,I,12,12,3,0
20250403,XDCE,大商所,J,12,12,2,0
20250403,XDCE,大商所,JM,12,12,2,0
20250403,XDCE,大商所,L,12,12,4,0
20250403,XDCE,大商所,M,8,8,7,0
20250403,XDCE,大商所,P,12,12,6,0
20250403,XDCE,大商所,PG,12,12,4,0
20250403,XDCE,大商所,PP,12,12,2,0
20250403,XDCE,大商所,RR,12,12,1,0
20250403,XDCE,大商所,V,12,12,2,0
20250403,XDCE,大商所,Y,8,8,4,0
20250403,XSGE,上期所,AG,12,12,8,0
20250403,XSGE,上期所,AL,12,12,4,0
20250403,XSGE,上期所,AO,12,12,4,0
20250403,XSGE,上期所,AU,8,8,6,0
20250403,XSGE,上期所,BR,12,12,2,0
20250403,XSGE,上期所,BU,16,16,3,0
20250403,XSGE,上期所,CU,12,12,5,0
20250403,XSGE,上期所,FU,12,12,6,0
20250403,XSGE,上期所,HC,12,12,4,0
20250403,XSGE,上期所,NI,12,12,5,0
20250403,XSGE,上期所,PB,12,12,4,0
20250403,XSGE,上期所,RB,12,12,4,0
20250403,XSGE,上期所,RU,10,10,2,0
20250403,XSGE,上期所,SN,12,12,4,0
20250403,XSGE,上期所,SP,12,12,3,0
20250403,XSGE,上期所,SS,12,12,4,0
20250403,XSGE,上期所,ZN,12,12,7,0
20250403,XSIE,能源中心,BC,12,12,2,0
20250403,XSIE,能源中心,LU,12,12,3,0
20250403,XSIE,能源中心,NR,12,12,5,0
20250403,XSIE,能源中心,SC,20,20,2,0
20250408,XDCE,大商所,A,6,6,3,0
20250408,XDCE,大商所,B,12,12,3,0
20250408,XDCE,大商所,C,6,6,4,0
20250408,XDCE,大商所,CS,6,6,2,0
20250408,XDCE,大商所,EB,12,12,7,0
20250408,XDCE,大商所,EG,12,12,4,0
20250408,XDCE,大商所,I,12,12,6,0
20250408,XDCE,大商所,J,12,12,2,0
20250408,XDCE,大商所,JM,12,12,2,0
20250408,XDCE,大商所,L,12,12,3,0
20250408,XDCE,大商所,M,8,8,7,0
20250408,XDCE,大商所,P,12,12,3,0
20250408,XDCE,大商所,PG,12,12,4,0
20250408,XDCE,大商所,PP,12,12,4,0
20250408,XDCE,大商所,RR,12,12,0,0
20250408,XDCE,大商所,V,12,12,4,0
20250408,XDCE,大商所,Y,8,8,4,0
20250408,XSGE,上期所,AG,12,12,12,0
20250408,XSGE,上期所,AL,12,12,3,0
20250408,XSGE,上期所,AO,12,12,3,0
20250408,XSGE,上期所,AU,8,8,5,0
20250408,XSGE,上期所,BR,12,12,5,0
20250408,XSGE,上期所,BU,16,16,6,0
20250408,XSGE,上期所,CU,12,12,11,0
20250408,XSGE,上期所,FU,12,12,12,0
20250408,XSGE,上期所,HC,12,12,4,0
20250408,XSGE,上期所,NI,12,12,4,0
20250408,XSGE,上期所,PB,12,12,3,0
20250408,XSGE,上期所,RB,12,12,6,0
20250408,XSGE,上期所,RU,10,10,7,0
20250408,XSGE,上期所,SN,12,12,4,0
20250408,XSGE,上期所,SP,12,12,3,0
20250408,XSGE,上期所,SS,12,12,3,0
20250408,XSGE,上期所,ZN,12,12,5,0
20250408,XSIE,能源中心,BC,12,12,2,0
20250408,XSIE,能源中心,LU,12,12,5,0
20250408,XSIE,能源中心,NR,12,12,6,0
20250408,XSIE,能源中心,SC,20,20,6,0
20250409,XDCE,大商所,A,6,6,4,0
20250409,XDCE,大商所,B,12,12,6,0
20250409,XDCE,大商所,C,6,6,5,0
20250409,XDCE,大商所,CS,6,6,2,0
20250409,XDCE,大商所,EB,12,12,4,0
20250409,XDCE,大商所,EG,12,12,2,0
20250409,XDCE,大商所,I,12,12,4,0
20250409,XDCE,大商所,J,12,12,2,0
20250409,XDCE,大商所,JM,12,12,2,0
20250409,XDCE,大商所,L,12,12,2,0
20250409,XDCE,大商所,M,8,8,6,0
20250409,XDCE,大商所,P,12,12,3,0
20250409,XDCE,大商所,PG,12,12,5,0
20250409,XDCE,大商所,PP,12,12,3,0
20250409,XDCE,大商所,RR,12,12,0,0
20250409,XDCE,大商所,V,12,12,5,0
20250409,XDCE,大商所,Y,8,8,3,0
20250409,XSGE,上期所,AG,12,12,9,0
20250409,XSGE,上期所,AL,12,12,6,0
20250409,XSGE,上期所,AO,12,12,4,0
20250409,XSGE,上期所,AU,8,8,5,0
20250409,XSGE,上期所,BR,12,12,3,0
20250409,XSGE,上期所,BU,16,16,3,0
20250409,XSGE,上期所,CU,12,12,7,0
20250409,XSGE,上期所,FU,12,12,5,0
20250409,XSGE,上期所,HC,12,12,4,0
20250409,XSGE,上期所,NI,12,12,7,0
20250409,XSGE,上期所,PB,12,12,3,0
20250409,XSGE,上期所,RB,12,12,5,0
20250409,XSGE,上期所,RU,10,10,3,0
20250409,XSGE,上期所,SN,12,12,4,0
20250409,XSGE,上期所,SP,12,12,4,0
20250409,XSGE,上期所,SS,12,12,4,0
20250409,XSGE,上期所,ZN,12,12,4,0
20250409,XSIE,能源中心,BC,12,12,2,0
20250409,XSIE,能源中心,LU,12,12,5,0
20250409,XSIE,能源中心,NR,12,12,7,0
20250409,XSIE,能源中心,SC,20,20,3,0
20250410,XDCE,大商所,A,6,6,5,0
20250410,XDCE,大商所,B,12,12,5,0
20250410,XDCE,大商所,C,6,6,6,0
20250410,XDCE,大商所,CS,6,6,5,0
20250410,XDCE,大商所,EB,12,12,6,0
20250410,XDCE,大商所,EG,12,12,4,0
20250410,XDCE,大商所,I,12,12,8,0
20250410,XDCE,大商所,J,12,12,3,0
20250410,XDCE,大商所,JM,12,12,3,0
20250410,XDCE,大商所,L,12,12,6,0
20250410,XDCE,大商所,M,8,8,7,0
20250410,XDCE,大商所,P,12,12,3,0
20250410,XDCE,大商所,PG,12,12,4,0
20250410,XDCE,大商所,PP,12,12,4,0
20250410,XDCE,大商所,RR,12,12,0,0
20250410,XDCE,大商所,V,12,12,7,0
20250410,XDCE,大商所,Y,8,8,4,0
20250410,XSGE,上期所,AG,12,12,10,0
20250410,XSGE,上期所,AL,12,12,5,0
20250410,XSGE,上期所,AO,12,12,4,0
20250410,XSGE,上期所,AU,8,8,6,0
20250410,XSGE,上期所,BR,12,12,4,0
20250410,XSGE,上期所,BU,16,16,6,0
20250410,XSGE,上期所,CU,12,12,10,0
20250410,XSGE,上期所,FU,12,12,10,0
20250410,XSGE,上期所,HC,12,12,5,0
20250410,XSGE,上期所,NI,12,12,6,0
20250410,XSGE,上期所,PB,12,12,2,0
20250410,XSGE,上期所,RB,12,12,6,0
20250410,XSGE,上期所,RU,10,10,3,0
20250410,XSGE,上期所,SN,12,12,6,0
20250410,XSGE,上期所,SP,12,12,3,0
20250410,XSGE,上期所,SS,12,12,5,0
20250410,XSGE,上期所,ZN,12,12,3,0
20250410,XSIE,能源中心,BC,12,12,1,0
20250410,XSIE,能源中心,LU,12,12,5,0
20250410,XSIE,能源中心,NR,12,12,6,0
20250410,XSIE,能源中心,SC,20,20,4,0
20250411,XDCE,大商所,A,6,6,4,0
20250411,XDCE,大商所,B,12,12,4,0
20250411,XDCE,大商所,C,6,6,5,0
20250411,XDCE,大商所,CS,6,6,2,0
20250411,XDCE,大商所,EB,12,12,6,0
20250411,XDCE,大商所,EG,12,12,5,0
20250411,XDCE,大商所,I,12,12,5,0
20250411,XDCE,大商所,J,12,12,2,0
20250411,XDCE,大商所,JM,12,12,3,0
20250411,XDCE,大商所,L,12,12,6,0
20250411,XDCE,大商所,M,8,8,7,0
20250411,XDCE,大商所,P,12,12,5,0
20250411,XDCE,大商所,PG,12,12,5,0
20250411,XDCE,大商所,PP,12,12,7,0
20250411,XDCE,大商所,RR,12,12,0,0
20250411,XDCE,大商所,V,12,12,6,0
20250411,XDCE,大商所,Y,8,8,3,0
20250411,XSGE,上期所,AG,12,12,9,0
20250411,XSGE,上期所,AL,12,12,3,0
20250411,XSGE,上期所,AO,12,12,4,0
20250411,XSGE,上期所,AU,8,8,5,0
20250411,XSGE,上期所,BR,12,12,3,0
20250411,XSGE,上期所,BU,16,16,4,0
20250411,XSGE,上期所,CU,12,12,6,0
20250411,XSGE,上期所,FU,12,12,10,0
20250411,XSGE,上期所,HC,12,12,6,0
20250411,XSGE,上期所,NI,12,12,5,0
20250411,XSGE,上期所,PB,12,12,3,0
20250411,XSGE,上期所,RB,12,12,5,0
20250411,XSGE,上期所,RU,10,10,3,0
20250411,XSGE,上期所,SN,12,12,4,0
20250411,XSGE,上期所,SP,12,12,3,0
20250411,XSGE,上期所,SS,12,12,3,0
20250411,XSGE,上期所,ZN,12,12,3,0
20250411,XSIE,能源中心,BC,12,12,2,0
20250411,XSIE,能源中心,LU,12,12,5,0
20250411,XSIE,能源中心,NR,12,12,4,0
20250411,XSIE,能源中心,SC,20,20,4,0
20250414,XDCE,大商所,A,6,6,4,0
20250414,XDCE,大商所,B,12,12,3,0
20250414,XDCE,大商所,C,6,6,5,0
20250414,XDCE,大商所,CS,6,6,2,0
20250414,XDCE,大商所,EB,12,12,5,0
20250414,XDCE,大商所,EG,12,12,3,0
20250414,XDCE,大商所,I,12,12,5,0
20250414,XDCE,大商所,J,12,12,2,0
20250414,XDCE,大商所,JM,12,12,2,0
20250414,XDCE,大商所,L,12,12,4,0
20250414,XDCE,大商所,M,8,8,6,0
20250414,XDCE,大商所,P,12,12,3,0
20250414,XDCE,大商所,PG,12,12,4,0
20250414,XDCE,大商所,PP,12,12,3,0
20250414,XDCE,大商所,RR,12,12,0,0
20250414,XDCE,大商所,V,12,12,2,0
20250414,XDCE,大商所,Y,8,8,3,0
20250414,XSGE,上期所,AG,12,12,9,0
20250414,XSGE,上期所,AL,12,12,5,0
20250414,XSGE,上期所,AO,12,12,4,0
20250414,XSGE,上期所,AU,8,8,5,0
20250414,XSGE,上期所,BR,12,12,3,0
20250414,XSGE,上期所,BU,16,16,4,0
20250414,XSGE,上期所,CU,12,12,6,0
20250414,XSGE,上期所,FU,12,12,9,0
20250414,XSGE,上期所,HC,12,12,3,0
20250414,XSGE,上期所,NI,12,12,7,0
20250414,XSGE,上期所,PB,12,12,2,0
20250414,XSGE,上期所,RB,12,12,6,0
20250414,XSGE,上期所,RU,10,10,3,0
20250414,XSGE,上期所,SN,12,12,3,0
20250414,XSGE,上期所,SP,12,12,3,0
20250414,XSGE,上期所,SS,12,12,5,0
20250414,XSGE,上期所,ZN,12,12,3,0
20250414,XSIE,能源中心,BC,12,12,1,0
20250414,XSIE,能源中心,LU,12,12,5,0
20250414,XSIE,能源中心,NR,12,12,5,0
20250414,XSIE,能源中心,SC,20,20,3,0
20250415,XDCE,大商所,A,6,6,4,0
20250415,XDCE,大商所,B,12,12,4,0
20250415,XDCE,大商所,C,6,6,5,0
20250415,XDCE,大商所,CS,6,6,2,0
20250415,XDCE,大商所,EB,12,12,4,0
20250415,XDCE,大商所,EG,12,12,2,0
20250415,XDCE,大商所,I,12,12,5,0
20250415,XDCE,大商所,J,12,12,2,0
20250415,XDCE,大商所,JM,12,12,3,0
20250415,XDCE,大商所,L,12,12,3,0
20250415,XDCE,大商所,M,8,8,6,0
20250415,XDCE,大商所,P,12,12,3,0
20250415,XDCE,大商所,PG,12,12,5,0
20250415,XDCE,大商所,PP,12,12,4,0
20250415,XDCE,大商所,RR,12,12,0,0
20250415,XDCE,大商所,V,12,12,2,0
20250415,XDCE,大商所,Y,8,8,3,0
20250415,XSGE,上期所,AG,12,12,11,0
20250415,XSGE,上期所,AL,12,12,6,0
20250415,XSGE,上期所,AO,12,12,5,0
20250415,XSGE,上期所,AU,8,8,7,0
20250415,XSGE,上期所,BR,12,12,3,0
20250415,XSGE,上期所,BU,16,16,3,0
20250415,XSGE,上期所,CU,12,12,5,0
20250415,XSGE,上期所,FU,12,12,9,0
20250415,XSGE,上期所,HC,12,12,5,0
20250415,XSGE,上期所,NI,12,12,4,0
20250415,XSGE,上期所,PB,12,12,3,0
20250415,XSGE,上期所,RB,12,12,5,0
20250415,XSGE,上期所,RU,10,10,3,0
20250415,XSGE,上期所,SN,12,12,3,0
20250415,XSGE,上期所,SP,12,12,4,0
20250415,XSGE,上期所,SS,12,12,4,0
20250415,XSGE,上期所,ZN,12,12,5,0
20250415,XSIE,能源中心,BC,12,12,2,0
20250415,XSIE,能源中心,LU,12,12,4,0
20250415,XSIE,能源中心,NR,12,12,3,0
20250415,XSIE,能源中心,SC,20,20,4,0
20250416,XDCE,大商所,A,6,6,4,0
20250416,XDCE,大商所,B,12,12,4,0
20250416,XDCE,大商所,C,6,6,5,0
20250416,XDCE,大商所,CS,6,6,3,0
20250416,XDCE,大商所,EB,12,12,5,0
20250416,XDCE,大商所,EG,12,12,2,0
20250416,XDCE,大商所,I,12,12,4,0
20250416,XDCE,大商所,J,12,12,2,0
20250416,XDCE,大商所,JM,12,12,4,0
20250416,XDCE,大商所,L,12,12,3,0
20250416,XDCE,大商所,M,8,8,7,0
20250416,XDCE,大商所,P,12,12,3,0
20250416,XDCE,大商所,PG,12,12,4,0
20250416,XDCE,大商所,PP,12,12,2,0
20250416,XDCE,大商所,RR,12,12,0,0
20250416,XDCE,大商所,V,12,12,3,0
20250416,XDCE,大商所,Y,8,8,4,0
20250416,XSGE,上期所,AG,12,12,7,0
20250416,XSGE,上期所,AL,12,12,6,0
20250416,XSGE,上期所,AO,12,12,3,0
20250416,XSGE,上期所,AU,8,8,4,0
20250416,XSGE,上期所,BR,12,12,3,0
20250416,XSGE,上期所,BU,16,16,4,0
20250416,XSGE,上期所,CU,12,12,4,0
20250416,XSGE,上期所,FU,12,12,8,0
20250416,XSGE,上期所,HC,12,12,5,0
20250416,XSGE,上期所,NI,12,12,4,0
20250416,XSGE,上期所,PB,12,12,3,0
20250416,XSGE,上期所,RB,12,12,6,0
20250416,XSGE,上期所,RU,10,10,4,0
20250416,XSGE,上期所,SN,12,12,5,0
20250416,XSGE,上期所,SP,12,12,3,0
20250416,XSGE,上期所,SS,12,12,4,0
20250416,XSGE,上期所,ZN,12,12,4,0
20250416,XSIE,能源中心,BC,12,12,1,0
20250416,XSIE,能源中心,LU,12,12,4,0
20250416,XSIE,能源中心,NR,12,12,6,0
20250416,XSIE,能源中心,SC,20,20,3,0
20250417,XDCE,大商所,A,6,6,3,0
20250417,XDCE,大商所,B,12,12,6,0
20250417,XDCE,大商所,C,6,6,5,0
20250417,XDCE,大商所,CS,6,6,3,0
20250417,XDCE,大商所,EB,12,12,5,0
20250417,XDCE,大商所,EG,12,12,4,0
20250417,XDCE,大商所,I,12,12,4,0
20250417,XDCE,大商所,J,12,12,2,0
20250417,XDCE,大商所,JM,12,12,4,0
20250417,XDCE,大商所,L,12,12,3,0
20250417,XDCE,大商所,M,8,8,8,0
20250417,XDCE,大商所,P,12,12,4,0
20250417,XDCE,大商所,PG,12,12,3,0
20250417,XDCE,大商所,PP,12,12,3,0
20250417,XDCE,大商所,RR,12,12,0,0
20250417,XDCE,大商所,V,12,12,6,0
20250417,XDCE,大商所,Y,8,8,3,0
20250417,XSGE,上期所,AG,12,12,11,0
20250417,XSGE,上期所,AL,12,12,3,0
20250417,XSGE,上期所,AO,12,12,4,0
20250417,XSGE,上期所,AU,8,8,7,0
20250417,XSGE,上期所,BR,12,12,4,0
20250417,XSGE,上期所,BU,16,16,6,0
20250417,XSGE,上期所,CU,12,12,7,0
20250417,XSGE,上期所,FU,12,12,10,0
20250417,XSGE,上期所,HC,12,12,6,0
20250417,XSGE,上期所,NI,12,12,3,0
20250417,XSGE,上期所,PB,12,12,2,0
20250417,XSGE,上期所,RB,12,12,6,0
20250417,XSGE,上期所,RU,10,10,3,0
20250417,XSGE,上期所,SN,12,12,3,0
20250417,XSGE,上期所,SP,12,12,3,0
20250417,XSGE,上期所,SS,12,12,4,0
20250417,XSGE,上期所,ZN,12,12,3,0
20250417,XSIE,能源中心,BC,12,12,2,0
20250417,XSIE,能源中心,LU,12,12,6,0
20250417,XSIE,能源中心,NR,12,12,4,0
20250417,XSIE,能源中心,SC,20,20,5,0
20250418,XDCE,大商所,A,6,6,3,0
20250418,XDCE,大商所,B,12,12,4,0
20250418,XDCE,大商所,C,6,6,5,0
20250418,XDCE,大商所,CS,6,6,2,0
20250418,XDCE,大商所,EB,12,12,4,0
20250418,XDCE,大商所,EG,12,12,3,0
20250418,XDCE,大商所,I,12,12,5,0
20250418,XDCE,大商所,J,12,12,2,0
20250418,XDCE,大商所,JM,12,12,4,0
20250418,XDCE,大商所,L,12,12,2,0
20250418,XDCE,大商所,M,8,8,7,0
20250418,XDCE,大商所,P,12,12,5,0
20250418,XDCE,大商所,PG,12,12,3,0
20250418,XDCE,大商所,PP,12,12,2,0
20250418,XDCE,大商所,RR,12,12,1,0
20250418,XDCE,大商所,V,12,12,6,0
20250418,XDCE,大商所,Y,8,8,4,0
20250418,XSGE,上期所,AG,12,12,7,0
20250418,XSGE,上期所,AL,12,12,4,0
20250418,XSGE,上期所,AO,12,12,5,0
20250418,XSGE,上期所,AU,8,8,6,0
20250418,XSGE,上期所,BR,12,12,2,0
20250418,XSGE,上期所,BU,16,16,3,0
20250418,XSGE,上期所,CU,12,12,4,0
20250418,XSGE,上期所,FU,12,12,7,0
20250418,XSGE,上期所,HC,12,12,4,0
20250418,XSGE,上期所,NI,12,12,3,0
20250418,XSGE,上期所,PB,12,12,4,0
20250418,XSGE,上期所,RB,12,12,4,0
20250418,XSGE,上期所,RU,10,10,3,0
20250418,XSGE,上期所,SN,12,12,4,0
20250418,XSGE,上期所,SP,12,12,3,0
20250418,XSGE,上期所,SS,12,12,3,0
20250418,XSGE,上期所,ZN,12,12,4,0
20250418,XSIE,能源中心,BC,12,12,1,0
20250418,XSIE,能源中心,LU,12,12,3,0
20250418,XSIE,能源中心,NR,12,12,4,0
20250418,XSIE,能源中心,SC,20,20,5,0
20250421,XDCE,大商所,A,6,6,3,0
20250421,XDCE,大商所,B,12,12,5,0
20250421,XDCE,大商所,C,6,6,5,0
20250421,XDCE,大商所,CS,6,6,2,0
20250421,XDCE,大商所,EB,12,12,4,0
20250421,XDCE,大商所,EG,12,12,4,0
20250421,XDCE,大商所,I,12,12,4,0
20250421,XDCE,大商所,J,12,12,2,0
20250421,XDCE,大商所,JM,12,12,5,0
20250421,XDCE,大商所,L,12,12,3,0
20250421,XDCE,大商所,M,8,8,7,0
20250421,XDCE,大商所,P,12,12,3,0
20250421,XDCE,大商所,PG,12,12,4,0
20250421,XDCE,大商所,PP,12,12,3,0
20250421,XDCE,大商所,RR,12,12,0,0
20250421,XDCE,大商所,V,12,12,6,0
20250421,XDCE,大商所,Y,8,8,4,0
20250421,XSGE,上期所,AG,12,12,8,0
20250421,XSGE,上期所,AL,12,12,4,0
20250421,XSGE,上期所,AO,12,12,5,0
20250421,XSGE,上期所,AU,8,8,6,0
20250421,XSGE,上期所,BR,12,12,3,0
20250421,XSGE,上期所,BU,16,16,4,0
20250421,XSGE,上期所,CU,12,12,4,0
20250421,XSGE,上期所,FU,12,12,4,0
20250421,XSGE,上期所,HC,12,12,5,0
20250421,XSGE,上期所,NI,12,12,3,0
20250421,XSGE,上期所,PB,12,12,3,0
20250421,XSGE,上期所,RB,12,12,5,0
20250421,XSGE,上期所,RU,10,10,2,0
20250421,XSGE,上期所,SN,12,12,3,0
20250421,XSGE,上期所,SP,12,12,3,0
20250421,XSGE,上期所,SS,12,12,3,0
20250421,XSGE,上期所,ZN,12,12,4,0
20250421,XSIE,能源中心,BC,12,12,1,0
20250421,XSIE,能源中心,LU,12,12,2,0
20250421,XSIE,能源中心,NR,12,12,3,0
20250421,XSIE,能源中心,SC,20,20,3,0
20250422,XDCE,大商所,A,6,6,3,0
20250422,XDCE,大商所,B,12,12,6,0
20250422,XDCE,大商所,C,6,6,4,0
20250422,XDCE,大商所,CS,6,6,3,0
20250422,XDCE,大商所,EB,12,12,5,0
20250422,XDCE,大商所,EG,12,12,2,0
20250422,XDCE,大商所,I,12,12,4,0
20250422,XDCE,大商所,J,12,12,2,0
20250422,XDCE,大商所,JM,12,12,3,0
20250422,XDCE,大商所,L,12,12,3,0
20250422,XDCE,大商所,M,8,8,6,0
20250422,XDCE,大商所,P,12,12,3,0
20250422,XDCE,大商所,PG,12,12,3,0
20250422,XDCE,大商所,PP,12,12,2,0
20250422,XDCE,大商所,RR,12,12,0,0
20250422,XDCE,大商所,V,12,12,4,0
20250422,XDCE,大商所,Y,8,8,4,0
20250422,XSGE,上期所,AG,12,12,10,0
20250422,XSGE,上期所,AL,12,12,3,0
20250422,XSGE,上期所,AO,12,12,4,0
20250422,XSGE,上期所,AU,8,8,6,0
20250422,XSGE,上期所,BR,12,12,4,0
20250422,XSGE,上期所,BU,16,16,3,0
20250422,XSGE,上期所,CU,12,12,6,0
20250422,XSGE,上期所,FU,12,12,7,0
20250422,XSGE,上期所,HC,12,12,5,0
20250422,XSGE,上期所,NI,12,12,4,0
20250422,XSGE,上期所,PB,12,12,3,0
20250422,XSGE,上期所,RB,12,12,5,0
20250422,XSGE,上期所,RU,10,10,4,0
20250422,XSGE,上期所,SN,12,12,2,0
20250422,XSGE,上期所,SP,12,12,3,0
20250422,XSGE,上期所,SS,12,12,4,0
20250422,XSGE,上期所,ZN,12,12,3,0
20250422,XSIE,能源中心,BC,12,12,2,0
20250422,XSIE,能源中心,LU,12,12,6,0
20250422,XSIE,能源中心,NR,12,12,7,0
20250422,XSIE,能源中心,SC,20,20,3,0
20250423,XDCE,大商所,A,6,6,3,0
20250423,XDCE,大商所,B,12,12,5,0
20250423,XDCE,大商所,C,6,6,6,0
20250423,XDCE,大商所,CS,6,6,4,0
20250423,XDCE,大商所,EB,12,12,3,0
20250423,XDCE,大商所,EG,12,12,2,0
20250423,XDCE,大商所,I,12,12,4,0
20250423,XDCE,大商所,J,12,12,3,0
20250423,XDCE,大商所,JM,12,12,4,0
20250423,XDCE,大商所,L,12,12,3,0
20250423,XDCE,大商所,M,8,8,6,0
20250423,XDCE,大商所,P,12,12,4,0
20250423,XDCE,大商所,PG,12,12,3,0
20250423,XDCE,大商所,PP,12,12,4,0
20250423,XDCE,大商所,RR,12,12,3,0
20250423,XDCE,大商所,V,12,12,3,0
20250423,XDCE,大商所,Y,8,8,3,0
20250423,XSGE,上期所,AG,12,12,8,0
20250423,XSGE,上期所,AL,12,12,4,0
20250423,XSGE,上期所,AO,12,12,5,0
20250423,XSGE,上期所,AU,8,8,7,0
20250423,XSGE,上期所,BR,12,12,4,0
20250423,XSGE,上期所,BU,16,16,3,0
20250423,XSGE,上期所,CU,12,12,4,0
20250423,XSGE,上期所,FU,12,12,6,0
20250423,XSGE,上期所,HC,12,12,5,0
20250423,XSGE,上期所,NI,12,12,4,0
20250423,XSGE,上期所,PB,12,12,3,0
20250423,XSGE,上期所,RB,12,12,5,0
20250423,XSGE,上期所,RU,10,10,3,0
20250423,XSGE,上期所,SN,12,12,2,0
20250423,XSGE,上期所,SP,12,12,3,0
20250423,XSGE,上期所,SS,12,12,5,0
20250423,XSGE,上期所,ZN,12,12,4,0
20250423,XSIE,能源中心,BC,12,12,2,0
20250423,XSIE,能源中心,LU,12,12,5,0
20250423,XSIE,能源中心,NR,12,12,5,0
20250423,XSIE,能源中心,SC,20,20,5,0
20250424,XDCE,大商所,A,6,6,5,0
20250424,XDCE,大商所,B,12,12,6,0
20250424,XDCE,大商所,C,6,6,6,0
20250424,XDCE,大商所,CS,6,6,5,0
20250424,XDCE,大商所,EB,12,12,6,0
20250424,XDCE,大商所,EG,12,12,4,0
20250424,XDCE,大商所,I,12,12,5,0
20250424,XDCE,大商所,J,12,12,3,0
20250424,XDCE,大商所,JM,12,12,4,0
20250424,XDCE,大商所,L,12,12,4,0
20250424,XDCE,大商所,M,8,8,7,0
20250424,XDCE,大商所,P,12,12,3,0
20250424,XDCE,大商所,PG,12,12,4,0
20250424,XDCE,大商所,PP,12,12,3,0
20250424,XDCE,大商所,RR,12,12,2,0
20250424,XDCE,大商所,V,12,12,4,0
20250424,XDCE,大商所,Y,8,8,4,0
20250424,XSGE,上期所,AG,12,12,7,0
20250424,XSGE,上期所,AL,12,12,3,0
20250424,XSGE,上期所,AO,12,12,5,0
20250424,XSGE,上期所,AU,8,8,6,0
20250424,XSGE,上期所,BR,12,12,4,0
20250424,XSGE,上期所,BU,16,16,6,0
20250424,XSGE,上期所,CU,12,12,4,0
20250424,XSGE,上期所,FU,12,12,10,0
20250424,XSGE,上期所,HC,12,12,5,0
20250424,XSGE,上期所,NI,12,12,4,0
20250424,XSGE,上期所,PB,12,12,3,0
20250424,XSGE,上期所,RB,12,12,6,0
20250424,XSGE,上期所,RU,10,10,3,0
20250424,XSGE,上期所,SN,12,12,2,0
20250424,XSGE,上期所,SP,12,12,3,0
20250424,XSGE,上期所,SS,12,12,3,0
20250424,XSGE,上期所,ZN,12,12,3,0
20250424,XSIE,能源中心,BC,12,12,2,0
20250424,XSIE,能源中心,LU,12,12,3,0
20250424,XSIE,能源中心,NR,12,12,5,0
20250424,XSIE,能源中心,SC,20,20,4,0
20250425,XDCE,大商所,A,6,6,4,0
20250425,XDCE,大商所,B,12,12,4,0
20250425,XDCE,大商所,C,6,6,4,0
20250425,XDCE,大商所,CS,6,6,5,0
20250425,XDCE,大商所,EB,12,12,6,0
20250425,XDCE,大商所,EG,12,12,3,0
20250425,XDCE,大商所,I,12,12,5,0
20250425,XDCE,大商所,J,12,12,2,0
20250425,XDCE,大商所,JM,12,12,5,0
20250425,XDCE,大商所,L,12,12,3,0
20250425,XDCE,大商所,M,8,8,7,0
20250425,XDCE,大商所,P,12,12,5,0
20250425,XDCE,大商所,PG,12,12,3,0
20250425,XDCE,大商所,PP,12,12,4,0
20250425,XDCE,大商所,RR,12,12,0,0
20250425,XDCE,大商所,V,12,12,4,0
20250425,XDCE,大商所,Y,8,8,3,0
20250425,XSGE,上期所,AG,12,12,7,0
20250425,XSGE,上期所,AL,12,12,3,0
20250425,XSGE,上期所,AO,12,12,5,0
20250425,XSGE,上期所,AU,8,8,5,0
20250425,XSGE,上期所,BR,12,12,3,0
20250425,XSGE,上期所,BU,16,16,6,0
20250425,XSGE,上期所,CU,12,12,4,0
20250425,XSGE,上期所,FU,12,12,7,0
20250425,XSGE,上期所,HC,12,12,6,0
20250425,XSGE,上期所,NI,12,12,4,0
20250425,XSGE,上期所,PB,12,12,3,0
20250425,XSGE,上期所,RB,12,12,6,0
20250425,XSGE,上期所,RU,10,10,3,0
20250425,XSGE,上期所,SN,12,12,3,0
20250425,XSGE,上期所,SP,12,12,4,0
20250425,XSGE,上期所,SS,12,12,4,0
20250425,XSGE,上期所,ZN,12,12,3,0
20250425,XSIE,能源中心,BC,12,12,1,0
20250425,XSIE,能源中心,LU,12,12,3,0
20250425,XSIE,能源中心,NR,12,12,4,0
20250425,XSIE,能源中心,SC,20,20,3,0
20250428,XDCE,大商所,A,6,6,3,0
20250428,XDCE,大商所,B,12,12,5,0
20250428,XDCE,大商所,C,6,6,4,0
20250428,XDCE,大商所,CS,6,6,3,0
20250428,XDCE,大商所,EB,12,12,6,0
20250428,XDCE,大商所,EG,12,12,3,0
20250428,XDCE,大商所,I,12,12,6,0
20250428,XDCE,大商所,J,12,12,2,0
20250428,XDCE,大商所,JM,12,12,3,0
20250428,XDCE,大商所,L,12,12,3,0
20250428,XDCE,大商所,M,8,8,6,0
20250428,XDCE,大商所,P,12,12,3,0
20250428,XDCE,大商所,PG,12,12,5,0
20250428,XDCE,大商所,PP,12,12,3,0
20250428,XDCE,大商所,RR,12,12,1,0
20250428,XDCE,大商所,V,12,12,5,0
20250428,XDCE,大商所,Y,8,8,6,0
20250428,XSGE,上期所,AG,12,12,8,0
20250428,XSGE,上期所,AL,12,12,5,0
20250428,XSGE,上期所,AO,12,12,4,0
20250428,XSGE,上期所,AU,8,8,6,0
20250428,XSGE,上期所,BR,12,12,3,0
20250428,XSGE,上期所,BU,16,16,6,0
20250428,XSGE,上期所,CU,12,12,4,0
20250428,XSGE,上期所,FU,12,12,9,0
20250428,XSGE,上期所,HC,12,12,4,0
20250428,XSGE,上期所,NI,12,12,5,0
20250428,XSGE,上期所,PB,12,12,3,0
20250428,XSGE,上期所,RB,12,12,7,0
20250428,XSGE,上期所,RU,10,10,3,0
20250428,XSGE,上期所,SN,12,12,4,0
20250428,XSGE,上期所,SP,12,12,3,0
20250428,XSGE,上期所,SS,12,12,4,0
20250428,XSGE,上期所,ZN,12,12,4,0
20250428,XSIE,能源中心,BC,12,12,2,0
20250428,XSIE,能源中心,LU,12,12,3,0
20250428,XSIE,能源中心,NR,12,12,5,0
20250428,XSIE,能源中心,SC,20,20,5,0
20250429,XDCE,大商所,A,6,6,3,0
20250429,XDCE,大商所,B,12,12,5,0
20250429,XDCE,大商所,C,6,6,5,0
20250429,XDCE,大商所,CS,6,6,5,0
20250429,XDCE,大商所,EB,12,12,5,0
20250429,XDCE,大商所,EG,12,12,4,0
20250429,XDCE,大商所,I,12,12,3,0
20250429,XDCE,大商所,J,12,12,3,0
20250429,XDCE,大商所,JM,12,12,5,0
20250429,XDCE,大商所,L,12,12,3,0
20250429,XDCE,大商所,M,8,8,8,0
20250429,XDCE,大商所,P,12,12,6,0
20250429,XDCE,大商所,PG,12,12,3,0
20250429,XDCE,大商所,PP,12,12,4,0
20250429,XDCE,大商所,RR,12,12,1,0
20250429,XDCE,大商所,V,12,12,4,0
20250429,XDCE,大商所,Y,8,8,4,0
20250429,XSGE,上期所,AG,12,12,10,0
20250429,XSGE,上期所,AL,12,12,4,0
20250429,XSGE,上期所,AO,12,12,6,0
20250429,XSGE,上期所,AU,8,8,6,0
20250429,XSGE,上期所,BR,12,12,3,0
20250429,XSGE,上期所,BU,16,16,6,0
20250429,XSGE,上期所,CU,12,12,7,0
20250429,XSGE,上期所,FU,12,12,5,0
20250429,XSGE,上期所,HC,12,12,5,0
20250429,XSGE,上期所,NI,12,12,5,0
20250429,XSGE,上期所,PB,12,12,3,0
20250429,XSGE,上期所,RB,12,12,6,0
20250429,XSGE,上期所,RU,10,10,3,0
20250429,XSGE,上期所,SN,12,12,3,0
20250429,XSGE,上期所,SP,12,12,3,0
20250429,XSGE,上期所,SS,12,12,3,0
20250429,XSGE,上期所,ZN,12,12,4,0
20250429,XSIE,能源中心,BC,12,12,2,0
20250429,XSIE,能源中心,LU,12,12,3,0
20250429,XSIE,能源中心,NR,12,12,4,0
20250429,XSIE,能源中心,SC,20,20,2,0
20250430,XDCE,大商所,A,6,6,4,0
20250430,XDCE,大商所,B,12,12,6,0
20250430,XDCE,大商所,C,6,6,5,0
20250430,XDCE,大商所,CS,6,6,4,0
20250430,XDCE,大商所,EB,12,12,5,0
20250430,XDCE,大商所,EG,12,12,3,0
20250430,XDCE,大商所,I,12,12,6,0
20250430,XDCE,大商所,J,12,12,2,0
20250430,XDCE,大商所,JM,12,12,5,0
20250430,XDCE,大商所,L,12,12,3,0
20250430,XDCE,大商所,M,8,8,6,0
20250430,XDCE,大商所,P,12,12,3,0
20250430,XDCE,大商所,PG,12,12,4,0
20250430,XDCE,大商所,PP,12,12,3,0
20250430,XDCE,大商所,RR,12,12,1,0
20250430,XDCE,大商所,V,12,12,3,0
20250430,XDCE,大商所,Y,8,8,4,0
20250430,XSGE,上期所,AG,12,12,9,0
20250430,XSGE,上期所,AL,12,12,4,0
20250430,XSGE,上期所,AO,12,12,5,0
20250430,XSGE,上期所,AU,8,8,4,0
20250430,XSGE,上期所,BR,12,12,3,0
20250430,XSGE,上期所,BU,16,16,6,0
20250430,XSGE,上期所,CU,12,12,5,0
20250430,XSGE,上期所,FU,12,12,9,0
20250430,XSGE,上期所,HC,12,12,6,0
20250430,XSGE,上期所,NI,12,12,5,0
20250430,XSGE,上期所,PB,12,12,3,0
20250430,XSGE,上期所,RB,12,12,7,0
20250430,XSGE,上期所,RU,10,10,3,0
20250430,XSGE,上期所,SN,12,12,3,0
20250430,XSGE,上期所,SP,12,12,3,0
20250430,XSGE,上期所,SS,12,12,3,0
20250430,XSGE,上期所,ZN,12,12,3,0
20250430,XSIE,能源中心,BC,12,12,2,0
20250430,XSIE,能源中心,LU,12,12,3,0
20250430,XSIE,能源中心,NR,12,12,5,0
20250430,XSIE,能源中心,SC,20,20,3,0
20250507,XDCE,大商所,A,6,6,2,0
20250507,XDCE,大商所,B,12,12,3,0
20250507,XDCE,大商所,C,6,6,3,0
20250507,XDCE,大商所,CS,6,6,2,0
20250507,XDCE,大商所,EB,12,12,8,0
20250507,XDCE,大商所,EG,12,12,3,0
20250507,XDCE,大商所,I,12,12,5,0
20250507,XDCE,大商所,J,12,12,2,0
20250507,XDCE,大商所,JM,12,12,4,0
20250507,XDCE,大商所,L,12,12,4,0
20250507,XDCE,大商所,M,8,8,6,0
20250507,XDCE,大商所,P,12,12,3,0
20250507,XDCE,大商所,PG,12,12,2,0
20250507,XDCE,大商所,PP,12,12,2,0
20250507,XDCE,大商所,RR,12,12,1,0
20250507,XDCE,大商所,V,12,12,5,0
20250507,XDCE,大商所,Y,8,8,3,0
20250507,XSGE,上期所,AG,12,12,9,0
20250507,XSGE,上期所,AL,12,12,5,0
20250507,XSGE,上期所,AO,12,12,6,0
20250507,XSGE,上期所,AU,8,8,7,0
20250507,XSGE,上期所,BR,12,12,3,0
20250507,XSGE,上期所,BU,16,16,5,0
20250507,XSGE,上期所,CU,12,12,6,0
20250507,XSGE,上期所,FU,12,12,8,0
20250507,XSGE,上期所,HC,12,12,4,0
20250507,XSGE,上期所,NI,12,12,4,0
20250507,XSGE,上期所,PB,12,12,2,0
20250507,XSGE,上期所,RB,12,12,7,0
20250507,XSGE,上期所,RU,10,10,3,0
20250507,XSGE,上期所,SN,12,12,4,0
20250507,XSGE,上期所,SP,12,12,4,0
20250507,XSGE,上期所,SS,12,12,4,0
20250507,XSGE,上期所,ZN,12,12,4,0
20250507,XSIE,能源中心,BC,12,12,1,0
20250507,XSIE,能源中心,LU,12,12,4,0
20250507,XSIE,能源中心,NR,12,12,7,0
20250507,XSIE,能源中心,SC,20,20,4,0
20250508,XDCE,大商所,A,6,6,2,0
20250508,XDCE,大商所,B,12,12,4,0
20250508,XDCE,大商所,C,6,6,5,0
20250508,XDCE,大商所,CS,6,6,2,0
20250508,XDCE,大商所,EB,12,12,4,0
20250508,XDCE,大商所,EG,12,12,3,0
20250508,XDCE,大商所,I,12,12,6,0
20250508,XDCE,大商所,J,12,12,2,0
20250508,XDCE,大商所,JM,12,12,2,0
20250508,XDCE,大商所,L,12,12,5,0
20250508,XDCE,大商所,M,8,8,6,0
20250508,XDCE,大商所,P,12,12,5,0
20250508,XDCE,大商所,PG,12,12,5,0
20250508,XDCE,大商所,PP,12,12,4,0
20250508,XDCE,大商所,RR,12,12,0,0
20250508,XDCE,大商所,V,12,12,4,0
20250508,XDCE,大商所,Y,8,8,3,0
20250508,XSGE,上期所,AG,12,12,7,0
20250508,XSGE,上期所,AL,12,12,5,0
20250508,XSGE,上期所,AO,12,12,6,0
20250508,XSGE,上期所,AU,8,8,3,0
20250508,XSGE,上期所,BR,12,12,2,0
20250508,XSGE,上期所,BU,16,16,5,0
20250508,XSGE,上期所,CU,12,12,4,0
20250508,XSGE,上期所,FU,12,12,10,0
20250508,XSGE,上期所,HC,12,12,4,0
20250508,XSGE,上期所,NI,12,12,5,0
20250508,XSGE,上期所,PB,12,12,3,0
20250508,XSGE,上期所,RB,12,12,6,0
20250508,XSGE,上期所,RU,10,10,3,0
20250508,XSGE,上期所,SN,12,12,5,0
20250508,XSGE,上期所,SP,12,12,3,0
20250508,XSGE,上期所,SS,12,12,5,0
20250508,XSGE,上期所,ZN,12,12,3,0
20250508,XSIE,能源中心,BC,12,12,2,0
20250508,XSIE,能源中心,LU,12,12,3,0
20250508,XSIE,能源中心,NR,12,12,4,0
20250508,XSIE,能源中心,SC,20,20,4,0
20250509,XDCE,大商所,A,6,6,5,0
20250509,XDCE,大商所,B,12,12,3,0
20250509,XDCE,大商所,C,6,6,5,0
20250509,XDCE,大商所,CS,6,6,2,0
20250509,XDCE,大商所,EB,12,12,5,0
20250509,XDCE,大商所,EG,12,12,1,0
20250509,XDCE,大商所,I,12,12,4,0
20250509,XDCE,大商所,J,12,12,1,0
20250509,XDCE,大商所,JM,12,12,3,0
20250509,XDCE,大商所,L,12,12,2,0
20250509,XDCE,大商所,M,8,8,6,0
20250509,XDCE,大商所,P,12,12,3,0
20250509,XDCE,大商所,PG,12,12,3,0
20250509,XDCE,大商所,PP,12,12,3,0
20250509,XDCE,大商所,RR,12,12,0,0
20250509,XDCE,大商所,V,12,12,4,0
20250509,XDCE,大商所,Y,8,8,3,0
20250509,XSGE,上期所,AG,12,12,9,0
20250509,XSGE,上期所,AL,12,12,5,0
20250509,XSGE,上期所,AO,12,12,9,0
20250509,XSGE,上期所,AU,8,8,6,0
20250509,XSGE,上期所,BR,12,12,3,0
20250509,XSGE,上期所,BU,16,16,5,0
20250509,XSGE,上期所,CU,12,12,5,0
20250509,XSGE,上期所,FU,12,12,10,0
20250509,XSGE,上期所,HC,12,12,4,0
20250509,XSGE,上期所,NI,12,12,2,0
20250509,XSGE,上期所,PB,12,12,2,0
20250509,XSGE,上期所,RB,12,12,5,0
20250509,XSGE,上期所,RU,10,10,5,0
20250509,XSGE,上期所,SN,12,12,3,0
20250509,XSGE,上期所,SP,12,12,2,0
20250509,XSGE,上期所,SS,12,12,3,0
20250509,XSGE,上期所,ZN,12,12,3,0
20250509,XSIE,能源中心,BC,12,12,1,0
20250509,XSIE,能源中心,LU,12,12,4,0
20250509,XSIE,能源中心,NR,12,12,4,0
20250509,XSIE,能源中心,SC,20,20,4,0
20250512,XDCE,大商所,A,6,6,3,0
20250512,XDCE,大商所,B,12,12,5,0
20250512,XDCE,大商所,C,6,6,4,0
20250512,XDCE,大商所,CS,6,6,3,0
20250512,XDCE,大商所,EB,12,12,5,0
20250512,XDCE,大商所,EG,12,12,3,0
20250512,XDCE,大商所,I,12,12,3,0
20250512,XDCE,大商所,J,12,12,2,0
20250512,XDCE,大商所,JM,12,12,2,0
20250512,XDCE,大商所,L,12,12,3,0
20250512,XDCE,大商所,M,8,8,6,0
20250512,XDCE,大商所,P,12,12,4,0
20250512,XDCE,大商所,PG,12,12,4,0
20250512,XDCE,大商所,PP,12,12,4,0
20250512,XDCE,大商所,RR,12,12,0,0
20250512,XDCE,大商所,V,12,12,5,0
20250512,XDCE,大商所,Y,8,8,3,0
20250512,XSGE,上期所,AG,12,12,6,0
20250512,XSGE,上期所,AL,12,12,4,0
20250512,XSGE,上期所,AO,12,12,6,0
20250512,XSGE,上期所,AU,8,8,6,0
20250512,XSGE,上期所,BR,12,12,2,0
20250512,XSGE,上期所,BU,16,16,6,0
20250512,XSGE,上期所,CU,12,12,5,0
20250512,XSGE,上期所,FU,12,12,9,0
20250512,XSGE,上期所,HC,12,12,5,0
20250512,XSGE,上期所,NI,12,12,4,0
20250512,XSGE,上期所,PB,12,12,2,0
20250512,XSGE,上期所,RB,12,12,6,0
20250512,XSGE,上期所,RU,10,10,5,0
20250512,XSGE,上期所,SN,12,12,2,0
20250512,XSGE,上期所,SP,12,12,2,0
20250512,XSGE,上期所,SS,12,12,4,0
20250512,XSGE,上期所,ZN,12,12,5,0
20250512,XSIE,能源中心,BC,12,12,2,0
20250512,XSIE,能源中心,LU,12,12,4,0
20250512,XSIE,能源中心,NR,12,12,3,0
20250512,XSIE,能源中心,SC,20,20,4,0
20250513,XDCE,大商所,A,6,6,5,0
20250513,XDCE,大商所,B,12,12,3,0
20250513,XDCE,大商所,C,6,6,5,0
20250513,XDCE,大商所,CS,6,6,3,0
20250513,XDCE,大商所,EB,12,12,6,0
20250513,XDCE,大商所,EG,12,12,4,0
20250513,XDCE,大商所,I,12,12,8,0
20250513,XDCE,大商所,J,12,12,2,0
20250513,XDCE,大商所,JM,12,12,3,0
20250513,XDCE,大商所,L,12,12,4,0
20250513,XDCE,大商所,M,8,8,7,0
20250513,XDCE,大商所,P,12,12,3,0
20250513,XDCE,大商所,PG,12,12,3,0
20250513,XDCE,大商所,PP,12,12,2,0
20250513,XDCE,大商所,RR,12,12,1,0
20250513,XDCE,大商所,V,12,12,6,0
20250513,XDCE,大商所,Y,8,8,3,0
20250513,XSGE,上期所,AG,12,12,11,0
20250513,XSGE,上期所,AL,12,12,6,0
20250513,XSGE,上期所,AO,12,12,7,0
20250513,XSGE,上期所,AU,8,8,6,0
20250513,XSGE,上期所,BR,12,12,4,0
20250513,XSGE,上期所,BU,16,16,5,0
20250513,XSGE,上期所,CU,12,12,5,0
20250513,XSGE,上期所,FU,12,12,11,0
20250513,XSGE,上期所,HC,12,12,5,0
20250513,XSGE,上期所,NI,12,12,4,0
20250513,XSGE,上期所,PB,12,12,3,0
20250513,XSGE,上期所,RB,12,12,5,0
20250513,XSGE,上期所,RU,10,10,5,0
20250513,XSGE,上期所,SN,12,12,4,0
20250513,XSGE,上期所,SP,12,12,4,0
20250513,XSGE,上期所,SS,12,12,5,0
20250513,XSGE,上期所,ZN,12,12,5,0
20250513,XSIE,能源中心,BC,12,12,1,0
20250513,XSIE,能源中心,LU,12,12,4,0
20250513,XSIE,能源中心,NR,12,12,6,0
20250513,XSIE,能源中心,SC,20,20,4,0
20250514,XDCE,大商所,A,6,6,5,0
20250514,XDCE,大商所,B,12,12,3,0
20250514,XDCE,大商所,C,6,6,5,0
20250514,XDCE,大商所,CS,6,6,3,0
20250514,XDCE,大商所,EB,12,12,6,0
20250514,XDCE,大商所,EG,12,12,4,0
20250514,XDCE,大商所,I,12,12,4,0
20250514,XDCE,大商所,J,12,12,1,0
20250514,XDCE,大商所,JM,12,12,3,0
20250514,XDCE,大商所,L,12,12,3,0
20250514,XDCE,大商所,M,8,8,6,0
20250514,XDCE,大商所,P,12,12,3,0
20250514,XDCE,大商所,PG,12,12,4,0
20250514,XDCE,大商所,PP,12,12,3,0
20250514,XDCE,大商所,RR,12,12,2,0
20250514,XDCE,大商所,V,12,12,6,0
20250514,XDCE,大商所,Y,8,8,3,0
20250514,XSGE,上期所,AG,12,12,11,0
20250514,XSGE,上期所,AL,12,12,4,0
20250514,XSGE,上期所,AO,12,12,5,0
20250514,XSGE,上期所,AU,8,8,4,0
20250514,XSGE,上期所,BR,12,12,4,0
20250514,XSGE,上期所,BU,16,16,5,0
20250514,XSGE,上期所,CU,12,12,4,0
20250514,XSGE,上期所,FU,12,12,8,0
20250514,XSGE,上期所,HC,12,12,6,0
20250514,XSGE,上期所,NI,12,12,4,0
20250514,XSGE,上期所,PB,12,12,2,0
20250514,XSGE,上期所,RB,12,12,5,0
20250514,XSGE,上期所,RU,10,10,2,0
20250514,XSGE,上期所,SN,12,12,3,0
20250514,XSGE,上期所,SP,12,12,3,0
20250514,XSGE,上期所,SS,12,12,4,0
20250514,XSGE,上期所,ZN,12,12,3,0
20250514,XSIE,能源中心,BC,12,12,1,0
20250514,XSIE,能源中心,LU,12,12,6,0
20250514,XSIE,能源中心,NR,12,12,4,0
20250514,XSIE,能源中心,SC,20,20,4,0
20250515,XDCE,大商所,A,6,6,3,0
20250515,XDCE,大商所,B,12,12,3,0
20250515,XDCE,大商所,C,6,6,5,0
20250515,XDCE,大商所,CS,6,6,3,0
20250515,XDCE,大商所,EB,12,12,6,0
20250515,XDCE,大商所,EG,12,12,4,0
20250515,XDCE,大商所,I,12,12,4,0
20250515,XDCE,大商所,J,12,12,1,0
20250515,XDCE,大商所,JM,12,12,3,0
20250515,XDCE,大商所,L,12,12,2,0
20250515,XDCE,大商所,M,8,8,6,0
20250515,XDCE,大商所,P,12,12,6,0
20250515,XDCE,大商所,PG,12,12,4,0
20250515,XDCE,大商所,PP,12,12,3,0
20250515,XDCE,大商所,RR,12,12,0,0
20250515,XDCE,大商所,V,12,12,3,0
20250515,XDCE,大商所,Y,8,8,4,0
20250515,XSGE,上期所,AG,12,12,12,0
20250515,XSGE,上期所,AL,12,12,7,0
20250515,XSGE,上期所,AO,12,12,4,0
20250515,XSGE,上期所,AU,8,8,7,0
20250515,XSGE,上期所,BR,12,12,4,0
20250515,XSGE,上期所,BU,16,16,5,0
20250515,XSGE,上期所,CU,12,12,5,0
20250515,XSGE,上期所,FU,12,12,5,0
20250515,XSGE,上期所,HC,12,12,4,0
20250515,XSGE,上期所,NI,12,12,5,0
20250515,XSGE,上期所,PB,12,12,3,0
20250515,XSGE,上期所,RB,12,12,6,0
20250515,XSGE,上期所,RU,10,10,2,0
20250515,XSGE,上期所,SN,12,12,3,0
20250515,XSGE,上期所,SP,12,12,4,0
20250515,XSGE,上期所,SS,12,12,4,0
20250515,XSGE,上期所,ZN,12,12,6,0
20250515,XSIE,能源中心,BC,12,12,1,0
20250515,XSIE,能源中心,LU,12,12,4,0
20250515,XSIE,能源中心,NR,12,12,4,0
20250515,XSIE,能源中心,SC,20,20,3,0
20250516,XDCE,大商所,A,6,6,2,0
20250516,XDCE,大商所,B,12,12,4,0
20250516,XDCE,大商所,C,6,6,4,0
20250516,XDCE,大商所,CS,6,6,2,0
20250516,XDCE,大商所,EB,12,12,6,0
20250516,XDCE,大商所,EG,12,12,3,0
20250516,XDCE,大商所,I,12,12,4,0
20250516,XDCE,大商所,J,12,12,1,0
20250516,XDCE,大商所,JM,12,12,3,0
20250516,XDCE,大商所,L,12,12,3,0
20250516,XDCE,大商所,M,8,8,7,0
20250516,XDCE,大商所,P,12,12,3,0
20250516,XDCE,大商所,PG,12,12,4,0
20250516,XDCE,大商所,PP,12,12,2,0
20250516,XDCE,大商所,RR,12,12,0,0
20250516,XDCE,大商所,V,12,12,4,0
20250516,XDCE,大商所,Y,8,8,3,0
20250516,XSGE,上期所,AG,12,12,9,0
20250516,XSGE,上期所,AL,12,12,4,0
20250516,XSGE,上期所,AO,12,12,5,0
20250516,XSGE,上期所,AU,8,8,6,0
20250516,XSGE,上期所,BR,12,12,3,0
20250516,XSGE,上期所,BU,16,16,6,0
20250516,XSGE,上期所,CU,12,12,3,0
20250516,XSGE,上期所,FU,12,12,6,0
20250516,XSGE,上期所,HC,12,12,4,0
20250516,XSGE,上期所,NI,12,12,3,0
20250516,XSGE,上期所,PB,12,12,2,0
20250516,XSGE,上期所,RB,12,12,5,0
20250516,XSGE,上期所,RU,10,10,2,0
20250516,XSGE,上期所,SN,12,12,3,0
20250516,XSGE,上期所,SP,12,12,2,0
20250516,XSGE,上期所,SS,12,12,4,0
20250516,XSGE,上期所,ZN,12,12,4,0
20250516,XSIE,能源中心,BC,12,12,1,0
20250516,XSIE,能源中心,LU,12,12,3,0
20250516,XSIE,能源中心,NR,12,12,4,0
20250516,XSIE,能源中心,SC,20,20,2,0
20250519,XDCE,大商所,A,6,6,2,0
20250519,XDCE,大商所,B,12,12,5,0
20250519,XDCE,大商所,C,6,6,5,0
20250519,XDCE,大商所,CS,6,6,3,0
20250519,XDCE,大商所,EB,12,12,4,0
20250519,XDCE,大商所,EG,12,12,3,0
20250519,XDCE,大商所,I,12,12,5,0
20250519,XDCE,大商所,J,12,12,1,0
20250519,XDCE,大商所,JM,12,12,3,0
20250519,XDCE,大商所,L,12,12,2,0
20250519,XDCE,大商所,M,8,8,6,0
20250519,XDCE,大商所,P,12,12,4,0
20250519,XDCE,大商所,PG,12,12,4,0
20250519,XDCE,大商所,PP,12,12,4,0
20250519,XDCE,大商所,RR,12,12,0,0
20250519,XDCE,大商所,V,12,12,3,0
20250519,XDCE,大商所,Y,8,8,3,0
20250519,XSGE,上期所,AG,12,12,11,0
20250519,XSGE,上期所,AL,12,12,5,0
20250519,XSGE,上期所,AO,12,12,6,0
20250519,XSGE,上期所,AU,8,8,7,0
20250519,XSGE,上期所,BR,12,12,3,0
20250519,XSGE,上期所,BU,16,16,5,0
20250519,XSGE,上期所,CU,12,12,6,0
20250519,XSGE,上期所,FU,12,12,7,0
20250519,XSGE,上期所,HC,12,12,3,0
20250519,XSGE,上期所,NI,12,12,3,0
20250519,XSGE,上期所,PB,12,12,2,0
20250519,XSGE,上期所,RB,12,12,6,0
20250519,XSGE,上期所,RU,10,10,4,0
20250519,XSGE,上期所,SN,12,12,2,0
20250519,XSGE,上期所,SP,12,12,2,0
20250519,XSGE,上期所,SS,12,12,4,0
20250519,XSGE,上期所,ZN,12,12,4,0
20250519,XSIE,能源中心,BC,12,12,2,0
20250519,XSIE,能源中心,LU,12,12,3,0
20250519,XSIE,能源中心,NR,12,12,4,0
20250519,XSIE,能源中心,SC,20,20,3,0
20250520,XDCE,大商所,A,6,6,3,0
20250520,XDCE,大商所,B,12,12,3,0
20250520,XDCE,大商所,C,6,6,4,0
20250520,XDCE,大商所,CS,6,6,2,0
20250520,XDCE,大商所,EB,12,12,6,0
20250520,XDCE,大商所,EG,12,12,3,0
20250520,XDCE,大商所,I,12,12,4,0
20250520,XDCE,大商所,J,12,12,2,0
20250520,XDCE,大商所,JM,12,12,2,0
20250520,XDCE,大商所,L,12,12,3,0
20250520,XDCE,大商所,M,8,8,8,0
20250520,XDCE,大商所,P,12,12,2,0
20250520,XDCE,大商所,PG,12,12,4,0
20250520,XDCE,大商所,PP,12,12,2,0
20250520,XDCE,大商所,RR,12,12,0,0
20250520,XDCE,大商所,V,12,12,3,0
20250520,XDCE,大商所,Y,8,8,2,0
20250520,XSGE,上期所,AG,12,12,8,0
20250520,XSGE,上期所,AL,12,12,4,0
20250520,XSGE,上期所,AO,12,12,7,0
20250520,XSGE,上期所,AU,8,8,7,0
20250520,XSGE,上期所,BR,12,12,3,0
20250520,XSGE,上期所,BU,16,16,4,0
20250520,XSGE,上期所,CU,12,12,5,0
20250520,XSGE,上期所,FU,12,12,5,0
20250520,XSGE,上期所,HC,12,12,2,0
20250520,XSGE,上期所,NI,12,12,4,0
20250520,XSGE,上期所,PB,12,12,2,0
20250520,XSGE,上期所,RB,12,12,5,0
20250520,XSGE,上期所,RU,10,10,3,0
20250520,XSGE,上期所,SN,12,12,2,0
20250520,XSGE,上期所,SP,12,12,2,0
20250520,XSGE,上期所,SS,12,12,3,0
20250520,XSGE,上期所,ZN,12,12,3,0
20250520,XSIE,能源中心,BC,12,12,1,0
20250520,XSIE,能源中心,LU,12,12,4,0
20250520,XSIE,能源中心,NR,12,12,3,0
20250520,XSIE,能源中心,SC,20,20,3,0
20250521,XDCE,大商所,A,6,6,2,0
20250521,XDCE,大商所,B,12,12,5,0
20250521,XDCE,大商所,C,6,6,5,0
20250521,XDCE,大商所,CS,6,6,2,0
20250521,XDCE,大商所,EB,12,12,4,0
20250521,XDCE,大商所,EG,12,12,3,0
20250521,XDCE,大商所,I,12,12,4,0
20250521,XDCE,大商所,J,12,12,2,0
20250521,XDCE,大商所,JM,12,12,3,0
20250521,XDCE,大商所,L,12,12,3,0
20250521,XDCE,大商所,M,8,8,6,0
20250521,XDCE,大商所,P,12,12,2,0
20250521,XDCE,大商所,PG,12,12,4,0
20250521,XDCE,大商所,PP,12,12,2,0
20250521,XDCE,大商所,RR,12,12,1,0
20250521,XDCE,大商所,V,12,12,4,0
20250521,XDCE,大商所,Y,8,8,3,0
20250521,XSGE,上期所,AG,12,12,11,0
20250521,XSGE,上期所,AL,12,12,4,0
20250521,XSGE,上期所,AO,12,12,10,0
20250521,XSGE,上期所,AU,8,8,7,0
20250521,XSGE,上期所,BR,12,12,3,0
20250521,XSGE,上期所,BU,16,16,3,0
20250521,XSGE,上期所,CU,12,12,4,0
20250521,XSGE,上期所,FU,12,12,8,0
20250521,XSGE,上期所,HC,12,12,4,0
20250521,XSGE,上期所,NI,12,12,4,0
20250521,XSGE,上期所,PB,12,12,2,0
20250521,XSGE,上期所,RB,12,12,5,0
20250521,XSGE,上期所,RU,10,10,2,0
20250521,XSGE,上期所,SN,12,12,2,0
20250521,XSGE,上期所,SP,12,12,2,0
20250521,XSGE,上期所,SS,12,12,3,0
20250521,XSGE,上期所,ZN,12,12,4,0
20250521,XSIE,能源中心,BC,12,12,1,0
20250521,XSIE,能源中心,LU,12,12,4,0
20250521,XSIE,能源中心,NR,12,12,4,0
20250521,XSIE,能源中心,SC,20,20,3,0
20250522,XDCE,大商所,A,6,6,2,0
20250522,XDCE,大商所,B,12,12,4,0
20250522,XDCE,大商所,C,6,6,6,0
20250522,XDCE,大商所,CS,6,6,3,0
20250522,XDCE,大商所,EB,12,12,4,0
20250522,XDCE,大商所,EG,12,12,3,0
20250522,XDCE,大商所,I,12,12,5,0
20250522,XDCE,大商所,J,12,12,3,0
20250522,XDCE,大商所,JM,12,12,4,0
20250522,XDCE,大商所,L,12,12,3,0
20250522,XDCE,大商所,M,8,8,7,0
20250522,XDCE,大商所,P,12,12,3,0
20250522,XDCE,大商所,PG,12,12,4,0
20250522,XDCE,大商所,PP,12,12,3,0
20250522,XDCE,大商所,RR,12,12,1,0
20250522,XDCE,大商所,V,12,12,3,0
20250522,XDCE,大商所,Y,8,8,3,0
20250522,XSGE,上期所,AG,12,12,9,0
20250522,XSGE,上期所,AL,12,12,4,0
20250522,XSGE,上期所,AO,12,12,7,0
20250522,XSGE,上期所,AU,8,8,4,0
20250522,XSGE,上期所,BR,12,12,3,0
20250522,XSGE,上期所,BU,16,16,4,0
20250522,XSGE,上期所,CU,12,12,5,0
20250522,XSGE,上期所,FU,12,12,6,0
20250522,XSGE,上期所,HC,12,12,3,0
20250522,XSGE,上期所,NI,12,12,3,0
20250522,XSGE,上期所,PB,12,12,3,0
20250522,XSGE,上期所,RB,12,12,3,0
20250522,XSGE,上期所,RU,10,10,2,0
20250522,XSGE,上期所,SN,12,12,4,0
20250522,XSGE,上期所,SP,12,12,2,0
20250522,XSGE,上期所,SS,12,12,4,0
20250522,XSGE,上期所,ZN,12,12,4,0
20250522,XSIE,能源中心,BC,12,12,2,0
20250522,XSIE,能源中心,LU,12,12,4,0
20250522,XSIE,能源中心,NR,12,12,4,0
20250522,XSIE,能源中心,SC,20,20,2,0
20250523,XDCE,大商所,A,6,6,3,0
20250523,XDCE,大商所,B,12,12,5,0
20250523,XDCE,大商所,C,6,6,5,0
20250523,XDCE,大商所,CS,6,6,3,0
20250523,XDCE,大商所,EB,12,12,5,0
20250523,XDCE,大商所,EG,12,12,3,0
20250523,XDCE,大商所,I,12,12,5,0
20250523,XDCE,大商所,J,12,12,2,0
20250523,XDCE,大商所,JM,12,12,4,0
20250523,XDCE,大商所,L,12,12,4,0
20250523,XDCE,大商所,M,8,8,7,0
20250523,XDCE,大商所,P,12,12,6,0
20250523,XDCE,大商所,PG,12,12,4,0
20250523,XDCE,大商所,PP,12,12,2,0
20250523,XDCE,大商所,RR,12,12,2,0
20250523,XDCE,大商所,V,12,12,3,0
20250523,XDCE,大商所,Y,8,8,2,0
20250523,XSGE,上期所,AG,12,12,12,0
20250523,XSGE,上期所,AL,12,12,4,0
20250523,XSGE,上期所,AO,12,12,8,0
20250523,XSGE,上期所,AU,8,8,6,0
20250523,XSGE,上期所,BR,12,12,4,0
20250523,XSGE,上期所,BU,16,16,4,0
20250523,XSGE,上期所,CU,12,12,4,0
20250523,XSGE,上期所,FU,12,12,6,0
20250523,XSGE,上期所,HC,12,12,3,0
20250523,XSGE,上期所,NI,12,12,4,0
20250523,XSGE,上期所,PB,12,12,3,0
20250523,XSGE,上期所,RB,12,12,5,0
20250523,XSGE,上期所,RU,10,10,2,0
20250523,XSGE,上期所,SN,12,12,2,0
20250523,XSGE,上期所,SP,12,12,2,0
20250523,XSGE,上期所,SS,12,12,4,0
20250523,XSGE,上期所,ZN,12,12,4,0
20250523,XSIE,能源中心,BC,12,12,2,0
20250523,XSIE,能源中心,LU,12,12,3,0
20250523,XSIE,能源中心,NR,12,12,4,0
20250523,XSIE,能源中心,SC,20,20,5,0
20250526,XDCE,大商所,A,6,6,2,0
20250526,XDCE,大商所,B,12,12,4,0
20250526,XDCE,大商所,C,6,6,5,0
20250526,XDCE,大商所,CS,6,6,3,0
20250526,XDCE,大商所,EB,12,12,4,0
20250526,XDCE,大商所,EG,12,12,3,0
20250526,XDCE,大商所,I,12,12,5,0
20250526,XDCE,大商所,J,12,12,2,0
20250526,XDCE,大商所,JM,12,12,4,0
20250526,XDCE,大商所,L,12,12,4,0
20250526,XDCE,大商所,M,8,8,8,0
20250526,XDCE,大商所,P,12,12,3,0
20250526,XDCE,大商所,PG,12,12,4,0
20250526,XDCE,大商所,PP,12,12,4,0
20250526,XDCE,大商所,RR,12,12,1,0
20250526,XDCE,大商所,V,12,12,3,0
20250526,XDCE,大商所,Y,8,8,3,0
20250526,XSGE,上期所,AG,12,12,9,0
20250526,XSGE,上期所,AL,12,12,4,0
20250526,XSGE,上期所,AO,12,12,5,0
20250526,XSGE,上期所,AU,8,8,7,0
20250526,XSGE,上期所,BR,12,12,4,0
20250526,XSGE,上期所,BU,16,16,5,0
20250526,XSGE,上期所,CU,12,12,5,0
20250526,XSGE,上期所,FU,12,12,6,0
20250526,XSGE,上期所,HC,12,12,5,0
20250526,XSGE,上期所,NI,12,12,4,0
20250526,XSGE,上期所,PB,12,12,3,0
20250526,XSGE,上期所,RB,12,12,5,0
20250526,XSGE,上期所,RU,10,10,2,0
20250526,XSGE,上期所,SN,12,12,2,0
20250526,XSGE,上期所,SP,12,12,2,0
20250526,XSGE,上期所,SS,12,12,3,0
20250526,XSGE,上期所,ZN,12,12,4,0
20250526,XSIE,能源中心,BC,12,12,1,0
20250526,XSIE,能源中心,LU,12,12,2,0
20250526,XSIE,能源中心,NR,12,12,4,0
20250526,XSIE,能源中心,SC,20,20,4,0
20250527,XDCE,大商所,A,6,6,3,0
20250527,XDCE,大商所,B,12,12,4,0
20250527,XDCE,大商所,C,6,6,5,0
20250527,XDCE,大商所,CS,6,6,2,0
20250527,XDCE,大商所,EB,12,12,5,0
20250527,XDCE,大商所,EG,12,12,3,0
20250527,XDCE,大商所,I,12,12,6,0
20250527,XDCE,大商所,J,12,12,1,0
20250527,XDCE,大商所,JM,12,12,3,0
20250527,XDCE,大商所,L,12,12,3,0
20250527,XDCE,大商所,M,8,8,7,0
20250527,XDCE,大商所,P,12,12,2,0
20250527,XDCE,大商所,PG,12,12,4,0
20250527,XDCE,大商所,PP,12,12,2,0
20250527,XDCE,大商所,RR,12,12,0,0
20250527,XDCE,大商所,V,12,12,3,0
20250527,XDCE,大商所,Y,8,8,2,0
20250527,XSGE,上期所,AG,12,12,9,0
20250527,XSGE,上期所,AL,12,12,4,0
20250527,XSGE,上期所,AO,12,12,7,0
20250527,XSGE,上期所,AU,8,8,4,0
20250527,XSGE,上期所,BR,12,12,4,0
20250527,XSGE,上期所,BU,16,16,4,0
20250527,XSGE,上期所,CU,12,12,4,0
20250527,XSGE,上期所,FU,12,12,6,0
20250527,XSGE,上期所,HC,12,12,4,0
20250527,XSGE,上期所,NI,12,12,2,0
20250527,XSGE,上期所,PB,12,12,3,0
20250527,XSGE,上期所,RB,12,12,6,0
20250527,XSGE,上期所,RU,10,10,5,0
20250527,XSGE,上期所,SN,12,12,3,0
20250527,XSGE,上期所,SP,12,12,2,0
20250527,XSGE,上期所,SS,12,12,3,0
20250527,XSGE,上期所,ZN,12,12,3,0
20250527,XSIE,能源中心,BC,12,12,2,0
20250527,XSIE,能源中心,LU,12,12,3,0
20250527,XSIE,能源中心,NR,12,12,4,0
20250527,XSIE,能源中心,SC,20,20,2,0
20250528,XDCE,大商所,A,6,6,2,0
20250528,XDCE,大商所,B,12,12,5,0
20250528,XDCE,大商所,C,6,6,5,0
20250528,XDCE,大商所,CS,6,6,2,0
20250528,XDCE,大商所,EB,12,12,5,0
20250528,XDCE,大商所,EG,12,12,2,0
20250528,XDCE,大商所,I,12,12,6,0
20250528,XDCE,大商所,J,12,12,3,0
20250528,XDCE,大商所,JM,12,12,2,0
20250528,XDCE,大商所,L,12,12,2,0
20250528,XDCE,大商所,M,8,8,6,0
20250528,XDCE,大商所,P,12,12,4,0
20250528,XDCE,大商所,PG,12,12,4,0
20250528,XDCE,大商所,PP,12,12,3,0
20250528,XDCE,大商所,RR,12,12,0,0
20250528,XDCE,大商所,V,12,12,3,0
20250528,XDCE,大商所,Y,8,8,3,0
20250528,XSGE,上期所,AG,12,12,9,0
20250528,XSGE,上期所,AL,12,12,6,0
20250528,XSGE,上期所,AO,12,12,6,0
20250528,XSGE,上期所,AU,8,8,5,0
20250528,XSGE,上期所,BR,12,12,4,0
20250528,XSGE,上期所,BU,16,16,4,0
20250528,XSGE,上期所,CU,12,12,7,0
20250528,XSGE,上期所,FU,12,12,5,0
20250528,XSGE,上期所,HC,12,12,4,0
20250528,XSGE,上期所,NI,12,12,5,0
20250528,XSGE,上期所,PB,12,12,3,0
20250528,XSGE,上期所,RB,12,12,6,0
20250528,XSGE,上期所,RU,10,10,2,0
20250528,XSGE,上期所,SN,12,12,3,0
20250528,XSGE,上期所,SP,12,12,3,0
20250528,XSGE,上期所,SS,12,12,3,0
20250528,XSGE,上期所,ZN,12,12,4,0
20250528,XSIE,能源中心,BC,12,12,2,0
20250528,XSIE,能源中心,LU,12,12,4,0
20250528,XSIE,能源中心,NR,12,12,5,0
20250528,XSIE,能源中心,SC,20,20,3,0
20250529,XDCE,大商所,A,6,6,2,0
20250529,XDCE,大商所,B,12,12,4,0
20250529,XDCE,大商所,C,6,6,4,0
20250529,XDCE,大商所,CS,6,6,2,0
20250529,XDCE,大商所,EB,12,12,4,0
20250529,XDCE,大商所,EG,12,12,3,0
20250529,XDCE,大商所,I,12,12,4,0
20250529,XDCE,大商所,J,12,12,2,0
20250529,XDCE,大商所,JM,12,12,4,0
20250529,XDCE,大商所,L,12,12,3,0
20250529,XDCE,大商所,M,8,8,8,0
20250529,XDCE,大商所,P,12,12,2,0
20250529,XDCE,大商所,PG,12,12,4,0
20250529,XDCE,大商所,PP,12,12,3,0
20250529,XDCE,大商所,RR,12,12,0,0
20250529,XDCE,大商所,V,12,12,4,0
20250529,XDCE,大商所,Y,8,8,2,0
20250529,XSGE,上期所,AG,12,12,5,0
20250529,XSGE,上期所,AL,12,12,4,0
20250529,XSGE,上期所,AO,12,12,3,0
20250529,XSGE,上期所,AU,8,8,6,0
20250529,XSGE,上期所,BR,12,12,4,0
20250529,XSGE,上期所,BU,16,16,6,0
20250529,XSGE,上期所,CU,12,12,4,0
20250529,XSGE,上期所,FU,12,12,9,0
20250529,XSGE,上期所,HC,12,12,4,0
20250529,XSGE,上期所,NI,12,12,4,0
20250529,XSGE,上期所,PB,12,12,3,0
20250529,XSGE,上期所,RB,12,12,5,0
20250529,XSGE,上期所,RU,10,10,3,0
20250529,XSGE,上期所,SN,12,12,3,0
20250529,XSGE,上期所,SP,12,12,3,0
20250529,XSGE,上期所,SS,12,12,3,0
20250529,XSGE,上期所,ZN,12,12,4,0
20250529,XSIE,能源中心,BC,12,12,2,0
20250529,XSIE,能源中心,LU,12,12,3,0
20250529,XSIE,能源中心,NR,12,12,5,0
20250529,XSIE,能源中心,SC,20,20,4,0
20250530,XDCE,大商所,A,6,6,3,0
20250530,XDCE,大商所,B,12,12,5,0
20250530,XDCE,大商所,C,6,6,5,0
20250530,XDCE,大商所,CS,6,6,2,0
20250530,XDCE,大商所,EB,12,12,5,0
20250530,XDCE,大商所,EG,12,12,2,0
20250530,XDCE,大商所,I,12,12,7,0
20250530,XDCE,大商所,J,12,12,1,0
20250530,XDCE,大商所,JM,12,12,4,0
20250530,XDCE,大商所,L,12,12,4,0
20250530,XDCE,大商所,M,8,8,8,0
20250530,XDCE,大商所,P,12,12,3,0
20250530,XDCE,大商所,PG,12,12,4,0
20250530,XDCE,大商所,PP,12,12,3,0
20250530,XDCE,大商所,RR,12,12,1,0
20250530,XDCE,大商所,V,12,12,3,0
20250530,XDCE,大商所,Y,8,8,3,0
20250530,XSGE,上期所,AG,12,12,10,0
20250530,XSGE,上期所,AL,12,12,3,0
20250530,XSGE,上期所,AO,12,12,5,0
20250530,XSGE,上期所,AU,8,8,7,0
20250530,XSGE,上期所,BR,12,12,4,0
20250530,XSGE,上期所,BU,16,16,6,0
20250530,XSGE,上期所,CU,12,12,5,0
20250530,XSGE,上期所,FU,12,12,11,0
20250530,XSGE,上期所,HC,12,12,5,0
20250530,XSGE,上期所,NI,12,12,4,0
20250530,XSGE,上期所,PB,12,12,2,0
20250530,XSGE,上期所,RB,12,12,6,0
20250530,XSGE,上期所,RU,10,10,3,0
20250530,XSGE,上期所,SN,12,12,4,0
20250530,XSGE,上期所,SP,12,12,2,0
20250530,XSGE,上期所,SS,12,12,3,0
20250530,XSGE,上期所,ZN,12,12,2,0
20250530,XSIE,能源中心,BC,12,12,3,0
20250530,XSIE,能源中心,LU,12,12,3,0
20250530,XSIE,能源中心,NR,12,12,7,0
20250530,XSIE,能源中心,SC,20,20,5,0
20250604,XDCE,大商所,A,6,6,2,0
20250604,XDCE,大商所,B,12,12,5,0
20250604,XDCE,大商所,C,6,6,5,0
20250604,XDCE,大商所,CS,6,6,2,0
20250604,XDCE,大商所,EB,12,12,3,0
20250604,XDCE,大商所,EG,12,12,3,0
20250604,XDCE,大商所,I,12,12,3,0
20250604,XDCE,大商所,J,12,12,1,0
20250604,XDCE,大商所,JM,12,12,4,0
20250604,XDCE,大商所,L,12,12,3,0
20250604,XDCE,大商所,M,8,8,8,0
20250604,XDCE,大商所,P,12,12,2,0
20250604,XDCE,大商所,PG,12,12,3,0
20250604,XDCE,大商所,PP,12,12,3,0
20250604,XDCE,大商所,RR,12,12,2,0
20250604,XDCE,大商所,V,12,12,4,0
20250604,XDCE,大商所,Y,8,8,3,0
20250604,XSGE,上期所,AG,12,12,10,0
20250604,XSGE,上期所,AL,12,12,3,0
20250604,XSGE,上期所,AO,12,12,7,0
20250604,XSGE,上期所,AU,8,8,3,0
20250604,XSGE,上期所,BR,12,12,3,0
20250604,XSGE,上期所,BU,16,16,4,0
20250604,XSGE,上期所,CU,12,12,6,0
20250604,XSGE,上期所,FU,12,12,9,0
20250604,XSGE,上期所,HC,12,12,5,0
20250604,XSGE,上期所,NI,12,12,3,0
20250604,XSGE,上期所,PB,12,12,2,0
20250604,XSGE,上期所,RB,12,12,5,0
20250604,XSGE,上期所,RU,10,10,2,0
20250604,XSGE,上期所,SN,12,12,3,0
20250604,XSGE,上期所,SP,12,12,3,0
20250604,XSGE,上期所,SS,12,12,3,0
20250604,XSGE,上期所,ZN,12,12,5,0
20250604,XSIE,能源中心,BC,12,12,1,0
20250604,XSIE,能源中心,LU,12,12,3,0
20250604,XSIE,能源中心,NR,12,12,5,0
20250604,XSIE,能源中心,SC,20,20,3,0
20250605,XDCE,大商所,A,6,6,3,0
20250605,XDCE,大商所,B,12,12,3,0
20250605,XDCE,大商所,C,6,6,4,0
20250605,XDCE,大商所,CS,6,6,2,0
20250605,XDCE,大商所,EB,12,12,5,0
20250605,XDCE,大商所,EG,12,12,3,0
20250605,XDCE,大商所,I,12,12,5,0
20250605,XDCE,大商所,J,12,12,2,0
20250605,XDCE,大商所,JM,12,12,4,0
20250605,XDCE,大商所,L,12,12,3,0
20250605,XDCE,大商所,M,8,8,8,0
20250605,XDCE,大商所,P,12,12,2,0
20250605,XDCE,大商所,PG,12,12,2,0
20250605,XDCE,大商所,PP,12,12,2,0
20250605,XDCE,大商所,RR,12,12,0,0
20250605,XDCE,大商所,V,12,12,5,0
20250605,XDCE,大商所,Y,8,8,2,0
20250605,XSGE,上期所,AG,12,12,8,0
20250605,XSGE,上期所,AL,12,12,4,0
20250605,XSGE,上期所,AO,12,12,4,0
20250605,XSGE,上期所,AU,8,8,4,0
20250605,XSGE,上期所,BR,12,12,3,0
20250605,XSGE,上期所,BU,16,16,4,0
20250605,XSGE,上期所,CU,12,12,5,0
20250605,XSGE,上期所,FU,12,12,6,0
20250605,XSGE,上期所,HC,12,12,4,0
20250605,XSGE,上期所,NI,12,12,3,0
20250605,XSGE,上期所,PB,12,12,2,0
20250605,XSGE,上期所,RB,12,12,5,0
20250605,XSGE,上期所,RU,10,10,3,0
20250605,XSGE,上期所,SN,12,12,3,0
20250605,XSGE,上期所,SP,12,12,3,0
20250605,XSGE,上期所,SS,12,12,2,0
20250605,XSGE,上期所,ZN,12,12,3,0
20250605,XSIE,能源中心,BC,12,12,1,0
20250605,XSIE,能源中心,LU,12,12,4,0
20250605,XSIE,能源中心,NR,12,12,9,0
20250605,XSIE,能源中心,SC,20,20,3,0
20250606,XDCE,大商所,A,6,6,3,0
20250606,XDCE,大商所,B,12,12,3,0
20250606,XDCE,大商所,C,6,6,4,0
20250606,XDCE,大商所,CS,6,6,2,0
20250606,XDCE,大商所,EB,12,12,4,0
20250606,XDCE,大商所,EG,12,12,3,0
20250606,XDCE,大商所,I,12,12,6,0
20250606,XDCE,大商所,J,12,12,2,0
20250606,XDCE,大商所,JM,12,12,4,0
20250606,XDCE,大商所,L,12,12,2,0
20250606,XDCE,大商所,M,8,8,7,0
20250606,XDCE,大商所,P,12,12,2,0
20250606,XDCE,大商所,PG,12,12,4,0
20250606,XDCE,大商所,PP,12,12,2,0
20250606,XDCE,大商所,RR,12,12,0,0
20250606,XDCE,大商所,V,12,12,3,0
20250606,XDCE,大商所,Y,8,8,2,0
20250606,XSGE,上期所,AG,12,12,12,0
20250606,XSGE,上期所,AL,12,12,4,0
20250606,XSGE,上期所,AO,12,12,6,0
20250606,XSGE,上期所,AU,8,8,5,0
20250606,XSGE,上期所,BR,12,12,3,0
20250606,XSGE,上期所,BU,16,16,4,0
20250606,XSGE,上期所,CU,12,12,9,0
20250606,XSGE,上期所,FU,12,12,9,0
20250606,XSGE,上期所,HC,12,12,6,0
20250606,XSGE,上期所,NI,12,12,3,0
20250606,XSGE,上期所,PB,12,12,2,0
20250606,XSGE,上期所,RB,12,12,6,0
20250606,XSGE,上期所,RU,10,10,2,0
20250606,XSGE,上期所,SN,12,12,4,0
20250606,XSGE,上期所,SP,12,12,2,0
20250606,XSGE,上期所,SS,12,12,3,0
20250606,XSGE,上期所,ZN,12,12,3,0
20250606,XSIE,能源中心,BC,12,12,1,0
20250606,XSIE,能源中心,LU,12,12,4,0
20250606,XSIE,能源中心,NR,12,12,4,0
20250606,XSIE,能源中心,SC,20,20,4,0
20250609,XDCE,大商所,A,6,6,3,0
20250609,XDCE,大商所,B,12,12,3,0
20250609,XDCE,大商所,C,6,6,6,0
20250609,XDCE,大商所,CS,6,6,2,0
20250609,XDCE,大商所,EB,12,12,4,0
20250609,XDCE,大商所,EG,12,12,2,0
20250609,XDCE,大商所,I,12,12,6,0
20250609,XDCE,大商所,J,12,12,2,0
20250609,XDCE,大商所,JM,12,12,3,0
20250609,XDCE,大商所,L,12,12,3,0
20250609,XDCE,大商所,M,8,8,7,0
20250609,XDCE,大商所,P,12,12,3,0
20250609,XDCE,大商所,PG,12,12,4,0
20250609,XDCE,大商所,PP,12,12,3,0
20250609,XDCE,大商所,RR,12,12,0,0
20250609,XDCE,大商所,V,12,12,4,0
20250609,XDCE,大商所,Y,8,8,2,0
20250609,XSGE,上期所,AG,12,12,10,0
20250609,XSGE,上期所,AL,12,12,5,0
20250609,XSGE,上期所,AO,12,12,6,0
20250609,XSGE,上期所,AU,8,8,3,0
20250609,XSGE,上期所,BR,12,12,3,0
20250609,XSGE,上期所,BU,16,16,4,0
20250609,XSGE,上期所,CU,12,12,5,0
20250609,XSGE,上期所,FU,12,12,7,0
20250609,XSGE,上期所,HC,12,12,5,0
20250609,XSGE,上期所,NI,12,12,3,0
20250609,XSGE,上期所,PB,12,12,2,0
20250609,XSGE,上期所,RB,12,12,6,0
20250609,XSGE,上期所,RU,10,10,2,0
20250609,XSGE,上期所,SN,12,12,4,0
20250609,XSGE,上期所,SP,12,12,2,0
20250609,XSGE,上期所,SS,12,12,4,0
20250609,XSGE,上期所,ZN,12,12,3,0
20250609,XSIE,能源中心,BC,12,12,1,0
20250609,XSIE,能源中心,LU,12,12,3,0
20250609,XSIE,能源中心,NR,12,12,3,0
20250609,XSIE,能源中心,SC,20,20,4,0
20250610,XDCE,大商所,A,6,6,2,0
20250610,XDCE,大商所,B,12,12,4,0
20250610,XDCE,大商所,C,6,6,6,0
20250610,XDCE,大商所,CS,6,6,4,0
20250610,XDCE,大商所,EB,12,12,3,0
20250610,XDCE,大商所,EG,12,12,3,0
20250610,XDCE,大商所,I,12,12,4,0
20250610,XDCE,大商所,J,12,12,2,0
20250610,XDCE,大商所,JM,12,12,4,0
20250610,XDCE,大商所,L,12,12,4,0
20250610,XDCE,大商所,M,8,8,7,0
20250610,XDCE,大商所,P,12,12,2,0
20250610,XDCE,大商所,PG,12,12,3,0
20250610,XDCE,大商所,PP,12,12,2,0
20250610,XDCE,大商所,RR,12,12,0,0
20250610,XDCE,大商所,V,12,12,2,0
20250610,XDCE,大商所,Y,8,8,3,0
20250610,XSGE,上期所,AG,12,12,12,0
20250610,XSGE,上期所,AL,12,12,4,0
20250610,XSGE,上期所,AO,12,12,5,0
20250610,XSGE,上期所,AU,8,8,6,0
20250610,XSGE,上期所,BR,12,12,3,0
20250610,XSGE,上期所,BU,16,16,6,0
20250610,XSGE,上期所,CU,12,12,4,0
20250610,XSGE,上期所,FU,12,12,8,0
20250610,XSGE,上期所,HC,12,12,4,0
20250610,XSGE,上期所,NI,12,12,5,0
20250610,XSGE,上期所,PB,12,12,3,0
20250610,XSGE,上期所,RB,12,12,5,0
20250610,XSGE,上期所,RU,10,10,2,0
20250610,XSGE,上期所,SN,12,12,2,0
20250610,XSGE,上期所,SP,12,12,2,0
20250610,XSGE,上期所,SS,12,12,4,0
20250610,XSGE,上期所,ZN,12,12,3,0
20250610,XSIE,能源中心,BC,12,12,2,0
20250610,XSIE,能源中心,LU,12,12,3,0
20250610,XSIE,能源中心,NR,12,12,4,0
20250610,XSIE,能源中心,SC,20,20,4,0
20250611,XDCE,大商所,A,6,6,3,0
20250611,XDCE,大商所,B,12,12,3,0
20250611,XDCE,大商所,C,6,6,4,0
20250611,XDCE,大商所,CS,6,6,2,0
20250611,XDCE,大商所,EB,12,12,4,0
20250611,XDCE,大商所,EG,12,12,1,0
20250611,XDCE,大商所,I,12,12,4,0
20250611,XDCE,大商所,J,12,12,2,0
20250611,XDCE,大商所,JM,12,12,4,0
20250611,XDCE,大商所,L,12,12,2,0
20250611,XDCE,大商所,M,8,8,7,0
20250611,XDCE,大商所,P,12,12,2,0
20250611,XDCE,大商所,PG,12,12,3,0
20250611,XDCE,大商所,PP,12,12,2,0
20250611,XDCE,大商所,RR,12,12,0,0
20250611,XDCE,大商所,V,12,12,2,0
20250611,XDCE,大商所,Y,8,8,3,0
20250611,XSGE,上期所,AG,12,12,9,0
20250611,XSGE,上期所,AL,12,12,5,0
20250611,XSGE,上期所,AO,12,12,4,0
20250611,XSGE,上期所,AU,8,8,4,0
20250611,XSGE,上期所,BR,12,12,3,0
20250611,XSGE,上期所,BU,16,16,5,0
20250611,XSGE,上期所,CU,12,12,3,0
20250611,XSGE,上期所,FU,12,12,6,0
20250611,XSGE,上期所,HC,12,12,4,0
20250611,XSGE,上期所,NI,12,12,3,0
20250611,XSGE,上期所,PB,12,12,2,0
20250611,XSGE,上期所,RB,12,12,8,0
20250611,XSGE,上期所,RU,10,10,2,0
20250611,XSGE,上期所,SN,12,12,2,0
20250611,XSGE,上期所,SP,12,12,2,0
20250611,XSGE,上期所,SS,12,12,4,0
20250611,XSGE,上期所,ZN,12,12,3,0
20250611,XSIE,能源中心,BC,12,12,1,0
20250611,XSIE,能源中心,LU,12,12,2,0
20250611,XSIE,能源中心,NR,12,12,6,0
20250611,XSIE,能源中心,SC,20,20,3,0
20250612,XDCE,大商所,A,6,6,4,0
20250612,XDCE,大商所,B,12,12,3,0
20250612,XDCE,大商所,C,6,6,6,0
20250612,XDCE,大商所,CS,6,6,3,0
20250612,XDCE,大商所,EB,12,12,6,0
20250612,XDCE,大商所,EG,12,12,3,0
20250612,XDCE,大商所,I,12,12,5,0
20250612,XDCE,大商所,J,12,12,1,0
20250612,XDCE,大商所,JM,12,12,3,0
20250612,XDCE,大商所,L,12,12,2,0
20250612,XDCE,大商所,M,8,8,6,0
20250612,XDCE,大商所,P,12,12,4,0
20250612,XDCE,大商所,PG,12,12,3,0
20250612,XDCE,大商所,PP,12,12,2,0
20250612,XDCE,大商所,RR,12,12,0,0
20250612,XDCE,大商所,V,12,12,4,0
20250612,XDCE,大商所,Y,8,8,4,0
20250612,XSGE,上期所,AG,12,12,12,0
20250612,XSGE,上期所,AL,12,12,4,0
20250612,XSGE,上期所,AO,12,12,4,0
20250612,XSGE,上期所,AU,8,8,4,0
20250612,XSGE,上期所,BR,12,12,3,0
20250612,XSGE,上期所,BU,16,16,7,0
20250612,XSGE,上期所,CU,12,12,9,0
20250612,XSGE,上期所,FU,12,12,10,0
20250612,XSGE,上期所,HC,12,12,4,0
20250612,XSGE,上期所,NI,12,12,3,0
20250612,XSGE,上期所,PB,12,12,2,0
20250612,XSGE,上期所,RB,12,12,8,0
20250612,XSGE,上期所,RU,10,10,4,0
20250612,XSGE,上期所,SN,12,12,3,0
20250612,XSGE,上期所,SP,12,12,3,0
20250612,XSGE,上期所,SS,12,12,3,0
20250612,XSGE,上期所,ZN,12,12,3,0
20250612,XSIE,能源中心,BC,12,12,2,0
20250612,XSIE,能源中心,LU,12,12,3,0
20250612,XSIE,能源中心,NR,12,12,4,0
20250612,XSIE,能源中心,SC,20,20,4,0
20250613,XDCE,大商所,A,6,6,4,0
20250613,XDCE,大商所,B,12,12,3,0
20250613,XDCE,大商所,C,6,6,5,0
20250613,XDCE,大商所,CS,6,6,2,0
20250613,XDCE,大商所,EB,12,12,5,0
20250613,XDCE,大商所,EG,12,12,2,0
20250613,XDCE,大商所,I,12,12,6,0
20250613,XDCE,大商所,J,12,12,2,0
20250613,XDCE,大商所,JM,12,12,3,0
20250613,XDCE,大商所,L,12,12,2,0
20250613,XDCE,大商所,M,8,8,8,0
20250613,XDCE,大商所,P,12,12,4,0
20250613,XDCE,大商所,PG,12,12,3,0
20250613,XDCE,大商所,PP,12,12,3,0
20250613,XDCE,大商所,RR,12,12,0,0
20250613,XDCE,大商所,V,12,12,2,0
20250613,XDCE,大商所,Y,8,8,3,0
20250613,XSGE,上期所,AG,12,12,11,0
20250613,XSGE,上期所,AL,12,12,4,0
20250613,XSGE,上期所,AO,12,12,4,0
20250613,XSGE,上期所,AU,8,8,6,0
20250613,XSGE,上期所,BR,12,12,3,0
20250613,XSGE,上期所,BU,16,16,5,0
20250613,XSGE,上期所,CU,12,12,3,0
20250613,XSGE,上期所,FU,12,12,7,0
20250613,XSGE,上期所,HC,12,12,5,0
20250613,XSGE,上期所,NI,12,12,3,0
20250613,XSGE,上期所,PB,12,12,3,0
20250613,XSGE,上期所,RB,12,12,5,0
20250613,XSGE,上期所,RU,10,10,2,0
20250613,XSGE,上期所,SN,12,12,5,0
20250613,XSGE,上期所,SP,12,12,4,0
20250613,XSGE,上期所,SS,12,12,4,0
20250613,XSGE,上期所,ZN,12,12,5,0
20250613,XSIE,能源中心,BC,12,12,1,0
20250613,XSIE,能源中心,LU,12,12,4,0
20250613,XSIE,能源中心,NR,12,12,4,0
20250613,XSIE,能源中心,SC,20,20,3,0
20250616,XDCE,大商所,A,6,6,3,0
20250616,XDCE,大商所,B,12,12,4,0
20250616,XDCE,大商所,C,6,6,5,0
20250616,XDCE,大商所,CS,6,6,3,0
20250616,XDCE,大商所,EB,12,12,5,0
20250616,XDCE,大商所,EG,12,12,2,0
20250616,XDCE,大商所,I,12,12,5,0
20250616,XDCE,大商所,J,12,12,1,0
20250616,XDCE,大商所,JM,12,12,2,0
20250616,XDCE,大商所,L,12,12,2,0
20250616,XDCE,大商所,M,8,8,7,0
20250616,XDCE,大商所,P,12,12,3,0
20250616,XDCE,大商所,PG,12,12,4,0
20250616,XDCE,大商所,PP,12,12,2,0
20250616,XDCE,大商所,RR,12,12,0,0
20250616,XDCE,大商所,V,12,12,4,0
20250616,XDCE,大商所,Y,8,8,2,0
20250616,XSGE,上期所,AG,12,12,7,0
20250616,XSGE,上期所,AL,12,12,5,0
20250616,XSGE,上期所,AO,12,12,4,0
20250616,XSGE,上期所,AU,8,8,4,0
20250616,XSGE,上期所,BR,12,12,3,0
20250616,XSGE,上期所,BU,16,16,7,0
20250616,XSGE,上期所,CU,12,12,4,0
20250616,XSGE,上期所,FU,12,12,9,0
20250616,XSGE,上期所,HC,12,12,4,0
20250616,XSGE,上期所,NI,12,12,4,0
20250616,XSGE,上期所,PB,12,12,3,0
20250616,XSGE,上期所,RB,12,12,7,0
20250616,XSGE,上期所,RU,10,10,4,0
20250616,XSGE,上期所,SN,12,12,3,0
20250616,XSGE,上期所,SP,12,12,3,0
20250616,XSGE,上期所,SS,12,12,3,0
20250616,XSGE,上期所,ZN,12,12,4,0
20250616,XSIE,能源中心,BC,12,12,1,0
20250616,XSIE,能源中心,LU,12,12,4,0
20250616,XSIE,能源中心,NR,12,12,4,0
20250616,XSIE,能源中心,SC,20,20,5,0
20250618,XDCE,大商所,A,6,6,3,0
20250618,XDCE,大商所,B,12,12,3,0
20250618,XDCE,大商所,C,6,6,4,0
20250618,XDCE,大商所,CS,6,6,3,0
20250618,XDCE,大商所,EB,12,12,4,0
20250618,XDCE,大商所,EG,12,12,3,0
20250618,XDCE,大商所,I,12,12,4,0
20250618,XDCE,大商所,J,12,12,1,0
20250618,XDCE,大商所,JM,12,12,3,0
20250618,XDCE,大商所,L,12,12,2,0
20250618,XDCE,大商所,M,8,8,7,0
20250618,XDCE,大商所,P,12,12,3,0
20250618,XDCE,大商所,PG,12,12,3,0
20250618,XDCE,大商所,PP,12,12,2,0
20250618,XDCE,大商所,RR,12,12,1,0
20250618,XDCE,大商所,V,12,12,4,0
20250618,XDCE,大商所,Y,8,8,3,0
20250618,XSGE,上期所,AG,12,12,12,0
20250618,XSGE,上期所,AL,12,12,6,0
20250618,XSGE,上期所,AO,12,12,4,0
20250618,XSGE,上期所,AU,8,8,4,0
20250618,XSGE,上期所,BR,12,12,3,0
20250618,XSGE,上期所,BU,16,16,4,0
20250618,XSGE,上期所,CU,12,12,3,0
20250618,XSGE,上期所,FU,12,12,9,0
20250618,XSGE,上期所,HC,12,12,4,0
20250618,XSGE,上期所,NI,12,12,4,0
20250618,XSGE,上期所,PB,12,12,2,0
20250618,XSGE,上期所,RB,12,12,8,0
20250618,XSGE,上期所,RU,10,10,3,0
20250618,XSGE,上期所,SN,12,12,2,0
20250618,XSGE,上期所,SP,12,12,3,0
20250618,XSGE,上期所,SS,12,12,3,0
20250618,XSGE,上期所,ZN,12,12,4,0
20250618,XSIE,能源中心,BC,12,12,2,0
20250618,XSIE,能源中心,LU,12,12,3,0
20250618,XSIE,能源中心,NR,12,12,4,0
20250618,XSIE,能源中心,SC,20,20,4,0
20250619,XDCE,大商所,A,6,6,5,0
20250619,XDCE,大商所,B,12,12,4,0
20250619,XDCE,大商所,C,6,6,4,0
20250619,XDCE,大商所,CS,6,6,2,0
20250619,XDCE,大商所,EB,12,12,3,0
20250619,XDCE,大商所,EG,12,12,3,0
20250619,XDCE,大商所,I,12,12,4,0
20250619,XDCE,大商所,J,12,12,3,0
20250619,XDCE,大商所,JM,12,12,3,0
20250619,XDCE,大商所,L,12,12,3,0
20250619,XDCE,大商所,M,8,8,6,0
20250619,XDCE,大商所,P,12,12,3,0
20250619,XDCE,大商所,PG,12,12,3,0
20250619,XDCE,大商所,PP,12,12,3,0
20250619,XDCE,大商所,RR,12,12,1,0
20250619,XDCE,大商所,V,12,12,4,0
20250619,XDCE,大商所,Y,8,8,3,0
20250619,XSGE,上期所,AG,12,12,9,0
20250619,XSGE,上期所,AL,12,12,4,0
20250619,XSGE,上期所,AO,12,12,4,0
20250619,XSGE,上期所,AU,8,8,4,0
20250619,XSGE,上期所,BR,12,12,3,0
20250619,XSGE,上期所,BU,16,16,5,0
20250619,XSGE,上期所,CU,12,12,4,0
20250619,XSGE,上期所,FU,12,12,7,0
20250619,XSGE,上期所,HC,12,12,4,0
20250619,XSGE,上期所,NI,12,12,4,0
20250619,XSGE,上期所,PB,12,12,2,0
20250619,XSGE,上期所,RB,12,12,4,0
20250619,XSGE,上期所,RU,10,10,2,0
20250619,XSGE,上期所,SN,12,12,2,0
20250619,XSGE,上期所,SP,12,12,3,0
20250619,XSGE,上期所,SS,12,12,3,0
20250619,XSGE,上期所,ZN,12,12,4,0
20250619,XSIE,能源中心,BC,12,12,2,0
20250619,XSIE,能源中心,LU,12,12,3,0
20250619,XSIE,能源中心,NR,12,12,3,0
20250619,XSIE,能源中心,SC,20,20,5,0
20250620,XDCE,大商所,A,6,6,2,0
20250620,XDCE,大商所,B,12,12,1,0
20250620,XDCE,大商所,C,6,6,4,0
20250620,XDCE,大商所,CS,6,6,2,0
20250620,XDCE,大商所,EB,12,12,7,0
20250620,XDCE,大商所,EG,12,12,2,0
20250620,XDCE,大商所,I,12,12,5,0
20250620,XDCE,大商所,J,12,12,1,0
20250620,XDCE,大商所,JM,12,12,2,0
20250620,XDCE,大商所,L,12,12,3,0
20250620,XDCE,大商所,M,8,8,6,0
20250620,XDCE,大商所,P,12,12,2,0
20250620,XDCE,大商所,PG,12,12,4,0
20250620,XDCE,大商所,PP,12,12,3,0
20250620,XDCE,大商所,RR,12,12,0,0
20250620,XDCE,大商所,V,12,12,4,0
20250620,XDCE,大商所,Y,8,8,3,0
20250620,XSGE,上期所,AG,12,12,9,0
20250620,XSGE,上期所,AL,12,12,4,0
20250620,XSGE,上期所,AO,12,12,4,0
20250620,XSGE,上期所,AU,8,8,3,0
20250620,XSGE,上期所,BR,12,12,3,0
20250620,XSGE,上期所,BU,16,16,6,0
20250620,XSGE,上期所,CU,12,12,4,0
20250620,XSGE,上期所,FU,12,12,7,0
20250620,XSGE,上期所,HC,12,12,3,0
20250620,XSGE,上期所,NI,12,12,2,0
20250620,XSGE,上期所,PB,12,12,3,0
20250620,XSGE,上期所,RB,12,12,5,0
20250620,XSGE,上期所,RU,10,10,3,0
20250620,XSGE,上期所,SN,12,12,2,0
20250620,XSGE,上期所,SP,12,12,2,0
20250620,XSGE,上期所,SS,12,12,3,0
20250620,XSGE,上期所,ZN,12,12,3,0
20250620,XSIE,能源中心,BC,12,12,1,0
20250620,XSIE,能源中心,LU,12,12,4,0
20250620,XSIE,能源中心,NR,12,12,4,0
20250620,XSIE,能源中心,SC,20,20,4,0
20250623,XDCE,大商所,A,6,6,3,0
20250623,XDCE,大商所,B,12,12,3,0
20250623,XDCE,大商所,C,6,6,4,0
20250623,XDCE,大商所,CS,6,6,2,0
20250623,XDCE,大商所,EB,12,12,3,0
20250623,XDCE,大商所,EG,12,12,2,0
20250623,XDCE,大商所,I,12,12,5,0
20250623,XDCE,大商所,J,12,12,1,0
20250623,XDCE,大商所,JM,12,12,3,0
20250623,XDCE,大商所,L,12,12,3,0
20250623,XDCE,大商所,M,8,8,7,0
20250623,XDCE,大商所,P,12,12,3,0
20250623,XDCE,大商所,PG,12,12,3,0
20250623,XDCE,大商所,PP,12,12,2,0
20250623,XDCE,大商所,RR,12,12,0,0
20250623,XDCE,大商所,V,12,12,2,0
20250623,XDCE,大商所,Y,8,8,3,0
20250623,XSGE,上期所,AG,12,12,10,0
20250623,XSGE,上期所,AL,12,12,3,0
20250623,XSGE,上期所,AO,12,12,3,0
20250623,XSGE,上期所,AU,8,8,3,0
20250623,XSGE,上期所,BR,12,12,3,0
20250623,XSGE,上期所,BU,16,16,4,0
20250623,XSGE,上期所,CU,12,12,5,0
20250623,XSGE,上期所,FU,12,12,6,0
20250623,XSGE,上期所,HC,12,12,4,0
20250623,XSGE,上期所,NI,12,12,4,0
20250623,XSGE,上期所,PB,12,12,3,0
20250623,XSGE,上期所,RB,12,12,8,0
20250623,XSGE,上期所,RU,10,10,2,0
20250623,XSGE,上期所,SN,12,12,3,0
20250623,XSGE,上期所,SP,12,12,7,0
20250623,XSGE,上期所,SS,12,12,5,0
20250623,XSGE,上期所,ZN,12,12,3,0
20250623,XSIE,能源中心,BC,12,12,1,0
20250623,XSIE,能源中心,LU,12,12,4,0
20250623,XSIE,能源中心,NR,12,12,3,0
20250623,XSIE,能源中心,SC,20,20,4,0
20250624,XDCE,大商所,A,6,6,3,0
20250624,XDCE,大商所,B,12,12,4,0
20250624,XDCE,大商所,C,6,6,4,0
20250624,XDCE,大商所,CS,6,6,2,0
20250624,XDCE,大商所,EB,12,12,4,0
20250624,XDCE,大商所,EG,12,12,3,0
20250624,XDCE,大商所,I,12,12,5,0
20250624,XDCE,大商所,J,12,12,2,0
20250624,XDCE,大商所,JM,12,12,4,0
20250624,XDCE,大商所,L,12,12,3,0
20250624,XDCE,大商所,M,8,8,7,0
20250624,XDCE,大商所,P,12,12,3,0
20250624,XDCE,大商所,PG,12,12,4,0
20250624,XDCE,大商所,PP,12,12,3,0
20250624,XDCE,大商所,RR,12,12,0,0
20250624,XDCE,大商所,V,12,12,4,0
20250624,XDCE,大商所,Y,8,8,3,0
20250624,XSGE,上期所,AG,12,12,6,0
20250624,XSGE,上期所,AL,12,12,3,0
20250624,XSGE,上期所,AO,12,12,4,0
20250624,XSGE,上期所,AU,8,8,5,0
20250624,XSGE,上期所,BR,12,12,3,0
20250624,XSGE,上期所,BU,16,16,6,0
20250624,XSGE,上期所,CU,12,12,4,0
20250624,XSGE,上期所,FU,12,12,8,0
20250624,XSGE,上期所,HC,12,12,4,0
20250624,XSGE,上期所,NI,12,12,5,0
20250624,XSGE,上期所,PB,12,12,2,0
20250624,XSGE,上期所,RB,12,12,4,0
20250624,XSGE,上期所,RU,10,10,2,0
20250624,XSGE,上期所,SN,12,12,3,0
20250624,XSGE,上期所,SP,12,12,4,0
20250624,XSGE,上期所,SS,12,12,4,0
20250624,XSGE,上期所,ZN,12,12,4,0
20250624,XSIE,能源中心,BC,12,12,1,0
20250624,XSIE,能源中心,LU,12,12,4,0
20250624,XSIE,能源中心,NR,12,12,4,0
20250624,XSIE,能源中心,SC,20,20,4,0
20250625,XDCE,大商所,A,6,6,2,0
20250625,XDCE,大商所,B,12,12,4,0
20250625,XDCE,大商所,C,6,6,5,0
20250625,XDCE,大商所,CS,6,6,2,0
20250625,XDCE,大商所,EB,12,12,5,0
20250625,XDCE,大商所,EG,12,12,2,0
20250625,XDCE,大商所,I,12,12,6,0
20250625,XDCE,大商所,J,12,12,2,0
20250625,XDCE,大商所,JM,12,12,4,0
20250625,XDCE,大商所,L,12,12,4,0
20250625,XDCE,大商所,M,8,8,6,0
20250625,XDCE,大商所,P,12,12,4,0
20250625,XDCE,大商所,PG,12,12,5,0
20250625,XDCE,大商所,PP,12,12,6,0
20250625,XDCE,大商所,RR,12,12,0,0
20250625,XDCE,大商所,V,12,12,3,0
20250625,XDCE,大商所,Y,8,8,4,0
20250625,XSGE,上期所,AG,12,12,10,0
20250625,XSGE,上期所,AL,12,12,4,0
20250625,XSGE,上期所,AO,12,12,4,0
20250625,XSGE,上期所,AU,8,8,4,0
20250625,XSGE,上期所,BR,12,12,3,0
20250625,XSGE,上期所,BU,16,16,4,0
20250625,XSGE,上期所,CU,12,12,3,0
20250625,XSGE,上期所,FU,12,12,8,0
20250625,XSGE,上期所,HC,12,12,3,0
20250625,XSGE,上期所,NI,12,12,4,0
20250625,XSGE,上期所,PB,12,12,3,0
20250625,XSGE,上期所,RB,12,12,7,0
20250625,XSGE,上期所,RU,10,10,3,0
20250625,XSGE,上期所,SN,12,12,3,0
20250625,XSGE,上期所,SP,12,12,4,0
20250625,XSGE,上期所,SS,12,12,3,0
20250625,XSGE,上期所,ZN,12,12,3,0
20250625,XSIE,能源中心,BC,12,12,2,0
20250625,XSIE,能源中心,LU,12,12,3,0
20250625,XSIE,能源中心,NR,12,12,3,0
20250625,XSIE,能源中心,SC,20,20,6,0
20250626,XDCE,大商所,A,6,6,3,0
20250626,XDCE,大商所,B,12,12,5,0
20250626,XDCE,大商所,C,6,6,4,0
20250626,XDCE,大商所,CS,6,6,2,0
20250626,XDCE,大商所,EB,12,12,3,0
20250626,XDCE,大商所,EG,12,12,3,0
20250626,XDCE,大商所,I,12,12,4,0
20250626,XDCE,大商所,J,12,12,2,0
20250626,XDCE,大商所,JM,12,12,3,0
20250626,XDCE,大商所,L,12,12,3,0
20250626,XDCE,大商所,M,8,8,8,0
20250626,XDCE,大商所,P,12,12,5,0
20250626,XDCE,大商所,PG,12,12,4,0
20250626,XDCE,大商所,PP,12,12,4,0
20250626,XDCE,大商所,RR,12,12,0,0
20250626,XDCE,大商所,V,12,12,3,0
20250626,XDCE,大商所,Y,8,8,5,0
20250626,XSGE,上期所,AG,12,12,9,0
20250626,XSGE,上期所,AL,12,12,4,0
20250626,XSGE,上期所,AO,12,12,4,0
20250626,XSGE,上期所,AU,8,8,5,0
20250626,XSGE,上期所,BR,12,12,3,0
20250626,XSGE,上期所,BU,16,16,5,0
20250626,XSGE,上期所,CU,12,12,6,0
20250626,XSGE,上期所,FU,12,12,10,0
20250626,XSGE,上期所,HC,12,12,3,0
20250626,XSGE,上期所,NI,12,12,4,0
20250626,XSGE,上期所,PB,12,12,3,0
20250626,XSGE,上期所,RB,12,12,6,0
20250626,XSGE,上期所,RU,10,10,3,0
20250626,XSGE,上期所,SN,12,12,3,0
20250626,XSGE,上期所,SP,12,12,3,0
20250626,XSGE,上期所,SS,12,12,3,0
20250626,XSGE,上期所,ZN,12,12,4,0
20250626,XSIE,能源中心,BC,12,12,2,0
20250626,XSIE,能源中心,LU,12,12,4,0
20250626,XSIE,能源中心,NR,12,12,4,0
20250626,XSIE,能源中心,SC,20,20,4,0
20250627,XDCE,大商所,A,6,6,4,0
20250627,XDCE,大商所,B,12,12,4,0
20250627,XDCE,大商所,C,6,6,4,0
20250627,XDCE,大商所,CS,6,6,3,0
20250627,XDCE,大商所,EB,12,12,5,0
20250627,XDCE,大商所,EG,12,12,3,0
20250627,XDCE,大商所,I,12,12,4,0
20250627,XDCE,大商所,J,12,12,2,0
20250627,XDCE,大商所,JM,12,12,3,0
20250627,XDCE,大商所,L,12,12,3,0
20250627,XDCE,大商所,M,8,8,7,0
20250627,XDCE,大商所,P,12,12,3,0
20250627,XDCE,大商所,PG,12,12,3,0
20250627,XDCE,大商所,PP,12,12,4,0
20250627,XDCE,大商所,RR,12,12,0,0
20250627,XDCE,大商所,V,12,12,2,0
20250627,XDCE,大商所,Y,8,8,3,0
20250627,XSGE,上期所,AG,12,12,6,0
20250627,XSGE,上期所,AL,12,12,5,0
20250627,XSGE,上期所,AO,12,12,4,0
20250627,XSGE,上期所,AU,8,8,6,0
20250627,XSGE,上期所,BR,12,12,3,0
20250627,XSGE,上期所,BU,16,16,5,0
20250627,XSGE,上期所,CU,12,12,6,0
20250627,XSGE,上期所,FU,12,12,7,0
20250627,XSGE,上期所,HC,12,12,4,0
20250627,XSGE,上期所,NI,12,12,3,0
20250627,XSGE,上期所,PB,12,12,3,0
20250627,XSGE,上期所,RB,12,12,7,0
20250627,XSGE,上期所,RU,10,10,3,0
20250627,XSGE,上期所,SN,12,12,5,0
20250627,XSGE,上期所,SP,12,12,4,0
20250627,XSGE,上期所,SS,12,12,4,0
20250627,XSGE,上期所,ZN,12,12,4,0
20250627,XSIE,能源中心,BC,12,12,2,0
20250627,XSIE,能源中心,LU,12,12,3,0
20250627,XSIE,能源中心,NR,12,12,5,0
20250627,XSIE,能源中心,SC,20,20,3,0
20250630,XDCE,大商所,A,6,6,3,0
20250630,XDCE,大商所,B,12,12,3,0
20250630,XDCE,大商所,C,6,6,5,0
20250630,XDCE,大商所,CS,6,6,2,0
20250630,XDCE,大商所,EB,12,12,4,0
20250630,XDCE,大商所,EG,12,12,3,0
20250630,XDCE,大商所,I,12,12,5,0
20250630,XDCE,大商所,J,12,12,1,0
20250630,XDCE,大商所,JM,12,12,3,0
20250630,XDCE,大商所,L,12,12,3,0
20250630,XDCE,大商所,M,8,8,6,0
20250630,XDCE,大商所,P,12,12,3,0
20250630,XDCE,大商所,PG,12,12,5,0
20250630,XDCE,大商所,PP,12,12,4,0
20250630,XDCE,大商所,RR,12,12,0,0
20250630,XDCE,大商所,V,12,12,3,0
20250630,XDCE,大商所,Y,8,8,3,0
20250630,XSGE,上期所,AG,12,12,12,0
20250630,XSGE,上期所,AL,12,12,4,0
20250630,XSGE,上期所,AO,12,12,5,0
20250630,XSGE,上期所,AU,8,8,7,0
20250630,XSGE,上期所,BR,12,12,4,0
20250630,XSGE,上期所,BU,16,16,3,0
20250630,XSGE,上期所,CU,12,12,8,0
20250630,XSGE,上期所,FU,12,12,8,0
20250630,XSGE,上期所,HC,12,12,3,0
20250630,XSGE,上期所,NI,12,12,4,0
20250630,XSGE,上期所,PB,12,12,3,0
20250630,XSGE,上期所,RB,12,12,7,0
20250630,XSGE,上期所,RU,10,10,3,0
20250630,XSGE,上期所,SN,12,12,4,0
20250630,XSGE,上期所,SP,12,12,3,0
20250630,XSGE,上期所,SS,12,12,4,0
20250630,XSGE,上期所,ZN,12,12,3,0
20250630,XSIE,能源中心,BC,12,12,2,0
20250630,XSIE,能源中心,LU,12,12,3,0
20250630,XSIE,能源中心,NR,12,12,4,0
20250630,XSIE,能源中心,SC,20,20,4,0
20250701,XDCE,大商所,A,6,6,2,0
20250701,XDCE,大商所,B,12,12,3,0
20250701,XDCE,大商所,C,6,6,5,0
20250701,XDCE,大商所,CS,6,6,3,0
20250701,XDCE,大商所,EB,12,12,3,0
20250701,XDCE,大商所,EG,12,12,2,0
20250701,XDCE,大商所,I,12,12,4,0
20250701,XDCE,大商所,J,12,12,1,0
20250701,XDCE,大商所,JM,12,12,4,0
20250701,XDCE,大商所,L,12,12,2,0
20250701,XDCE,大商所,M,8,8,6,0
20250701,XDCE,大商所,P,12,12,2,0
20250701,XDCE,大商所,PG,12,12,3,0
20250701,XDCE,大商所,PP,12,12,3,0
20250701,XDCE,大商所,RR,12,12,0,0
20250701,XDCE,大商所,V,12,12,2,0
20250701,XDCE,大商所,Y,8,8,3,0
20250701,XSGE,上期所,AG,12,12,7,0
20250701,XSGE,上期所,AL,12,12,5,0
20250701,XSGE,上期所,AO,12,12,6,0
20250701,XSGE,上期所,AU,8,8,5,0
20250701,XSGE,上期所,BR,12,12,2,0
20250701,XSGE,上期所,BU,16,16,4,0
20250701,XSGE,上期所,CU,12,12,5,0
20250701,XSGE,上期所,FU,12,12,7,0
20250701,XSGE,上期所,HC,12,12,4,0
20250701,XSGE,上期所,NI,12,12,4,0
20250701,XSGE,上期所,PB,12,12,2,0
20250701,XSGE,上期所,RB,12,12,6,0
20250701,XSGE,上期所,RU,10,10,3,0
20250701,XSGE,上期所,SN,12,12,3,0
20250701,XSGE,上期所,SP,12,12,3,0
20250701,XSGE,上期所,SS,12,12,4,0
20250701,XSGE,上期所,ZN,12,12,3,0
20250701,XSIE,能源中心,BC,12,12,1,0
20250701,XSIE,能源中心,LU,12,12,3,0
20250701,XSIE,能源中心,NR,12,12,2,0
20250701,XSIE,能源中心,SC,20,20,3,0
20250702,XDCE,大商所,A,6,6,2,0
20250702,XDCE,大商所,B,12,12,5,0
20250702,XDCE,大商所,C,6,6,5,0
20250702,XDCE,大商所,CS,6,6,2,0
20250702,XDCE,大商所,EB,12,12,4,0
20250702,XDCE,大商所,EG,12,12,2,0
20250702,XDCE,大商所,I,12,12,3,0
20250702,XDCE,大商所,J,12,12,2,0
20250702,XDCE,大商所,JM,12,12,2,0
20250702,XDCE,大商所,L,12,12,3,0
20250702,XDCE,大商所,M,8,8,7,0
20250702,XDCE,大商所,P,12,12,2,0
20250702,XDCE,大商所,PG,12,12,2,0
20250702,XDCE,大商所,PP,12,12,2,0
20250702,XDCE,大商所,RR,12,12,1,0
20250702,XDCE,大商所,V,12,12,3,0
20250702,XDCE,大商所,Y,8,8,3,0
20250702,XSGE,上期所,AG,12,12,7,0
20250702,XSGE,上期所,AL,12,12,5,0
20250702,XSGE,上期所,AO,12,12,6,0
20250702,XSGE,上期所,AU,8,8,7,0
20250702,XSGE,上期所,BR,12,12,2,0
20250702,XSGE,上期所,BU,16,16,6,0
20250702,XSGE,上期所,CU,12,12,4,0
20250702,XSGE,上期所,FU,12,12,7,0
20250702,XSGE,上期所,HC,12,12,3,0
20250702,XSGE,上期所,NI,12,12,3,0
20250702,XSGE,上期所,PB,12,12,2,0
20250702,XSGE,上期所,RB,12,12,4,0
20250702,XSGE,上期所,RU,10,10,2,0
20250702,XSGE,上期所,SN,12,12,3,0
20250702,XSGE,上期所,SP,12,12,4,0
20250702,XSGE,上期所,SS,12,12,2,0
20250702,XSGE,上期所,ZN,12,12,4,0
20250702,XSIE,能源中心,BC,12,12,1,0
20250702,XSIE,能源中心,LU,12,12,3,0
20250702,XSIE,能源中心,NR,12,12,3,0
20250702,XSIE,能源中心,SC,20,20,3,0
20250703,XDCE,大商所,A,6,6,2,0
20250703,XDCE,大商所,B,12,12,3,0
20250703,XDCE,大商所,C,6,6,3,0
20250703,XDCE,大商所,CS,6,6,2,0
20250703,XDCE,大商所,EB,12,12,4,0
20250703,XDCE,大商所,EG,12,12,3,0
20250703,XDCE,大商所,I,12,12,5,0
20250703,XDCE,大商所,J,12,12,2,0
20250703,XDCE,大商所,JM,12,12,3,0
20250703,XDCE,大商所,L,12,12,3,0
20250703,XDCE,大商所,M,8,8,6,0
20250703,XDCE,大商所,P,12,12,2,0
20250703,XDCE,大商所,PG,12,12,3,0
20250703,XDCE,大商所,PP,12,12,3,0
20250703,XDCE,大商所,RR,12,12,0,0
20250703,XDCE,大商所,V,12,12,3,0
20250703,XDCE,大商所,Y,8,8,3,0
20250703,XSGE,上期所,AG,12,12,9,0
20250703,XSGE,上期所,AL,12,12,5,0
20250703,XSGE,上期所,AO,12,12,3,0
20250703,XSGE,上期所,AU,8,8,3,0
20250703,XSGE,上期所,BR,12,12,3,0
20250703,XSGE,上期所,BU,16,16,5,0
20250703,XSGE,上期所,CU,12,12,4,0
20250703,XSGE,上期所,FU,12,12,8,0
20250703,XSGE,上期所,HC,12,12,4,0
20250703,XSGE,上期所,NI,12,12,2,0
20250703,XSGE,上期所,PB,12,12,2,0
20250703,XSGE,上期所,RB,12,12,5,0
20250703,XSGE,上期所,RU,10,10,3,0
20250703,XSGE,上期所,SN,12,12,2,0
20250703,XSGE,上期所,SP,12,12,3,0
20250703,XSGE,上期所,SS,12,12,3,0
20250703,XSGE,上期所,ZN,12,12,3,0
20250703,XSIE,能源中心,BC,12,12,1,0
20250703,XSIE,能源中心,LU,12,12,3,0
20250703,XSIE,能源中心,NR,12,12,4,0
20250703,XSIE,能源中心,SC,20,20,2,0
20250704,XDCE,大商所,A,6,6,3,0
20250704,XDCE,大商所,B,12,12,5,0
20250704,XDCE,大商所,C,6,6,3,0
20250704,XDCE,大商所,CS,6,6,2,0
20250704,XDCE,大商所,EB,12,12,3,0
20250704,XDCE,大商所,EG,12,12,2,0
20250704,XDCE,大商所,I,12,12,5,0
20250704,XDCE,大商所,J,12,12,2,0
20250704,XDCE,大商所,JM,12,12,4,0
20250704,XDCE,大商所,L,12,12,2,0
20250704,XDCE,大商所,M,8,8,6,0
20250704,XDCE,大商所,P,12,12,3,0
20250704,XDCE,大商所,PG,12,12,4,0
20250704,XDCE,大商所,PP,12,12,3,0
20250704,XDCE,大商所,RR,12,12,1,0
20250704,XDCE,大商所,V,12,12,4,0
20250704,XDCE,大商所,Y,8,8,3,0
20250704,XSGE,上期所,AG,12,12,11,0
20250704,XSGE,上期所,AL,12,12,3,0
20250704,XSGE,上期所,AO,12,12,4,0
20250704,XSGE,上期所,AU,8,8,7,0
20250704,XSGE,上期所,BR,12,12,4,0
20250704,XSGE,上期所,BU,16,16,3,0
20250704,XSGE,上期所,CU,12,12,4,0
20250704,XSGE,上期所,FU,12,12,7,0
20250704,XSGE,上期所,HC,12,12,4,0
20250704,XSGE,上期所,NI,12,12,5,0
20250704,XSGE,上期所,PB,12,12,2,0
20250704,XSGE,上期所,RB,12,12,6,0
20250704,XSGE,上期所,RU,10,10,2,0
20250704,XSGE,上期所,SN,12,12,3,0
20250704,XSGE,上期所,SP,12,12,3,0
20250704,XSGE,上期所,SS,12,12,3,0
20250704,XSGE,上期所,ZN,12,12,4,0
20250704,XSIE,能源中心,BC,12,12,2,0
20250704,XSIE,能源中心,LU,12,12,3,0
20250704,XSIE,能源中心,NR,12,12,2,0
20250704,XSIE,能源中心,SC,20,20,3,0
20250707,XDCE,大商所,A,6,6,4,0
20250707,XDCE,大商所,B,12,12,5,0
20250707,XDCE,大商所,C,6,6,4,0
20250707,XDCE,大商所,CS,6,6,3,0
20250707,XDCE,大商所,EB,12,12,4,0
20250707,XDCE,大商所,EG,12,12,2,0
20250707,XDCE,大商所,I,12,12,7,0
20250707,XDCE,大商所,J,12,12,1,0
20250707,XDCE,大商所,JM,12,12,2,0
20250707,XDCE,大商所,L,12,12,4,0
20250707,XDCE,大商所,M,8,8,5,0
20250707,XDCE,大商所,P,12,12,2,0
20250707,XDCE,大商所,PG,12,12,4,0
20250707,XDCE,大商所,PP,12,12,6,0
20250707,XDCE,大商所,RR,12,12,0,0
20250707,XDCE,大商所,V,12,12,4,0
20250707,XDCE,大商所,Y,8,8,2,0
20250707,XSGE,上期所,AG,12,12,7,0
20250707,XSGE,上期所,AL,12,12,4,0
20250707,XSGE,上期所,AO,12,12,3,0
20250707,XSGE,上期所,AU,8,8,4,0
20250707,XSGE,上期所,BR,12,12,2,0
20250707,XSGE,上期所,BU,16,16,5,0
20250707,XSGE,上期所,CU,12,12,4,0
20250707,XSGE,上期所,FU,12,12,6,0
20250707,XSGE,上期所,HC,12,12,3,0
20250707,XSGE,上期所,NI,12,12,3,0
20250707,XSGE,上期所,PB,12,12,2,0
20250707,XSGE,上期所,RB,12,12,5,0
20250707,XSGE,上期所,RU,10,10,2,0
20250707,XSGE,上期所,SN,12,12,3,0
20250707,XSGE,上期所,SP,12,12,3,0
20250707,XSGE,上期所,SS,12,12,3,0
20250707,XSGE,上期所,ZN,12,12,5,0
20250707,XSIE,能源中心,BC,12,12,1,0
20250707,XSIE,能源中心,LU,12,12,3,0
20250707,XSIE,能源中心,NR,12,12,2,0
20250707,XSIE,能源中心,SC,20,20,5,0
20250708,XDCE,大商所,A,6,6,2,0
20250708,XDCE,大商所,B,12,12,3,0
20250708,XDCE,大商所,C,6,6,5,0
20250708,XDCE,大商所,CS,6,6,2,0
20250708,XDCE,大商所,EB,12,12,5,0
20250708,XDCE,大商所,EG,12,12,2,0
20250708,XDCE,大商所,I,12,12,3,0
20250708,XDCE,大商所,J,12,12,2,0
20250708,XDCE,大商所,JM,12,12,2,0
20250708,XDCE,大商所,L,12,12,2,0
20250708,XDCE,大商所,M,8,8,5,0
20250708,XDCE,大商所,P,12,12,2,0
20250708,XDCE,大商所,PG,12,12,3,0
20250708,XDCE,大商所,PP,12,12,3,0
20250708,XDCE,大商所,RR,12,12,0,0
20250708,XDCE,大商所,V,12,12,4,0
20250708,XDCE,大商所,Y,8,8,2,0
20250708,XSGE,上期所,AG,12,12,9,0
20250708,XSGE,上期所,AL,12,12,5,0
20250708,XSGE,上期所,AO,12,12,3,0
20250708,XSGE,上期所,AU,8,8,5,0
20250708,XSGE,上期所,BR,12,12,2,0
20250708,XSGE,上期所,BU,16,16,5,0
20250708,XSGE,上期所,CU,12,12,4,0
20250708,XSGE,上期所,FU,12,12,7,0
20250708,XSGE,上期所,HC,12,12,3,0
20250708,XSGE,上期所,NI,12,12,3,0
20250708,XSGE,上期所,PB,12,12,2,0
20250708,XSGE,上期所,RB,12,12,4,0
20250708,XSGE,上期所,RU,10,10,2,0
20250708,XSGE,上期所,SN,12,12,2,0
20250708,XSGE,上期所,SP,12,12,4,0
20250708,XSGE,上期所,SS,12,12,2,0
20250708,XSGE,上期所,ZN,12,12,4,0
20250708,XSIE,能源中心,BC,12,12,1,0
20250708,XSIE,能源中心,LU,12,12,3,0
20250708,XSIE,能源中心,NR,12,12,3,0
20250708,XSIE,能源中心,SC,20,20,6,0
20250709,XDCE,大商所,A,6,6,3,0
20250709,XDCE,大商所,B,12,12,3,0
20250709,XDCE,大商所,C,6,6,4,0
20250709,XDCE,大商所,CS,6,6,2,0
20250709,XDCE,大商所,EB,12,12,4,0
20250709,XDCE,大商所,EG,12,12,3,0
20250709,XDCE,大商所,I,12,12,3,0
20250709,XDCE,大商所,J,12,12,2,0
20250709,XDCE,大商所,JM,12,12,3,0
20250709,XDCE,大商所,L,12,12,2,0
20250709,XDCE,大商所,M,8,8,7,0
20250709,XDCE,大商所,P,12,12,2,0
20250709,XDCE,大商所,PG,12,12,2,0
20250709,XDCE,大商所,PP,12,12,2,0
20250709,XDCE,大商所,RR,12,12,1,0
20250709,XDCE,大商所,V,12,12,4,0
20250709,XDCE,大商所,Y,8,8,5,0
20250709,XSGE,上期所,AG,12,12,10,0
20250709,XSGE,上期所,AL,12,12,3,0
20250709,XSGE,上期所,AO,12,12,5,0
20250709,XSGE,上期所,AU,8,8,5,0
20250709,XSGE,上期所,BR,12,12,2,0
20250709,XSGE,上期所,BU,16,16,4,0
20250709,XSGE,上期所,CU,12,12,2,0
20250709,XSGE,上期所,FU,12,12,7,0
20250709,XSGE,上期所,HC,12,12,3,0
20250709,XSGE,上期所,NI,12,12,2,0
20250709,XSGE,上期所,PB,12,12,2,0
20250709,XSGE,上期所,RB,12,12,4,0
20250709,XSGE,上期所,RU,10,10,3,0
20250709,XSGE,上期所,SN,12,12,3,0
20250709,XSGE,上期所,SP,12,12,3,0
20250709,XSGE,上期所,SS,12,12,2,0
20250709,XSGE,上期所,ZN,12,12,3,0
20250709,XSIE,能源中心,BC,12,12,1,0
20250709,XSIE,能源中心,LU,12,12,4,0
20250709,XSIE,能源中心,NR,12,12,4,0
20250709,XSIE,能源中心,SC,20,20,3,0
20250710,XDCE,大商所,A,6,6,3,0
20250710,XDCE,大商所,B,12,12,6,0
20250710,XDCE,大商所,C,6,6,5,0
20250710,XDCE,大商所,CS,6,6,2,0
20250710,XDCE,大商所,EB,12,12,3,0
20250710,XDCE,大商所,EG,12,12,2,0
20250710,XDCE,大商所,I,12,12,3,0
20250710,XDCE,大商所,J,12,12,2,0
20250710,XDCE,大商所,JM,12,12,3,0
20250710,XDCE,大商所,L,12,12,2,0
20250710,XDCE,大商所,M,8,8,7,0
20250710,XDCE,大商所,P,12,12,3,0
20250710,XDCE,大商所,PG,12,12,4,0
20250710,XDCE,大商所,PP,12,12,2,0
20250710,XDCE,大商所,RR,12,12,0,0
20250710,XDCE,大商所,V,12,12,5,0
20250710,XDCE,大商所,Y,8,8,3,0
20250710,XSGE,上期所,AG,12,12,9,0
20250710,XSGE,上期所,AL,12,12,5,0
20250710,XSGE,上期所,AO,12,12,4,0
20250710,XSGE,上期所,AU,8,8,5,0
20250710,XSGE,上期所,BR,12,12,2,0
20250710,XSGE,上期所,BU,16,16,3,0
20250710,XSGE,上期所,CU,12,12,8,0
20250710,XSGE,上期所,FU,12,12,6,0
20250710,XSGE,上期所,HC,12,12,3,0
20250710,XSGE,上期所,NI,12,12,4,0
20250710,XSGE,上期所,PB,12,12,3,0
20250710,XSGE,上期所,RB,12,12,5,0
20250710,XSGE,上期所,RU,10,10,2,0
20250710,XSGE,上期所,SN,12,12,3,0
20250710,XSGE,上期所,SP,12,12,2,0
20250710,XSGE,上期所,SS,12,12,2,0
20250710,XSGE,上期所,ZN,12,12,5,0
20250710,XSIE,能源中心,BC,12,12,3,0
20250710,XSIE,能源中心,LU,12,12,4,0
20250710,XSIE,能源中心,NR,12,12,3,0
20250710,XSIE,能源中心,SC,20,20,4,0
20250711,XDCE,大商所,A,6,6,2,0
20250711,XDCE,大商所,B,12,12,2,0
20250711,XDCE,大商所,C,6,6,5,0
20250711,XDCE,大商所,CS,6,6,2,0
20250711,XDCE,大商所,EB,12,12,4,0
20250711,XDCE,大商所,EG,12,12,2,0
20250711,XDCE,大商所,I,12,12,5,0
20250711,XDCE,大商所,J,12,12,2,0
20250711,XDCE,大商所,JM,12,12,3,0
20250711,XDCE,大商所,L,12,12,3,0
20250711,XDCE,大商所,M,8,8,6,0
20250711,XDCE,大商所,P,12,12,4,0
20250711,XDCE,大商所,PG,12,12,3,0
20250711,XDCE,大商所,PP,12,12,4,0
20250711,XDCE,大商所,RR,12,12,0,0
20250711,XDCE,大商所,V,12,12,4,0
20250711,XDCE,大商所,Y,8,8,3,0
20250711,XSGE,上期所,AG,12,12,10,0
20250711,XSGE,上期所,AL,12,12,3,0
20250711,XSGE,上期所,AO,12,12,5,0
20250711,XSGE,上期所,AU,8,8,3,0
20250711,XSGE,上期所,BR,12,12,2,0
20250711,XSGE,上期所,BU,16,16,4,0
20250711,XSGE,上期所,CU,12,12,4,0
20250711,XSGE,上期所,FU,12,12,9,0
20250711,XSGE,上期所,HC,12,12,4,0
20250711,XSGE,上期所,NI,12,12,3,0
20250711,XSGE,上期所,PB,12,12,3,0
20250711,XSGE,上期所,RB,12,12,6,0
20250711,XSGE,上期所,RU,10,10,3,0
20250711,XSGE,上期所,SN,12,12,3,0
20250711,XSGE,上期所,SP,12,12,3,0
20250711,XSGE,上期所,SS,12,12,3,0
20250711,XSGE,上期所,ZN,12,12,3,0
20250711,XSIE,能源中心,BC,12,12,2,0
20250711,XSIE,能源中心,LU,12,12,3,0
20250711,XSIE,能源中心,NR,12,12,2,0
20250711,XSIE,能源中心,SC,20,20,3,0
20250714,XDCE,大商所,A,6,6,2,0
20250714,XDCE,大商所,B,12,12,4,0
20250714,XDCE,大商所,C,6,6,3,0
20250714,XDCE,大商所,CS,6,6,3,0
20250714,XDCE,大商所,EB,12,12,4,0
20250714,XDCE,大商所,EG,12,12,3,0
20250714,XDCE,大商所,I,12,12,4,0
20250714,XDCE,大商所,J,12,12,2,0
20250714,XDCE,大商所,JM,12,12,4,0
20250714,XDCE,大商所,L,12,12,2,0
20250714,XDCE,大商所,M,8,8,6,0
20250714,XDCE,大商所,P,12,12,3,0
20250714,XDCE,大商所,PG,12,12,2,0
20250714,XDCE,大商所,PP,12,12,3,0
20250714,XDCE,大商所,RR,12,12,0,0
20250714,XDCE,大商所,V,12,12,4,0
20250714,XDCE,大商所,Y,8,8,4,0
20250714,XSGE,上期所,AG,12,12,11,0
20250714,XSGE,上期所,AL,12,12,4,0
20250714,XSGE,上期所,AO,12,12,4,0
20250714,XSGE,上期所,AU,8,8,5,0
20250714,XSGE,上期所,BR,12,12,2,0
20250714,XSGE,上期所,BU,16,16,3,0
20250714,XSGE,上期所,CU,12,12,6,0
20250714,XSGE,上期所,FU,12,12,9,0
20250714,XSGE,上期所,HC,12,12,4,0
20250714,XSGE,上期所,NI,12,12,3,0
20250714,XSGE,上期所,PB,12,12,3,0
20250714,XSGE,上期所,RB,12,12,4,0
20250714,XSGE,上期所,RU,10,10,2,0
20250714,XSGE,上期所,SN,12,12,2,0
20250714,XSGE,上期所,SP,12,12,3,0
20250714,XSGE,上期所,SS,12,12,4,0
20250714,XSGE,上期所,ZN,12,12,3,0
20250714,XSIE,能源中心,BC,12,12,2,0
20250714,XSIE,能源中心,LU,12,12,2,0
20250714,XSIE,能源中心,NR,12,12,3,0
20250714,XSIE,能源中心,SC,20,20,3,0
20250715,XDCE,大商所,A,6,6,4,0
20250715,XDCE,大商所,B,12,12,4,0
20250715,XDCE,大商所,C,6,6,5,0
20250715,XDCE,大商所,CS,6,6,3,0
20250715,XDCE,大商所,EB,12,12,5,0
20250715,XDCE,大商所,EG,12,12,2,0
20250715,XDCE,大商所,I,12,12,3,0
20250715,XDCE,大商所,J,12,12,2,0
20250715,XDCE,大商所,JM,12,12,3,0
20250715,XDCE,大商所,L,12,12,2,0
20250715,XDCE,大商所,M,8,8,6,0
20250715,XDCE,大商所,P,12,12,3,0
20250715,XDCE,大商所,PG,12,12,3,0
20250715,XDCE,大商所,PP,12,12,2,0
20250715,XDCE,大商所,RR,12,12,0,0
20250715,XDCE,大商所,V,12,12,3,0
20250715,XDCE,大商所,Y,8,8,4,0
20250715,XSGE,上期所,AG,12,12,10,0
20250715,XSGE,上期所,AL,12,12,3,0
20250715,XSGE,上期所,AO,12,12,4,0
20250715,XSGE,上期所,AU,8,8,5,0
20250715,XSGE,上期所,BR,12,12,3,0
20250715,XSGE,上期所,BU,16,16,4,0
20250715,XSGE,上期所,CU,12,12,6,0
20250715,XSGE,上期所,FU,12,12,7,0
20250715,XSGE,上期所,HC,12,12,4,0
20250715,XSGE,上期所,NI,12,12,5,0
20250715,XSGE,上期所,PB,12,12,2,0
20250715,XSGE,上期所,RB,12,12,5,0
20250715,XSGE,上期所,RU,10,10,3,0
20250715,XSGE,上期所,SN,12,12,3,0
20250715,XSGE,上期所,SP,12,12,5,0
20250715,XSGE,上期所,SS,12,12,3,0
20250715,XSGE,上期所,ZN,12,12,3,0
20250715,XSIE,能源中心,BC,12,12,2,0
20250715,XSIE,能源中心,LU,12,12,2,0
20250715,XSIE,能源中心,NR,12,12,3,0
20250715,XSIE,能源中心,SC,20,20,2,0
20250716,XDCE,大商所,A,6,6,2,0
20250716,XDCE,大商所,B,12,12,4,0
20250716,XDCE,大商所,C,6,6,5,0
20250716,XDCE,大商所,CS,6,6,2,0
20250716,XDCE,大商所,EB,12,12,5,0
20250716,XDCE,大商所,EG,12,12,3,0
20250716,XDCE,大商所,I,12,12,4,0
20250716,XDCE,大商所,J,12,12,1,0
20250716,XDCE,大商所,JM,12,12,3,0
20250716,XDCE,大商所,L,12,12,4,0
20250716,XDCE,大商所,M,8,8,8,0
20250716,XDCE,大商所,P,12,12,3,0
20250716,XDCE,大商所,PG,12,12,3,0
20250716,XDCE,大商所,PP,12,12,4,0
20250716,XDCE,大商所,RR,12,12,0,0
20250716,XDCE,大商所,V,12,12,3,0
20250716,XDCE,大商所,Y,8,8,4,0
20250716,XSGE,上期所,AG,12,12,10,0
20250716,XSGE,上期所,AL,12,12,3,0
20250716,XSGE,上期所,AO,12,12,4,0
20250716,XSGE,上期所,AU,8,8,4,0
20250716,XSGE,上期所,BR,12,12,2,0
20250716,XSGE,上期所,BU,16,16,3,0
20250716,XSGE,上期所,CU,12,12,3,0
20250716,XSGE,上期所,FU,12,12,6,0
20250716,XSGE,上期所,HC,12,12,4,0
20250716,XSGE,上期所,NI,12,12,3,0
20250716,XSGE,上期所,PB,12,12,2,0
20250716,XSGE,上期所,RB,12,12,5,0
20250716,XSGE,上期所,RU,10,10,2,0
20250716,XSGE,上期所,SN,12,12,3,0
20250716,XSGE,上期所,SP,12,12,3,0
20250716,XSGE,上期所,SS,12,12,3,0
20250716,XSGE,上期所,ZN,12,12,3,0
20250716,XSIE,能源中心,BC,12,12,1,0
20250716,XSIE,能源中心,LU,12,12,3,0
20250716,XSIE,能源中心,NR,12,12,4,0
20250716,XSIE,能源中心,SC,20,20,2,0
20250717,XDCE,大商所,A,6,6,4,0
20250717,XDCE,大商所,B,12,12,3,0
20250717,XDCE,大商所,C,6,6,4,0
20250717,XDCE,大商所,CS,6,6,2,0
20250717,XDCE,大商所,EB,12,12,5,0
20250717,XDCE,大商所,EG,12,12,3,0
20250717,XDCE,大商所,I,12,12,4,0
20250717,XDCE,大商所,J,12,12,2,0
20250717,XDCE,大商所,JM,12,12,2,0
20250717,XDCE,大商所,L,12,12,4,0
20250717,XDCE,大商所,M,8,8,8,0
20250717,XDCE,大商所,P,12,12,3,0
20250717,XDCE,大商所,PG,12,12,3,0
20250717,XDCE,大商所,PP,12,12,4,0
20250717,XDCE,大商所,RR,12,12,1,0
20250717,XDCE,大商所,V,12,12,4,0
20250717,XDCE,大商所,Y,8,8,3,0
20250717,XSGE,上期所,AG,12,12,9,0
20250717,XSGE,上期所,AL,12,12,4,0
20250717,XSGE,上期所,AO,12,12,4,0
20250717,XSGE,上期所,AU,8,8,4,0
20250717,XSGE,上期所,BR,12,12,3,0
20250717,XSGE,上期所,BU,16,16,5,0
20250717,XSGE,上期所,CU,12,12,6,0
20250717,XSGE,上期所,FU,12,12,10,0
20250717,XSGE,上期所,HC,12,12,3,0
20250717,XSGE,上期所,NI,12,12,5,0
20250717,XSGE,上期所,PB,12,12,2,0
20250717,XSGE,上期所,RB,12,12,5,0
20250717,XSGE,上期所,RU,10,10,3,0
20250717,XSGE,上期所,SN,12,12,3,0
20250717,XSGE,上期所,SP,12,12,3,0
20250717,XSGE,上期所,SS,12,12,3,0
20250717,XSGE,上期所,ZN,12,12,3,0
20250717,XSIE,能源中心,BC,12,12,1,0
20250717,XSIE,能源中心,LU,12,12,3,0
20250717,XSIE,能源中心,NR,12,12,3,0
20250717,XSIE,能源中心,SC,20,20,3,0
20250718,XDCE,大商所,A,6,6,3,0
20250718,XDCE,大商所,B,12,12,3,0
20250718,XDCE,大商所,C,6,6,3,0
20250718,XDCE,大商所,CS,6,6,2,0
20250718,XDCE,大商所,EB,12,12,4,0
20250718,XDCE,大商所,EG,12,12,3,0
20250718,XDCE,大商所,I,12,12,7,0
20250718,XDCE,大商所,J,12,12,3,0
20250718,XDCE,大商所,JM,12,12,6,0
20250718,XDCE,大商所,L,12,12,4,0
20250718,XDCE,大商所,M,8,8,6,0
20250718,XDCE,大商所,P,12,12,3,0
20250718,XDCE,大商所,PG,12,12,3,0
20250718,XDCE,大商所,PP,12,12,3,0
20250718,XDCE,大商所,RR,12,12,1,0
20250718,XDCE,大商所,V,12,12,4,0
20250718,XDCE,大商所,Y,8,8,3,0
20250718,XSGE,上期所,AG,12,12,10,0
20250718,XSGE,上期所,AL,12,12,4,0
20250718,XSGE,上期所,AO,12,12,3,0
20250718,XSGE,上期所,AU,8,8,6,0
20250718,XSGE,上期所,BR,12,12,3,0
20250718,XSGE,上期所,BU,16,16,4,0
20250718,XSGE,上期所,CU,12,12,4,0
20250718,XSGE,上期所,FU,12,12,6,0
20250718,XSGE,上期所,HC,12,12,4,0
20250718,XSGE,上期所,NI,12,12,3,0
20250718,XSGE,上期所,PB,12,12,2,0
20250718,XSGE,上期所,RB,12,12,5,0
20250718,XSGE,上期所,RU,10,10,2,0
20250718,XSGE,上期所,SN,12,12,3,0
20250718,XSGE,上期所,SP,12,12,3,0
20250718,XSGE,上期所,SS,12,12,4,0
20250718,XSGE,上期所,ZN,12,12,3,0
20250718,XSIE,能源中心,BC,12,12,2,0
20250718,XSIE,能源中心,LU,12,12,3,0
20250718,XSIE,能源中心,NR,12,12,3,0
20250718,XSIE,能源中心,SC,20,20,3,0
20250721,XDCE,大商所,A,6,6,3,0
20250721,XDCE,大商所,B,12,12,3,0
20250721,XDCE,大商所,C,6,6,4,0
20250721,XDCE,大商所,CS,6,6,2,0
20250721,XDCE,大商所,EB,12,12,4,0
20250721,XDCE,大商所,EG,12,12,3,0
20250721,XDCE,大商所,I,12,12,5,0
20250721,XDCE,大商所,J,12,12,2,0
20250721,XDCE,大商所,JM,12,12,3,0
20250721,XDCE,大商所,L,12,12,3,0
20250721,XDCE,大商所,M,8,8,8,0
20250721,XDCE,大商所,P,12,12,4,0
20250721,XDCE,大商所,PG,12,12,4,0
20250721,XDCE,大商所,PP,12,12,3,0
20250721,XDCE,大商所,RR,12,12,1,0
20250721,XDCE,大商所,V,12,12,3,0
20250721,XDCE,大商所,Y,8,8,3,0
20250721,XSGE,上期所,AG,12,12,10,0
20250721,XSGE,上期所,AL,12,12,4,0
20250721,XSGE,上期所,AO,12,12,4,0
20250721,XSGE,上期所,AU,8,8,6,0
20250721,XSGE,上期所,BR,12,12,2,0
20250721,XSGE,上期所,BU,16,16,5,0
20250721,XSGE,上期所,CU,12,12,4,0
20250721,XSGE,上期所,FU,12,12,7,0
20250721,XSGE,上期所,HC,12,12,6,0
20250721,XSGE,上期所,NI,12,12,3,0
20250721,XSGE,上期所,PB,12,12,2,0
20250721,XSGE,上期所,RB,12,12,5,0
20250721,XSGE,上期所,RU,10,10,3,0
20250721,XSGE,上期所,SN,12,12,3,0
20250721,XSGE,上期所,SP,12,12,3,0
20250721,XSGE,上期所,SS,12,12,4,0
20250721,XSGE,上期所,ZN,12,12,3,0
20250721,XSIE,能源中心,BC,12,12,1,0
20250721,XSIE,能源中心,LU,12,12,3,0
20250721,XSIE,能源中心,NR,12,12,4,0
20250721,XSIE,能源中心,SC,20,20,3,0
20250723,XDCE,大商所,A,6,6,3,0
20250723,XDCE,大商所,B,12,12,3,0
20250723,XDCE,大商所,C,6,6,6,0
20250723,XDCE,大商所,CS,6,6,3,0
20250723,XDCE,大商所,EB,12,12,5,0
20250723,XDCE,大商所,EG,12,12,2,0
20250723,XDCE,大商所,I,12,12,4,0
20250723,XDCE,大商所,J,12,12,2,0
20250723,XDCE,大商所,JM,12,12,7,0
20250723,XDCE,大商所,L,12,12,3,0
20250723,XDCE,大商所,M,8,8,8,0
20250723,XDCE,大商所,P,12,12,6,0
20250723,XDCE,大商所,PG,12,12,3,0
20250723,XDCE,大商所,PP,12,12,4,0
20250723,XDCE,大商所,RR,12,12,0,0
20250723,XDCE,大商所,V,12,12,5,0
20250723,XDCE,大商所,Y,8,8,3,0
20250723,XSGE,上期所,AG,12,12,10,0
20250723,XSGE,上期所,AL,12,12,3,0
20250723,XSGE,上期所,AO,12,12,3,0
20250723,XSGE,上期所,AU,8,8,6,0
20250723,XSGE,上期所,BR,12,12,3,0
20250723,XSGE,上期所,BU,16,16,5,0
20250723,XSGE,上期所,CU,12,12,4,0
20250723,XSGE,上期所,FU,12,12,7,0
20250723,XSGE,上期所,HC,12,12,4,0
20250723,XSGE,上期所,NI,12,12,3,0
20250723,XSGE,上期所,PB,12,12,3,0
20250723,XSGE,上期所,RB,12,12,6,0
20250723,XSGE,上期所,RU,10,10,3,0
20250723,XSGE,上期所,SN,12,12,3,0
20250723,XSGE,上期所,SP,12,12,6,0
20250723,XSGE,上期所,SS,12,12,5,0
20250723,XSGE,上期所,ZN,12,12,3,0
20250723,XSIE,能源中心,BC,12,12,1,0
20250723,XSIE,能源中心,LU,12,12,3,0
20250723,XSIE,能源中心,NR,12,12,4,0
20250723,XSIE,能源中心,SC,20,20,2,0
20250724,XDCE,大商所,A,6,6,3,0
20250724,XDCE,大商所,B,12,12,3,0
20250724,XDCE,大商所,C,6,6,3,0
20250724,XDCE,大商所,CS,6,6,3,0
20250724,XDCE,大商所,EB,12,12,3,0
20250724,XDCE,大商所,EG,12,12,2,0
20250724,XDCE,大商所,I,12,12,5,0
20250724,XDCE,大商所,J,12,12,3,0
20250724,XDCE,大商所,JM,12,12,5,0
20250724,XDCE,大商所,L,12,12,2,0
20250724,XDCE,大商所,M,8,8,7,0
20250724,XDCE,大商所,P,12,12,3,0
20250724,XDCE,大商所,PG,12,12,5,0
20250724,XDCE,大商所,PP,12,12,3,0
20250724,XDCE,大商所,RR,12,12,1,0
20250724,XDCE,大商所,V,12,12,3,0
20250724,XDCE,大商所,Y,8,8,2,0
20250724,XSGE,上期所,AG,12,12,11,0
20250724,XSGE,上期所,AL,12,12,3,0
20250724,XSGE,上期所,AO,12,12,3,0
20250724,XSGE,上期所,AU,8,8,3,0
20250724,XSGE,上期所,BR,12,12,2,0
20250724,XSGE,上期所,BU,16,16,4,0
20250724,XSGE,上期所,CU,12,12,6,0
20250724,XSGE,上期所,FU,12,12,6,0
20250724,XSGE,上期所,HC,12,12,4,0
20250724,XSGE,上期所,NI,12,12,5,0
20250724,XSGE,上期所,PB,12,12,3,0
20250724,XSGE,上期所,RB,12,12,5,0
20250724,XSGE,上期所,RU,10,10,4,0
20250724,XSGE,上期所,SN,12,12,4,0
20250724,XSGE,上期所,SP,12,12,3,0
20250724,XSGE,上期所,SS,12,12,3,0
20250724,XSGE,上期所,ZN,12,12,3,0
20250724,XSIE,能源中心,BC,12,12,2,0
20250724,XSIE,能源中心,LU,12,12,2,0
20250724,XSIE,能源中心,NR,12,12,2,0
20250724,XSIE,能源中心,SC,20,20,4,0
20250728,XDCE,大商所,A,6,6,4,0
20250728,XDCE,大商所,B,12,12,4,0
20250728,XDCE,大商所,C,6,6,4,0
20250728,XDCE,大商所,CS,6,6,3,0
20250728,XDCE,大商所,EB,12,12,5,0
20250728,XDCE,大商所,EG,12,12,3,0
20250728,XDCE,大商所,I,12,12,3,0
20250728,XDCE,大商所,J,12,12,2,0
20250728,XDCE,大商所,JM,12,12,8,0
20250728,XDCE,大商所,L,12,12,2,0
20250728,XDCE,大商所,M,8,8,7,0
20250728,XDCE,大商所,P,12,12,2,0
20250728,XDCE,大商所,PG,12,12,5,0
20250728,XDCE,大商所,PP,12,12,2,0
20250728,XDCE,大商所,RR,12,12,0,0
20250728,XDCE,大商所,V,12,12,4,0
20250728,XDCE,大商所,Y,8,8,3,0
20250728,XSGE,上期所,AG,12,12,8,0
20250728,XSGE,上期所,AL,12,12,4,0
20250728,XSGE,上期所,AO,12,12,4,0
20250728,XSGE,上期所,AU,8,8,6,0
20250728,XSGE,上期所,BR,12,12,3,0
20250728,XSGE,上期所,BU,16,16,2,0
20250728,XSGE,上期所,CU,12,12,3,0
20250728,XSGE,上期所,FU,12,12,6,0
20250728,XSGE,上期所,HC,12,12,4,0
20250728,XSGE,上期所,NI,12,12,4,0
20250728,XSGE,上期所,PB,12,12,3,0
20250728,XSGE,上期所,RB,12,12,7,0
20250728,XSGE,上期所,RU,10,10,3,0
20250728,XSGE,上期所,SN,12,12,4,0
20250728,XSGE,上期所,SP,12,12,3,0
20250728,XSGE,上期所,SS,12,12,4,0
20250728,XSGE,上期所,ZN,12,12,4,0
20250728,XSIE,能源中心,BC,12,12,2,0
20250728,XSIE,能源中心,LU,12,12,3,0
20250728,XSIE,能源中心,NR,12,12,4,0
20250728,XSIE,能源中心,SC,20,20,4,0
20250729,XDCE,大商所,A,6,6,4,0
20250729,XDCE,大商所,B,12,12,3,0
20250729,XDCE,大商所,C,6,6,3,0
20250729,XDCE,大商所,CS,6,6,3,0
20250729,XDCE,大商所,EB,12,12,4,0
20250729,XDCE,大商所,EG,12,12,2,0
20250729,XDCE,大商所,I,12,12,6,0
20250729,XDCE,大商所,J,12,12,2,0
20250729,XDCE,大商所,JM,12,12,9,0
20250729,XDCE,大商所,L,12,12,3,0
20250729,XDCE,大商所,M,8,8,7,0
20250729,XDCE,大商所,P,12,12,2,0
20250729,XDCE,大商所,PG,12,12,3,0
20250729,XDCE,大商所,PP,12,12,3,0
20250729,XDCE,大商所,RR,12,12,0,0
20250729,XDCE,大商所,V,12,12,4,0
20250729,XDCE,大商所,Y,8,8,3,0
20250729,XSGE,上期所,AG,12,12,8,0
20250729,XSGE,上期所,AL,12,12,4,0
20250729,XSGE,上期所,AO,12,12,4,0
20250729,XSGE,上期所,AU,8,8,4,0
20250729,XSGE,上期所,BR,12,12,4,0
20250729,XSGE,上期所,BU,16,16,5,0
20250729,XSGE,上期所,CU,12,12,5,0
20250729,XSGE,上期所,FU,12,12,8,0
20250729,XSGE,上期所,HC,12,12,4,0
20250729,XSGE,上期所,NI,12,12,4,0
20250729,XSGE,上期所,PB,12,12,3,0
20250729,XSGE,上期所,RB,12,12,7,0
20250729,XSGE,上期所,RU,10,10,3,0
20250729,XSGE,上期所,SN,12,12,3,0
20250729,XSGE,上期所,SP,12,12,7,0
20250729,XSGE,上期所,SS,12,12,4,0
20250729,XSGE,上期所,ZN,12,12,3,0
20250729,XSIE,能源中心,BC,12,12,2,0
20250729,XSIE,能源中心,LU,12,12,4,0
20250729,XSIE,能源中心,NR,12,12,3,0
20250729,XSIE,能源中心,SC,20,20,4,0
20250730,XDCE,大商所,A,6,6,4,0
20250730,XDCE,大商所,B,12,12,4,0
20250730,XDCE,大商所,C,6,6,5,0
20250730,XDCE,大商所,CS,6,6,3,0
20250730,XDCE,大商所,EB,12,12,5,0
20250730,XDCE,大商所,EG,12,12,3,0
20250730,XDCE,大商所,I,12,12,4,0
20250730,XDCE,大商所,J,12,12,2,0
20250730,XDCE,大商所,JM,12,12,5,0
20250730,XDCE,大商所,L,12,12,3,0
20250730,XDCE,大商所,M,8,8,6,0
20250730,XDCE,大商所,P,12,12,2,0
20250730,XDCE,大商所,PG,12,12,3,0
20250730,XDCE,大商所,PP,12,12,2,0
20250730,XDCE,大商所,RR,12,12,0,0
20250730,XDCE,大商所,V,12,12,5,0
20250730,XDCE,大商所,Y,8,8,4,0
20250730,XSGE,上期所,AG,12,12,6,0
20250730,XSGE,上期所,AL,12,12,4,0
20250730,XSGE,上期所,AO,12,12,4,0
20250730,XSGE,上期所,AU,8,8,3,0
20250730,XSGE,上期所,BR,12,12,3,0
20250730,XSGE,上期所,BU,16,16,4,0
20250730,XSGE,上期所,CU,12,12,5,0
20250730,XSGE,上期所,FU,12,12,7,0
20250730,XSGE,上期所,HC,12,12,4,0
20250730,XSGE,上期所,NI,12,12,5,0
20250730,XSGE,上期所,PB,12,12,3,0
20250730,XSGE,上期所,RB,12,12,8,0
20250730,XSGE,上期所,RU,10,10,3,0
20250730,XSGE,上期所,SN,12,12,4,0
20250730,XSGE,上期所,SP,12,12,4,0
20250730,XSGE,上期所,SS,12,12,4,0
20250730,XSGE,上期所,ZN,12,12,4,0
20250730,XSIE,能源中心,BC,12,12,2,0
20250730,XSIE,能源中心,LU,12,12,3,0
20250730,XSIE,能源中心,NR,12,12,5,0
20250730,XSIE,能源中心,SC,20,20,3,0
20250731,XDCE,大商所,A,6,6,3,0
20250731,XDCE,大商所,B,12,12,5,0
20250731,XDCE,大商所,C,6,6,4,0
20250731,XDCE,大商所,CS,6,6,2,0
20250731,XDCE,大商所,EB,12,12,4,0
20250731,XDCE,大商所,EG,12,12,2,0
20250731,XDCE,大商所,I,12,12,9,0
20250731,XDCE,大商所,J,12,12,2,0
20250731,XDCE,大商所,JM,12,12,6,0
20250731,XDCE,大商所,L,12,12,3,0
20250731,XDCE,大商所,M,8,8,6,0
20250731,XDCE,大商所,P,12,12,3,0
20250731,XDCE,大商所,PG,12,12,2,0
20250731,XDCE,大商所,PP,12,12,3,0
20250731,XDCE,大商所,RR,12,12,0,0
20250731,XDCE,大商所,V,12,12,3,0
20250731,XDCE,大商所,Y,8,8,4,0
20250731,XSGE,上期所,AG,12,12,11,0
20250731,XSGE,上期所,AL,12,12,5,0
20250731,XSGE,上期所,AO,12,12,7,0
20250731,XSGE,上期所,AU,8,8,6,0
20250731,XSGE,上期所,BR,12,12,3,0
20250731,XSGE,上期所,BU,16,16,5,0
20250731,XSGE,上期所,CU,12,12,7,0
20250731,XSGE,上期所,FU,12,12,7,0
20250731,XSGE,上期所,HC,12,12,4,0
20250731,XSGE,上期所,NI,12,12,6,0
20250731,XSGE,上期所,PB,12,12,3,0
20250731,XSGE,上期所,RB,12,12,6,0
20250731,XSGE,上期所,RU,10,10,3,0
20250731,XSGE,上期所,SN,12,12,3,0
20250731,XSGE,上期所,SP,12,12,4,0
20250731,XSGE,上期所,SS,12,12,4,0
20250731,XSGE,上期所,ZN,12,12,4,0
20250731,XSIE,能源中心,BC,12,12,2,0
20250731,XSIE,能源中心,LU,12,12,6,0
20250731,XSIE,能源中心,NR,12,12,4,0
20250731,XSIE,能源中心,SC,20,20,3,0
20250801,XDCE,大商所,A,6,6,3,0
20250801,XDCE,大商所,B,12,12,2,0
20250801,XDCE,大商所,C,6,6,5,0
20250801,XDCE,大商所,CS,6,6,2,0
20250801,XDCE,大商所,EB,12,12,4,0
20250801,XDCE,大商所,EG,12,12,3,0
20250801,XDCE,大商所,I,12,12,11,0
20250801,XDCE,大商所,J,12,12,3,0
20250801,XDCE,大商所,JM,12,12,6,0
20250801,XDCE,大商所,L,12,12,6,0
20250801,XDCE,大商所,M,8,8,6,0
20250801,XDCE,大商所,P,12,12,2,0
20250801,XDCE,大商所,PG,12,12,7,0
20250801,XDCE,大商所,PP,12,12,2,0
20250801,XDCE,大商所,RR,12,12,0,0
20250801,XDCE,大商所,V,12,12,5,0
20250801,XDCE,大商所,Y,8,8,3,0
20250801,XSGE,上期所,AG,12,12,12,0
20250801,XSGE,上期所,AL,12,12,4,0
20250801,XSGE,上期所,AO,12,12,6,0
20250801,XSGE,上期所,AU,8,8,3,0
20250801,XSGE,上期所,BR,12,12,3,0
20250801,XSGE,上期所,BU,16,16,5,0
20250801,XSGE,上期所,CU,12,12,5,0
20250801,XSGE,上期所,FU,12,12,7,0
20250801,XSGE,上期所,HC,12,12,6,0
20250801,XSGE,上期所,NI,12,12,5,0
20250801,XSGE,上期所,PB,12,12,6,0
20250801,XSGE,上期所,RB,12,12,8,0
20250801,XSGE,上期所,RU,10,10,4,0
20250801,XSGE,上期所,SN,12,12,5,0
20250801,XSGE,上期所,SP,12,12,3,0
20250801,XSGE,上期所,SS,12,12,3,0
20250801,XSGE,上期所,ZN,12,12,4,0
20250801,XSIE,能源中心,BC,12,12,2,0
20250801,XSIE,能源中心,LU,12,12,5,0
20250801,XSIE,能源中心,NR,12,12,5,0
20250801,XSIE,能源中心,SC,20,20,5,0
20250804,XDCE,大商所,A,6,6,3,0
20250804,XDCE,大商所,B,12,12,3,0
20250804,XDCE,大商所,C,6,6,4,0
20250804,XDCE,大商所,CS,6,6,3,0
20250804,XDCE,大商所,EB,12,12,3,0
20250804,XDCE,大商所,EG,12,12,2,0
20250804,XDCE,大商所,I,12,12,5,0
20250804,XDCE,大商所,J,12,12,2,0
20250804,XDCE,大商所,JM,12,12,7,0
20250804,XDCE,大商所,L,12,12,2,0
20250804,XDCE,大商所,M,8,8,6,0
20250804,XDCE,大商所,P,12,12,3,0
20250804,XDCE,大商所,PG,12,12,2,0
20250804,XDCE,大商所,PP,12,12,2,0
20250804,XDCE,大商所,RR,12,12,0,0
20250804,XDCE,大商所,V,12,12,3,0
20250804,XDCE,大商所,Y,8,8,3,0
20250804,XSGE,上期所,AG,12,12,11,0
20250804,XSGE,上期所,AL,12,12,5,0
20250804,XSGE,上期所,AO,12,12,4,0
20250804,XSGE,上期所,AU,8,8,7,0
20250804,XSGE,上期所,BR,12,12,2,0
20250804,XSGE,上期所,BU,16,16,4,0
20250804,XSGE,上期所,CU,12,12,6,0
20250804,XSGE,上期所,FU,12,12,6,0
20250804,XSGE,上期所,HC,12,12,5,0
20250804,XSGE,上期所,NI,12,12,5,0
20250804,XSGE,上期所,PB,12,12,2,0
20250804,XSGE,上期所,RB,12,12,6,0
20250804,XSGE,上期所,RU,10,10,4,0
20250804,XSGE,上期所,SN,12,12,4,0
20250804,XSGE,上期所,SP,12,12,3,0
20250804,XSGE,上期所,SS,12,12,4,0
20250804,XSGE,上期所,ZN,12,12,5,0
20250804,XSIE,能源中心,BC,12,12,1,0
20250804,XSIE,能源中心,LU,12,12,5,0
20250804,XSIE,能源中心,NR,12,12,4,0
20250804,XSIE,能源中心,SC,20,20,7,0
20250805,XDCE,大商所,A,6,6,4,0
20250805,XDCE,大商所,B,12,12,2,0
20250805,XDCE,大商所,C,6,6,4,0
20250805,XDCE,大商所,CS,6,6,2,0
20250805,XDCE,大商所,EB,12,12,4,0
20250805,XDCE,大商所,EG,12,12,4,0
20250805,XDCE,大商所,I,12,12,3,0
20250805,XDCE,大商所,J,12,12,2,0
20250805,XDCE,大商所,JM,12,12,6,0
20250805,XDCE,大商所,L,12,12,6,0
20250805,XDCE,大商所,M,8,8,6,0
20250805,XDCE,大商所,P,12,12,3,0
20250805,XDCE,大商所,PG,12,12,4,0
20250805,XDCE,大商所,PP,12,12,3,0
20250805,XDCE,大商所,RR,12,12,1,0
20250805,XDCE,大商所,V,12,12,5,0
20250805,XDCE,大商所,Y,8,8,4,0
20250805,XSGE,上期所,AG,12,12,7,0
20250805,XSGE,上期所,AL,12,12,3,0
20250805,XSGE,上期所,AO,12,12,3,0
20250805,XSGE,上期所,AU,8,8,3,0
20250805,XSGE,上期所,BR,12,12,3,0
20250805,XSGE,上期所,BU,16,16,5,0
20250805,XSGE,上期所,CU,12,12,3,0
20250805,XSGE,上期所,FU,12,12,10,0
20250805,XSGE,上期所,HC,12,12,3,0
20250805,XSGE,上期所,NI,12,12,2,0
20250805,XSGE,上期所,PB,12,12,2,0
20250805,XSGE,上期所,RB,12,12,8,0
20250805,XSGE,上期所,RU,10,10,4,0
20250805,XSGE,上期所,SN,12,12,4,0
20250805,XSGE,上期所,SP,12,12,5,0
20250805,XSGE,上期所,SS,12,12,3,0
20250805,XSGE,上期所,ZN,12,12,2,0
20250805,XSIE,能源中心,BC,12,12,2,0
20250805,XSIE,能源中心,LU,12,12,6,0
20250805,XSIE,能源中心,NR,12,12,6,0
20250805,XSIE,能源中心,SC,20,20,4,0
20250806,XDCE,大商所,A,6,6,4,0
20250806,XDCE,大商所,B,12,12,5,0
20250806,XDCE,大商所,C,6,6,5,0
20250806,XDCE,大商所,CS,6,6,3,0
20250806,XDCE,大商所,EB,12,12,3,0
20250806,XDCE,大商所,EG,12,12,2,0
20250806,XDCE,大商所,I,12,12,7,0
20250806,XDCE,大商所,J,12,12,2,0
20250806,XDCE,大商所,JM,12,12,8,0
20250806,XDCE,大商所,L,12,12,2,0
20250806,XDCE,大商所,M,8,8,7,0
20250806,XDCE,大商所,P,12,12,2,0
20250806,XDCE,大商所,PG,12,12,5,0
20250806,XDCE,大商所,PP,12,12,3,0
20250806,XDCE,大商所,RR,12,12,0,0
20250806,XDCE,大商所,V,12,12,5,0
20250806,XDCE,大商所,Y,8,8,3,0
20250806,XSGE,上期所,AG,12,12,7,0
20250806,XSGE,上期所,AL,12,12,3,0
20250806,XSGE,上期所,AO,12,12,8,0
20250806,XSGE,上期所,AU,8,8,2,0
20250806,XSGE,上期所,BR,12,12,3,0
20250806,XSGE,上期所,BU,16,16,5,0
20250806,XSGE,上期所,CU,12,12,6,0
20250806,XSGE,上期所,FU,12,12,8,0
20250806,XSGE,上期所,HC,12,12,5,0
20250806,XSGE,上期所,NI,12,12,6,0
20250806,XSGE,上期所,PB,12,12,2,0
20250806,XSGE,上期所,RB,12,12,8,0
20250806,XSGE,上期所,RU,10,10,4,0
20250806,XSGE,上期所,SN,12,12,3,0
20250806,XSGE,上期所,SP,12,12,3,0
20250806,XSGE,上期所,SS,12,12,4,0
20250806,XSGE,上期所,ZN,12,12,4,0
20250806,XSIE,能源中心,BC,12,12,1,0
20250806,XSIE,能源中心,LU,12,12,5,0
20250806,XSIE,能源中心,NR,12,12,5,0
20250806,XSIE,能源中心,SC,20,20,5,0
20250807,XDCE,大商所,A,6,6,3,0
20250807,XDCE,大商所,B,12,12,4,0
20250807,XDCE,大商所,C,6,6,5,0
20250807,XDCE,大商所,CS,6,6,2,0
20250807,XDCE,大商所,EB,12,12,5,0
20250807,XDCE,大商所,EG,12,12,4,0
20250807,XDCE,大商所,I,12,12,3,0
20250807,XDCE,大商所,J,12,12,2,0
20250807,XDCE,大商所,JM,12,12,6,0
20250807,XDCE,大商所,L,12,12,3,0
20250807,XDCE,大商所,M,8,8,7,0
20250807,XDCE,大商所,P,12,12,4,0
20250807,XDCE,大商所,PG,12,12,3,0
20250807,XDCE,大商所,PP,12,12,3,0
20250807,XDCE,大商所,RR,12,12,0,0
20250807,XDCE,大商所,V,12,12,3,0
20250807,XDCE,大商所,Y,8,8,4,0
20250807,XSGE,上期所,AG,12,12,8,0
20250807,XSGE,上期所,AL,12,12,8,0
20250807,XSGE,上期所,AO,12,12,5,0
20250807,XSGE,上期所,AU,8,8,3,0
20250807,XSGE,上期所,BR,12,12,2,0
20250807,XSGE,上期所,BU,16,16,5,0
20250807,XSGE,上期所,CU,12,12,3,0
20250807,XSGE,上期所,FU,12,12,7,0
20250807,XSGE,上期所,HC,12,12,3,0
20250807,XSGE,上期所,NI,12,12,5,0
20250807,XSGE,上期所,PB,12,12,2,0
20250807,XSGE,上期所,RB,12,12,3,0
20250807,XSGE,上期所,RU,10,10,3,0
20250807,XSGE,上期所,SN,12,12,3,0
20250807,XSGE,上期所,SP,12,12,3,0
20250807,XSGE,上期所,SS,12,12,5,0
20250807,XSGE,上期所,ZN,12,12,3,0
20250807,XSIE,能源中心,BC,12,12,1,0
20250807,XSIE,能源中心,LU,12,12,3,0
20250807,XSIE,能源中心,NR,12,12,4,0
20250807,XSIE,能源中心,SC,20,20,6,0
20250808,XDCE,大商所,A,6,6,3,0
20250808,XDCE,大商所,B,12,12,4,0
20250808,XDCE,大商所,C,6,6,3,0
20250808,XDCE,大商所,CS,6,6,2,0
20250808,XDCE,大商所,EB,12,12,3,0
20250808,XDCE,大商所,EG,12,12,2,0
20250808,XDCE,大商所,I,12,12,4,0
20250808,XDCE,大商所,J,12,12,2,0
20250808,XDCE,大商所,JM,12,12,7,0
20250808,XDCE,大商所,L,12,12,2,0
20250808,XDCE,大商所,M,8,8,6,0
20250808,XDCE,大商所,P,12,12,2,0
20250808,XDCE,大商所,PG,12,12,4,0
20250808,XDCE,大商所,PP,12,12,3,0
20250808,XDCE,大商所,RR,12,12,0,0
20250808,XDCE,大商所,V,12,12,3,0
20250808,XDCE,大商所,Y,8,8,3,0
20250808,XSGE,上期所,AG,12,12,11,0
20250808,XSGE,上期所,AL,12,12,4,0
20250808,XSGE,上期所,AO,12,12,4,0
20250808,XSGE,上期所,AU,8,8,8,0
20250808,XSGE,上期所,BR,12,12,2,0
20250808,XSGE,上期所,BU,16,16,5,0
20250808,XSGE,上期所,CU,12,12,6,0
20250808,XSGE,上期所,FU,12,12,6,0
20250808,XSGE,上期所,HC,12,12,4,0
20250808,XSGE,上期所,NI,12,12,4,0
20250808,XSGE,上期所,PB,12,12,3,0
20250808,XSGE,上期所,RB,12,12,7,0
20250808,XSGE,上期所,RU,10,10,2,0
20250808,XSGE,上期所,SN,12,12,2,0
20250808,XSGE,上期所,SP,12,12,3,0
20250808,XSGE,上期所,SS,12,12,5,0
20250808,XSGE,上期所,ZN,12,12,3,0
20250808,XSIE,能源中心,BC,12,12,1,0
20250808,XSIE,能源中心,LU,12,12,5,0
20250808,XSIE,能源中心,NR,12,12,3,0
20250808,XSIE,能源中心,SC,20,20,3,0
20250811,XDCE,大商所,A,6,6,6,0
20250811,XDCE,大商所,B,12,12,4,0
20250811,XDCE,大商所,C,6,6,6,0
20250811,XDCE,大商所,CS,6,6,3,0
20250811,XDCE,大商所,EB,12,12,4,0
20250811,XDCE,大商所,EG,12,12,2,0
20250811,XDCE,大商所,I,12,12,5,0
20250811,XDCE,大商所,J,12,12,2,0
20250811,XDCE,大商所,JM,12,12,7,0
20250811,XDCE,大商所,L,12,12,4,0
20250811,XDCE,大商所,M,8,8,6,0
20250811,XDCE,大商所,P,12,12,4,0
20250811,XDCE,大商所,PG,12,12,5,0
20250811,XDCE,大商所,PP,12,12,5,0
20250811,XDCE,大商所,RR,12,12,0,0
20250811,XDCE,大商所,V,12,12,4,0
20250811,XDCE,大商所,Y,8,8,3,0
20250811,XSGE,上期所,AG,12,12,6,0
20250811,XSGE,上期所,AL,12,12,4,0
20250811,XSGE,上期所,AO,12,12,4,0
20250811,XSGE,上期所,AU,8,8,5,0
20250811,XSGE,上期所,BR,12,12,2,0
20250811,XSGE,上期所,BU,16,16,5,0
20250811,XSGE,上期所,CU,12,12,3,0
20250811,XSGE,上期所,FU,12,12,11,0
20250811,XSGE,上期所,HC,12,12,4,0
20250811,XSGE,上期所,NI,12,12,2,0
20250811,XSGE,上期所,PB,12,12,2,0
20250811,XSGE,上期所,RB,12,12,4,0
20250811,XSGE,上期所,RU,10,10,4,0
20250811,XSGE,上期所,SN,12,12,2,0
20250811,XSGE,上期所,SP,12,12,4,0
20250811,XSGE,上期所,SS,12,12,4,0
20250811,XSGE,上期所,ZN,12,12,2,0
20250811,XSIE,能源中心,BC,12,12,1,0
20250811,XSIE,能源中心,LU,12,12,5,0
20250811,XSIE,能源中心,NR,12,12,4,0
20250811,XSIE,能源中心,SC,20,20,3,0
20250812,XDCE,大商所,A,6,6,3,0
20250812,XDCE,大商所,B,12,12,4,0
20250812,XDCE,大商所,C,6,6,3,0
20250812,XDCE,大商所,CS,6,6,2,0
20250812,XDCE,大商所,EB,12,12,6,0
20250812,XDCE,大商所,EG,12,12,2,0
20250812,XDCE,大商所,I,12,12,3,0
20250812,XDCE,大商所,J,12,12,3,0
20250812,XDCE,大商所,JM,12,12,6,0
20250812,XDCE,大商所,L,12,12,2,0
20250812,XDCE,大商所,M,8,8,7,0
20250812,XDCE,大商所,P,12,12,3,0
20250812,XDCE,大商所,PG,12,12,5,0
20250812,XDCE,大商所,PP,12,12,3,0
20250812,XDCE,大商所,RR,12,12,0,0
20250812,XDCE,大商所,V,12,12,4,0
20250812,XDCE,大商所,Y,8,8,3,0
20250812,XSGE,上期所,AG,12,12,11,0
20250812,XSGE,上期所,AL,12,12,6,0
20250812,XSGE,上期所,AO,12,12,4,0
20250812,XSGE,上期所,AU,8,8,4,0
20250812,XSGE,上期所,BR,12,12,2,0
20250812,XSGE,上期所,BU,16,16,5,0
20250812,XSGE,上期所,CU,12,12,5,0
20250812,XSGE,上期所,FU,12,12,9,0
20250812,XSGE,上期所,HC,12,12,3,0
20250812,XSGE,上期所,NI,12,12,3,0
20250812,XSGE,上期所,PB,12,12,2,0
20250812,XSGE,上期所,RB,12,12,6,0
20250812,XSGE,上期所,RU,10,10,3,0
20250812,XSGE,上期所,SN,12,12,3,0
20250812,XSGE,上期所,SP,12,12,4,0
20250812,XSGE,上期所,SS,12,12,2,0
20250812,XSGE,上期所,ZN,12,12,3,0
20250812,XSIE,能源中心,BC,12,12,2,0
20250812,XSIE,能源中心,LU,12,12,4,0
20250812,XSIE,能源中心,NR,12,12,4,0
20250812,XSIE,能源中心,SC,20,20,3,0
20250813,XDCE,大商所,A,6,6,3,0
20250813,XDCE,大商所,B,12,12,5,0
20250813,XDCE,大商所,C,6,6,6,0
20250813,XDCE,大商所,CS,6,6,4,0
20250813,XDCE,大商所,EB,12,12,5,0
20250813,XDCE,大商所,EG,12,12,3,0
20250813,XDCE,大商所,I,12,12,5,0
20250813,XDCE,大商所,J,12,12,3,0
20250813,XDCE,大商所,JM,12,12,6,0
20250813,XDCE,大商所,L,12,12,3,0
20250813,XDCE,大商所,M,8,8,7,0
20250813,XDCE,大商所,P,12,12,5,0
20250813,XDCE,大商所,PG,12,12,4,0
20250813,XDCE,大商所,PP,12,12,4,0
20250813,XDCE,大商所,RR,12,12,0,0
20250813,XDCE,大商所,V,12,12,4,0
20250813,XDCE,大商所,Y,8,8,6,0
20250813,XSGE,上期所,AG,12,12,7,0
20250813,XSGE,上期所,AL,12,12,4,0
20250813,XSGE,上期所,AO,12,12,6,0
20250813,XSGE,上期所,AU,8,8,3,0
20250813,XSGE,上期所,BR,12,12,2,0
20250813,XSGE,上期所,BU,16,16,5,0
20250813,XSGE,上期所,CU,12,12,4,0
20250813,XSGE,上期所,FU,12,12,7,0
20250813,XSGE,上期所,HC,12,12,3,0
20250813,XSGE,上期所,NI,12,12,5,0
20250813,XSGE,上期所,PB,12,12,2,0
20250813,XSGE,上期所,RB,12,12,4,0
20250813,XSGE,上期所,RU,10,10,3,0
20250813,XSGE,上期所,SN,12,12,2,0
20250813,XSGE,上期所,SP,12,12,3,0
20250813,XSGE,上期所,SS,12,12,6,0
20250813,XSGE,上期所,ZN,12,12,4,0
20250813,XSIE,能源中心,BC,12,12,1,0
20250813,XSIE,能源中心,LU,12,12,5,0
20250813,XSIE,能源中心,NR,12,12,3,0
20250813,XSIE,能源中心,SC,20,20,3,0
20250814,XDCE,大商所,A,6,6,3,0
20250814,XDCE,大商所,B,12,12,3,0
20250814,XDCE,大商所,C,6,6,5,0
20250814,XDCE,大商所,CS,6,6,3,0
20250814,XDCE,大商所,EB,12,12,3,0
20250814,XDCE,大商所,EG,12,12,2,0
20250814,XDCE,大商所,I,12,12,3,0
20250814,XDCE,大商所,J,12,12,3,0
20250814,XDCE,大商所,JM,12,12,8,0
20250814,XDCE,大商所,L,12,12,2,0
20250814,XDCE,大商所,M,8,8,6,0
20250814,XDCE,大商所,P,12,12,3,0
20250814,XDCE,大商所,PG,12,12,6,0
20250814,XDCE,大商所,PP,12,12,3,0
20250814,XDCE,大商所,RR,12,12,0,0
20250814,XDCE,大商所,V,12,12,3,0
20250814,XDCE,大商所,Y,8,8,3,0
20250814,XSGE,上期所,AG,12,12,10,0
20250814,XSGE,上期所,AL,12,12,4,0
20250814,XSGE,上期所,AO,12,12,4,0
20250814,XSGE,上期所,AU,8,8,2,0
20250814,XSGE,上期所,BR,12,12,2,0
20250814,XSGE,上期所,BU,16,16,3,0
20250814,XSGE,上期所,CU,12,12,4,0
20250814,XSGE,上期所,FU,12,12,6,0
20250814,XSGE,上期所,HC,12,12,4,0
20250814,XSGE,上期所,NI,12,12,4,0
20250814,XSGE,上期所,PB,12,12,2,0
20250814,XSGE,上期所,RB,12,12,6,0
20250814,XSGE,上期所,RU,10,10,3,0
20250814,XSGE,上期所,SN,12,12,3,0
20250814,XSGE,上期所,SP,12,12,3,0
20250814,XSGE,上期所,SS,12,12,4,0
20250814,XSGE,上期所,ZN,12,12,4,0
20250814,XSIE,能源中心,BC,12,12,2,0
20250814,XSIE,能源中心,LU,12,12,4,0
20250814,XSIE,能源中心,NR,12,12,5,0
20250814,XSIE,能源中心,SC,20,20,2,0
20250815,XDCE,大商所,A,6,6,4,0
20250815,XDCE,大商所,B,12,12,3,0
20250815,XDCE,大商所,C,6,6,5,0
20250815,XDCE,大商所,CS,6,6,3,0
20250815,XDCE,大商所,EB,12,12,4,0
20250815,XDCE,大商所,EG,12,12,3,0
20250815,XDCE,大商所,I,12,12,4,0
20250815,XDCE,大商所,J,12,12,3,0
20250815,XDCE,大商所,JM,12,12,7,0
20250815,XDCE,大商所,L,12,12,2,0
20250815,XDCE,大商所,M,8,8,7,0
20250815,XDCE,大商所,P,12,12,3,0
20250815,XDCE,大商所,PG,12,12,4,0
20250815,XDCE,大商所,PP,12,12,3,0
20250815,XDCE,大商所,RR,12,12,0,0
20250815,XDCE,大商所,V,12,12,5,0
20250815,XDCE,大商所,Y,8,8,3,0
20250815,XSGE,上期所,AG,12,12,9,0
20250815,XSGE,上期所,AL,12,12,5,0
20250815,XSGE,上期所,AO,12,12,3,0
20250815,XSGE,上期所,AU,8,8,3,0
20250815,XSGE,上期所,BR,12,12,3,0
20250815,XSGE,上期所,BU,16,16,4,0
20250815,XSGE,上期所,CU,12,12,5,0
20250815,XSGE,上期所,FU,12,12,6,0
20250815,XSGE,上期所,HC,12,12,3,0
20250815,XSGE,上期所,NI,12,12,6,0
20250815,XSGE,上期所,PB,12,12,2,0
20250815,XSGE,上期所,RB,12,12,5,0
20250815,XSGE,上期所,RU,10,10,4,0
20250815,XSGE,上期所,SN,12,12,2,0
20250815,XSGE,上期所,SP,12,12,3,0
20250815,XSGE,上期所,SS,12,12,5,0
20250815,XSGE,上期所,ZN,12,12,4,0
20250815,XSIE,能源中心,BC,12,12,1,0
20250815,XSIE,能源中心,LU,12,12,5,0
20250815,XSIE,能源中心,NR,12,12,4,0
20250815,XSIE,能源中心,SC,20,20,3,0
20250818,XDCE,大商所,A,6,6,4,0
20250818,XDCE,大商所,B,12,12,4,0
20250818,XDCE,大商所,C,6,6,3,0
20250818,XDCE,大商所,CS,6,6,3,0
20250818,XDCE,大商所,EB,12,12,3,0
20250818,XDCE,大商所,EG,12,12,2,0
20250818,XDCE,大商所,I,12,12,5,0
20250818,XDCE,大商所,J,12,12,3,0
20250818,XDCE,大商所,JM,12,12,5,0
20250818,XDCE,大商所,L,12,12,2,0
20250818,XDCE,大商所,M,8,8,7,0
20250818,XDCE,大商所,P,12,12,4,0
20250818,XDCE,大商所,PG,12,12,4,0
20250818,XDCE,大商所,PP,12,12,2,0
20250818,XDCE,大商所,RR,12,12,0,0
20250818,XDCE,大商所,V,12,12,4,0
20250818,XDCE,大商所,Y,8,8,4,0
20250818,XSGE,上期所,AG,12,12,5,0
20250818,XSGE,上期所,AL,12,12,4,0
20250818,XSGE,上期所,AO,12,12,4,0
20250818,XSGE,上期所,AU,8,8,2,0
20250818,XSGE,上期所,BR,12,12,3,0
20250818,XSGE,上期所,BU,16,16,4,0
20250818,XSGE,上期所,CU,12,12,5,0
20250818,XSGE,上期所,FU,12,12,6,0
20250818,XSGE,上期所,HC,12,12,3,0
20250818,XSGE,上期所,NI,12,12,4,0
20250818,XSGE,上期所,PB,12,12,2,0
20250818,XSGE,上期所,RB,12,12,5,0
20250818,XSGE,上期所,RU,10,10,2,0
20250818,XSGE,上期所,SN,12,12,2,0
20250818,XSGE,上期所,SP,12,12,5,0
20250818,XSGE,上期所,SS,12,12,3,0
20250818,XSGE,上期所,ZN,12,12,3,0
20250818,XSIE,能源中心,BC,12,12,1,0
20250818,XSIE,能源中心,LU,12,12,4,0
20250818,XSIE,能源中心,NR,12,12,4,0
20250818,XSIE,能源中心,SC,20,20,4,0
20250819,XDCE,大商所,A,6,6,3,0
20250819,XDCE,大商所,B,12,12,3,0
20250819,XDCE,大商所,C,6,6,5,0
20250819,XDCE,大商所,CS,6,6,3,0
20250819,XDCE,大商所,EB,12,12,4,0
20250819,XDCE,大商所,EG,12,12,2,0
20250819,XDCE,大商所,I,12,12,4,0
20250819,XDCE,大商所,J,12,12,3,0
20250819,XDCE,大商所,JM,12,12,6,0
20250819,XDCE,大商所,L,12,12,3,0
20250819,XDCE,大商所,M,8,8,5,0
20250819,XDCE,大商所,P,12,12,3,0
20250819,XDCE,大商所,PG,12,12,2,0
20250819,XDCE,大商所,PP,12,12,3,0
20250819,XDCE,大商所,RR,12,12,0,0
20250819,XDCE,大商所,V,12,12,4,0
20250819,XDCE,大商所,Y,8,8,3,0
20250819,XSGE,上期所,AG,12,12,8,0
20250819,XSGE,上期所,AL,12,12,4,0
20250819,XSGE,上期所,AO,12,12,4,0
20250819,XSGE,上期所,AU,8,8,2,0
20250819,XSGE,上期所,BR,12,12,3,0
20250819,XSGE,上期所,BU,16,16,5,0
20250819,XSGE,上期所,CU,12,12,8,0
20250819,XSGE,上期所,FU,12,12,8,0
20250819,XSGE,上期所,HC,12,12,5,0
20250819,XSGE,上期所,NI,12,12,4,0
20250819,XSGE,上期所,PB,12,12,2,0
20250819,XSGE,上期所,RB,12,12,4,0
20250819,XSGE,上期所,RU,10,10,2,0
20250819,XSGE,上期所,SN,12,12,3,0
20250819,XSGE,上期所,SP,12,12,3,0
20250819,XSGE,上期所,SS,12,12,3,0
20250819,XSGE,上期所,ZN,12,12,3,0
20250819,XSIE,能源中心,BC,12,12,1,0
20250819,XSIE,能源中心,LU,12,12,4,0
20250819,XSIE,能源中心,NR,12,12,3,0
20250819,XSIE,能源中心,SC,20,20,4,0
20250820,XDCE,大商所,A,6,6,3,0
20250820,XDCE,大商所,B,12,12,3,0
20250820,XDCE,大商所,C,6,6,6,0
20250820,XDCE,大商所,CS,6,6,3,0
20250820,XDCE,大商所,EB,12,12,3,0
20250820,XDCE,大商所,EG,12,12,2,0
20250820,XDCE,大商所,I,12,12,4,0
20250820,XDCE,大商所,J,12,12,2,0
20250820,XDCE,大商所,JM,12,12,7,0
20250820,XDCE,大商所,L,12,12,2,0
20250820,XDCE,大商所,M,8,8,7,0
20250820,XDCE,大商所,P,12,12,4,0
20250820,XDCE,大商所,PG,12,12,6,0
20250820,XDCE,大商所,PP,12,12,2,0
20250820,XDCE,大商所,RR,12,12,1,0
20250820,XDCE,大商所,V,12,12,3,0
20250820,XDCE,大商所,Y,8,8,5,0
20250820,XSGE,上期所,AG,12,12,7,0
20250820,XSGE,上期所,AL,12,12,5,0
20250820,XSGE,上期所,AO,12,12,3,0
20250820,XSGE,上期所,AU,8,8,3,0
20250820,XSGE,上期所,BR,12,12,3,0
20250820,XSGE,上期所,BU,16,16,4,0
20250820,XSGE,上期所,CU,12,12,5,0
20250820,XSGE,上期所,FU,12,12,6,0
20250820,XSGE,上期所,HC,12,12,3,0
20250820,XSGE,上期所,NI,12,12,3,0
20250820,XSGE,上期所,PB,12,12,2,0
20250820,XSGE,上期所,RB,12,12,5,0
20250820,XSGE,上期所,RU,10,10,3,0
20250820,XSGE,上期所,SN,12,12,2,0
20250820,XSGE,上期所,SP,12,12,4,0
20250820,XSGE,上期所,SS,12,12,4,0
20250820,XSGE,上期所,ZN,12,12,3,0
20250820,XSIE,能源中心,BC,12,12,1,0
20250820,XSIE,能源中心,LU,12,12,5,0
20250820,XSIE,能源中心,NR,12,12,3,0
20250820,XSIE,能源中心,SC,20,20,3,0
20250821,XDCE,大商所,A,6,6,3,0
20250821,XDCE,大商所,B,12,12,3,0
20250821,XDCE,大商所,C,6,6,6,0
20250821,XDCE,大商所,CS,6,6,2,0
20250821,XDCE,大商所,EB,12,12,4,0
20250821,XDCE,大商所,EG,12,12,2,0
20250821,XDCE,大商所,I,12,12,4,0
20250821,XDCE,大商所,J,12,12,3,0
20250821,XDCE,大商所,JM,12,12,5,0
20250821,XDCE,大商所,L,12,12,2,0
20250821,XDCE,大商所,M,8,8,7,0
20250821,XDCE,大商所,P,12,12,3,0
20250821,XDCE,大商所,PG,12,12,3,0
20250821,XDCE,大商所,PP,12,12,3,0
20250821,XDCE,大商所,RR,12,12,1,0
20250821,XDCE,大商所,V,12,12,5,0
20250821,XDCE,大商所,Y,8,8,3,0
20250821,XSGE,上期所,AG,12,12,12,0
20250821,XSGE,上期所,AL,12,12,4,0
20250821,XSGE,上期所,AO,12,12,6,0
20250821,XSGE,上期所,AU,8,8,5,0
20250821,XSGE,上期所,BR,12,12,3,0
20250821,XSGE,上期所,BU,16,16,4,0
20250821,XSGE,上期所,CU,12,12,2,0
20250821,XSGE,上期所,FU,12,12,7,0
20250821,XSGE,上期所,HC,12,12,5,0
20250821,XSGE,上期所,NI,12,12,3,0
20250821,XSGE,上期所,PB,12,12,2,0
20250821,XSGE,上期所,RB,12,12,5,0
20250821,XSGE,上期所,RU,10,10,2,0
20250821,XSGE,上期所,SN,12,12,3,0
20250821,XSGE,上期所,SP,12,12,4,0
20250821,XSGE,上期所,SS,12,12,4,0
20250821,XSGE,上期所,ZN,12,12,5,0
20250821,XSIE,能源中心,BC,12,12,1,0
20250821,XSIE,能源中心,LU,12,12,4,0
20250821,XSIE,能源中心,NR,12,12,5,0
20250821,XSIE,能源中心,SC,20,20,3,0
20250822,XDCE,大商所,A,6,6,3,0
20250822,XDCE,大商所,B,12,12,5,0
20250822,XDCE,大商所,C,6,6,6,0
20250822,XDCE,大商所,CS,6,6,2,0
20250822,XDCE,大商所,EB,12,12,5,0
20250822,XDCE,大商所,EG,12,12,2,0
20250822,XDCE,大商所,I,12,12,4,0
20250822,XDCE,大商所,J,12,12,3,0
20250822,XDCE,大商所,JM,12,12,5,0
20250822,XDCE,大商所,L,12,12,4,0
20250822,XDCE,大商所,M,8,8,6,0
20250822,XDCE,大商所,P,12,12,3,0
20250822,XDCE,大商所,PG,12,12,4,0
20250822,XDCE,大商所,PP,12,12,3,0
20250822,XDCE,大商所,RR,12,12,0,0
20250822,XDCE,大商所,V,12,12,4,0
20250822,XDCE,大商所,Y,8,8,3,0
20250822,XSGE,上期所,AG,12,12,7,0
20250822,XSGE,上期所,AL,12,12,4,0
20250822,XSGE,上期所,AO,12,12,5,0
20250822,XSGE,上期所,AU,8,8,4,0
20250822,XSGE,上期所,BR,12,12,2,0
20250822,XSGE,上期所,BU,16,16,5,0
20250822,XSGE,上期所,CU,12,12,4,0
20250822,XSGE,上期所,FU,12,12,7,0
20250822,XSGE,上期所,HC,12,12,3,0
20250822,XSGE,上期所,NI,12,12,4,0
20250822,XSGE,上期所,PB,12,12,2,0
20250822,XSGE,上期所,RB,12,12,6,0
20250822,XSGE,上期所,RU,10,10,2,0
20250822,XSGE,上期所,SN,12,12,2,0
20250822,XSGE,上期所,SP,12,12,4,0
20250822,XSGE,上期所,SS,12,12,3,0
20250822,XSGE,上期所,ZN,12,12,4,0
20250822,XSIE,能源中心,BC,12,12,1,0
20250822,XSIE,能源中心,LU,12,12,4,0
20250822,XSIE,能源中心,NR,12,12,3,0
20250822,XSIE,能源中心,SC,20,20,3,0
20250825,XDCE,大商所,A,6,6,3,0
20250825,XDCE,大商所,B,12,12,3,0
20250825,XDCE,大商所,C,6,6,6,0
20250825,XDCE,大商所,CS,6,6,4,0
20250825,XDCE,大商所,EB,12,12,5,0
20250825,XDCE,大商所,EG,12,12,2,0
20250825,XDCE,大商所,I,12,12,3,0
20250825,XDCE,大商所,J,12,12,3,0
20250825,XDCE,大商所,JM,12,12,6,0
20250825,XDCE,大商所,L,12,12,3,0
20250825,XDCE,大商所,M,8,8,6,0
20250825,XDCE,大商所,P,12,12,3,0
20250825,XDCE,大商所,PG,12,12,5,0
20250825,XDCE,大商所,PP,12,12,3,0
20250825,XDCE,大商所,RR,12,12,0,0
20250825,XDCE,大商所,V,12,12,4,0
20250825,XDCE,大商所,Y,8,8,3,0
20250825,XSGE,上期所,AG,12,12,9,0
20250825,XSGE,上期所,AL,12,12,4,0
20250825,XSGE,上期所,AO,12,12,4,0
20250825,XSGE,上期所,AU,8,8,3,0
20250825,XSGE,上期所,BR,12,12,4,0
20250825,XSGE,上期所,BU,16,16,4,0
20250825,XSGE,上期所,CU,12,12,3,0
20250825,XSGE,上期所,FU,12,12,5,0
20250825,XSGE,上期所,HC,12,12,4,0
20250825,XSGE,上期所,NI,12,12,3,0
20250825,XSGE,上期所,PB,12,12,2,0
20250825,XSGE,上期所,RB,12,12,6,0
20250825,XSGE,上期所,RU,10,10,3,0
20250825,XSGE,上期所,SN,12,12,2,0
20250825,XSGE,上期所,SP,12,12,3,0
20250825,XSGE,上期所,SS,12,12,3,0
20250825,XSGE,上期所,ZN,12,12,3,0
20250825,XSIE,能源中心,BC,12,12,1,0
20250825,XSIE,能源中心,LU,12,12,3,0
20250825,XSIE,能源中心,NR,12,12,3,0
20250825,XSIE,能源中心,SC,20,20,3,0
20250826,XDCE,大商所,A,6,6,3,0
20250826,XDCE,大商所,B,12,12,4,0
20250826,XDCE,大商所,C,6,6,5,0
20250826,XDCE,大商所,CS,6,6,3,0
20250826,XDCE,大商所,EB,12,12,4,0
20250826,XDCE,大商所,EG,12,12,2,0
20250826,XDCE,大商所,I,12,12,4,0
20250826,XDCE,大商所,J,12,12,3,0
20250826,XDCE,大商所,JM,12,12,7,0
20250826,XDCE,大商所,L,12,12,2,0
20250826,XDCE,大商所,M,8,8,6,0
20250826,XDCE,大商所,P,12,12,3,0
20250826,XDCE,大商所,PG,12,12,6,0
20250826,XDCE,大商所,PP,12,12,3,0
20250826,XDCE,大商所,RR,12,12,0,0
20250826,XDCE,大商所,V,12,12,4,0
20250826,XDCE,大商所,Y,8,8,5,0
20250826,XSGE,上期所,AG,12,12,10,0
20250826,XSGE,上期所,AL,12,12,4,0
20250826,XSGE,上期所,AO,12,12,6,0
20250826,XSGE,上期所,AU,8,8,4,0
20250826,XSGE,上期所,BR,12,12,3,0
20250826,XSGE,上期所,BU,16,16,4,0
20250826,XSGE,上期所,CU,12,12,4,0
20250826,XSGE,上期所,FU,12,12,5,0
20250826,XSGE,上期所,HC,12,12,4,0
20250826,XSGE,上期所,NI,12,12,4,0
20250826,XSGE,上期所,PB,12,12,3,0
20250826,XSGE,上期所,RB,12,12,7,0
20250826,XSGE,上期所,RU,10,10,3,0
20250826,XSGE,上期所,SN,12,12,3,0
20250826,XSGE,上期所,SP,12,12,4,0
20250826,XSGE,上期所,SS,12,12,3,0
20250826,XSGE,上期所,ZN,12,12,4,0
20250826,XSIE,能源中心,BC,12,12,2,0
20250826,XSIE,能源中心,LU,12,12,5,0
20250826,XSIE,能源中心,NR,12,12,3,0
20250826,XSIE,能源中心,SC,20,20,3,0
20250827,XDCE,大商所,A,6,6,3,0
20250827,XDCE,大商所,B,12,12,3,0
20250827,XDCE,大商所,C,6,6,6,0
20250827,XDCE,大商所,CS,6,6,3,0
20250827,XDCE,大商所,EB,12,12,6,0
20250827,XDCE,大商所,EG,12,12,2,0
20250827,XDCE,大商所,I,12,12,3,0
20250827,XDCE,大商所,J,12,12,2,0
20250827,XDCE,大商所,JM,12,12,5,0
20250827,XDCE,大商所,L,12,12,2,0
20250827,XDCE,大商所,M,8,8,7,0
20250827,XDCE,大商所,P,12,12,3,0
20250827,XDCE,大商所,PG,12,12,5,0
20250827,XDCE,大商所,PP,12,12,4,0
20250827,XDCE,大商所,RR,12,12,0,0
20250827,XDCE,大商所,V,12,12,4,0
20250827,XDCE,大商所,Y,8,8,3,0
20250827,XSGE,上期所,AG,12,12,11,0
20250827,XSGE,上期所,AL,12,12,4,0
20250827,XSGE,上期所,AO,12,12,5,0
20250827,XSGE,上期所,AU,8,8,4,0
20250827,XSGE,上期所,BR,12,12,3,0
20250827,XSGE,上期所,BU,16,16,5,0
20250827,XSGE,上期所,CU,12,12,4,0
20250827,XSGE,上期所,FU,12,12,9,0
20250827,XSGE,上期所,HC,12,12,4,0
20250827,XSGE,上期所,NI,12,12,4,0
20250827,XSGE,上期所,PB,12,12,3,0
20250827,XSGE,上期所,RB,12,12,5,0
20250827,XSGE,上期所,RU,10,10,3,0
20250827,XSGE,上期所,SN,12,12,4,0
20250827,XSGE,上期所,SP,12,12,4,0
20250827,XSGE,上期所,SS,12,12,4,0
20250827,XSGE,上期所,ZN,12,12,3,0
20250827,XSIE,能源中心,BC,12,12,1,0
20250827,XSIE,能源中心,LU,12,12,4,0
20250827,XSIE,能源中心,NR,12,12,4,0
20250827,XSIE,能源中心,SC,20,20,2,0
20250828,XDCE,大商所,A,6,6,2,0
20250828,XDCE,大商所,B,12,12,8,0
20250828,XDCE,大商所,C,6,6,4,0
20250828,XDCE,大商所,CS,6,6,3,0
20250828,XDCE,大商所,EB,12,12,4,0
20250828,XDCE,大商所,EG,12,12,4,0
20250828,XDCE,大商所,I,12,12,3,0
20250828,XDCE,大商所,J,12,12,2,0
20250828,XDCE,大商所,JM,12,12,6,0
20250828,XDCE,大商所,L,12,12,3,0
20250828,XDCE,大商所,M,8,8,7,0
20250828,XDCE,大商所,P,12,12,5,0
20250828,XDCE,大商所,PG,12,12,4,0
20250828,XDCE,大商所,PP,12,12,4,0
20250828,XDCE,大商所,RR,12,12,0,0
20250828,XDCE,大商所,V,12,12,4,0
20250828,XDCE,大商所,Y,8,8,3,0
20250828,XSGE,上期所,AG,12,12,10,0
20250828,XSGE,上期所,AL,12,12,6,0
20250828,XSGE,上期所,AO,12,12,5,0
20250828,XSGE,上期所,AU,8,8,3,0
20250828,XSGE,上期所,BR,12,12,4,0
20250828,XSGE,上期所,BU,16,16,4,0
20250828,XSGE,上期所,CU,12,12,6,0
20250828,XSGE,上期所,FU,12,12,6,0
20250828,XSGE,上期所,HC,12,12,3,0
20250828,XSGE,上期所,NI,12,12,6,0
20250828,XSGE,上期所,PB,12,12,4,0
20250828,XSGE,上期所,RB,12,12,5,0
20250828,XSGE,上期所,RU,10,10,3,0
20250828,XSGE,上期所,SN,12,12,4,0
20250828,XSGE,上期所,SP,12,12,3,0
20250828,XSGE,上期所,SS,12,12,4,0
20250828,XSGE,上期所,ZN,12,12,5,0
20250828,XSIE,能源中心,BC,12,12,2,0
20250828,XSIE,能源中心,LU,12,12,4,0
20250828,XSIE,能源中心,NR,12,12,5,0
20250828,XSIE,能源中心,SC,20,20,3,0
20250829,XDCE,大商所,A,6,6,3,0
20250829,XDCE,大商所,B,12,12,3,0
20250829,XDCE,大商所,C,6,6,5,0
20250829,XDCE,大商所,CS,6,6,3,0
20250829,XDCE,大商所,EB,12,12,4,0
20250829,XDCE,大商所,EG,12,12,3,0
20250829,XDCE,大商所,I,12,12,6,0
20250829,XDCE,大商所,J,12,12,2,0
20250829,XDCE,大商所,JM,12,12,7,0
20250829,XDCE,大商所,L,12,12,2,0
20250829,XDCE,大商所,M,8,8,6,0
20250829,XDCE,大商所,P,12,12,4,0
20250829,XDCE,大商所,PG,12,12,3,0
20250829,XDCE,大商所,PP,12,12,3,0
20250829,XDCE,大商所,RR,12,12,1,0
20250829,XDCE,大商所,V,12,12,4,0
20250829,XDCE,大商所,Y,8,8,4,0
20250829,XSGE,上期所,AG,12,12,9,0
20250829,XSGE,上期所,AL,12,12,5,0
20250829,XSGE,上期所,AO,12,12,5,0
20250829,XSGE,上期所,AU,8,8,3,0
20250829,XSGE,上期所,BR,12,12,4,0
20250829,XSGE,上期所,BU,16,16,5,0
20250829,XSGE,上期所,CU,12,12,5,0
20250829,XSGE,上期所,FU,12,12,8,0
20250829,XSGE,上期所,HC,12,12,4,0
20250829,XSGE,上期所,NI,12,12,6,0
20250829,XSGE,上期所,PB,12,12,3,0
20250829,XSGE,上期所,RB,12,12,6,0
20250829,XSGE,上期所,RU,10,10,3,0
20250829,XSGE,上期所,SN,12,12,4,0
20250829,XSGE,上期所,SP,12,12,4,0
20250829,XSGE,上期所,SS,12,12,4,0
20250829,XSGE,上期所,ZN,12,12,5,0
20250829,XSIE,能源中心,BC,12,12,2,0
20250829,XSIE,能源中心,LU,12,12,4,0
20250829,XSIE,能源中心,NR,12,12,2,0
20250829,XSIE,能源中心,SC,20,20,5,0
20250902,XDCE,大商所,A,6,6,2,0
20250902,XDCE,大商所,B,12,12,4,0
20250902,XDCE,大商所,C,6,6,4,0
20250902,XDCE,大商所,CS,6,6,2,0
20250902,XDCE,大商所,EB,12,12,5,0
20250902,XDCE,大商所,EG,12,12,3,0
20250902,XDCE,大商所,I,12,12,6,0
20250902,XDCE,大商所,J,12,12,2,0
20250902,XDCE,大商所,JM,12,12,5,0
20250902,XDCE,大商所,L,12,12,5,0
20250902,XDCE,大商所,M,8,8,3,0
20250902,XDCE,大商所,P,12,12,5,0
20250902,XDCE,大商所,PG,12,12,3,0
20250902,XDCE,大商所,PP,12,12,4,0
20250902,XDCE,大商所,RR,12,12,1,0
20250902,XDCE,大商所,V,12,12,4,0
20250902,XDCE,大商所,Y,8,8,2,0
20250902,XSGE,上期所,AG,12,12,9,0
20250902,XSGE,上期所,AL,12,12,5,0
20250902,XSGE,上期所,AO,12,12,3,0
20250902,XSGE,上期所,AU,8,8,5,0
20250902,XSGE,上期所,BR,12,12,3,0
20250902,XSGE,上期所,BU,16,16,4,0
20250902,XSGE,上期所,CU,12,12,4,0
20250902,XSGE,上期所,FU,12,12,10,0
20250902,XSGE,上期所,HC,12,12,5,0
20250902,XSGE,上期所,NI,12,12,2,0
20250902,XSGE,上期所,PB,12,12,2,0
20250902,XSGE,上期所,RB,12,12,5,0
20250902,XSGE,上期所,RU,10,10,4,0
20250902,XSGE,上期所,SN,12,12,2,0
20250902,XSGE,上期所,SP,12,12,2,0
20250902,XSGE,上期所,SS,12,12,4,0
20250902,XSGE,上期所,ZN,12,12,2,0
20250902,XSIE,能源中心,BC,12,12,1,0
20250902,XSIE,能源中心,LU,12,12,4,0
20250902,XSIE,能源中心,NR,12,12,4,0
20250902,XSIE,能源中心,SC,20,20,3,0
20250903,XDCE,大商所,A,6,6,2,0
20250903,XDCE,大商所,B,12,12,3,0
20250903,XDCE,大商所,C,6,6,4,0
20250903,XDCE,大商所,CS,6,6,2,0
20250903,XDCE,大商所,EB,12,12,4,0
20250903,XDCE,大商所,EG,12,12,5,0
20250903,XDCE,大商所,I,12,12,4,0
20250903,XDCE,大商所,J,12,12,2,0
20250903,XDCE,大商所,JM,12,12,5,0
20250903,XDCE,大商所,L,12,12,2,0
20250903,XDCE,大商所,M,8,8,6,0
20250903,XDCE,大商所,P,12,12,5,0
20250903,XDCE,大商所,PG,12,12,4,0
20250903,XDCE,大商所,PP,12,12,2,0
20250903,XDCE,大商所,RR,12,12,0,0
20250903,XDCE,大商所,V,12,12,3,0
20250903,XDCE,大商所,Y,8,8,3,0
20250903,XSGE,上期所,AG,12,12,10,0
20250903,XSGE,上期所,AL,12,12,4,0
20250903,XSGE,上期所,AO,12,12,3,0
20250903,XSGE,上期所,AU,8,8,3,0
20250903,XSGE,上期所,BR,12,12,3,0
20250903,XSGE,上期所,BU,16,16,4,0
20250903,XSGE,上期所,CU,12,12,4,0
20250903,XSGE,上期所,FU,12,12,8,0
20250903,XSGE,上期所,HC,12,12,4,0
20250903,XSGE,上期所,NI,12,12,5,0
20250903,XSGE,上期所,PB,12,12,2,0
20250903,XSGE,上期所,RB,12,12,5,0
20250903,XSGE,上期所,RU,10,10,3,0
20250903,XSGE,上期所,SN,12,12,3,0
20250903,XSGE,上期所,SP,12,12,3,0
20250903,XSGE,上期所,SS,12,12,3,0
20250903,XSGE,上期所,ZN,12,12,4,0
20250903,XSIE,能源中心,BC,12,12,1,0
20250903,XSIE,能源中心,LU,12,12,4,0
20250903,XSIE,能源中心,NR,12,12,3,0
20250903,XSIE,能源中心,SC,20,20,3,0
20250904,XDCE,大商所,A,6,6,3,0
20250904,XDCE,大商所,B,12,12,3,0
20250904,XDCE,大商所,C,6,6,4,0
20250904,XDCE,大商所,CS,6,6,2,0
20250904,XDCE,大商所,EB,12,12,4,0
20250904,XDCE,大商所,EG,12,12,5,0
20250904,XDCE,大商所,I,12,12,6,0
20250904,XDCE,大商所,J,12,12,2,0
20250904,XDCE,大商所,JM,12,12,5,0
20250904,XDCE,大商所,L,12,12,4,0
20250904,XDCE,大商所,M,8,8,6,0
20250904,XDCE,大商所,P,12,12,4,0
20250904,XDCE,大商所,PG,12,12,4,0
20250904,XDCE,大商所,PP,12,12,5,0
20250904,XDCE,大商所,RR,12,12,1,0
20250904,XDCE,大商所,V,12,12,5,0
20250904,XDCE,大商所,Y,8,8,3,0
20250904,XSGE,上期所,AG,12,12,7,0
20250904,XSGE,上期所,AL,12,12,3,0
20250904,XSGE,上期所,AO,12,12,5,0
20250904,XSGE,上期所,AU,8,8,5,0
20250904,XSGE,上期所,BR,12,12,3,0
20250904,XSGE,上期所,BU,16,16,4,0
20250904,XSGE,上期所,CU,12,12,5,0
20250904,XSGE,上期所,FU,12,12,9,0
20250904,XSGE,上期所,HC,12,12,5,0
20250904,XSGE,上期所,NI,12,12,4,0
20250904,XSGE,上期所,PB,12,12,2,0
20250904,XSGE,上期所,RB,12,12,5,0
20250904,XSGE,上期所,RU,10,10,3,0
20250904,XSGE,上期所,SN,12,12,3,0
20250904,XSGE,上期所,SP,12,12,2,0
20250904,XSGE,上期所,SS,12,12,3,0
20250904,XSGE,上期所,ZN,12,12,2,0
20250904,XSIE,能源中心,BC,12,12,1,0
20250904,XSIE,能源中心,LU,12,12,4,0
20250904,XSIE,能源中心,NR,12,12,4,0
20250904,XSIE,能源中心,SC,20,20,5,0
20250905,XDCE,大商所,A,6,6,4,0
20250905,XDCE,大商所,B,12,12,3,0
20250905,XDCE,大商所,C,6,6,5,0
20250905,XDCE,大商所,CS,6,6,3,0
20250905,XDCE,大商所,EB,12,12,4,0
20250905,XDCE,大商所,EG,12,12,3,0
20250905,XDCE,大商所,I,12,12,6,0
20250905,XDCE,大商所,J,12,12,1,0
20250905,XDCE,大商所,JM,12,12,4,0
20250905,XDCE,大商所,L,12,12,3,0
20250905,XDCE,大商所,M,8,8,7,0
20250905,XDCE,大商所,P,12,12,2,0
20250905,XDCE,大商所,PG,12,12,3,0
20250905,XDCE,大商所,PP,12,12,3,0
20250905,XDCE,大商所,RR,12,12,0,0
20250905,XDCE,大商所,V,12,12,4,0
20250905,XDCE,大商所,Y,8,8,2,0
20250905,XSGE,上期所,AG,12,12,6,0
20250905,XSGE,上期所,AL,12,12,3,0
20250905,XSGE,上期所,AO,12,12,5,0
20250905,XSGE,上期所,AU,8,8,3,0
20250905,XSGE,上期所,BR,12,12,3,0
20250905,XSGE,上期所,BU,16,16,4,0
20250905,XSGE,上期所,CU,12,12,6,0
20250905,XSGE,上期所,FU,12,12,6,0
20250905,XSGE,上期所,HC,12,12,4,0
20250905,XSGE,上期所,NI,12,12,4,0
20250905,XSGE,上期所,PB,12,12,2,0
20250905,XSGE,上期所,RB,12,12,5,0
20250905,XSGE,上期所,RU,10,10,3,0
20250905,XSGE,上期所,SN,12,12,3,0
20250905,XSGE,上期所,SP,12,12,2,0
20250905,XSGE,上期所,SS,12,12,3,0
20250905,XSGE,上期所,ZN,12,12,3,0
20250905,XSIE,能源中心,BC,12,12,1,0
20250905,XSIE,能源中心,LU,12,12,4,0
20250905,XSIE,能源中心,NR,12,12,3,0
20250905,XSIE,能源中心,SC,20,20,3,0
20250908,XDCE,大商所,A,6,6,2,0
20250908,XDCE,大商所,B,12,12,3,0
20250908,XDCE,大商所,C,6,6,4,0
20250908,XDCE,大商所,CS,6,6,2,0
20250908,XDCE,大商所,EB,12,12,4,0
20250908,XDCE,大商所,EG,12,12,3,0
20250908,XDCE,大商所,I,12,12,3,0
20250908,XDCE,大商所,J,12,12,2,0
20250908,XDCE,大商所,JM,12,12,5,0
20250908,XDCE,大商所,L,12,12,3,0
20250908,XDCE,大商所,M,8,8,5,0
20250908,XDCE,大商所,P,12,12,2,0
20250908,XDCE,大商所,PG,12,12,3,0
20250908,XDCE,大商所,PP,12,12,4,0
20250908,XDCE,大商所,RR,12,12,0,0
20250908,XDCE,大商所,V,12,12,5,0
20250908,XDCE,大商所,Y,8,8,2,0
20250908,XSGE,上期所,AG,12,12,11,0
20250908,XSGE,上期所,AL,12,12,3,0
20250908,XSGE,上期所,AO,12,12,5,0
20250908,XSGE,上期所,AU,8,8,6,0
20250908,XSGE,上期所,BR,12,12,3,0
20250908,XSGE,上期所,BU,16,16,5,0
20250908,XSGE,上期所,CU,12,12,4,0
20250908,XSGE,上期所,FU,12,12,10,0
20250908,XSGE,上期所,HC,12,12,4,0
20250908,XSGE,上期所,NI,12,12,4,0
20250908,XSGE,上期所,PB,12,12,2,0
20250908,XSGE,上期所,RB,12,12,5,0
20250908,XSGE,上期所,RU,10,10,3,0
20250908,XSGE,上期所,SN,12,12,4,0
20250908,XSGE,上期所,SP,12,12,3,0
20250908,XSGE,上期所,SS,12,12,3,0
20250908,XSGE,上期所,ZN,12,12,4,0
20250908,XSIE,能源中心,BC,12,12,1,0
20250908,XSIE,能源中心,LU,12,12,5,0
20250908,XSIE,能源中心,NR,12,12,5,0
20250908,XSIE,能源中心,SC,20,20,6,0
20250909,XDCE,大商所,A,6,6,3,0
20250909,XDCE,大商所,B,12,12,3,0
20250909,XDCE,大商所,C,6,6,4,0
20250909,XDCE,大商所,CS,6,6,2,0
20250909,XDCE,大商所,EB,12,12,3,0
20250909,XDCE,大商所,EG,12,12,3,0
20250909,XDCE,大商所,I,12,12,4,0
20250909,XDCE,大商所,J,12,12,1,0
20250909,XDCE,大商所,JM,12,12,5,0
20250909,XDCE,大商所,L,12,12,4,0
20250909,XDCE,大商所,M,8,8,4,0
20250909,XDCE,大商所,P,12,12,4,0
20250909,XDCE,大商所,PG,12,12,4,0
20250909,XDCE,大商所,PP,12,12,5,0
20250909,XDCE,大商所,RR,12,12,0,0
20250909,XDCE,大商所,V,12,12,3,0
20250909,XDCE,大商所,Y,8,8,5,0
20250909,XSGE,上期所,AG,12,12,11,0
20250909,XSGE,上期所,AL,12,12,2,0
20250909,XSGE,上期所,AO,12,12,4,0
20250909,XSGE,上期所,AU,8,8,5,0
20250909,XSGE,上期所,BR,12,12,3,0
20250909,XSGE,上期所,BU,16,16,4,0
20250909,XSGE,上期所,CU,12,12,4,0
20250909,XSGE,上期所,FU,12,12,6,0
20250909,XSGE,上期所,HC,12,12,4,0
20250909,XSGE,上期所,NI,12,12,5,0
20250909,XSGE,上期所,PB,12,12,3,0
20250909,XSGE,上期所,RB,12,12,6,0
20250909,XSGE,上期所,RU,10,10,4,0
20250909,XSGE,上期所,SN,12,12,2,0
20250909,XSGE,上期所,SP,12,12,3,0
20250909,XSGE,上期所,SS,12,12,4,0
20250909,XSGE,上期所,ZN,12,12,3,0
20250909,XSIE,能源中心,BC,12,12,1,0
20250909,XSIE,能源中心,LU,12,12,4,0
20250909,XSIE,能源中心,NR,12,12,2,0
20250909,XSIE,能源中心,SC,20,20,3,0
20250910,XDCE,大商所,A,6,6,2,0
20250910,XDCE,大商所,B,12,12,4,0
20250910,XDCE,大商所,C,6,6,3,0
20250910,XDCE,大商所,CS,6,6,2,0
20250910,XDCE,大商所,EB,12,12,4,0
20250910,XDCE,大商所,EG,12,12,2,0
20250910,XDCE,大商所,I,12,12,3,0
20250910,XDCE,大商所,J,12,12,2,0
20250910,XDCE,大商所,JM,12,12,4,0
20250910,XDCE,大商所,L,12,12,3,0
20250910,XDCE,大商所,M,8,8,5,0
20250910,XDCE,大商所,P,12,12,2,0
20250910,XDCE,大商所,PG,12,12,2,0
20250910,XDCE,大商所,PP,12,12,4,0
20250910,XDCE,大商所,RR,12,12,0,0
20250910,XDCE,大商所,V,12,12,4,0
20250910,XDCE,大商所,Y,8,8,2,0
20250910,XSGE,上期所,AG,12,12,9,0
20250910,XSGE,上期所,AL,12,12,4,0
20250910,XSGE,上期所,AO,12,12,4,0
20250910,XSGE,上期所,AU,8,8,6,0
20250910,XSGE,上期所,BR,12,12,3,0
20250910,XSGE,上期所,BU,16,16,4,0
20250910,XSGE,上期所,CU,12,12,4,0
20250910,XSGE,上期所,FU,12,12,6,0
20250910,XSGE,上期所,HC,12,12,4,0
20250910,XSGE,上期所,NI,12,12,5,0
20250910,XSGE,上期所,PB,12,12,2,0
20250910,XSGE,上期所,RB,12,12,6,0
20250910,XSGE,上期所,RU,10,10,3,0
20250910,XSGE,上期所,SN,12,12,5,0
20250910,XSGE,上期所,SP,12,12,3,0
20250910,XSGE,上期所,SS,12,12,4,0
20250910,XSGE,上期所,ZN,12,12,4,0
20250910,XSIE,能源中心,BC,12,12,1,0
20250910,XSIE,能源中心,LU,12,12,4,0
20250910,XSIE,能源中心,NR,12,12,5,0
20250910,XSIE,能源中心,SC,20,20,4,0
20250911,XDCE,大商所,A,6,6,2,0
20250911,XDCE,大商所,B,12,12,4,0
20250911,XDCE,大商所,C,6,6,4,0
20250911,XDCE,大商所,CS,6,6,2,0
20250911,XDCE,大商所,EB,12,12,4,0
20250911,XDCE,大商所,EG,12,12,2,0
20250911,XDCE,大商所,I,12,12,5,0
20250911,XDCE,大商所,J,12,12,2,0
20250911,XDCE,大商所,JM,12,12,4,0
20250911,XDCE,大商所,L,12,12,3,0
20250911,XDCE,大商所,M,8,8,5,0
20250911,XDCE,大商所,P,12,12,2,0
20250911,XDCE,大商所,PG,12,12,2,0
20250911,XDCE,大商所,PP,12,12,2,0
20250911,XDCE,大商所,RR,12,12,0,0
20250911,XDCE,大商所,V,12,12,4,0
20250911,XDCE,大商所,Y,8,8,2,0
20250911,XSGE,上期所,AG,12,12,7,0
20250911,XSGE,上期所,AL,12,12,3,0
20250911,XSGE,上期所,AO,12,12,3,0
20250911,XSGE,上期所,AU,8,8,3,0
20250911,XSGE,上期所,BR,12,12,3,0
20250911,XSGE,上期所,BU,16,16,4,0
20250911,XSGE,上期所,CU,12,12,3,0
20250911,XSGE,上期所,FU,12,12,5,0
20250911,XSGE,上期所,HC,12,12,5,0
20250911,XSGE,上期所,NI,12,12,5,0
20250911,XSGE,上期所,OP,8,8,1,0
20250911,XSGE,上期所,PB,12,12,3,0
20250911,XSGE,上期所,RB,12,12,4,0
20250911,XSGE,上期所,RU,10,10,4,0
20250911,XSGE,上期所,SN,12,12,5,0
20250911,XSGE,上期所,SP,12,12,2,0
20250911,XSGE,上期所,SS,12,12,4,0
20250911,XSGE,上期所,ZN,12,12,2,0
20250911,XSIE,能源中心,BC,12,12,2,0
20250911,XSIE,能源中心,LU,12,12,4,0
20250911,XSIE,能源中心,NR,12,12,4,0
20250911,XSIE,能源中心,SC,20,20,4,0
20250912,XDCE,大商所,A,6,6,2,0
20250912,XDCE,大商所,B,12,12,4,0
20250912,XDCE,大商所,C,6,6,4,0
20250912,XDCE,大商所,CS,6,6,3,0
20250912,XDCE,大商所,EB,12,12,4,0
20250912,XDCE,大商所,EG,12,12,2,0
20250912,XDCE,大商所,I,12,12,3,0
20250912,XDCE,大商所,J,12,12,2,0
20250912,XDCE,大商所,JM,12,12,3,0
20250912,XDCE,大商所,L,12,12,3,0
20250912,XDCE,大商所,M,8,8,6,0
20250912,XDCE,大商所,P,12,12,4,0
20250912,XDCE,大商所,PG,12,12,3,0
20250912,XDCE,大商所,PP,12,12,3,0
20250912,XDCE,大商所,RR,12,12,0,0
20250912,XDCE,大商所,V,12,12,3,0
20250912,XDCE,大商所,Y,8,8,2,0
20250912,XSGE,上期所,AG,12,12,8,0
20250912,XSGE,上期所,AL,12,12,4,0
20250912,XSGE,上期所,AO,12,12,3,0
20250912,XSGE,上期所,AU,8,8,4,0
20250912,XSGE,上期所,BR,12,12,3,0
20250912,XSGE,上期所,BU,16,16,4,0
20250912,XSGE,上期所,CU,12,12,2,0
20250912,XSGE,上期所,FU,12,12,10,0
20250912,XSGE,上期所,HC,12,12,5,0
20250912,XSGE,上期所,NI,12,12,4,0
20250912,XSGE,上期所,OP,8,8,1,0
20250912,XSGE,上期所,PB,12,12,3,0
20250912,XSGE,上期所,RB,12,12,5,0
20250912,XSGE,上期所,RU,10,10,3,0
20250912,XSGE,上期所,SN,12,12,2,0
20250912,XSGE,上期所,SP,12,12,4,0
20250912,XSGE,上期所,SS,12,12,4,0
20250912,XSGE,上期所,ZN,12,12,3,0
20250912,XSIE,能源中心,BC,12,12,2,0
20250912,XSIE,能源中心,LU,12,12,4,0
20250912,XSIE,能源中心,NR,12,12,4,0
20250912,XSIE,能源中心,SC,20,20,4,0
20250915,XDCE,大商所,A,6,6,3,0
20250915,XDCE,大商所,B,12,12,3,0
20250915,XDCE,大商所,C,6,6,3,0
20250915,XDCE,大商所,CS,6,6,2,0
20250915,XDCE,大商所,EB,12,12,5,0
20250915,XDCE,大商所,EG,12,12,3,0
20250915,XDCE,大商所,I,12,12,4,0
20250915,XDCE,大商所,J,12,12,2,0
20250915,XDCE,大商所,JM,12,12,5,0
20250915,XDCE,大商所,L,12,12,6,0
20250915,XDCE,大商所,M,8,8,7,0
20250915,XDCE,大商所,P,12,12,4,0
20250915,XDCE,大商所,PG,12,12,5,0
20250915,XDCE,大商所,PP,12,12,7,0
20250915,XDCE,大商所,RR,12,12,1,0
20250915,XDCE,大商所,V,12,12,4,0
20250915,XDCE,大商所,Y,8,8,6,0
20250915,XSGE,上期所,AG,12,12,10,0
20250915,XSGE,上期所,AL,12,12,4,0
20250915,XSGE,上期所,AO,12,12,3,0
20250915,XSGE,上期所,AU,8,8,3,0
20250915,XSGE,上期所,BR,12,12,3,0
20250915,XSGE,上期所,BU,16,16,4,0
20250915,XSGE,上期所,CU,12,12,5,0
20250915,XSGE,上期所,FU,12,12,12,0
20250915,XSGE,上期所,HC,12,12,3,0
20250915,XSGE,上期所,NI,12,12,3,0
20250915,XSGE,上期所,OP,8,8,0,0
20250915,XSGE,上期所,PB,12,12,2,0
20250915,XSGE,上期所,RB,12,12,7,0
20250915,XSGE,上期所,RU,10,10,4,0
20250915,XSGE,上期所,SN,12,12,2,0
20250915,XSGE,上期所,SP,12,12,3,0
20250915,XSGE,上期所,SS,12,12,4,0
20250915,XSGE,上期所,ZN,12,12,3,0
20250915,XSIE,能源中心,BC,12,12,1,0
20250915,XSIE,能源中心,LU,12,12,4,0
20250915,XSIE,能源中心,NR,12,12,4,0
20250915,XSIE,能源中心,SC,20,20,4,0
20250916,XDCE,大商所,A,6,6,3,0
20250916,XDCE,大商所,B,12,12,4,0
20250916,XDCE,大商所,C,6,6,5,0
20250916,XDCE,大商所,CS,6,6,3,0
20250916,XDCE,大商所,EB,12,12,2,0
20250916,XDCE,大商所,EG,12,12,2,0
20250916,XDCE,大商所,I,12,12,4,0
20250916,XDCE,大商所,J,12,12,2,0
20250916,XDCE,大商所,JM,12,12,6,0
20250916,XDCE,大商所,L,12,12,3,0
20250916,XDCE,大商所,M,8,8,6,0
20250916,XDCE,大商所,P,12,12,4,0
20250916,XDCE,大商所,PG,12,12,3,0
20250916,XDCE,大商所,PP,12,12,3,0
20250916,XDCE,大商所,RR,12,12,1,0
20250916,XDCE,大商所,V,12,12,3,0
20250916,XDCE,大商所,Y,8,8,2,0
20250916,XSGE,上期所,AG,12,12,8,0
20250916,XSGE,上期所,AL,12,12,3,0
20250916,XSGE,上期所,AO,12,12,3,0
20250916,XSGE,上期所,AU,8,8,4,0
20250916,XSGE,上期所,BR,12,12,3,0
20250916,XSGE,上期所,BU,16,16,4,0
20250916,XSGE,上期所,CU,12,12,3,0
20250916,XSGE,上期所,FU,12,12,5,0
20250916,XSGE,上期所,HC,12,12,5,0
20250916,XSGE,上期所,NI,12,12,5,0
20250916,XSGE,上期所,OP,9,9,1,0
20250916,XSGE,上期所,PB,12,12,2,0
20250916,XSGE,上期所,RB,12,12,6,0
20250916,XSGE,上期所,RU,10,10,3,0
20250916,XSGE,上期所,SN,12,12,3,0
20250916,XSGE,上期所,SP,12,12,4,0
20250916,XSGE,上期所,SS,12,12,4,0
20250916,XSGE,上期所,ZN,12,12,2,0
20250916,XSIE,能源中心,BC,12,12,1,0
20250916,XSIE,能源中心,LU,12,12,4,0
20250916,XSIE,能源中心,NR,12,12,4,0
20250916,XSIE,能源中心,SC,20,20,4,0
20250917,XDCE,大商所,A,6,6,5,0
20250917,XDCE,大商所,B,12,12,4,0
20250917,XDCE,大商所,C,6,6,5,0
20250917,XDCE,大商所,CS,6,6,3,0
20250917,XDCE,大商所,EB,12,12,4,0
20250917,XDCE,大商所,EG,12,12,5,0
20250917,XDCE,大商所,I,12,12,3,0
20250917,XDCE,大商所,J,12,12,2,0
20250917,XDCE,大商所,JM,12,12,6,0
20250917,XDCE,大商所,L,12,12,4,0
20250917,XDCE,大商所,M,8,8,8,0
20250917,XDCE,大商所,P,12,12,3,0
20250917,XDCE,大商所,PG,12,12,4,0
20250917,XDCE,大商所,PP,12,12,4,0
20250917,XDCE,大商所,RR,12,12,0,0
20250917,XDCE,大商所,V,12,12,4,0
20250917,XDCE,大商所,Y,8,8,6,0
20250917,XSGE,上期所,AG,12,12,9,0
20250917,XSGE,上期所,AL,12,12,3,0
20250917,XSGE,上期所,AO,12,12,5,0
20250917,XSGE,上期所,AU,8,8,5,0
20250917,XSGE,上期所,BR,12,12,3,0
20250917,XSGE,上期所,BU,16,16,5,0
20250917,XSGE,上期所,CU,12,12,4,0
20250917,XSGE,上期所,FU,12,12,12,0
20250917,XSGE,上期所,HC,12,12,3,0
20250917,XSGE,上期所,NI,12,12,5,0
20250917,XSGE,上期所,OP,9,9,1,0
20250917,XSGE,上期所,PB,12,12,2,0
20250917,XSGE,上期所,RB,12,12,5,0
20250917,XSGE,上期所,RU,10,10,3,0
20250917,XSGE,上期所,SN,12,12,2,0
20250917,XSGE,上期所,SP,12,12,4,0
20250917,XSGE,上期所,SS,12,12,4,0
20250917,XSGE,上期所,ZN,12,12,4,0
20250917,XSIE,能源中心,BC,12,12,1,0
20250917,XSIE,能源中心,LU,12,12,4,0
20250917,XSIE,能源中心,NR,12,12,4,0
20250917,XSIE,能源中心,SC,20,20,4,0
20250918,XDCE,大商所,A,6,6,2,0
20250918,XDCE,大商所,B,12,12,4,0
20250918,XDCE,大商所,C,6,6,3,0
20250918,XDCE,大商所,CS,6,6,2,0
20250918,XDCE,大商所,EB,12,12,4,0
20250918,XDCE,大商所,EG,12,12,3,0
20250918,XDCE,大商所,I,12,12,4,0
20250918,XDCE,大商所,J,12,12,3,0
20250918,XDCE,大商所,JM,12,12,4,0
20250918,XDCE,大商所,L,12,12,3,0
20250918,XDCE,大商所,M,8,8,6,0
20250918,XDCE,大商所,P,12,12,5,0
20250918,XDCE,大商所,PG,12,12,5,0
20250918,XDCE,大商所,PP,12,12,4,0
20250918,XDCE,大商所,RR,12,12,0,0
20250918,XDCE,大商所,V,12,12,4,0
20250918,XDCE,大商所,Y,8,8,3,0
20250918,XSGE,上期所,AG,12,12,7,0
20250918,XSGE,上期所,AL,12,12,4,0
20250918,XSGE,上期所,AO,12,12,3,0
20250918,XSGE,上期所,AU,8,8,4,0
20250918,XSGE,上期所,BR,12,12,3,0
20250918,XSGE,上期所,BU,16,16,4,0
20250918,XSGE,上期所,CU,12,12,6,0
20250918,XSGE,上期所,FU,12,12,7,0
20250918,XSGE,上期所,HC,12,12,4,0
20250918,XSGE,上期所,NI,12,12,4,0
20250918,XSGE,上期所,OP,9,9,0,0
20250918,XSGE,上期所,PB,12,12,2,0
20250918,XSGE,上期所,RB,12,12,6,0
20250918,XSGE,上期所,RU,10,10,3,0
20250918,XSGE,上期所,SN,12,12,3,0
20250918,XSGE,上期所,SP,12,12,2,0
20250918,XSGE,上期所,SS,12,12,4,0
20250918,XSGE,上期所,ZN,12,12,5,0
20250918,XSIE,能源中心,BC,12,12,1,0
20250918,XSIE,能源中心,LU,12,12,4,0
20250918,XSIE,能源中心,NR,12,12,4,0
20250918,XSIE,能源中心,SC,20,20,3,0
20250919,XDCE,大商所,A,6,6,2,0
20250919,XDCE,大商所,B,12,12,2,0
20250919,XDCE,大商所,C,6,6,5,0
20250919,XDCE,大商所,CS,6,6,2,0
20250919,XDCE,大商所,EB,12,12,4,0
20250919,XDCE,大商所,EG,12,12,3,0
20250919,XDCE,大商所,I,12,12,4,0
20250919,XDCE,大商所,J,12,12,2,0
20250919,XDCE,大商所,JM,12,12,6,0
20250919,XDCE,大商所,L,12,12,4,0
20250919,XDCE,大商所,M,8,8,3,0
20250919,XDCE,大商所,P,12,12,3,0
20250919,XDCE,大商所,PG,12,12,4,0
20250919,XDCE,大商所,PP,12,12,4,0
20250919,XDCE,大商所,RR,12,12,0,0
20250919,XDCE,大商所,V,12,12,3,0
20250919,XDCE,大商所,Y,8,8,2,0
20250919,XSGE,上期所,AG,12,12,11,0
20250919,XSGE,上期所,AL,12,12,3,0
20250919,XSGE,上期所,AO,12,12,3,0
20250919,XSGE,上期所,AU,8,8,5,0
20250919,XSGE,上期所,BR,12,12,3,0
20250919,XSGE,上期所,BU,16,16,4,0
20250919,XSGE,上期所,CU,12,12,4,0
20250919,XSGE,上期所,FU,12,12,9,0
20250919,XSGE,上期所,HC,12,12,3,0
20250919,XSGE,上期所,NI,12,12,3,0
20250919,XSGE,上期所,OP,9,9,1,0
20250919,XSGE,上期所,PB,12,12,2,0
20250919,XSGE,上期所,RB,12,12,5,0
20250919,XSGE,上期所,RU,10,10,2,0
20250919,XSGE,上期所,SN,12,12,3,0
20250919,XSGE,上期所,SP,12,12,3,0
20250919,XSGE,上期所,SS,12,12,4,0
20250919,XSGE,上期所,ZN,12,12,3,0
20250919,XSIE,能源中心,BC,12,12,1,0
20250919,XSIE,能源中心,LU,12,12,4,0
20250919,XSIE,能源中心,NR,12,12,3,0
20250919,XSIE,能源中心,SC,20,20,2,0
20250922,XDCE,大商所,A,6,6,2,0
20250922,XDCE,大商所,B,12,12,2,0
20250922,XDCE,大商所,C,6,6,4,0
20250922,XDCE,大商所,CS,6,6,2,0
20250922,XDCE,大商所,EB,12,12,4,0
20250922,XDCE,大商所,EG,12,12,4,0
20250922,XDCE,大商所,I,12,12,4,0
20250922,XDCE,大商所,J,12,12,2,0
20250922,XDCE,大商所,JM,12,12,5,0
20250922,XDCE,大商所,L,12,12,4,0
20250922,XDCE,大商所,M,8,8,5,0
20250922,XDCE,大商所,P,12,12,3,0
20250922,XDCE,大商所,PG,12,12,4,0
20250922,XDCE,大商所,PP,12,12,3,0
20250922,XDCE,大商所,RR,12,12,0,0
20250922,XDCE,大商所,V,12,12,3,0
20250922,XDCE,大商所,Y,8,8,3,0
20250922,XSGE,上期所,AG,12,12,9,0
20250922,XSGE,上期所,AL,12,12,4,0
20250922,XSGE,上期所,AO,12,12,4,0
20250922,XSGE,上期所,AU,8,8,3,0
20250922,XSGE,上期所,BR,12,12,4,0
20250922,XSGE,上期所,BU,16,16,4,0
20250922,XSGE,上期所,CU,12,12,4,0
20250922,XSGE,上期所,FU,12,12,7,0
20250922,XSGE,上期所,HC,12,12,3,0
20250922,XSGE,上期所,NI,12,12,4,0
20250922,XSGE,上期所,OP,9,9,0,0
20250922,XSGE,上期所,PB,12,12,2,0
20250922,XSGE,上期所,RB,12,12,5,0
20250922,XSGE,上期所,RU,10,10,3,0
20250922,XSGE,上期所,SN,12,12,3,0
20250922,XSGE,上期所,SP,12,12,2,0
20250922,XSGE,上期所,SS,12,12,4,0
20250922,XSGE,上期所,ZN,12,12,4,0
20250922,XSIE,能源中心,BC,12,12,1,0
20250922,XSIE,能源中心,LU,12,12,4,0
20250922,XSIE,能源中心,NR,12,12,4,0
20250922,XSIE,能源中心,SC,20,20,2,0
20250923,XDCE,大商所,A,6,6,6,0
20250923,XDCE,大商所,B,12,12,6,0
20250923,XDCE,大商所,C,6,6,4,0
20250923,XDCE,大商所,CS,6,6,4,0
20250923,XDCE,大商所,EB,12,12,4,0
20250923,XDCE,大商所,EG,12,12,3,0
20250923,XDCE,大商所,I,12,12,7,0
20250923,XDCE,大商所,J,12,12,1,0
20250923,XDCE,大商所,JM,12,12,4,0
20250923,XDCE,大商所,L,12,12,5,0
20250923,XDCE,大商所,M,8,8,7,0
20250923,XDCE,大商所,P,12,12,2,0
20250923,XDCE,大商所,PG,12,12,5,0
20250923,XDCE,大商所,PP,12,12,4,0
20250923,XDCE,大商所,RR,12,12,1,0
20250923,XDCE,大商所,V,12,12,4,0
20250923,XDCE,大商所,Y,8,8,6,0
20250923,XSGE,上期所,AG,12,12,11,0
20250923,XSGE,上期所,AL,12,12,6,0
20250923,XSGE,上期所,AO,12,12,4,0
20250923,XSGE,上期所,AU,8,8,3,0
20250923,XSGE,上期所,BR,12,12,3,0
20250923,XSGE,上期所,BU,16,16,5,0
20250923,XSGE,上期所,CU,12,12,4,0
20250923,XSGE,上期所,FU,12,12,9,0
20250923,XSGE,上期所,HC,12,12,5,0
20250923,XSGE,上期所,NI,12,12,4,0
20250923,XSGE,上期所,OP,9,9,0,0
20250923,XSGE,上期所,PB,12,12,2,0
20250923,XSGE,上期所,RB,12,12,5,0
20250923,XSGE,上期所,RU,10,10,3,0
20250923,XSGE,上期所,SN,12,12,4,0
20250923,XSGE,上期所,SP,12,12,3,0
20250923,XSGE,上期所,SS,12,12,3,0
20250923,XSGE,上期所,ZN,12,12,3,0
20250923,XSIE,能源中心,BC,12,12,1,0
20250923,XSIE,能源中心,LU,12,12,4,0
20250923,XSIE,能源中心,NR,12,12,4,0
20250923,XSIE,能源中心,SC,20,20,5,0
20250924,XDCE,大商所,A,6,6,3,0
20250924,XDCE,大商所,B,12,12,4,0
20250924,XDCE,大商所,C,6,6,4,0
20250924,XDCE,大商所,CS,6,6,2,0
20250924,XDCE,大商所,EB,12,12,4,0
20250924,XDCE,大商所,EG,12,12,3,0
20250924,XDCE,大商所,I,12,12,4,0
20250924,XDCE,大商所,J,12,12,2,0
20250924,XDCE,大商所,JM,12,12,6,0
20250924,XDCE,大商所,L,12,12,4,0
20250924,XDCE,大商所,M,8,8,5,0
20250924,XDCE,大商所,P,12,12,3,0
20250924,XDCE,大商所,PG,12,12,5,0
20250924,XDCE,大商所,PP,12,12,4,0
20250924,XDCE,大商所,RR,12,12,0,0
20250924,XDCE,大商所,V,12,12,3,0
20250924,XDCE,大商所,Y,8,8,4,0
20250924,XSGE,上期所,AG,12,12,10,0
20250924,XSGE,上期所,AL,12,12,3,0
20250924,XSGE,上期所,AO,12,12,3,0
20250924,XSGE,上期所,AU,8,8,7,0
20250924,XSGE,上期所,BR,12,12,3,0
20250924,XSGE,上期所,BU,16,16,4,0
20250924,XSGE,上期所,CU,12,12,3,0
20250924,XSGE,上期所,FU,12,12,11,0
20250924,XSGE,上期所,HC,12,12,3,0
20250924,XSGE,上期所,NI,12,12,3,0
20250924,XSGE,上期所,OP,9,9,0,0
20250924,XSGE,上期所,PB,12,12,3,0
20250924,XSGE,上期所,RB,12,12,6,0
20250924,XSGE,上期所,RU,10,10,3,0
20250924,XSGE,上期所,SN,12,12,2,0
20250924,XSGE,上期所,SP,12,12,2,0
20250924,XSGE,上期所,SS,12,12,4,0
20250924,XSGE,上期所,ZN,12,12,3,0
20250924,XSIE,能源中心,BC,12,12,1,0
20250924,XSIE,能源中心,LU,12,12,3,0
20250924,XSIE,能源中心,NR,12,12,5,0
20250924,XSIE,能源中心,SC,20,20,4,0
20250925,XDCE,大商所,A,6,6,2,0
20250925,XDCE,大商所,B,12,12,4,0
20250925,XDCE,大商所,C,6,6,3,0
20250925,XDCE,大商所,CS,6,6,2,0
20250925,XDCE,大商所,EB,12,12,4,0
20250925,XDCE,大商所,EG,12,12,2,0
20250925,XDCE,大商所,I,12,12,4,0
20250925,XDCE,大商所,J,12,12,2,0
20250925,XDCE,大商所,JM,12,12,4,0
20250925,XDCE,大商所,L,12,12,3,0
20250925,XDCE,大商所,M,8,8,7,0
20250925,XDCE,大商所,P,12,12,7,0
20250925,XDCE,大商所,PG,12,12,5,0
20250925,XDCE,大商所,PP,12,12,4,0
20250925,XDCE,大商所,RR,12,12,0,0
20250925,XDCE,大商所,V,12,12,5,0
20250925,XDCE,大商所,Y,8,8,3,0
20250925,XSGE,上期所,AG,12,12,7,0
20250925,XSGE,上期所,AL,12,12,4,0
20250925,XSGE,上期所,AO,12,12,3,0
20250925,XSGE,上期所,AU,8,8,3,0
20250925,XSGE,上期所,BR,12,12,3,0
20250925,XSGE,上期所,BU,16,16,4,0
20250925,XSGE,上期所,CU,12,12,11,0
20250925,XSGE,上期所,FU,12,12,10,0
20250925,XSGE,上期所,HC,12,12,4,0
20250925,XSGE,上期所,NI,12,12,4,0
20250925,XSGE,上期所,OP,9,9,1,0
20250925,XSGE,上期所,PB,12,12,2,0
20250925,XSGE,上期所,RB,12,12,5,0
20250925,XSGE,上期所,RU,10,10,3,0
20250925,XSGE,上期所,SN,12,12,4,0
20250925,XSGE,上期所,SP,12,12,3,0
20250925,XSGE,上期所,SS,12,12,4,0
20250925,XSGE,上期所,ZN,12,12,3,0
20250925,XSIE,能源中心,BC,12,12,2,0
20250925,XSIE,能源中心,LU,12,12,3,0
20250925,XSIE,能源中心,NR,12,12,4,0
20250925,XSIE,能源中心,SC,20,20,4,0
20250926,XDCE,大商所,A,6,6,2,0
20250926,XDCE,大商所,B,12,12,4,0
20250926,XDCE,大商所,C,6,6,5,0
20250926,XDCE,大商所,CS,6,6,2,0
20250926,XDCE,大商所,EB,12,12,4,0
20250926,XDCE,大商所,EG,12,12,2,0
20250926,XDCE,大商所,I,12,12,4,0
20250926,XDCE,大商所,J,12,12,2,0
20250926,XDCE,大商所,JM,12,12,3,0
20250926,XDCE,大商所,L,12,12,3,0
20250926,XDCE,大商所,M,8,8,6,0
20250926,XDCE,大商所,P,12,12,4,0
20250926,XDCE,大商所,PG,12,12,5,0
20250926,XDCE,大商所,PP,12,12,4,0
20250926,XDCE,大商所,RR,12,12,0,0
20250926,XDCE,大商所,V,12,12,3,0
20250926,XDCE,大商所,Y,8,8,3,0
20250926,XSGE,上期所,AG,12,12,11,0
20250926,XSGE,上期所,AL,12,12,4,0
20250926,XSGE,上期所,AO,12,12,4,0
20250926,XSGE,上期所,AU,8,8,5,0
20250926,XSGE,上期所,BR,12,12,3,0
20250926,XSGE,上期所,BU,16,16,4,0
20250926,XSGE,上期所,CU,12,12,10,0
20250926,XSGE,上期所,FU,12,12,8,0
20250926,XSGE,上期所,HC,12,12,5,0
20250926,XSGE,上期所,NI,12,12,4,0
20250926,XSGE,上期所,OP,9,9,1,0
20250926,XSGE,上期所,PB,12,12,4,0
20250926,XSGE,上期所,RB,12,12,5,0
20250926,XSGE,上期所,RU,10,10,3,0
20250926,XSGE,上期所,SN,12,12,3,0
20250926,XSGE,上期所,SP,12,12,3,0
20250926,XSGE,上期所,SS,12,12,4,0
20250926,XSGE,上期所,ZN,12,12,3,0
20250926,XSIE,能源中心,BC,12,12,2,0
20250926,XSIE,能源中心,LU,12,12,3,0
20250926,XSIE,能源中心,NR,12,12,3,0
20250926,XSIE,能源中心,SC,20,20,4,0
20250929,XDCE,大商所,A,6,6,2,0
20250929,XDCE,大商所,B,12,12,2,0
20250929,XDCE,大商所,C,6,6,4,0
20250929,XDCE,大商所,CS,6,6,2,0
20250929,XDCE,大商所,EB,12,12,5,0
20250929,XDCE,大商所,EG,12,12,2,0
20250929,XDCE,大商所,I,12,12,3,0
20250929,XDCE,大商所,J,12,12,2,0
20250929,XDCE,大商所,JM,12,12,4,0
20250929,XDCE,大商所,L,12,12,3,0
20250929,XDCE,大商所,M,8,8,6,0
20250929,XDCE,大商所,P,12,12,2,0
20250929,XDCE,大商所,PG,12,12,4,0
20250929,XDCE,大商所,PP,12,12,3,0
20250929,XDCE,大商所,RR,12,12,0,0
20250929,XDCE,大商所,V,12,12,3,0
20250929,XDCE,大商所,Y,8,8,3,0
20250929,XSGE,上期所,AG,12,12,9,0
20250929,XSGE,上期所,AL,12,12,3,0
20250929,XSGE,上期所,AO,12,12,4,0
20250929,XSGE,上期所,AU,8,8,4,0
20250929,XSGE,上期所,BR,12,12,3,0
20250929,XSGE,上期所,BU,16,16,5,0
20250929,XSGE,上期所,CU,12,12,6,0
20250929,XSGE,上期所,FU,12,12,6,0
20250929,XSGE,上期所,HC,12,12,5,0
20250929,XSGE,上期所,NI,12,12,4,0
20250929,XSGE,上期所,OP,9,9,0,0
20250929,XSGE,上期所,PB,12,12,3,0
20250929,XSGE,上期所,RB,12,12,5,0
20250929,XSGE,上期所,RU,10,10,3,0
20250929,XSGE,上期所,SN,12,12,4,0
20250929,XSGE,上期所,SP,12,12,3,0
20250929,XSGE,上期所,SS,12,12,5,0
20250929,XSGE,上期所,ZN,12,12,3,0
20250929,XSIE,能源中心,BC,12,12,2,0
20250929,XSIE,能源中心,LU,12,12,3,0
20250929,XSIE,能源中心,NR,12,12,3,0
20250929,XSIE,能源中心,SC,20,20,3,0
20250930,XDCE,大商所,A,6,6,2,0
20250930,XDCE,大商所,B,12,12,2,0
20250930,XDCE,大商所,C,6,6,4,0
20250930,XDCE,大商所,CS,6,6,2,0
20250930,XDCE,大商所,EB,12,12,5,0
20250930,XDCE,大商所,EG,12,12,3,0
20250930,XDCE,大商所,I,12,12,4,0
20250930,XDCE,大商所,J,12,12,2,0
20250930,XDCE,大商所,JM,12,12,4,0
20250930,XDCE,大商所,L,12,12,3,0
20250930,XDCE,大商所,M,8,8,4,0
20250930,XDCE,大商所,P,12,12,2,0
20250930,XDCE,大商所,PG,12,12,4,0
20250930,XDCE,大商所,PP,12,12,2,0
20250930,XDCE,大商所,RR,12,12,1,0
20250930,XDCE,大商所,V,12,12,3,0
20250930,XDCE,大商所,Y,8,8,2,0
20250930,XSGE,上期所,AG,12,12,9,0
20250930,XSGE,上期所,AL,12,12,5,0
20250930,XSGE,上期所,AO,12,12,3,0
20250930,XSGE,上期所,AU,8,8,4,0
20250930,XSGE,上期所,BR,12,12,3,0
20250930,XSGE,上期所,BU,16,16,5,0
20250930,XSGE,上期所,CU,12,12,5,0
20250930,XSGE,上期所,FU,12,12,7,0
20250930,XSGE,上期所,HC,12,12,5,0
20250930,XSGE,上期所,NI,12,12,4,0
20250930,XSGE,上期所,OP,9,9,0,0
20250930,XSGE,上期所,PB,12,12,3,0
20250930,XSGE,上期所,RB,12,12,6,0
20250930,XSGE,上期所,RU,10,10,3,0
20250930,XSGE,上期所,SN,12,12,4,0
20250930,XSGE,上期所,SP,12,12,3,0
20250930,XSGE,上期所,SS,12,12,4,0
20250930,XSGE,上期所,ZN,12,12,4,0
20250930,XSIE,能源中心,BC,12,12,1,0
20250930,XSIE,能源中心,LU,12,12,5,0
20250930,XSIE,能源中心,NR,12,12,3,0
20250930,XSIE,能源中心,SC,20,20,3,0
20251010,XDCE,大商所,A,6,6,3,0
20251010,XDCE,大商所,B,12,12,2,0
20251010,XDCE,大商所,C,6,6,5,0
20251010,XDCE,大商所,CS,6,6,2,0
20251010,XDCE,大商所,EB,12,12,2,0
20251010,XDCE,大商所,EG,12,12,3,0
20251010,XDCE,大商所,I,12,12,6,0
20251010,XDCE,大商所,J,12,12,3,0
20251010,XDCE,大商所,JM,12,12,3,0
20251010,XDCE,大商所,L,12,12,3,0
20251010,XDCE,大商所,M,8,8,6,0
20251010,XDCE,大商所,P,12,12,2,0
20251010,XDCE,大商所,PG,12,12,4,0
20251010,XDCE,大商所,PP,12,12,3,0
20251010,XDCE,大商所,RR,12,12,0,0
20251010,XDCE,大商所,V,12,12,4,0
20251010,XDCE,大商所,Y,8,8,2,0
20251010,XSGE,上期所,AG,12,12,11,0
20251010,XSGE,上期所,AL,12,12,6,0
20251010,XSGE,上期所,AO,12,12,3,0
20251010,XSGE,上期所,AU,8,8,5,0
20251010,XSGE,上期所,BR,12,12,3,0
20251010,XSGE,上期所,BU,16,16,4,0
20251010,XSGE,上期所,CU,12,12,7,0
20251010,XSGE,上期所,FU,12,12,5,0
20251010,XSGE,上期所,HC,12,12,5,0
20251010,XSGE,上期所,NI,12,12,4,0
20251010,XSGE,上期所,OP,9,9,1,0
20251010,XSGE,上期所,PB,12,12,3,0
20251010,XSGE,上期所,RB,12,12,5,0
20251010,XSGE,上期所,RU,10,10,3,0
20251010,XSGE,上期所,SN,12,12,5,0
20251010,XSGE,上期所,SP,12,12,4,0
20251010,XSGE,上期所,SS,12,12,3,0
20251010,XSGE,上期所,ZN,12,12,4,0
20251010,XSIE,能源中心,BC,12,12,2,0
20251010,XSIE,能源中心,LU,12,12,5,0
20251010,XSIE,能源中心,NR,12,12,4,0
20251010,XSIE,能源中心,SC,20,20,2,0
20251013,XDCE,大商所,A,6,6,3,0
20251013,XDCE,大商所,B,12,12,5,0
20251013,XDCE,大商所,C,6,6,4,0
20251013,XDCE,大商所,CS,6,6,2,0
20251013,XDCE,大商所,EB,12,12,4,0
20251013,XDCE,大商所,EG,12,12,3,0
20251013,XDCE,大商所,I,12,12,5,0
20251013,XDCE,大商所,J,12,12,2,0
20251013,XDCE,大商所,JM,12,12,4,0
20251013,XDCE,大商所,L,12,12,3,0
20251013,XDCE,大商所,M,8,8,7,0
20251013,XDCE,大商所,P,12,12,3,0
20251013,XDCE,大商所,PG,12,12,4,0
20251013,XDCE,大商所,PP,12,12,3,0
20251013,XDCE,大商所,RR,12,12,0,0
20251013,XDCE,大商所,V,12,12,4,0
20251013,XDCE,大商所,Y,8,8,5,0
20251013,XSGE,上期所,AG,12,12,10,0
20251013,XSGE,上期所,AL,12,12,6,0
20251013,XSGE,上期所,AO,12,12,4,0
20251013,XSGE,上期所,AU,8,8,4,0
20251013,XSGE,上期所,BR,12,12,3,0
20251013,XSGE,上期所,BU,16,16,4,0
20251013,XSGE,上期所,CU,12,12,4,0
20251013,XSGE,上期所,FU,12,12,11,0
20251013,XSGE,上期所,HC,12,12,4,0
20251013,XSGE,上期所,NI,12,12,4,0
20251013,XSGE,上期所,OP,9,9,0,0
20251013,XSGE,上期所,PB,12,12,4,0
20251013,XSGE,上期所,RB,12,12,7,0
20251013,XSGE,上期所,RU,10,10,3,0
20251013,XSGE,上期所,SN,12,12,4,0
20251013,XSGE,上期所,SP,12,12,5,0
20251013,XSGE,上期所,SS,12,12,3,0
20251013,XSGE,上期所,ZN,12,12,5,0
20251013,XSIE,能源中心,BC,12,12,1,0
20251013,XSIE,能源中心,LU,12,12,4,0
20251013,XSIE,能源中心,NR,12,12,3,0
20251013,XSIE,能源中心,SC,20,20,4,0
20251014,XDCE,大商所,A,6,6,3,0
20251014,XDCE,大商所,B,12,12,2,0
20251014,XDCE,大商所,C,6,6,6,0
20251014,XDCE,大商所,CS,6,6,2,0
20251014,XDCE,大商所,EB,12,12,3,0
20251014,XDCE,大商所,EG,12,12,3,0
20251014,XDCE,大商所,I,12,12,6,0
20251014,XDCE,大商所,J,12,12,2,0
20251014,XDCE,大商所,JM,12,12,5,0
20251014,XDCE,大商所,L,12,12,4,0
20251014,XDCE,大商所,M,8,8,3,0
20251014,XDCE,大商所,P,12,12,2,0
20251014,XDCE,大商所,PG,12,12,4,0
20251014,XDCE,大商所,PP,12,12,3,0
20251014,XDCE,大商所,RR,12,12,0,0
20251014,XDCE,大商所,V,12,12,3,0
20251014,XDCE,大商所,Y,8,8,3,0
20251014,XSGE,上期所,AG,12,12,10,0
20251014,XSGE,上期所,AL,12,12,4,0
20251014,XSGE,上期所,AO,12,12,4,0
20251014,XSGE,上期所,AU,8,8,3,0
20251014,XSGE,上期所,BR,12,12,3,0
20251014,XSGE,上期所,BU,16,16,4,0
20251014,XSGE,上期所,CU,12,12,6,0
20251014,XSGE,上期所,FU,12,12,9,0
20251014,XSGE,上期所,HC,12,12,4,0
20251014,XSGE,上期所,NI,12,12,2,0
20251014,XSGE,上期所,OP,9,9,0,0
20251014,XSGE,上期所,PB,12,12,3,0
20251014,XSGE,上期所,RB,12,12,3,0
20251014,XSGE,上期所,RU,10,10,2,0
20251014,XSGE,上期所,SN,12,12,3,0
20251014,XSGE,上期所,SP,12,12,3,0
20251014,XSGE,上期所,SS,12,12,3,0
20251014,XSGE,上期所,ZN,12,12,4,0
20251014,XSIE,能源中心,BC,12,12,2,0
20251014,XSIE,能源中心,LU,12,12,5,0
20251014,XSIE,能源中心,NR,12,12,3,0
20251014,XSIE,能源中心,SC,20,20,3,0
20251015,XDCE,大商所,A,6,6,3,0
20251015,XDCE,大商所,B,12,12,2,0
20251015,XDCE,大商所,C,6,6,4,0
20251015,XDCE,大商所,CS,6,6,2,0
20251015,XDCE,大商所,EB,12,12,3,0
20251015,XDCE,大商所,EG,12,12,2,0
20251015,XDCE,大商所,I,12,12,2,0
20251015,XDCE,大商所,J,12,12,1,0
20251015,XDCE,大商所,JM,12,12,5,0
20251015,XDCE,大商所,L,12,12,4,0
20251015,XDCE,大商所,M,8,8,5,0
20251015,XDCE,大商所,P,12,12,3,0
20251015,XDCE,大商所,PG,12,12,4,0
20251015,XDCE,大商所,PP,12,12,4,0
20251015,XDCE,大商所,RR,12,12,0,0
20251015,XDCE,大商所,V,12,12,3,0
20251015,XDCE,大商所,Y,8,8,2,0
20251015,XSGE,上期所,AG,12,12,9,0
20251015,XSGE,上期所,AL,12,12,5,0
20251015,XSGE,上期所,AO,12,12,4,0
20251015,XSGE,上期所,AU,8,8,4,0
20251015,XSGE,上期所,BR,12,12,3,0
20251015,XSGE,上期所,BU,16,16,5,0
20251015,XSGE,上期所,CU,12,12,6,0
20251015,XSGE,上期所,FU,12,12,10,0
20251015,XSGE,上期所,HC,12,12,3,0
20251015,XSGE,上期所,NI,12,12,5,0
20251015,XSGE,上期所,OP,9,9,0,0
20251015,XSGE,上期所,PB,12,12,2,0
20251015,XSGE,上期所,RB,12,12,5,0
20251015,XSGE,上期所,RU,10,10,3,0
20251015,XSGE,上期所,SN,12,12,2,0
20251015,XSGE,上期所,SP,12,12,3,0
20251015,XSGE,上期所,SS,12,12,3,0
20251015,XSGE,上期所,ZN,12,12,6,0
20251015,XSIE,能源中心,BC,12,12,2,0
20251015,XSIE,能源中心,LU,12,12,6,0
20251015,XSIE,能源中心,NR,12,12,3,0
20251015,XSIE,能源中心,SC,20,20,4,0
20251016,XDCE,大商所,A,6,6,3,0
20251016,XDCE,大商所,B,12,12,3,0
20251016,XDCE,大商所,C,6,6,6,0
20251016,XDCE,大商所,CS,6,6,2,0
20251016,XDCE,大商所,EB,12,12,3,0
20251016,XDCE,大商所,EG,12,12,3,0
20251016,XDCE,大商所,I,12,12,5,0
20251016,XDCE,大商所,J,12,12,2,0
20251016,XDCE,大商所,JM,12,12,3,0
20251016,XDCE,大商所,L,12,12,4,0
20251016,XDCE,大商所,M,8,8,5,0
20251016,XDCE,大商所,P,12,12,3,0
20251016,XDCE,大商所,PG,12,12,3,0
20251016,XDCE,大商所,PP,12,12,3,0
20251016,XDCE,大商所,RR,12,12,0,0
20251016,XDCE,大商所,V,12,12,5,0
20251016,XDCE,大商所,Y,8,8,2,0
20251016,XSGE,上期所,AG,12,12,10,0
20251016,XSGE,上期所,AL,12,12,5,0
20251016,XSGE,上期所,AO,12,12,4,0
20251016,XSGE,上期所,AU,8,8,2,0
20251016,XSGE,上期所,BR,12,12,3,0
20251016,XSGE,上期所,BU,16,16,5,0
20251016,XSGE,上期所,CU,12,12,5,0
20251016,XSGE,上期所,FU,12,12,10,0
20251016,XSGE,上期所,HC,12,12,4,0
20251016,XSGE,上期所,NI,12,12,3,0
20251016,XSGE,上期所,OP,10,10,0,0
20251016,XSGE,上期所,PB,12,12,3,0
20251016,XSGE,上期所,RB,12,12,5,0
20251016,XSGE,上期所,RU,10,10,3,0
20251016,XSGE,上期所,SN,12,12,3,0
20251016,XSGE,上期所,SP,12,12,3,0
20251016,XSGE,上期所,SS,12,12,3,0
20251016,XSGE,上期所,ZN,12,12,3,0
20251016,XSIE,能源中心,BC,12,12,1,0
20251016,XSIE,能源中心,LU,12,12,4,0
20251016,XSIE,能源中心,NR,12,12,3,0
20251016,XSIE,能源中心,SC,20,20,3,0
20251017,XDCE,大商所,A,6,6,4,0
20251017,XDCE,大商所,B,12,12,2,0
20251017,XDCE,大商所,C,6,6,4,0
20251017,XDCE,大商所,CS,6,6,2,0
20251017,XDCE,大商所,EB,12,12,3,0
20251017,XDCE,大商所,EG,12,12,3,0
20251017,XDCE,大商所,I,12,12,4,0
20251017,XDCE,大商所,J,12,12,2,0
20251017,XDCE,大商所,JM,12,12,4,0
20251017,XDCE,大商所,L,12,12,3,0
20251017,XDCE,大商所,M,8,8,5,0
20251017,XDCE,大商所,P,12,12,2,0
20251017,XDCE,大商所,PG,12,12,4,0
20251017,XDCE,大商所,PP,12,12,3,0
20251017,XDCE,大商所,RR,12,12,1,0
20251017,XDCE,大商所,V,12,12,3,0
20251017,XDCE,大商所,Y,8,8,3,0
20251017,XSGE,上期所,AG,12,12,9,0
20251017,XSGE,上期所,AL,12,12,3,0
20251017,XSGE,上期所,AO,12,12,3,0
20251017,XSGE,上期所,AU,8,8,3,0
20251017,XSGE,上期所,BR,12,12,3,0
20251017,XSGE,上期所,BU,16,16,4,0
20251017,XSGE,上期所,CU,12,12,7,0
20251017,XSGE,上期所,FU,12,12,7,0
20251017,XSGE,上期所,HC,12,12,4,0
20251017,XSGE,上期所,NI,12,12,4,0
20251017,XSGE,上期所,OP,10,10,0,0
20251017,XSGE,上期所,PB,12,12,2,0
20251017,XSGE,上期所,RB,12,12,4,0
20251017,XSGE,上期所,RU,10,10,3,0
20251017,XSGE,上期所,SN,12,12,3,0
20251017,XSGE,上期所,SP,12,12,4,0
20251017,XSGE,上期所,SS,12,12,3,0
20251017,XSGE,上期所,ZN,12,12,3,0
20251017,XSIE,能源中心,BC,12,12,2,0
20251017,XSIE,能源中心,LU,12,12,3,0
20251017,XSIE,能源中心,NR,12,12,3,0
20251017,XSIE,能源中心,SC,20,20,2,0
20251020,XDCE,大商所,A,6,6,3,0
20251020,XDCE,大商所,B,12,12,4,0
20251020,XDCE,大商所,C,6,6,4,0
20251020,XDCE,大商所,CS,6,6,3,0
20251020,XDCE,大商所,EB,12,12,4,0
20251020,XDCE,大商所,EG,12,12,3,0
20251020,XDCE,大商所,I,12,12,3,0
20251020,XDCE,大商所,J,12,12,2,0
20251020,XDCE,大商所,JM,12,12,3,0
20251020,XDCE,大商所,L,12,12,4,0
20251020,XDCE,大商所,M,8,8,6,0
20251020,XDCE,大商所,P,12,12,2,0
20251020,XDCE,大商所,PG,12,12,6,0
20251020,XDCE,大商所,PP,12,12,4,0
20251020,XDCE,大商所,RR,12,12,0,0
20251020,XDCE,大商所,V,12,12,3,0
20251020,XDCE,大商所,Y,8,8,3,0
20251020,XSGE,上期所,AG,12,12,12,0
20251020,XSGE,上期所,AL,12,12,3,0
20251020,XSGE,上期所,AO,12,12,3,0
20251020,XSGE,上期所,AU,8,8,6,0
20251020,XSGE,上期所,BR,12,12,3,0
20251020,XSGE,上期所,BU,16,16,4,0
20251020,XSGE,上期所,CU,12,12,4,0
20251020,XSGE,上期所,FU,12,12,9,0
20251020,XSGE,上期所,HC,12,12,4,0
20251020,XSGE,上期所,NI,12,12,3,0
20251020,XSGE,上期所,OP,10,10,0,0
20251020,XSGE,上期所,PB,12,12,2,0
20251020,XSGE,上期所,RB,12,12,4,0
20251020,XSGE,上期所,RU,10,10,3,0
20251020,XSGE,上期所,SN,12,12,3,0
20251020,XSGE,上期所,SP,12,12,3,0
20251020,XSGE,上期所,SS,12,12,3,0
20251020,XSGE,上期所,ZN,12,12,3,0
20251020,XSIE,能源中心,BC,12,12,1,0
20251020,XSIE,能源中心,LU,12,12,4,0
20251020,XSIE,能源中心,NR,12,12,4,0
20251020,XSIE,能源中心,SC,20,20,3,0
20251021,XDCE,大商所,A,6,6,3,0
20251021,XDCE,大商所,B,12,12,4,0
20251021,XDCE,大商所,C,6,6,5,0
20251021,XDCE,大商所,CS,6,6,3,0
20251021,XDCE,大商所,EB,12,12,3,0
20251021,XDCE,大商所,EG,12,12,3,0
20251021,XDCE,大商所,I,12,12,3,0
20251021,XDCE,大商所,J,12,12,2,0
20251021,XDCE,大商所,JM,12,12,5,0
20251021,XDCE,大商所,L,12,12,3,0
20251021,XDCE,大商所,M,8,8,5,0
20251021,XDCE,大商所,P,12,12,2,0
20251021,XDCE,大商所,PG,12,12,5,0
20251021,XDCE,大商所,PP,12,12,3,0
20251021,XDCE,大商所,RR,12,12,0,0
20251021,XDCE,大商所,V,12,12,4,0
20251021,XDCE,大商所,Y,8,8,2,0
20251021,XSGE,上期所,AG,12,12,12,0
20251021,XSGE,上期所,AL,12,12,4,0
20251021,XSGE,上期所,AO,12,12,3,0
20251021,XSGE,上期所,AU,8,8,4,0
20251021,XSGE,上期所,BR,12,12,3,0
20251021,XSGE,上期所,BU,16,16,3,0
20251021,XSGE,上期所,CU,12,12,3,0
20251021,XSGE,上期所,FU,12,12,7,0
20251021,XSGE,上期所,HC,12,12,3,0
20251021,XSGE,上期所,NI,12,12,3,0
20251021,XSGE,上期所,OP,10,10,1,0
20251021,XSGE,上期所,PB,12,12,2,0
20251021,XSGE,上期所,RB,12,12,6,0
20251021,XSGE,上期所,RU,10,10,3,0
20251021,XSGE,上期所,SN,12,12,3,0
20251021,XSGE,上期所,SP,12,12,3,0
20251021,XSGE,上期所,SS,12,12,3,0
20251021,XSGE,上期所,ZN,12,12,3,0
20251021,XSIE,能源中心,BC,12,12,2,0
20251021,XSIE,能源中心,LU,12,12,4,0
20251021,XSIE,能源中心,NR,12,12,3,0
20251021,XSIE,能源中心,SC,20,20,4,0
20251022,XDCE,大商所,A,6,6,3,0
20251022,XDCE,大商所,B,12,12,2,0
20251022,XDCE,大商所,C,6,6,6,0
20251022,XDCE,大商所,CS,6,6,2,0
20251022,XDCE,大商所,EB,12,12,4,0
20251022,XDCE,大商所,EG,12,12,3,0
20251022,XDCE,大商所,I,12,12,4,0
20251022,XDCE,大商所,J,12,12,2,0
20251022,XDCE,大商所,JM,12,12,3,0
20251022,XDCE,大商所,L,12,12,3,0
20251022,XDCE,大商所,M,8,8,6,0
20251022,XDCE,大商所,P,12,12,2,0
20251022,XDCE,大商所,PG,12,12,5,0
20251022,XDCE,大商所,PP,12,12,4,0
20251022,XDCE,大商所,RR,12,12,0,0
20251022,XDCE,大商所,V,12,12,4,0
20251022,XDCE,大商所,Y,8,8,3,0
20251022,XSGE,上期所,AG,12,12,12,0
20251022,XSGE,上期所,AL,12,12,5,0
20251022,XSGE,上期所,AO,12,12,4,0
20251022,XSGE,上期所,AU,8,8,7,0
20251022,XSGE,上期所,BR,12,12,3,0
20251022,XSGE,上期所,BU,16,16,4,0
20251022,XSGE,上期所,CU,12,12,4,0
20251022,XSGE,上期所,FU,12,12,10,0
20251022,XSGE,上期所,HC,12,12,4,0
20251022,XSGE,上期所,NI,12,12,3,0
20251022,XSGE,上期所,OP,10,10,1,0
20251022,XSGE,上期所,PB,12,12,2,0
20251022,XSGE,上期所,RB,12,12,5,0
20251022,XSGE,上期所,RU,10,10,3,0
20251022,XSGE,上期所,SN,12,12,3,0
20251022,XSGE,上期所,SP,12,12,3,0
20251022,XSGE,上期所,SS,12,12,3,0
20251022,XSGE,上期所,ZN,12,12,4,0
20251022,XSIE,能源中心,BC,12,12,1,0
20251022,XSIE,能源中心,LU,12,12,5,0
20251022,XSIE,能源中心,NR,12,12,3,0
20251022,XSIE,能源中心,SC,20,20,4,0
20251023,XDCE,大商所,A,6,6,3,0
20251023,XDCE,大商所,B,12,12,2,0
20251023,XDCE,大商所,C,6,6,5,0
20251023,XDCE,大商所,CS,6,6,3,0
20251023,XDCE,大商所,EB,12,12,4,0
20251023,XDCE,大商所,EG,12,12,2,0
20251023,XDCE,大商所,I,12,12,3,0
20251023,XDCE,大商所,J,12,12,2,0
20251023,XDCE,大商所,JM,12,12,4,0
20251023,XDCE,大商所,L,12,12,3,0
20251023,XDCE,大商所,M,8,8,4,0
20251023,XDCE,大商所,P,12,12,2,0
20251023,XDCE,大商所,PG,12,12,3,0
20251023,XDCE,大商所,PP,12,12,3,0
20251023,XDCE,大商所,RR,12,12,0,0
20251023,XDCE,大商所,V,12,12,3,0
20251023,XDCE,大商所,Y,8,8,4,0
20251023,XSGE,上期所,AG,12,12,12,0
20251023,XSGE,上期所,AL,12,12,5,0
20251023,XSGE,上期所,AO,12,12,4,0
20251023,XSGE,上期所,AU,8,8,8,0
20251023,XSGE,上期所,BR,12,12,3,0
20251023,XSGE,上期所,BU,16,16,4,0
20251023,XSGE,上期所,CU,12,12,5,0
20251023,XSGE,上期所,FU,12,12,8,0
20251023,XSGE,上期所,HC,12,12,4,0
20251023,XSGE,上期所,NI,12,12,5,0
20251023,XSGE,上期所,OP,10,10,1,0
20251023,XSGE,上期所,PB,12,12,3,0
20251023,XSGE,上期所,RB,12,12,5,0
20251023,XSGE,上期所,RU,10,10,4,0
20251023,XSGE,上期所,SN,12,12,2,0
20251023,XSGE,上期所,SP,12,12,3,0
20251023,XSGE,上期所,SS,12,12,3,0
20251023,XSGE,上期所,ZN,12,12,4,0
20251023,XSIE,能源中心,BC,12,12,2,0
20251023,XSIE,能源中心,LU,12,12,3,0
20251023,XSIE,能源中心,NR,12,12,4,0
20251023,XSIE,能源中心,SC,20,20,3,0
20251024,XDCE,大商所,A,6,6,3,0
20251024,XDCE,大商所,B,12,12,2,0
20251024,XDCE,大商所,C,6,6,5,0
20251024,XDCE,大商所,CS,6,6,4,0
20251024,XDCE,大商所,EB,12,12,3,0
20251024,XDCE,大商所,EG,12,12,6,0
20251024,XDCE,大商所,I,12,12,4,0
20251024,XDCE,大商所,J,12,12,2,0
20251024,XDCE,大商所,JM,12,12,5,0
20251024,XDCE,大商所,L,12,12,3,0
20251024,XDCE,大商所,M,8,8,6,0
20251024,XDCE,大商所,P,12,12,2,0
20251024,XDCE,大商所,PG,12,12,5,0
20251024,XDCE,大商所,PP,12,12,3,0
20251024,XDCE,大商所,RR,12,12,0,0
20251024,XDCE,大商所,V,12,12,3,0
20251024,XDCE,大商所,Y,8,8,4,0
20251024,XSGE,上期所,AG,12,12,10,0
20251024,XSGE,上期所,AL,12,12,7,0
20251024,XSGE,上期所,AO,12,12,7,0
20251024,XSGE,上期所,AU,8,8,3,0
20251024,XSGE,上期所,BR,12,12,3,0
20251024,XSGE,上期所,BU,16,16,4,0
20251024,XSGE,上期所,CU,12,12,4,0
20251024,XSGE,上期所,FU,12,12,10,0
20251024,XSGE,上期所,HC,12,12,5,0
20251024,XSGE,上期所,NI,12,12,6,0
20251024,XSGE,上期所,OP,10,10,1,0
20251024,XSGE,上期所,PB,12,12,3,0
20251024,XSGE,上期所,RB,12,12,4,0
20251024,XSGE,上期所,RU,10,10,3,0
20251024,XSGE,上期所,SN,12,12,3,0
20251024,XSGE,上期所,SP,12,12,5,0
20251024,XSGE,上期所,SS,12,12,3,0
20251024,XSGE,上期所,ZN,12,12,4,0
20251024,XSIE,能源中心,BC,12,12,2,0
20251024,XSIE,能源中心,LU,12,12,4,0
20251024,XSIE,能源中心,NR,12,12,3,0
20251024,XSIE,能源中心,SC,20,20,4,0
20251027,XDCE,大商所,A,6,6,4,0
20251027,XDCE,大商所,B,12,12,3,0
20251027,XDCE,大商所,C,6,6,5,0
20251027,XDCE,大商所,CS,6,6,3,0
20251027,XDCE,大商所,EB,12,12,4,0
20251027,XDCE,大商所,EG,12,12,3,0
20251027,XDCE,大商所,I,12,12,4,0
20251027,XDCE,大商所,J,12,12,2,0
20251027,XDCE,大商所,JM,12,12,4,0
20251027,XDCE,大商所,L,12,12,3,0
20251027,XDCE,大商所,M,8,8,5,0
20251027,XDCE,大商所,P,12,12,3,0
20251027,XDCE,大商所,PG,12,12,5,0
20251027,XDCE,大商所,PP,12,12,4,0
20251027,XDCE,大商所,RR,12,12,1,0
20251027,XDCE,大商所,V,12,12,3,0
20251027,XDCE,大商所,Y,8,8,4,0
20251027,XSGE,上期所,AG,12,12,10,0
20251027,XSGE,上期所,AL,12,12,5,0
20251027,XSGE,上期所,AO,12,12,6,0
20251027,XSGE,上期所,AU,8,8,3,0
20251027,XSGE,上期所,BR,12,12,3,0
20251027,XSGE,上期所,BU,16,16,5,0
20251027,XSGE,上期所,CU,12,12,7,0
20251027,XSGE,上期所,FU,12,12,8,0
20251027,XSGE,上期所,HC,12,12,4,0
20251027,XSGE,上期所,NI,12,12,4,0
20251027,XSGE,上期所,OP,10,10,0,0
20251027,XSGE,上期所,PB,12,12,3,0
20251027,XSGE,上期所,RB,12,12,5,0
20251027,XSGE,上期所,RU,10,10,3,0
20251027,XSGE,上期所,SN,12,12,3,0
20251027,XSGE,上期所,SP,12,12,2,0
20251027,XSGE,上期所,SS,12,12,3,0
20251027,XSGE,上期所,ZN,12,12,4,0
20251027,XSIE,能源中心,BC,12,12,2,0
20251027,XSIE,能源中心,LU,12,12,3,0
20251027,XSIE,能源中心,NR,12,12,3,0
20251027,XSIE,能源中心,SC,20,20,4,0
20251028,XDCE,大商所,A,6,6,3,0
20251028,XDCE,大商所,B,12,12,3,0
20251028,XDCE,大商所,C,6,6,4,0
20251028,XDCE,大商所,CS,6,6,3,0
20251028,XDCE,大商所,EB,12,12,3,0
20251028,XDCE,大商所,EG,12,12,3,0
20251028,XDCE,大商所,I,12,12,4,0
20251028,XDCE,大商所,J,12,12,2,0
20251028,XDCE,大商所,JM,12,12,3,0
20251028,XDCE,大商所,L,12,12,3,0
20251028,XDCE,大商所,M,8,8,6,0
20251028,XDCE,大商所,P,12,12,3,0
20251028,XDCE,大商所,PG,12,12,5,0
20251028,XDCE,大商所,PP,12,12,3,0
20251028,XDCE,大商所,RR,12,12,1,0
20251028,XDCE,大商所,V,12,12,5,0
20251028,XDCE,大商所,Y,8,8,4,0
20251028,XSGE,上期所,AG,12,12,11,0
20251028,XSGE,上期所,AL,12,12,4,0
20251028,XSGE,上期所,AO,12,12,4,0
20251028,XSGE,上期所,AU,8,8,7,0
20251028,XSGE,上期所,BR,12,12,3,0
20251028,XSGE,上期所,BU,16,16,4,0
20251028,XSGE,上期所,CU,12,12,5,0
20251028,XSGE,上期所,FU,12,12,6,0
20251028,XSGE,上期所,HC,12,12,4,0
20251028,XSGE,上期所,NI,12,12,3,0
20251028,XSGE,上期所,OP,10,10,0,0
20251028,XSGE,上期所,PB,12,12,3,0
20251028,XSGE,上期所,RB,12,12,6,0
20251028,XSGE,上期所,RU,10,10,3,0
20251028,XSGE,上期所,SN,12,12,3,0
20251028,XSGE,上期所,SP,12,12,4,0
20251028,XSGE,上期所,SS,12,12,3,0
20251028,XSGE,上期所,ZN,12,12,3,0
20251028,XSIE,能源中心,BC,12,12,2,0
20251028,XSIE,能源中心,LU,12,12,4,0
20251028,XSIE,能源中心,NR,12,12,3,0
20251028,XSIE,能源中心,SC,20,20,3,0
20251029,XDCE,大商所,A,6,6,5,0
20251029,XDCE,大商所,B,12,12,2,0
20251029,XDCE,大商所,C,6,6,5,0
20251029,XDCE,大商所,CS,6,6,3,0
20251029,XDCE,大商所,EB,12,12,4,0
20251029,XDCE,大商所,EG,12,12,3,0
20251029,XDCE,大商所,I,12,12,4,0
20251029,XDCE,大商所,J,12,12,2,0
20251029,XDCE,大商所,JM,12,12,6,0
20251029,XDCE,大商所,L,12,12,3,0
20251029,XDCE,大商所,M,8,8,6,0
20251029,XDCE,大商所,P,12,12,4,0
20251029,XDCE,大商所,PG,12,12,5,0
20251029,XDCE,大商所,PP,12,12,4,0
20251029,XDCE,大商所,RR,12,12,0,0
20251029,XDCE,大商所,V,12,12,3,0
20251029,XDCE,大商所,Y,8,8,4,0
20251029,XSGE,上期所,AG,12,12,11,0
20251029,XSGE,上期所,AL,12,12,4,0
20251029,XSGE,上期所,AO,12,12,5,0
20251029,XSGE,上期所,AU,8,8,7,0
20251029,XSGE,上期所,BR,12,12,3,0
20251029,XSGE,上期所,BU,16,16,4,0
20251029,XSGE,上期所,CU,12,12,5,0
20251029,XSGE,上期所,FU,12,12,10,0
20251029,XSGE,上期所,HC,12,12,4,0
20251029,XSGE,上期所,NI,12,12,3,0
20251029,XSGE,上期所,OP,10,10,0,0
20251029,XSGE,上期所,PB,12,12,3,0
20251029,XSGE,上期所,RB,12,12,4,0
20251029,XSGE,上期所,RU,10,10,2,0
20251029,XSGE,上期所,SN,12,12,3,0
20251029,XSGE,上期所,SP,12,12,5,0
20251029,XSGE,上期所,SS,12,12,3,0
20251029,XSGE,上期所,ZN,12,12,3,0
20251029,XSIE,能源中心,BC,12,12,2,0
20251029,XSIE,能源中心,LU,12,12,5,0
20251029,XSIE,能源中心,NR,12,12,4,0
20251029,XSIE,能源中心,SC,20,20,4,0
20251030,XDCE,大商所,A,6,6,4,0
20251030,XDCE,大商所,B,12,12,3,0
20251030,XDCE,大商所,C,6,6,4,0
20251030,XDCE,大商所,CS,6,6,3,0
20251030,XDCE,大商所,EB,12,12,3,0
20251030,XDCE,大商所,EG,12,12,2,0
20251030,XDCE,大商所,I,12,12,6,0
20251030,XDCE,大商所,J,12,12,2,0
20251030,XDCE,大商所,JM,12,12,4,0
20251030,XDCE,大商所,L,12,12,2,0
20251030,XDCE,大商所,M,8,8,7,0
20251030,XDCE,大商所,P,12,12,4,0
20251030,XDCE,大商所,PG,12,12,4,0
20251030,XDCE,大商所,PP,12,12,3,0
20251030,XDCE,大商所,RR,12,12,1,0
20251030,XDCE,大商所,V,12,12,4,0
20251030,XDCE,大商所,Y,8,8,4,0
20251030,XSGE,上期所,AG,12,12,10,0
20251030,XSGE,上期所,AL,12,12,3,0
20251030,XSGE,上期所,AO,12,12,4,0
20251030,XSGE,上期所,AU,8,8,6,0
20251030,XSGE,上期所,BR,12,12,3,0
20251030,XSGE,上期所,BU,16,16,4,0
20251030,XSGE,上期所,CU,12,12,4,0
20251030,XSGE,上期所,FU,12,12,6,0
20251030,XSGE,上期所,HC,12,12,4,0
20251030,XSGE,上期所,NI,12,12,3,0
20251030,XSGE,上期所,OP,10,10,0,0
20251030,XSGE,上期所,PB,12,12,3,0
20251030,XSGE,上期所,RB,12,12,4,0
20251030,XSGE,上期所,RU,10,10,2,0
20251030,XSGE,上期所,SN,12,12,3,0
20251030,XSGE,上期所,SP,12,12,5,0
20251030,XSGE,上期所,SS,12,12,3,0
20251030,XSGE,上期所,ZN,12,12,4,0
20251030,XSIE,能源中心,BC,12,12,2,0
20251030,XSIE,能源中心,LU,12,12,3,0
20251030,XSIE,能源中心,NR,12,12,5,0
20251030,XSIE,能源中心,SC,20,20,2,0
20251031,XDCE,大商所,A,6,6,5,0
20251031,XDCE,大商所,B,12,12,7,0
20251031,XDCE,大商所,C,6,6,4,0
20251031,XDCE,大商所,CS,6,6,3,0
20251031,XDCE,大商所,EB,12,12,4,0
20251031,XDCE,大商所,EG,12,12,3,0
20251031,XDCE,大商所,I,12,12,4,0
20251031,XDCE,大商所,J,12,12,2,0
20251031,XDCE,大商所,JM,12,12,5,0
20251031,XDCE,大商所,L,12,12,2,0
20251031,XDCE,大商所,M,8,8,7,0
20251031,XDCE,大商所,P,12,12,4,0
20251031,XDCE,大商所,PG,12,12,5,0
20251031,XDCE,大商所,PP,12,12,3,0
20251031,XDCE,大商所,RR,12,12,0,0
20251031,XDCE,大商所,V,12,12,4,0
20251031,XDCE,大商所,Y,8,8,5,0
20251031,XSGE,上期所,AG,12,12,9,0
20251031,XSGE,上期所,AL,12,12,5,0
20251031,XSGE,上期所,AO,12,12,4,0
20251031,XSGE,上期所,AU,8,8,4,0
20251031,XSGE,上期所,BR,12,12,4,0
20251031,XSGE,上期所,BU,16,16,5,0
20251031,XSGE,上期所,CU,12,12,9,0
20251031,XSGE,上期所,FU,12,12,8,0
20251031,XSGE,上期所,HC,12,12,3,0
20251031,XSGE,上期所,NI,12,12,4,0
20251031,XSGE,上期所,OP,10,10,0,0
20251031,XSGE,上期所,PB,12,12,3,0
20251031,XSGE,上期所,RB,12,12,5,0
20251031,XSGE,上期所,RU,10,10,2,0
20251031,XSGE,上期所,SN,12,12,3,0
20251031,XSGE,上期所,SP,12,12,3,0
20251031,XSGE,上期所,SS,12,12,2,0
20251031,XSGE,上期所,ZN,12,12,3,0
20251031,XSIE,能源中心,BC,12,12,2,0
20251031,XSIE,能源中心,LU,12,12,3,0
20251031,XSIE,能源中心,NR,12,12,2,0
20251031,XSIE,能源中心,SC,20,20,3,0
20251103,XDCE,大商所,A,6,6,2,0
20251103,XDCE,大商所,B,12,12,3,0
20251103,XDCE,大商所,C,6,6,4,0
20251103,XDCE,大商所,CS,6,6,3,0
20251103,XDCE,大商所,EB,12,12,4,0
20251103,XDCE,大商所,EG,12,12,4,0
20251103,XDCE,大商所,I,12,12,5,0
20251103,XDCE,大商所,J,12,12,2,0
20251103,XDCE,大商所,JM,12,12,4,0
20251103,XDCE,大商所,L,12,12,4,0
20251103,XDCE,大商所,M,8,8,5,0
20251103,XDCE,大商所,P,12,12,4,0
20251103,XDCE,大商所,PG,12,12,5,0
20251103,XDCE,大商所,PP,12,12,3,0
20251103,XDCE,大商所,RR,12,12,0,0
20251103,XDCE,大商所,V,12,12,5,0
20251103,XDCE,大商所,Y,8,8,4,0
20251103,XSGE,上期所,AG,12,12,7,0
20251103,XSGE,上期所,AL,12,12,4,0
20251103,XSGE,上期所,AO,12,12,5,0
20251103,XSGE,上期所,AU,8,8,5,0
20251103,XSGE,上期所,BR,12,12,3,0
20251103,XSGE,上期所,BU,16,16,5,0
20251103,XSGE,上期所,CU,12,12,4,0
20251103,XSGE,上期所,FU,12,12,9,0
20251103,XSGE,上期所,HC,12,12,3,0
20251103,XSGE,上期所,NI,12,12,4,0
20251103,XSGE,上期所,OP,10,10,0,0
20251103,XSGE,上期所,PB,12,12,3,0
20251103,XSGE,上期所,RB,12,12,3,0
20251103,XSGE,上期所,RU,10,10,2,0
20251103,XSGE,上期所,SN,12,12,2,0
20251103,XSGE,上期所,SP,12,12,4,0
20251103,XSGE,上期所,SS,12,12,2,0
20251103,XSGE,上期所,ZN,12,12,3,0
20251103,XSIE,能源中心,BC,12,12,2,0
20251103,XSIE,能源中心,LU,12,12,4,0
20251103,XSIE,能源中心,NR,12,12,3,0
20251103,XSIE,能源中心,SC,20,20,2,0
20251104,XDCE,大商所,A,6,6,3,0
20251104,XDCE,大商所,B,12,12,5,0
20251104,XDCE,大商所,C,6,6,5,0
20251104,XDCE,大商所,CS,6,6,2,0
20251104,XDCE,大商所,EB,12,12,2,0
20251104,XDCE,大商所,EG,12,12,4,0
20251104,XDCE,大商所,I,12,12,3,0
20251104,XDCE,大商所,J,12,12,2,0
20251104,XDCE,大商所,JM,12,12,2,0
20251104,XDCE,大商所,L,12,12,4,0
20251104,XDCE,大商所,M,8,8,4,0
20251104,XDCE,大商所,P,12,12,4,0
20251104,XDCE,大商所,PG,12,12,5,0
20251104,XDCE,大商所,PP,12,12,3,0
20251104,XDCE,大商所,RR,12,12,0,0
20251104,XDCE,大商所,V,12,12,3,0
20251104,XDCE,大商所,Y,8,8,4,0
20251104,XSGE,上期所,AG,12,12,5,0
20251104,XSGE,上期所,AL,12,12,3,0
20251104,XSGE,上期所,AO,12,12,4,0
20251104,XSGE,上期所,AU,8,8,3,0
20251104,XSGE,上期所,BR,12,12,2,0
20251104,XSGE,上期所,BU,16,16,3,0
20251104,XSGE,上期所,CU,12,12,6,0
20251104,XSGE,上期所,FU,12,12,8,0
20251104,XSGE,上期所,HC,12,12,3,0
20251104,XSGE,上期所,NI,12,12,3,0
20251104,XSGE,上期所,OP,10,10,0,0
20251104,XSGE,上期所,PB,12,12,3,0
20251104,XSGE,上期所,RB,12,12,5,0
20251104,XSGE,上期所,RU,10,10,2,0
20251104,XSGE,上期所,SN,12,12,2,0
20251104,XSGE,上期所,SP,12,12,4,0
20251104,XSGE,上期所,SS,12,12,3,0
20251104,XSGE,上期所,ZN,12,12,4,0
20251104,XSIE,能源中心,BC,12,12,1,0
20251104,XSIE,能源中心,LU,12,12,3,0
20251104,XSIE,能源中心,NR,12,12,3,0
20251104,XSIE,能源中心,SC,20,20,3,0
20251105,XDCE,大商所,A,6,6,3,0
20251105,XDCE,大商所,B,12,12,5,0
20251105,XDCE,大商所,C,6,6,4,0
20251105,XDCE,大商所,CS,6,6,2,0
20251105,XDCE,大商所,EB,12,12,4,0
20251105,XDCE,大商所,EG,12,12,3,0
20251105,XDCE,大商所,I,12,12,4,0
20251105,XDCE,大商所,J,12,12,1,0
20251105,XDCE,大商所,JM,12,12,3,0
20251105,XDCE,大商所,L,12,12,3,0
20251105,XDCE,大商所,M,8,8,7,0
20251105,XDCE,大商所,P,12,12,5,0
20251105,XDCE,大商所,PG,12,12,3,0
20251105,XDCE,大商所,PP,12,12,4,0
20251105,XDCE,大商所,RR,12,12,0,0
20251105,XDCE,大商所,V,12,12,3,0
20251105,XDCE,大商所,Y,8,8,4,0
20251105,XSGE,上期所,AG,12,12,8,0
20251105,XSGE,上期所,AL,12,12,4,0
20251105,XSGE,上期所,AO,12,12,5,0
20251105,XSGE,上期所,AU,8,8,3,0
20251105,XSGE,上期所,BR,12,12,3,0
20251105,XSGE,上期所,BU,16,16,3,0
20251105,XSGE,上期所,CU,12,12,7,0
20251105,XSGE,上期所,FU,12,12,9,0
20251105,XSGE,上期所,HC,12,12,3,0
20251105,XSGE,上期所,NI,12,12,3,0
20251105,XSGE,上期所,OP,10,10,0,0
20251105,XSGE,上期所,PB,12,12,2,0
20251105,XSGE,上期所,RB,12,12,4,0
20251105,XSGE,上期所,RU,10,10,2,0
20251105,XSGE,上期所,SN,12,12,3,0
20251105,XSGE,上期所,SP,12,12,3,0
20251105,XSGE,上期所,SS,12,12,3,0
20251105,XSGE,上期所,ZN,12,12,3,0
20251105,XSIE,能源中心,BC,12,12,2,0
20251105,XSIE,能源中心,LU,12,12,4,0
20251105,XSIE,能源中心,NR,12,12,5,0
20251105,XSIE,能源中心,SC,20,20,2,0
20251106,XDCE,大商所,A,6,6,3,0
20251106,XDCE,大商所,B,12,12,3,0
20251106,XDCE,大商所,C,6,6,3,0
20251106,XDCE,大商所,CS,6,6,2,0
20251106,XDCE,大商所,EB,12,12,3,0
20251106,XDCE,大商所,EG,12,12,2,0
20251106,XDCE,大商所,I,12,12,3,0
20251106,XDCE,大商所,J,12,12,2,0
20251106,XDCE,大商所,JM,12,12,3,0
20251106,XDCE,大商所,L,12,12,3,0
20251106,XDCE,大商所,M,8,8,5,0
20251106,XDCE,大商所,P,12,12,3,0
20251106,XDCE,大商所,PG,12,12,4,0
20251106,XDCE,大商所,PP,12,12,3,0
20251106,XDCE,大商所,RR,12,12,0,0
20251106,XDCE,大商所,V,12,12,4,0
20251106,XDCE,大商所,Y,8,8,3,0
20251106,XSGE,上期所,AG,12,12,5,0
20251106,XSGE,上期所,AL,12,12,3,0
20251106,XSGE,上期所,AO,12,12,4,0
20251106,XSGE,上期所,AU,8,8,3,0
20251106,XSGE,上期所,BR,12,12,3,0
20251106,XSGE,上期所,BU,16,16,3,0
20251106,XSGE,上期所,CU,12,12,6,0
20251106,XSGE,上期所,FU,12,12,5,0
20251106,XSGE,上期所,HC,12,12,3,0
20251106,XSGE,上期所,NI,12,12,2,0
20251106,XSGE,上期所,OP,10,10,0,0
20251106,XSGE,上期所,PB,12,12,4,0
20251106,XSGE,上期所,RB,12,12,6,0
20251106,XSGE,上期所,RU,10,10,2,0
20251106,XSGE,上期所,SN,12,12,2,0
20251106,XSGE,上期所,SP,12,12,3,0
20251106,XSGE,上期所,SS,12,12,3,0
20251106,XSGE,上期所,ZN,12,12,3,0
20251106,XSIE,能源中心,BC,12,12,2,0
20251106,XSIE,能源中心,LU,12,12,3,0
20251106,XSIE,能源中心,NR,12,12,3,0
20251106,XSIE,能源中心,SC,20,20,3,0
20251107,XDCE,大商所,A,6,6,2,0
20251107,XDCE,大商所,B,12,12,4,0
20251107,XDCE,大商所,C,6,6,4,0
20251107,XDCE,大商所,CS,6,6,2,0
20251107,XDCE,大商所,EB,12,12,2,0
20251107,XDCE,大商所,EG,12,12,2,0
20251107,XDCE,大商所,I,12,12,4,0
20251107,XDCE,大商所,J,12,12,2,0
20251107,XDCE,大商所,JM,12,12,3,0
20251107,XDCE,大商所,L,12,12,4,0
20251107,XDCE,大商所,M,8,8,3,0
20251107,XDCE,大商所,P,12,12,3,0
20251107,XDCE,大商所,PG,12,12,2,0
20251107,XDCE,大商所,PP,12,12,3,0
20251107,XDCE,大商所,RR,12,12,0,0
20251107,XDCE,大商所,V,12,12,2,0
20251107,XDCE,大商所,Y,8,8,2,0
20251107,XSGE,上期所,AG,12,12,9,0
20251107,XSGE,上期所,AL,12,12,3,0
20251107,XSGE,上期所,AO,12,12,2,0
20251107,XSGE,上期所,AU,8,8,5,0
20251107,XSGE,上期所,BR,12,12,3,0
20251107,XSGE,上期所,BU,16,16,4,0
20251107,XSGE,上期所,CU,12,12,7,0
20251107,XSGE,上期所,FU,12,12,9,0
20251107,XSGE,上期所,HC,12,12,3,0
20251107,XSGE,上期所,NI,12,12,2,0
20251107,XSGE,上期所,OP,10,10,0,0
20251107,XSGE,上期所,PB,12,12,2,0
20251107,XSGE,上期所,RB,12,12,3,0
20251107,XSGE,上期所,RU,10,10,2,0
20251107,XSGE,上期所,SN,12,12,2,0
20251107,XSGE,上期所,SP,12,12,4,0
20251107,XSGE,上期所,SS,12,12,2,0
20251107,XSGE,上期所,ZN,12,12,3,0
20251107,XSIE,能源中心,BC,12,12,2,0
20251107,XSIE,能源中心,LU,12,12,3,0
20251107,XSIE,能源中心,NR,12,12,3,0
20251107,XSIE,能源中心,SC,20,20,2,0
20251110,XDCE,大商所,A,6,6,1,0
20251110,XDCE,大商所,B,12,12,3,0
20251110,XDCE,大商所,C,6,6,3,0
20251110,XDCE,大商所,CS,6,6,2,0
20251110,XDCE,大商所,EB,12,12,3,0
20251110,XDCE,大商所,EG,12,12,3,0
20251110,XDCE,大商所,I,12,12,3,0
20251110,XDCE,大商所,J,12,12,1,0
20251110,XDCE,大商所,JM,12,12,4,0
20251110,XDCE,大商所,L,12,12,3,0
20251110,XDCE,大商所,M,8,8,5,0
20251110,XDCE,大商所,P,12,12,3,0
20251110,XDCE,大商所,PG,12,12,5,0
20251110,XDCE,大商所,PP,12,12,4,0
20251110,XDCE,大商所,RR,12,12,0,0
20251110,XDCE,大商所,V,12,12,3,0
20251110,XDCE,大商所,Y,8,8,3,0
20251110,XSGE,上期所,AG,12,12,8,0
20251110,XSGE,上期所,AL,12,12,5,0
20251110,XSGE,上期所,AO,12,12,4,0
20251110,XSGE,上期所,AU,8,8,4,0
20251110,XSGE,上期所,BR,12,12,3,0
20251110,XSGE,上期所,BU,16,16,4,0
20251110,XSGE,上期所,CU,12,12,4,0
20251110,XSGE,上期所,FU,12,12,7,0
20251110,XSGE,上期所,HC,12,12,3,0
20251110,XSGE,上期所,NI,12,12,3,0
20251110,XSGE,上期所,OP,10,10,0,0
20251110,XSGE,上期所,PB,12,12,2,0
20251110,XSGE,上期所,RB,12,12,5,0
20251110,XSGE,上期所,RU,10,10,2,0
20251110,XSGE,上期所,SN,12,12,3,0
20251110,XSGE,上期所,SP,12,12,2,0
20251110,XSGE,上期所,SS,12,12,3,0
20251110,XSGE,上期所,ZN,12,12,2,0
20251110,XSIE,能源中心,BC,12,12,1,0
20251110,XSIE,能源中心,LU,12,12,4,0
20251110,XSIE,能源中心,NR,12,12,5,0
20251110,XSIE,能源中心,SC,20,20,4,0
20251111,XDCE,大商所,A,6,6,2,0
20251111,XDCE,大商所,B,12,12,2,0
20251111,XDCE,大商所,C,6,6,4,0
20251111,XDCE,大商所,CS,6,6,2,0
20251111,XDCE,大商所,EB,12,12,3,0
20251111,XDCE,大商所,EG,12,12,2,0
20251111,XDCE,大商所,I,12,12,3,0
20251111,XDCE,大商所,J,12,12,2,0
20251111,XDCE,大商所,JM,12,12,2,0
20251111,XDCE,大商所,L,12,12,3,0
20251111,XDCE,大商所,M,8,8,5,0
20251111,XDCE,大商所,P,12,12,5,0
20251111,XDCE,大商所,PG,12,12,3,0
20251111,XDCE,大商所,PP,12,12,3,0
20251111,XDCE,大商所,RR,12,12,0,0
20251111,XDCE,大商所,V,12,12,3,0
20251111,XDCE,大商所,Y,8,8,2,0
20251111,XSGE,上期所,AG,12,12,11,0
20251111,XSGE,上期所,AL,12,12,3,0
20251111,XSGE,上期所,AO,12,12,6,0
20251111,XSGE,上期所,AU,8,8,5,0
20251111,XSGE,上期所,BR,12,12,3,0
20251111,XSGE,上期所,BU,16,16,3,0
20251111,XSGE,上期所,CU,12,12,7,0
20251111,XSGE,上期所,FU,12,12,6,0
20251111,XSGE,上期所,HC,12,12,3,0
20251111,XSGE,上期所,NI,12,12,3,0
20251111,XSGE,上期所,OP,10,10,0,0
20251111,XSGE,上期所,PB,12,12,2,0
20251111,XSGE,上期所,RB,12,12,3,0
20251111,XSGE,上期所,RU,10,10,2,0
20251111,XSGE,上期所,SN,12,12,3,0
20251111,XSGE,上期所,SP,12,12,3,0
20251111,XSGE,上期所,SS,12,12,2,0
20251111,XSGE,上期所,ZN,12,12,4,0
20251111,XSIE,能源中心,BC,12,12,1,0
20251111,XSIE,能源中心,LU,12,12,3,0
20251111,XSIE,能源中心,NR,12,12,3,0
20251111,XSIE,能源中心,SC,20,20,3,0
20251112,XDCE,大商所,A,6,6,4,0
20251112,XDCE,大商所,B,12,12,3,0
20251112,XDCE,大商所,C,6,6,4,0
20251112,XDCE,大商所,CS,6,6,2,0
20251112,XDCE,大商所,EB,12,12,4,0
20251112,XDCE,大商所,EG,12,12,2,0
20251112,XDCE,大商所,I,12,12,3,0
20251112,XDCE,大商所,J,12,12,2,0
20251112,XDCE,大商所,JM,12,12,6,0
20251112,XDCE,大商所,L,12,12,4,0
20251112,XDCE,大商所,M,8,8,5,0
20251112,XDCE,大商所,P,12,12,3,0
20251112,XDCE,大商所,PG,12,12,4,0
20251112,XDCE,大商所,PP,12,12,3,0
20251112,XDCE,大商所,RR,12,12,1,0
20251112,XDCE,大商所,V,12,12,4,0
20251112,XDCE,大商所,Y,8,8,3,0
20251112,XSGE,上期所,AG,12,12,8,0
20251112,XSGE,上期所,AL,12,12,3,0
20251112,XSGE,上期所,AO,12,12,3,0
20251112,XSGE,上期所,AU,8,8,3,0
20251112,XSGE,上期所,BR,12,12,3,0
20251112,XSGE,上期所,BU,16,16,3,0
20251112,XSGE,上期所,CU,12,12,3,0
20251112,XSGE,上期所,FU,12,12,8,0
20251112,XSGE,上期所,HC,12,12,3,0
20251112,XSGE,上期所,NI,12,12,3,0
20251112,XSGE,上期所,OP,10,10,1,0
20251112,XSGE,上期所,PB,12,12,2,0
20251112,XSGE,上期所,RB,12,12,4,0
20251112,XSGE,上期所,RU,10,10,2,0
20251112,XSGE,上期所,SN,12,12,3,0
20251112,XSGE,上期所,SP,12,12,3,0
20251112,XSGE,上期所,SS,12,12,2,0
20251112,XSGE,上期所,ZN,12,12,3,0
20251112,XSIE,能源中心,BC,12,12,1,0
20251112,XSIE,能源中心,LU,12,12,3,0
20251112,XSIE,能源中心,NR,12,12,3,0
20251112,XSIE,能源中心,SC,20,20,3,0
20251113,XDCE,大商所,A,6,6,2,0
20251113,XDCE,大商所,B,12,12,4,0
20251113,XDCE,大商所,C,6,6,3,0
20251113,XDCE,大商所,CS,6,6,2,0
20251113,XDCE,大商所,EB,12,12,3,0
20251113,XDCE,大商所,EG,12,12,2,0
20251113,XDCE,大商所,I,12,12,6,0
20251113,XDCE,大商所,J,12,12,1,0
20251113,XDCE,大商所,JM,12,12,5,0
20251113,XDCE,大商所,L,12,12,3,0
20251113,XDCE,大商所,M,8,8,6,0
20251113,XDCE,大商所,P,12,12,3,0
20251113,XDCE,大商所,PG,12,12,4,0
20251113,XDCE,大商所,PP,12,12,3,0
20251113,XDCE,大商所,RR,12,12,0,0
20251113,XDCE,大商所,V,12,12,4,0
20251113,XDCE,大商所,Y,8,8,3,0
20251113,XSGE,上期所,AG,12,12,9,0
20251113,XSGE,上期所,AL,12,12,4,0
20251113,XSGE,上期所,AO,12,12,3,0
20251113,XSGE,上期所,AU,8,8,4,0
20251113,XSGE,上期所,BR,12,12,3,0
20251113,XSGE,上期所,BU,16,16,4,0
20251113,XSGE,上期所,CU,12,12,5,0
20251113,XSGE,上期所,FU,12,12,7,0
20251113,XSGE,上期所,HC,12,12,3,0
20251113,XSGE,上期所,NI,12,12,3,0
20251113,XSGE,上期所,OP,10,10,1,0
20251113,XSGE,上期所,PB,12,12,2,0
20251113,XSGE,上期所,RB,12,12,4,0
20251113,XSGE,上期所,RU,10,10,2,0
20251113,XSGE,上期所,SN,12,12,5,0
20251113,XSGE,上期所,SP,12,12,4,0
20251113,XSGE,上期所,SS,12,12,3,0
20251113,XSGE,上期所,ZN,12,12,2,0
20251113,XSIE,能源中心,BC,12,12,2,0
20251113,XSIE,能源中心,LU,12,12,3,0
20251113,XSIE,能源中心,NR,12,12,4,0
20251113,XSIE,能源中心,SC,20,20,3,0
20251114,XDCE,大商所,A,6,6,2,0
20251114,XDCE,大商所,B,12,12,4,0
20251114,XDCE,大商所,C,6,6,4,0
20251114,XDCE,大商所,CS,6,6,2,0
20251114,XDCE,大商所,EB,12,12,5,0
20251114,XDCE,大商所,EG,12,12,2,0
20251114,XDCE,大商所,I,12,12,4,0
20251114,XDCE,大商所,J,12,12,2,0
20251114,XDCE,大商所,JM,12,12,4,0
20251114,XDCE,大商所,L,12,12,4,0
20251114,XDCE,大商所,M,8,8,6,0
20251114,XDCE,大商所,P,12,12,3,0
20251114,XDCE,大商所,PG,12,12,4,0
20251114,XDCE,大商所,PP,12,12,4,0
20251114,XDCE,大商所,RR,12,12,1,0
20251114,XDCE,大商所,V,12,12,6,0
20251114,XDCE,大商所,Y,8,8,4,0
20251114,XSGE,上期所,AG,12,12,8,0
20251114,XSGE,上期所,AL,12,12,4,0
20251114,XSGE,上期所,AO,12,12,4,0
20251114,XSGE,上期所,AU,8,8,6,0
20251114,XSGE,上期所,BR,12,12,3,0
20251114,XSGE,上期所,BU,16,16,4,0
20251114,XSGE,上期所,CU,12,12,5,0
20251114,XSGE,上期所,FU,12,12,7,0
20251114,XSGE,上期所,HC,12,12,3,0
20251114,XSGE,上期所,NI,12,12,3,0
20251114,XSGE,上期所,OP,10,10,2,0
20251114,XSGE,上期所,PB,12,12,3,0
20251114,XSGE,上期所,RB,12,12,3,0
20251114,XSGE,上期所,RU,10,10,2,0
20251114,XSGE,上期所,SN,12,12,2,0
20251114,XSGE,上期所,SP,12,12,3,0
20251114,XSGE,上期所,SS,12,12,3,0
20251114,XSGE,上期所,ZN,12,12,3,0
20251114,XSIE,能源中心,BC,12,12,1,0
20251114,XSIE,能源中心,LU,12,12,3,0
20251114,XSIE,能源中心,NR,12,12,4,0
20251114,XSIE,能源中心,SC,20,20,3,0
20251117,XDCE,大商所,A,6,6,2,0
20251117,XDCE,大商所,B,12,12,3,0
20251117,XDCE,大商所,C,6,6,4,0
20251117,XDCE,大商所,CS,6,6,2,0
20251117,XDCE,大商所,EB,12,12,2,0
20251117,XDCE,大商所,EG,12,12,3,0
20251117,XDCE,大商所,I,12,12,3,0
20251117,XDCE,大商所,J,12,12,1,0
20251117,XDCE,大商所,JM,12,12,3,0
20251117,XDCE,大商所,L,12,12,3,0
20251117,XDCE,大商所,M,8,8,4,0
20251117,XDCE,大商所,P,12,12,4,0
20251117,XDCE,大商所,PG,12,12,2,0
20251117,XDCE,大商所,PP,12,12,3,0
20251117,XDCE,大商所,RR,12,12,0,0
20251117,XDCE,大商所,V,12,12,3,0
20251117,XDCE,大商所,Y,8,8,2,0
20251117,XSGE,上期所,AG,12,12,11,0
20251117,XSGE,上期所,AL,12,12,3,0
20251117,XSGE,上期所,AO,12,12,4,0
20251117,XSGE,上期所,AU,8,8,7,0
20251117,XSGE,上期所,BR,12,12,3,0
20251117,XSGE,上期所,BU,16,16,3,0
20251117,XSGE,上期所,CU,12,12,5,0
20251117,XSGE,上期所,FU,12,12,5,0
20251117,XSGE,上期所,HC,12,12,3,0
20251117,XSGE,上期所,NI,12,12,3,0
20251117,XSGE,上期所,OP,10,10,0,0
20251117,XSGE,上期所,PB,12,12,2,0
20251117,XSGE,上期所,RB,12,12,4,0
20251117,XSGE,上期所,RU,10,10,2,0
20251117,XSGE,上期所,SN,12,12,2,0
20251117,XSGE,上期所,SP,12,12,3,0
20251117,XSGE,上期所,SS,12,12,4,0
20251117,XSGE,上期所,ZN,12,12,4,0
20251117,XSIE,能源中心,BC,12,12,2,0
20251117,XSIE,能源中心,LU,12,12,2,0
20251117,XSIE,能源中心,NR,12,12,3,0
20251117,XSIE,能源中心,SC,20,20,2,0
20251118,XDCE,大商所,A,6,6,3,0
20251118,XDCE,大商所,B,12,12,4,0
20251118,XDCE,大商所,C,6,6,4,0
20251118,XDCE,大商所,CS,6,6,2,0
20251118,XDCE,大商所,EB,12,12,3,0
20251118,XDCE,大商所,EG,12,12,3,0
20251118,XDCE,大商所,I,12,12,3,0
20251118,XDCE,大商所,J,12,12,2,0
20251118,XDCE,大商所,JM,12,12,4,0
20251118,XDCE,大商所,L,12,12,3,0
20251118,XDCE,大商所,M,8,8,8,0
20251118,XDCE,大商所,P,12,12,4,0
20251118,XDCE,大商所,PG,12,12,3,0
20251118,XDCE,大商所,PP,12,12,3,0
20251118,XDCE,大商所,RR,12,12,0,0
20251118,XDCE,大商所,V,12,12,4,0
20251118,XDCE,大商所,Y,8,8,2,0
20251118,XSGE,上期所,AG,12,12,7,0
20251118,XSGE,上期所,AL,12,12,6,0
20251118,XSGE,上期所,AO,12,12,3,0
20251118,XSGE,上期所,AU,8,8,5,0
20251118,XSGE,上期所,BR,12,12,3,0
20251118,XSGE,上期所,BU,16,16,4,0
20251118,XSGE,上期所,CU,12,12,3,0
20251118,XSGE,上期所,FU,12,12,7,0
20251118,XSGE,上期所,HC,12,12,3,0
20251118,XSGE,上期所,NI,12,12,5,0
20251118,XSGE,上期所,OP,11,11,0,0
20251118,XSGE,上期所,PB,12,12,2,0
20251118,XSGE,上期所,RB,12,12,5,0
20251118,XSGE,上期所,RU,10,10,3,0
20251118,XSGE,上期所,SN,12,12,2,0
20251118,XSGE,上期所,SP,12,12,4,0
20251118,XSGE,上期所,SS,12,12,3,0
20251118,XSGE,上期所,ZN,12,12,2,0
20251118,XSIE,能源中心,BC,12,12,1,0
20251118,XSIE,能源中心,LU,12,12,3,0
20251118,XSIE,能源中心,NR,12,12,4,0
20251118,XSIE,能源中心,SC,20,20,3,0
20251119,XDCE,大商所,A,6,6,3,0
20251119,XDCE,大商所,B,12,12,4,0
20251119,XDCE,大商所,C,6,6,3,0
20251119,XDCE,大商所,CS,6,6,2,0
20251119,XDCE,大商所,EB,12,12,5,0
20251119,XDCE,大商所,EG,12,12,3,0
20251119,XDCE,大商所,I,12,12,4,0
20251119,XDCE,大商所,J,12,12,1,0
20251119,XDCE,大商所,JM,12,12,3,0
20251119,XDCE,大商所,L,12,12,3,0
20251119,XDCE,大商所,M,8,8,6,0
20251119,XDCE,大商所,P,12,12,5,0
20251119,XDCE,大商所,PG,12,12,5,0
20251119,XDCE,大商所,PP,12,12,4,0
20251119,XDCE,大商所,RR,12,12,0,0
20251119,XDCE,大商所,V,12,12,5,0
20251119,XDCE,大商所,Y,8,8,5,0
20251119,XSGE,上期所,AG,12,12,9,0
20251119,XSGE,上期所,AL,12,12,3,0
20251119,XSGE,上期所,AO,12,12,3,0
20251119,XSGE,上期所,AU,8,8,5,0
20251119,XSGE,上期所,BR,12,12,3,0
20251119,XSGE,上期所,BU,16,16,3,0
20251119,XSGE,上期所,CU,12,12,6,0
20251119,XSGE,上期所,FU,12,12,8,0
20251119,XSGE,上期所,HC,12,12,4,0
20251119,XSGE,上期所,NI,12,12,4,0
20251119,XSGE,上期所,OP,11,11,0,0
20251119,XSGE,上期所,PB,12,12,3,0
20251119,XSGE,上期所,RB,12,12,3,0
20251119,XSGE,上期所,RU,10,10,2,0
20251119,XSGE,上期所,SN,12,12,2,0
20251119,XSGE,上期所,SP,12,12,2,0
20251119,XSGE,上期所,SS,12,12,3,0
20251119,XSGE,上期所,ZN,12,12,3,0
20251119,XSIE,能源中心,BC,12,12,2,0
20251119,XSIE,能源中心,LU,12,12,5,0
20251119,XSIE,能源中心,NR,12,12,3,0
20251119,XSIE,能源中心,SC,20,20,3,0
20251120,XDCE,大商所,A,6,6,3,0
20251120,XDCE,大商所,B,12,12,2,0
20251120,XDCE,大商所,C,6,6,4,0
20251120,XDCE,大商所,CS,6,6,2,0
20251120,XDCE,大商所,EB,12,12,5,0
20251120,XDCE,大商所,EG,12,12,2,0
20251120,XDCE,大商所,I,12,12,5,0
20251120,XDCE,大商所,J,12,12,3,0
20251120,XDCE,大商所,JM,12,12,3,0
20251120,XDCE,大商所,L,12,12,3,0
20251120,XDCE,大商所,M,8,8,6,0
20251120,XDCE,大商所,P,12,12,4,0
20251120,XDCE,大商所,PG,12,12,4,0
20251120,XDCE,大商所,PP,12,12,4,0
20251120,XDCE,大商所,RR,12,12,0,0
20251120,XDCE,大商所,V,12,12,5,0
20251120,XDCE,大商所,Y,8,8,6,0
20251120,XSGE,上期所,AG,12,12,12,0
20251120,XSGE,上期所,AL,12,12,4,0
20251120,XSGE,上期所,AO,12,12,4,0
20251120,XSGE,上期所,AU,8,8,6,0
20251120,XSGE,上期所,BR,12,12,3,0
20251120,XSGE,上期所,BU,16,16,6,0
20251120,XSGE,上期所,CU,12,12,7,0
20251120,XSGE,上期所,FU,12,12,9,0
20251120,XSGE,上期所,HC,12,12,2,0
20251120,XSGE,上期所,NI,12,12,4,0
20251120,XSGE,上期所,OP,11,11,0,0
20251120,XSGE,上期所,PB,12,12,3,0
20251120,XSGE,上期所,RB,12,12,4,0
20251120,XSGE,上期所,RU,10,10,2,0
20251120,XSGE,上期所,SN,12,12,3,0
20251120,XSGE,上期所,SP,12,12,4,0
20251120,XSGE,上期所,SS,12,12,3,0
20251120,XSGE,上期所,ZN,12,12,2,0
20251120,XSIE,能源中心,BC,12,12,1,0
20251120,XSIE,能源中心,LU,12,12,4,0
20251120,XSIE,能源中心,NR,12,12,4,0
20251120,XSIE,能源中心,SC,20,20,4,0
20251121,XDCE,大商所,A,6,6,3,0
20251121,XDCE,大商所,B,12,12,5,0
20251121,XDCE,大商所,C,6,6,3,0
20251121,XDCE,大商所,CS,6,6,2,0
20251121,XDCE,大商所,EB,12,12,3,0
20251121,XDCE,大商所,EG,12,12,2,0
20251121,XDCE,大商所,I,12,12,5,0
20251121,XDCE,大商所,J,12,12,2,0
20251121,XDCE,大商所,JM,12,12,2,0
20251121,XDCE,大商所,L,12,12,2,0
20251121,XDCE,大商所,M,8,8,6,0
20251121,XDCE,大商所,P,12,12,3,0
20251121,XDCE,大商所,PG,12,12,3,0
20251121,XDCE,大商所,PP,12,12,4,0
20251121,XDCE,大商所,RR,12,12,1,0
20251121,XDCE,大商所,V,12,12,5,0
20251121,XDCE,大商所,Y,8,8,5,0
20251121,XSGE,上期所,AG,12,12,8,0
20251121,XSGE,上期所,AL,12,12,3,0
20251121,XSGE,上期所,AO,12,12,4,0
20251121,XSGE,上期所,AU,8,8,4,0
20251121,XSGE,上期所,BR,12,12,3,0
20251121,XSGE,上期所,BU,16,16,3,0
20251121,XSGE,上期所,CU,12,12,7,0
20251121,XSGE,上期所,FU,12,12,7,0
20251121,XSGE,上期所,HC,12,12,2,0
20251121,XSGE,上期所,NI,12,12,5,0
20251121,XSGE,上期所,OP,11,11,0,0
20251121,XSGE,上期所,PB,12,12,3,0
20251121,XSGE,上期所,RB,12,12,3,0
20251121,XSGE,上期所,RU,10,10,2,0
20251121,XSGE,上期所,SN,12,12,3,0
20251121,XSGE,上期所,SP,12,12,4,0
20251121,XSGE,上期所,SS,12,12,3,0
20251121,XSGE,上期所,ZN,12,12,3,0
20251121,XSIE,能源中心,BC,12,12,2,0
20251121,XSIE,能源中心,LU,12,12,5,0
20251121,XSIE,能源中心,NR,12,12,4,0
20251121,XSIE,能源中心,SC,20,20,5,0
20251124,XDCE,大商所,A,6,6,4,0
20251124,XDCE,大商所,B,12,12,4,0
20251124,XDCE,大商所,C,6,6,5,0
20251124,XDCE,大商所,CS,6,6,2,0
20251124,XDCE,大商所,EB,12,12,3,0
20251124,XDCE,大商所,EG,12,12,3,0
20251124,XDCE,大商所,I,12,12,3,0
20251124,XDCE,大商所,J,12,12,2,0
20251124,XDCE,大商所,JM,12,12,4,0
20251124,XDCE,大商所,L,12,12,3,0
20251124,XDCE,大商所,M,8,8,8,0
20251124,XDCE,大商所,P,12,12,3,0
20251124,XDCE,大商所,PG,12,12,3,0
20251124,XDCE,大商所,PP,12,12,2,0
20251124,XDCE,大商所,RR,12,12,2,0
20251124,XDCE,大商所,V,12,12,4,0
20251124,XDCE,大商所,Y,8,8,4,0
20251124,XSGE,上期所,AG,12,12,12,0
20251124,XSGE,上期所,AL,12,12,4,0
20251124,XSGE,上期所,AO,12,12,4,0
20251124,XSGE,上期所,AU,8,8,5,0
20251124,XSGE,上期所,BR,12,12,2,0
20251124,XSGE,上期所,BU,16,16,4,0
20251124,XSGE,上期所,CU,12,12,4,0
20251124,XSGE,上期所,FU,12,12,7,0
20251124,XSGE,上期所,HC,12,12,3,0
20251124,XSGE,上期所,NI,12,12,4,0
20251124,XSGE,上期所,OP,11,11,0,0
20251124,XSGE,上期所,PB,12,12,2,0
20251124,XSGE,上期所,RB,12,12,3,0
20251124,XSGE,上期所,RU,10,10,3,0
20251124,XSGE,上期所,SN,12,12,3,0
20251124,XSGE,上期所,SP,12,12,4,0
20251124,XSGE,上期所,SS,12,12,3,0
20251124,XSGE,上期所,ZN,12,12,3,0
20251124,XSIE,能源中心,BC,12,12,2,0
20251124,XSIE,能源中心,LU,12,12,5,0
20251124,XSIE,能源中心,NR,12,12,4,0
20251124,XSIE,能源中心,SC,20,20,5,0
20251125,XDCE,大商所,A,6,6,4,0
20251125,XDCE,大商所,B,12,12,4,0
20251125,XDCE,大商所,C,6,6,3,0
20251125,XDCE,大商所,CS,6,6,3,0
20251125,XDCE,大商所,EB,12,12,3,0
20251125,XDCE,大商所,EG,12,12,2,0
20251125,XDCE,大商所,I,12,12,5,0
20251125,XDCE,大商所,J,12,12,2,0
20251125,XDCE,大商所,JM,12,12,4,0
20251125,XDCE,大商所,L,12,12,2,0
20251125,XDCE,大商所,M,8,8,8,0
20251125,XDCE,大商所,P,12,12,3,0
20251125,XDCE,大商所,PG,12,12,4,0
20251125,XDCE,大商所,PP,12,12,2,0
20251125,XDCE,大商所,RR,12,12,2,0
20251125,XDCE,大商所,V,12,12,3,0
20251125,XDCE,大商所,Y,8,8,5,0
20251125,XSGE,上期所,AG,12,12,6,0
20251125,XSGE,上期所,AL,12,12,3,0
20251125,XSGE,上期所,AO,12,12,4,0
20251125,XSGE,上期所,AU,8,8,5,0
20251125,XSGE,上期所,BR,12,12,3,0
20251125,XSGE,上期所,BU,16,16,3,0
20251125,XSGE,上期所,CU,12,12,3,0
20251125,XSGE,上期所,FU,12,12,4,0
20251125,XSGE,上期所,HC,12,12,4,0
20251125,XSGE,上期所,NI,12,12,5,0
20251125,XSGE,上期所,OP,11,11,1,0
20251125,XSGE,上期所,PB,12,12,3,0
20251125,XSGE,上期所,RB,12,12,4,0
20251125,XSGE,上期所,RU,10,10,2,0
20251125,XSGE,上期所,SN,12,12,3,0
20251125,XSGE,上期所,SP,12,12,4,0
20251125,XSGE,上期所,SS,12,12,3,0
20251125,XSGE,上期所,ZN,12,12,4,0
20251125,XSIE,能源中心,BC,12,12,2,0
20251125,XSIE,能源中心,LU,12,12,3,0
20251125,XSIE,能源中心,NR,12,12,3,0
20251125,XSIE,能源中心,SC,20,20,6,0
20251126,XDCE,大商所,A,6,6,3,0
20251126,XDCE,大商所,B,12,12,4,0
20251126,XDCE,大商所,C,6,6,6,0
20251126,XDCE,大商所,CS,6,6,3,0
20251126,XDCE,大商所,EB,12,12,5,0
20251126,XDCE,大商所,EG,12,12,3,0
20251126,XDCE,大商所,I,12,12,5,0
20251126,XDCE,大商所,J,12,12,2,0
20251126,XDCE,大商所,JM,12,12,3,0
20251126,XDCE,大商所,L,12,12,2,0
20251126,XDCE,大商所,M,8,8,7,0
20251126,XDCE,大商所,P,12,12,4,0
20251126,XDCE,大商所,PG,12,12,4,0
20251126,XDCE,大商所,PP,12,12,4,0
20251126,XDCE,大商所,RR,12,12,0,0
20251126,XDCE,大商所,V,12,12,4,0
20251126,XDCE,大商所,Y,8,8,4,0
20251126,XSGE,上期所,AG,12,12,9,0
20251126,XSGE,上期所,AL,12,12,4,0
20251126,XSGE,上期所,AO,12,12,4,0
20251126,XSGE,上期所,AU,8,8,6,0
20251126,XSGE,上期所,BR,12,12,5,0
20251126,XSGE,上期所,BU,16,16,5,0
20251126,XSGE,上期所,CU,12,12,4,0
20251126,XSGE,上期所,FU,12,12,9,0
20251126,XSGE,上期所,HC,12,12,3,0
20251126,XSGE,上期所,NI,12,12,4,0
20251126,XSGE,上期所,OP,11,11,2,0
20251126,XSGE,上期所,PB,12,12,3,0
20251126,XSGE,上期所,RB,12,12,3,0
20251126,XSGE,上期所,RU,10,10,2,0
20251126,XSGE,上期所,SN,12,12,4,0
20251126,XSGE,上期所,SP,12,12,4,0
20251126,XSGE,上期所,SS,12,12,3,0
20251126,XSGE,上期所,ZN,12,12,3,0
20251126,XSIE,能源中心,BC,12,12,2,0
20251126,XSIE,能源中心,LU,12,12,4,0
20251126,XSIE,能源中心,NR,12,12,6,0
20251126,XSIE,能源中心,SC,20,20,2,0
20251127,XDCE,大商所,A,6,6,3,0
20251127,XDCE,大商所,B,12,12,5,0
20251127,XDCE,大商所,C,6,6,5,0
20251127,XDCE,大商所,CS,6,6,2,0
20251127,XDCE,大商所,EB,12,12,3,0
20251127,XDCE,大商所,EG,12,12,2,0
20251127,XDCE,大商所,I,12,12,2,0
20251127,XDCE,大商所,J,12,12,2,0
20251127,XDCE,大商所,JM,12,12,4,0
20251127,XDCE,大商所,L,12,12,2,0
20251127,XDCE,大商所,M,8,8,4,0
20251127,XDCE,大商所,P,12,12,2,0
20251127,XDCE,大商所,PG,12,12,4,0
20251127,XDCE,大商所,PP,12,12,3,0
20251127,XDCE,大商所,RR,12,12,0,0
20251127,XDCE,大商所,V,12,12,3,0
20251127,XDCE,大商所,Y,8,8,2,0
20251127,XSGE,上期所,AG,12,12,9,0
20251127,XSGE,上期所,AL,12,12,6,0
20251127,XSGE,上期所,AO,12,12,6,0
20251127,XSGE,上期所,AU,8,8,4,0
20251127,XSGE,上期所,BR,12,12,2,0
20251127,XSGE,上期所,BU,16,16,4,0
20251127,XSGE,上期所,CU,12,12,8,0
20251127,XSGE,上期所,FU,12,12,7,0
20251127,XSGE,上期所,HC,12,12,2,0
20251127,XSGE,上期所,NI,12,12,5,0
20251127,XSGE,上期所,OP,11,11,0,0
20251127,XSGE,上期所,PB,12,12,3,0
20251127,XSGE,上期所,RB,12,12,5,0
20251127,XSGE,上期所,RU,10,10,3,0
20251127,XSGE,上期所,SN,12,12,4,0
20251127,XSGE,上期所,SP,12,12,3,0
20251127,XSGE,上期所,SS,12,12,3,0
20251127,XSGE,上期所,ZN,12,12,3,0
20251127,XSIE,能源中心,BC,12,12,2,0
20251127,XSIE,能源中心,LU,12,12,4,0
20251127,XSIE,能源中心,NR,12,12,5,0
20251127,XSIE,能源中心,SC,20,20,3,0
20251128,XDCE,大商所,A,6,6,3,0
20251128,XDCE,大商所,B,12,12,2,0
20251128,XDCE,大商所,C,6,6,4,0
20251128,XDCE,大商所,CS,6,6,3,0
20251128,XDCE,大商所,EB,12,12,4,0
20251128,XDCE,大商所,EG,12,12,3,0
20251128,XDCE,大商所,I,12,12,3,0
20251128,XDCE,大商所,J,12,12,2,0
20251128,XDCE,大商所,JM,12,12,3,0
20251128,XDCE,大商所,L,12,12,3,0
20251128,XDCE,大商所,M,8,8,6,0
20251128,XDCE,大商所,P,12,12,3,0
20251128,XDCE,大商所,PG,12,12,2,0
20251128,XDCE,大商所,PP,12,12,3,0
20251128,XDCE,大商所,RR,12,12,0,0
20251128,XDCE,大商所,V,12,12,3,0
20251128,XDCE,大商所,Y,8,8,2,0
20251128,XSGE,上期所,AG,12,12,9,0
20251128,XSGE,上期所,AL,12,12,6,0
20251128,XSGE,上期所,AO,12,12,5,0
20251128,XSGE,上期所,AU,8,8,4,0
20251128,XSGE,上期所,BR,12,12,2,0
20251128,XSGE,上期所,BU,16,16,5,0
20251128,XSGE,上期所,CU,12,12,5,0
20251128,XSGE,上期所,FU,12,12,8,0
20251128,XSGE,上期所,HC,12,12,3,0
20251128,XSGE,上期所,NI,12,12,3,0
20251128,XSGE,上期所,OP,11,11,0,0
20251128,XSGE,上期所,PB,12,12,2,0
20251128,XSGE,上期所,RB,12,12,5,0
20251128,XSGE,上期所,RU,10,10,3,0
20251128,XSGE,上期所,SN,12,12,2,0
20251128,XSGE,上期所,SP,12,12,4,0
20251128,XSGE,上期所,SS,12,12,3,0
20251128,XSGE,上期所,ZN,12,12,4,0
20251128,XSIE,能源中心,BC,12,12,2,0
20251128,XSIE,能源中心,LU,12,12,5,0
20251128,XSIE,能源中心,NR,12,12,3,0
20251128,XSIE,能源中心,SC,20,20,2,0
20251201,XDCE,大商所,A,6,6,3,0
20251201,XDCE,大商所,B,12,12,2,0
20251201,XDCE,大商所,C,6,6,3,0
20251201,XDCE,大商所,CS,6,6,2,0
20251201,XDCE,大商所,EB,12,12,6,0
20251201,XDCE,大商所,EG,12,12,3,0
20251201,XDCE,大商所,I,12,12,4,0
20251201,XDCE,大商所,J,12,12,2,0
20251201,XDCE,大商所,JM,12,12,4,0
20251201,XDCE,大商所,L,12,12,3,0
20251201,XDCE,大商所,M,8,8,3,0
20251201,XDCE,大商所,P,12,12,2,0
20251201,XDCE,大商所,PG,12,12,3,0
20251201,XDCE,大商所,PP,12,12,2,0
20251201,XDCE,大商所,RR,12,12,0,0
20251201,XDCE,大商所,V,12,12,4,0
20251201,XDCE,大商所,Y,8,8,3,0
20251201,XSGE,上期所,AG,12,12,9,0
20251201,XSGE,上期所,AL,12,12,5,0
20251201,XSGE,上期所,AO,12,12,4,0
20251201,XSGE,上期所,AU,8,8,4,0
20251201,XSGE,上期所,BR,12,12,2,0
20251201,XSGE,上期所,BU,16,16,4,0
20251201,XSGE,上期所,CU,12,12,5,0
20251201,XSGE,上期所,FU,12,12,5,0
20251201,XSGE,上期所,HC,12,12,3,0
20251201,XSGE,上期所,NI,12,12,3,0
20251201,XSGE,上期所,OP,11,11,0,0
20251201,XSGE,上期所,PB,12,12,2,0
20251201,XSGE,上期所,RB,12,12,5,0
20251201,XSGE,上期所,RU,10,10,2,0
20251201,XSGE,上期所,SN,12,12,4,0
20251201,XSGE,上期所,SP,12,12,3,0
20251201,XSGE,上期所,SS,12,12,3,0
20251201,XSGE,上期所,ZN,12,12,2,0
20251201,XSIE,能源中心,BC,12,12,1,0
20251201,XSIE,能源中心,LU,12,12,3,0
20251201,XSIE,能源中心,NR,12,12,2,0
20251201,XSIE,能源中心,SC,20,20,2,0
20251202,XDCE,大商所,A,6,6,3,0
20251202,XDCE,大商所,B,12,12,4,0
20251202,XDCE,大商所,C,6,6,3,0
20251202,XDCE,大商所,CS,6,6,2,0
20251202,XDCE,大商所,EB,12,12,3,0
20251202,XDCE,大商所,EG,12,12,3,0
20251202,XDCE,大商所,I,12,12,3,0
20251202,XDCE,大商所,J,12,12,2,0
20251202,XDCE,大商所,JM,12,12,3,0
20251202,XDCE,大商所,L,12,12,2,0
20251202,XDCE,大商所,M,8,8,5,0
20251202,XDCE,大商所,P,12,12,3,0
20251202,XDCE,大商所,PG,12,12,3,0
20251202,XDCE,大商所,PP,12,12,3,0
20251202,XDCE,大商所,RR,12,12,0,0
20251202,XDCE,大商所,V,12,12,4,0
20251202,XDCE,大商所,Y,8,8,3,0
20251202,XSGE,上期所,AG,12,12,9,0
20251202,XSGE,上期所,AL,12,12,3,0
20251202,XSGE,上期所,AO,12,12,5,0
20251202,XSGE,上期所,AU,8,8,3,0
20251202,XSGE,上期所,BR,12,12,3,0
20251202,XSGE,上期所,BU,16,16,5,0
20251202,XSGE,上期所,CU,12,12,4,0
20251202,XSGE,上期所,FU,12,12,10,0
20251202,XSGE,上期所,HC,12,12,4,0
20251202,XSGE,上期所,NI,12,12,3,0
20251202,XSGE,上期所,OP,11,11,0,0
20251202,XSGE,上期所,PB,12,12,3,0
20251202,XSGE,上期所,RB,12,12,4,0
20251202,XSGE,上期所,RU,10,10,3,0
20251202,XSGE,上期所,SN,12,12,3,0
20251202,XSGE,上期所,SP,12,12,3,0
20251202,XSGE,上期所,SS,12,12,2,0
20251202,XSGE,上期所,ZN,12,12,4,0
20251202,XSIE,能源中心,BC,12,12,1,0
20251202,XSIE,能源中心,LU,12,12,4,0
20251202,XSIE,能源中心,NR,12,12,5,0
20251202,XSIE,能源中心,SC,20,20,2,0
20251203,XDCE,大商所,A,6,6,3,0
20251203,XDCE,大商所,B,12,12,2,0
20251203,XDCE,大商所,C,6,6,6,0
20251203,XDCE,大商所,CS,6,6,2,0
20251203,XDCE,大商所,EB,12,12,4,0
20251203,XDCE,大商所,EG,12,12,3,0
20251203,XDCE,大商所,I,12,12,3,0
20251203,XDCE,大商所,J,12,12,2,0
20251203,XDCE,大商所,JM,12,12,2,0
20251203,XDCE,大商所,L,12,12,3,0
20251203,XDCE,大商所,M,8,8,5,0
20251203,XDCE,大商所,P,12,12,2,0
20251203,XDCE,大商所,PG,12,12,2,0
20251203,XDCE,大商所,PP,12,12,3,0
20251203,XDCE,大商所,RR,12,12,0,0
20251203,XDCE,大商所,V,12,12,3,0
20251203,XDCE,大商所,Y,8,8,2,0
20251203,XSGE,上期所,AG,12,12,10,0
20251203,XSGE,上期所,AL,12,12,4,0
20251203,XSGE,上期所,AO,12,12,4,0
20251203,XSGE,上期所,AU,8,8,3,0
20251203,XSGE,上期所,BR,12,12,3,0
20251203,XSGE,上期所,BU,16,16,5,0
20251203,XSGE,上期所,CU,12,12,4,0
20251203,XSGE,上期所,FU,12,12,8,0
20251203,XSGE,上期所,HC,12,12,3,0
20251203,XSGE,上期所,NI,12,12,3,0
20251203,XSGE,上期所,OP,11,11,0,0
20251203,XSGE,上期所,PB,12,12,2,0
20251203,XSGE,上期所,RB,12,12,4,0
20251203,XSGE,上期所,RU,10,10,3,0
20251203,XSGE,上期所,SN,12,12,2,0
20251203,XSGE,上期所,SP,12,12,3,0
20251203,XSGE,上期所,SS,12,12,2,0
20251203,XSGE,上期所,ZN,12,12,2,0
20251203,XSIE,能源中心,BC,12,12,1,0
20251203,XSIE,能源中心,LU,12,12,4,0
20251203,XSIE,能源中心,NR,12,12,3,0
20251203,XSIE,能源中心,SC,20,20,3,0
20251204,XDCE,大商所,A,6,6,3,0
20251204,XDCE,大商所,B,12,12,4,0
20251204,XDCE,大商所,C,6,6,6,0
20251204,XDCE,大商所,CS,6,6,2,0
20251204,XDCE,大商所,EB,12,12,3,0
20251204,XDCE,大商所,EG,12,12,3,0
20251204,XDCE,大商所,I,12,12,4,0
20251204,XDCE,大商所,J,12,12,2,0
20251204,XDCE,大商所,JM,12,12,2,0
20251204,XDCE,大商所,L,12,12,4,0
20251204,XDCE,大商所,M,8,8,5,0
20251204,XDCE,大商所,P,12,12,3,0
20251204,XDCE,大商所,PG,12,12,3,0
20251204,XDCE,大商所,PP,12,12,2,0
20251204,XDCE,大商所,RR,12,12,0,0
20251204,XDCE,大商所,V,12,12,3,0
20251204,XDCE,大商所,Y,8,8,2,0
20251204,XSGE,上期所,AG,12,12,9,0
20251204,XSGE,上期所,AL,12,12,4,0
20251204,XSGE,上期所,AO,12,12,5,0
20251204,XSGE,上期所,AU,8,8,2,0
20251204,XSGE,上期所,BR,12,12,3,0
20251204,XSGE,上期所,BU,16,16,5,0
20251204,XSGE,上期所,CU,12,12,8,0
20251204,XSGE,上期所,FU,12,12,9,0
20251204,XSGE,上期所,HC,12,12,4,0
20251204,XSGE,上期所,NI,12,12,4,0
20251204,XSGE,上期所,OP,11,11,0,0
20251204,XSGE,上期所,PB,12,12,2,0
20251204,XSGE,上期所,RB,12,12,5,0
20251204,XSGE,上期所,RU,10,10,3,0
20251204,XSGE,上期所,SN,12,12,2,0
20251204,XSGE,上期所,SP,12,12,4,0
20251204,XSGE,上期所,SS,12,12,2,0
20251204,XSGE,上期所,ZN,12,12,3,0
20251204,XSIE,能源中心,BC,12,12,1,0
20251204,XSIE,能源中心,LU,12,12,5,0
20251204,XSIE,能源中心,NR,12,12,4,0
20251204,XSIE,能源中心,SC,20,20,3,0
20251205,XDCE,大商所,A,6,6,3,0
20251205,XDCE,大商所,B,12,12,5,0
20251205,XDCE,大商所,C,6,6,6,0
20251205,XDCE,大商所,CS,6,6,2,0
20251205,XDCE,大商所,EB,12,12,4,0
20251205,XDCE,大商所,EG,12,12,2,0
20251205,XDCE,大商所,I,12,12,4,0
20251205,XDCE,大商所,J,12,12,2,0
20251205,XDCE,大商所,JM,12,12,4,0
20251205,XDCE,大商所,L,12,12,2,0
20251205,XDCE,大商所,M,8,8,5,0
20251205,XDCE,大商所,P,12,12,2,0
20251205,XDCE,大商所,PG,12,12,3,0
20251205,XDCE,大商所,PP,12,12,3,0
20251205,XDCE,大商所,RR,12,12,1,0
20251205,XDCE,大商所,V,12,12,6,0
20251205,XDCE,大商所,Y,8,8,2,0
20251205,XSGE,上期所,AG,12,12,7,0
20251205,XSGE,上期所,AL,12,12,5,0
20251205,XSGE,上期所,AO,12,12,4,0
20251205,XSGE,上期所,AU,8,8,4,0
20251205,XSGE,上期所,BR,12,12,2,0
20251205,XSGE,上期所,BU,16,16,4,0
20251205,XSGE,上期所,CU,12,12,6,0
20251205,XSGE,上期所,FU,12,12,6,0
20251205,XSGE,上期所,HC,12,12,4,0
20251205,XSGE,上期所,NI,12,12,2,0
20251205,XSGE,上期所,OP,11,11,0,0
20251205,XSGE,上期所,PB,12,12,2,0
20251205,XSGE,上期所,RB,12,12,4,0
20251205,XSGE,上期所,RU,10,10,2,0
20251205,XSGE,上期所,SN,12,12,3,0
20251205,XSGE,上期所,SP,12,12,3,0
20251205,XSGE,上期所,SS,12,12,2,0
20251205,XSGE,上期所,ZN,12,12,2,0
20251205,XSIE,能源中心,BC,12,12,1,0
20251205,XSIE,能源中心,LU,12,12,3,0
20251205,XSIE,能源中心,NR,12,12,4,0
20251205,XSIE,能源中心,SC,20,20,3,0
20251208,XDCE,大商所,A,6,6,3,0
20251208,XDCE,大商所,B,12,12,3,0
20251208,XDCE,大商所,C,6,6,6,0
20251208,XDCE,大商所,CS,6,6,2,0
20251208,XDCE,大商所,EB,12,12,5,0
20251208,XDCE,大商所,EG,12,12,3,0
20251208,XDCE,大商所,I,12,12,3,0
20251208,XDCE,大商所,J,12,12,2,0
20251208,XDCE,大商所,JM,12,12,4,0
20251208,XDCE,大商所,L,12,12,2,0
20251208,XDCE,大商所,M,8,8,5,0
20251208,XDCE,大商所,P,12,12,3,0
20251208,XDCE,大商所,PG,12,12,4,0
20251208,XDCE,大商所,PP,12,12,2,0
20251208,XDCE,大商所,RR,12,12,0,0
20251208,XDCE,大商所,V,12,12,4,0
20251208,XDCE,大商所,Y,8,8,2,0
20251208,XSGE,上期所,AG,12,12,11,0
20251208,XSGE,上期所,AL,12,12,4,0
20251208,XSGE,上期所,AO,12,12,4,0
20251208,XSGE,上期所,AU,8,8,3,0
20251208,XSGE,上期所,BR,12,12,2,0
20251208,XSGE,上期所,BU,16,16,4,0
20251208,XSGE,上期所,CU,12,12,5,0
20251208,XSGE,上期所,FU,12,12,5,0
20251208,XSGE,上期所,HC,12,12,4,0
20251208,XSGE,上期所,NI,12,12,3,0
20251208,XSGE,上期所,OP,11,11,0,0
20251208,XSGE,上期所,PB,12,12,3,0
20251208,XSGE,上期所,RB,12,12,3,0
20251208,XSGE,上期所,RU,10,10,2,0
20251208,XSGE,上期所,SN,12,12,2,0
20251208,XSGE,上期所,SP,12,12,3,0
20251208,XSGE,上期所,SS,12,12,2,0
20251208,XSGE,上期所,ZN,12,12,3,0
20251208,XSIE,能源中心,BC,12,12,1,0
20251208,XSIE,能源中心,LU,12,12,4,0
20251208,XSIE,能源中心,NR,12,12,5,0
20251208,XSIE,能源中心,SC,20,20,2,0
20251209,XDCE,大商所,A,6,6,3,0
20251209,XDCE,大商所,B,12,12,3,0
20251209,XDCE,大商所,C,6,6,4,0
20251209,XDCE,大商所,CS,6,6,2,0
20251209,XDCE,大商所,EB,12,12,5,0
20251209,XDCE,大商所,EG,12,12,2,0
20251209,XDCE,大商所,I,12,12,5,0
20251209,XDCE,大商所,J,12,12,2,0
20251209,XDCE,大商所,JM,12,12,4,0
20251209,XDCE,大商所,L,12,12,2,0
20251209,XDCE,大商所,M,8,8,5,0
20251209,XDCE,大商所,P,12,12,2,0
20251209,XDCE,大商所,PG,12,12,4,0
20251209,XDCE,大商所,PP,12,12,2,0
20251209,XDCE,大商所,RR,12,12,0,0
20251209,XDCE,大商所,V,12,12,3,0
20251209,XDCE,大商所,Y,8,8,3,0
20251209,XSGE,上期所,AG,12,12,9,0
20251209,XSGE,上期所,AL,12,12,5,0
20251209,XSGE,上期所,AO,12,12,4,0
20251209,XSGE,上期所,AU,8,8,3,0
20251209,XSGE,上期所,BR,12,12,4,0
20251209,XSGE,上期所,BU,16,16,6,0
20251209,XSGE,上期所,CU,12,12,4,0
20251209,XSGE,上期所,FU,12,12,10,0
20251209,XSGE,上期所,HC,12,12,4,0
20251209,XSGE,上期所,NI,12,12,2,0
20251209,XSGE,上期所,OP,11,11,1,0
20251209,XSGE,上期所,PB,12,12,3,0
20251209,XSGE,上期所,RB,12,12,4,0
20251209,XSGE,上期所,RU,10,10,3,0
20251209,XSGE,上期所,SN,12,12,4,0
20251209,XSGE,上期所,SP,12,12,4,0
20251209,XSGE,上期所,SS,12,12,2,0
20251209,XSGE,上期所,ZN,12,12,3,0
20251209,XSIE,能源中心,BC,12,12,1,0
20251209,XSIE,能源中心,LU,12,12,5,0
20251209,XSIE,能源中心,NR,12,12,3,0
20251209,XSIE,能源中心,SC,20,20,4,0
20251210,XDCE,大商所,A,6,6,3,0
20251210,XDCE,大商所,B,12,12,4,0
20251210,XDCE,大商所,C,6,6,5,0
20251210,XDCE,大商所,CS,6,6,2,0
20251210,XDCE,大商所,EB,12,12,3,0
20251210,XDCE,大商所,EG,12,12,2,0
20251210,XDCE,大商所,I,12,12,4,0
20251210,XDCE,大商所,J,12,12,2,0
20251210,XDCE,大商所,JM,12,12,5,0
20251210,XDCE,大商所,L,12,12,2,0
20251210,XDCE,大商所,M,8,8,5,0
20251210,XDCE,大商所,P,12,12,3,0
20251210,XDCE,大商所,PG,12,12,3,0
20251210,XDCE,大商所,PP,12,12,3,0
20251210,XDCE,大商所,RR,12,12,0,0
20251210,XDCE,大商所,V,12,12,4,0
20251210,XDCE,大商所,Y,8,8,3,0
20251210,XSGE,上期所,AG,12,12,11,0
20251210,XSGE,上期所,AL,12,12,5,0
20251210,XSGE,上期所,AO,12,12,4,0
20251210,XSGE,上期所,AU,8,8,5,0
20251210,XSGE,上期所,BR,12,12,4,0
20251210,XSGE,上期所,BU,16,16,4,0
20251210,XSGE,上期所,CU,12,12,7,0
20251210,XSGE,上期所,FU,12,12,8,0
20251210,XSGE,上期所,HC,12,12,4,0
20251210,XSGE,上期所,NI,12,12,3,0
20251210,XSGE,上期所,OP,11,11,0,0
20251210,XSGE,上期所,PB,12,12,3,0
20251210,XSGE,上期所,RB,12,12,5,0
20251210,XSGE,上期所,RU,10,10,3,0
20251210,XSGE,上期所,SN,12,12,3,0
20251210,XSGE,上期所,SP,12,12,4,0
20251210,XSGE,上期所,SS,12,12,2,0
20251210,XSGE,上期所,ZN,12,12,3,0
20251210,XSIE,能源中心,BC,12,12,1,0
20251210,XSIE,能源中心,LU,12,12,4,0
20251210,XSIE,能源中心,NR,12,12,4,0
20251210,XSIE,能源中心,SC,20,20,3,0
20251211,XDCE,大商所,A,6,6,3,0
20251211,XDCE,大商所,B,12,12,5,0
20251211,XDCE,大商所,C,6,6,5,0
20251211,XDCE,大商所,CS,6,6,5,0
20251211,XDCE,大商所,EB,12,12,3,0
20251211,XDCE,大商所,EG,12,12,2,0
20251211,XDCE,大商所,I,12,12,4,0
20251211,XDCE,大商所,J,12,12,2,0
20251211,XDCE,大商所,JM,12,12,4,0
20251211,XDCE,大商所,L,12,12,2,0
20251211,XDCE,大商所,M,8,8,4,0
20251211,XDCE,大商所,P,12,12,3,0
20251211,XDCE,大商所,PG,12,12,3,0
20251211,XDCE,大商所,PP,12,12,3,0
20251211,XDCE,大商所,RR,12,12,0,0
20251211,XDCE,大商所,V,12,12,4,0
20251211,XDCE,大商所,Y,8,8,3,0
20251211,XSGE,上期所,AG,12,12,10,0
20251211,XSGE,上期所,AL,12,12,4,0
20251211,XSGE,上期所,AO,12,12,5,0
20251211,XSGE,上期所,AU,8,8,4,0
20251211,XSGE,上期所,BR,12,12,3,0
20251211,XSGE,上期所,BU,16,16,4,0
20251211,XSGE,上期所,CU,12,12,6,0
20251211,XSGE,上期所,FU,12,12,7,0
20251211,XSGE,上期所,HC,12,12,3,0
20251211,XSGE,上期所,NI,12,12,4,0
20251211,XSGE,上期所,OP,11,11,2,0
20251211,XSGE,上期所,PB,12,12,2,0
20251211,XSGE,上期所,RB,12,12,4,0
20251211,XSGE,上期所,RU,10,10,3,0
20251211,XSGE,上期所,SN,12,12,4,0
20251211,XSGE,上期所,SP,12,12,3,0
20251211,XSGE,上期所,SS,12,12,2,0
20251211,XSGE,上期所,ZN,12,12,4,0
20251211,XSIE,能源中心,BC,12,12,1,0
20251211,XSIE,能源中心,LU,12,12,3,0
20251211,XSIE,能源中心,NR,12,12,5,0
20251211,XSIE,能源中心,SC,20,20,3,0
20251212,XDCE,大商所,A,6,6,4,0
20251212,XDCE,大商所,B,12,12,3,0
20251212,XDCE,大商所,C,6,6,6,0
20251212,XDCE,大商所,CS,6,6,3,0
20251212,XDCE,大商所,EB,12,12,2,0
20251212,XDCE,大商所,EG,12,12,5,0
20251212,XDCE,大商所,I,12,12,4,0
20251212,XDCE,大商所,J,12,12,2,0
20251212,XDCE,大商所,JM,12,12,6,0
20251212,XDCE,大商所,L,12,12,5,0
20251212,XDCE,大商所,M,8,8,5,0
20251212,XDCE,大商所,P,12,12,3,0
20251212,XDCE,大商所,PG,12,12,3,0
20251212,XDCE,大商所,PP,12,12,5,0
20251212,XDCE,大商所,RR,12,12,1,0
20251212,XDCE,大商所,V,12,12,5,0
20251212,XDCE,大商所,Y,8,8,3,0
20251212,XSGE,上期所,AG,12,12,10,0
20251212,XSGE,上期所,AL,12,12,4,0
20251212,XSGE,上期所,AO,12,12,6,0
20251212,XSGE,上期所,AU,8,8,3,0
20251212,XSGE,上期所,BR,12,12,3,0
20251212,XSGE,上期所,BU,16,16,5,0
20251212,XSGE,上期所,CU,12,12,8,0
20251212,XSGE,上期所,FU,12,12,6,0
20251212,XSGE,上期所,HC,12,12,5,0
20251212,XSGE,上期所,NI,12,12,4,0
20251212,XSGE,上期所,OP,11,11,1,0
20251212,XSGE,上期所,PB,12,12,2,0
20251212,XSGE,上期所,RB,12,12,5,0
20251212,XSGE,上期所,RU,10,10,3,0
20251212,XSGE,上期所,SN,12,12,2,0
20251212,XSGE,上期所,SP,12,12,5,0
20251212,XSGE,上期所,SS,12,12,3,0
20251212,XSGE,上期所,ZN,12,12,5,0
20251212,XSIE,能源中心,BC,12,12,1,0
20251212,XSIE,能源中心,LU,12,12,2,0
20251212,XSIE,能源中心,NR,12,12,3,0
20251212,XSIE,能源中心,SC,20,20,4,0
20251215,XDCE,大商所,A,6,6,3,0
20251215,XDCE,大商所,B,12,12,4,0
20251215,XDCE,大商所,C,6,6,5,0
20251215,XDCE,大商所,CS,6,6,3,0
20251215,XDCE,大商所,EB,12,12,5,0
20251215,XDCE,大商所,EG,12,12,2,0
20251215,XDCE,大商所,I,12,12,4,0
20251215,XDCE,大商所,J,12,12,2,0
20251215,XDCE,大商所,JM,12,12,4,0
20251215,XDCE,大商所,L,12,12,4,0
20251215,XDCE,大商所,M,8,8,6,0
20251215,XDCE,大商所,P,12,12,4,0
20251215,XDCE,大商所,PG,12,12,5,0
20251215,XDCE,大商所,PP,12,12,3,0
20251215,XDCE,大商所,RR,12,12,0,0
20251215,XDCE,大商所,V,12,12,5,0
20251215,XDCE,大商所,Y,8,8,4,0
20251215,XSGE,上期所,AG,12,12,11,0
20251215,XSGE,上期所,AL,12,12,5,0
20251215,XSGE,上期所,AO,12,12,4,0
20251215,XSGE,上期所,AU,8,8,4,0
20251215,XSGE,上期所,BR,12,12,5,0
20251215,XSGE,上期所,BU,16,16,4,0
20251215,XSGE,上期所,CU,12,12,8,0
20251215,XSGE,上期所,FU,12,12,9,0
20251215,XSGE,上期所,HC,12,12,6,0
20251215,XSGE,上期所,NI,12,12,3,0
20251215,XSGE,上期所,OP,11,11,0,0
20251215,XSGE,上期所,PB,12,12,2,0
20251215,XSGE,上期所,RB,12,12,7,0
20251215,XSGE,上期所,RU,10,10,3,0
20251215,XSGE,上期所,SN,12,12,3,0
20251215,XSGE,上期所,SP,12,12,3,0
20251215,XSGE,上期所,SS,12,12,3,0
20251215,XSGE,上期所,ZN,12,12,3,0
20251215,XSIE,能源中心,BC,12,12,2,0
20251215,XSIE,能源中心,LU,12,12,5,0
20251215,XSIE,能源中心,NR,12,12,5,0
20251215,XSIE,能源中心,SC,20,20,3,0
20251216,XDCE,大商所,A,6,6,4,0
20251216,XDCE,大商所,B,12,12,3,0
20251216,XDCE,大商所,C,6,6,4,0
20251216,XDCE,大商所,CS,6,6,3,0
20251216,XDCE,大商所,EB,12,12,4,0
20251216,XDCE,大商所,EG,12,12,3,0
20251216,XDCE,大商所,I,12,12,4,0
20251216,XDCE,大商所,J,12,12,2,0
20251216,XDCE,大商所,JM,12,12,3,0
20251216,XDCE,大商所,L,12,12,3,0
20251216,XDCE,大商所,M,8,8,5,0
20251216,XDCE,大商所,P,12,12,3,0
20251216,XDCE,大商所,PG,12,12,5,0
20251216,XDCE,大商所,PP,12,12,3,0
20251216,XDCE,大商所,RR,12,12,1,0
20251216,XDCE,大商所,V,12,12,5,0
20251216,XDCE,大商所,Y,8,8,3,0
20251216,XSGE,上期所,AG,12,12,10,0
20251216,XSGE,上期所,AL,12,12,5,0
20251216,XSGE,上期所,AO,12,12,4,0
20251216,XSGE,上期所,AU,8,8,3,0
20251216,XSGE,上期所,BR,12,12,4,0
20251216,XSGE,上期所,BU,16,16,5,0
20251216,XSGE,上期所,CU,12,12,7,0
20251216,XSGE,上期所,FU,12,12,9,0
20251216,XSGE,上期所,HC,12,12,4,0
20251216,XSGE,上期所,NI,12,12,3,0
20251216,XSGE,上期所,OP,12,12,1,0
20251216,XSGE,上期所,PB,12,12,3,0
20251216,XSGE,上期所,RB,12,12,5,0
20251216,XSGE,上期所,RU,10,10,5,0
20251216,XSGE,上期所,SN,12,12,4,0
20251216,XSGE,上期所,SP,12,12,4,0
20251216,XSGE,上期所,SS,12,12,4,0
20251216,XSGE,上期所,ZN,12,12,5,0
20251216,XSIE,能源中心,BC,12,12,2,0
20251216,XSIE,能源中心,LU,12,12,4,0
20251216,XSIE,能源中心,NR,12,12,4,0
20251216,XSIE,能源中心,SC,20,20,4,0
20251217,XDCE,大商所,A,6,6,4,0
20251217,XDCE,大商所,B,12,12,3,0
20251217,XDCE,大商所,C,6,6,3,0
20251217,XDCE,大商所,CS,6,6,3,0
20251217,XDCE,大商所,EB,12,12,4,0
20251217,XDCE,大商所,EG,12,12,3,0
20251217,XDCE,大商所,I,12,12,2,0
20251217,XDCE,大商所,J,12,12,3,0
20251217,XDCE,大商所,JM,12,12,4,0
20251217,XDCE,大商所,L,12,12,3,0
20251217,XDCE,大商所,M,8,8,6,0
20251217,XDCE,大商所,P,12,12,4,0
20251217,XDCE,大商所,PG,12,12,4,0
20251217,XDCE,大商所,PP,12,12,3,0
20251217,XDCE,大商所,RR,12,12,0,0
20251217,XDCE,大商所,V,12,12,4,0
20251217,XDCE,大商所,Y,8,8,4,0
20251217,XSGE,上期所,AG,12,12,8,0
20251217,XSGE,上期所,AL,12,12,4,0
20251217,XSGE,上期所,AO,12,12,5,0
20251217,XSGE,上期所,AU,8,8,6,0
20251217,XSGE,上期所,BR,12,12,3,0
20251217,XSGE,上期所,BU,16,16,4,0
20251217,XSGE,上期所,CU,12,12,4,0
20251217,XSGE,上期所,FU,12,12,12,0
20251217,XSGE,上期所,HC,12,12,3,0
20251217,XSGE,上期所,NI,12,12,3,0
20251217,XSGE,上期所,OP,12,12,1,0
20251217,XSGE,上期所,PB,12,12,2,0
20251217,XSGE,上期所,RB,12,12,5,0
20251217,XSGE,上期所,RU,10,10,2,0
20251217,XSGE,上期所,SN,12,12,5,0
20251217,XSGE,上期所,SP,12,12,3,0
20251217,XSGE,上期所,SS,12,12,3,0
20251217,XSGE,上期所,ZN,12,12,3,0
20251217,XSIE,能源中心,BC,12,12,2,0
20251217,XSIE,能源中心,LU,12,12,4,0
20251217,XSIE,能源中心,NR,12,12,3,0
20251217,XSIE,能源中心,SC,20,20,4,0
20251218,XDCE,大商所,A,6,6,5,0
20251218,XDCE,大商所,B,12,12,4,0
20251218,XDCE,大商所,C,6,6,4,0
20251218,XDCE,大商所,CS,6,6,2,0
20251218,XDCE,大商所,EB,12,12,4,0
20251218,XDCE,大商所,EG,12,12,2,0
20251218,XDCE,大商所,I,12,12,4,0
20251218,XDCE,大商所,J,12,12,3,0
20251218,XDCE,大商所,JM,12,12,2,0
20251218,XDCE,大商所,L,12,12,3,0
20251218,XDCE,大商所,M,8,8,5,0
20251218,XDCE,大商所,P,12,12,4,0
20251218,XDCE,大商所,PG,12,12,3,0
20251218,XDCE,大商所,PP,12,12,3,0
20251218,XDCE,大商所,RR,12,12,0,0
20251218,XDCE,大商所,V,12,12,5,0
20251218,XDCE,大商所,Y,8,8,4,0
20251218,XSGE,上期所,AG,12,12,10,0
20251218,XSGE,上期所,AL,12,12,4,0
20251218,XSGE,上期所,AO,12,12,4,0
20251218,XSGE,上期所,AU,8,8,3,0
20251218,XSGE,上期所,BR,12,12,5,0
20251218,XSGE,上期所,BU,16,16,5,0
20251218,XSGE,上期所,CU,12,12,11,0
20251218,XSGE,上期所,FU,12,12,8,0
20251218,XSGE,上期所,HC,12,12,5,0
20251218,XSGE,上期所,NI,12,12,6,0
20251218,XSGE,上期所,OP,12,12,1,0
20251218,XSGE,上期所,PB,12,12,5,0
20251218,XSGE,上期所,RB,12,12,5,0
20251218,XSGE,上期所,RU,10,10,3,0
20251218,XSGE,上期所,SN,12,12,3,0
20251218,XSGE,上期所,SP,12,12,4,0
20251218,XSGE,上期所,SS,12,12,3,0
20251218,XSGE,上期所,ZN,12,12,3,0
20251218,XSIE,能源中心,BC,12,12,1,0
20251218,XSIE,能源中心,LU,12,12,4,0
20251218,XSIE,能源中心,NR,12,12,3,0
20251218,XSIE,能源中心,SC,20,20,3,0
20251219,XDCE,大商所,A,6,6,4,0
20251219,XDCE,大商所,B,12,12,4,0
20251219,XDCE,大商所,C,6,6,4,0
20251219,XDCE,大商所,CS,6,6,2,0
20251219,XDCE,大商所,EB,12,12,5,0
20251219,XDCE,大商所,EG,12,12,2,0
20251219,XDCE,大商所,I,12,12,4,0
20251219,XDCE,大商所,J,12,12,3,0
20251219,XDCE,大商所,JM,12,12,5,0
20251219,XDCE,大商所,L,12,12,4,0
20251219,XDCE,大商所,M,8,8,5,0
20251219,XDCE,大商所,P,12,12,4,0
20251219,XDCE,大商所,PG,12,12,3,0
20251219,XDCE,大商所,PP,12,12,4,0
20251219,XDCE,大商所,RR,12,12,0,0
20251219,XDCE,大商所,V,12,12,4,0
20251219,XDCE,大商所,Y,8,8,4,0
20251219,XSGE,上期所,AG,12,12,7,0
20251219,XSGE,上期所,AL,12,12,5,0
20251219,XSGE,上期所,AO,12,12,5,0
20251219,XSGE,上期所,AU,8,8,3,0
20251219,XSGE,上期所,BR,12,12,4,0
20251219,XSGE,上期所,BU,16,16,5,0
20251219,XSGE,上期所,CU,12,12,5,0
20251219,XSGE,上期所,FU,12,12,9,0
20251219,XSGE,上期所,HC,12,12,4,0
20251219,XSGE,上期所,NI,12,12,4,0
20251219,XSGE,上期所,OP,12,12,1,0
20251219,XSGE,上期所,PB,12,12,3,0
20251219,XSGE,上期所,RB,12,12,5,0
20251219,XSGE,上期所,RU,10,10,3,0
20251219,XSGE,上期所,SN,12,12,4,0
20251219,XSGE,上期所,SP,12,12,3,0
20251219,XSGE,上期所,SS,12,12,3,0
20251219,XSGE,上期所,ZN,12,12,3,0
20251219,XSIE,能源中心,BC,12,12,1,0
20251219,XSIE,能源中心,LU,12,12,4,0
20251219,XSIE,能源中心,NR,12,12,3,0
20251219,XSIE,能源中心,SC,20,20,3,0
20251222,XDCE,大商所,A,6,6,5,0
20251222,XDCE,大商所,B,12,12,5,0
20251222,XDCE,大商所,C,6,6,4,0
20251222,XDCE,大商所,CS,6,6,2,0
20251222,XDCE,大商所,EB,12,12,4,0
20251222,XDCE,大商所,EG,12,12,2,0
20251222,XDCE,大商所,I,12,12,6,0
20251222,XDCE,大商所,J,12,12,3,0
20251222,XDCE,大商所,JM,12,12,4,0
20251222,XDCE,大商所,L,12,12,4,0
20251222,XDCE,大商所,M,8,8,4,0
20251222,XDCE,大商所,P,12,12,3,0
20251222,XDCE,大商所,PG,12,12,3,0
20251222,XDCE,大商所,PP,12,12,3,0
20251222,XDCE,大商所,RR,12,12,0,0
20251222,XDCE,大商所,V,12,12,4,0
20251222,XDCE,大商所,Y,8,8,3,0
20251222,XSGE,上期所,AG,12,12,8,0
20251222,XSGE,上期所,AL,12,12,5,0
20251222,XSGE,上期所,AO,12,12,5,0
20251222,XSGE,上期所,AU,8,8,4,0
20251222,XSGE,上期所,BR,12,12,3,0
20251222,XSGE,上期所,BU,16,16,5,0
20251222,XSGE,上期所,CU,12,12,5,0
20251222,XSGE,上期所,FU,12,12,9,0
20251222,XSGE,上期所,HC,12,12,3,0
20251222,XSGE,上期所,NI,12,12,7,0
20251222,XSGE,上期所,OP,12,12,1,0
20251222,XSGE,上期所,PB,12,12,3,0
20251222,XSGE,上期所,RB,12,12,5,0
20251222,XSGE,上期所,RU,10,10,3,0
20251222,XSGE,上期所,SN,12,12,4,0
20251222,XSGE,上期所,SP,12,12,4,0
20251222,XSGE,上期所,SS,12,12,4,0
20251222,XSGE,上期所,ZN,12,12,3,0
20251222,XSIE,能源中心,BC,12,12,2,0
20251222,XSIE,能源中心,LU,12,12,5,0
20251222,XSIE,能源中心,NR,12,12,3,0
20251222,XSIE,能源中心,SC,20,20,3,0
20251223,XDCE,大商所,A,6,6,5,0
20251223,XDCE,大商所,B,12,12,5,0
20251223,XDCE,大商所,C,6,6,4,0
20251223,XDCE,大商所,CS,6,6,3,0
20251223,XDCE,大商所,EB,12,12,4,0
20251223,XDCE,大商所,EG,12,12,2,0
20251223,XDCE,大商所,I,12,12,6,0
20251223,XDCE,大商所,J,12,12,3,0
20251223,XDCE,大商所,JM,12,12,5,0
20251223,XDCE,大商所,L,12,12,4,0
20251223,XDCE,大商所,M,8,8,5,0
20251223,XDCE,大商所,P,12,12,3,0
20251223,XDCE,大商所,PG,12,12,3,0
20251223,XDCE,大商所,PP,12,12,5,0
20251223,XDCE,大商所,RR,12,12,0,0
20251223,XDCE,大商所,V,12,12,4,0
20251223,XDCE,大商所,Y,8,8,3,0
20251223,XSGE,上期所,AG,12,12,9,0
20251223,XSGE,上期所,AL,12,12,5,0
20251223,XSGE,上期所,AO,12,12,4,0
20251223,XSGE,上期所,AU,8,8,3,0
20251223,XSGE,上期所,BR,12,12,5,0
20251223,XSGE,上期所,BU,16,16,5,0
20251223,XSGE,上期所,CU,12,12,9,0
20251223,XSGE,上期所,FU,12,12,8,0
20251223,XSGE,上期所,HC,12,12,4,0
20251223,XSGE,上期所,NI,12,12,6,0
20251223,XSGE,上期所,OP,12,12,0,0
20251223,XSGE,上期所,PB,12,12,3,0
20251223,XSGE,上期所,RB,12,12,5,0
20251223,XSGE,上期所,RU,10,10,3,0
20251223,XSGE,上期所,SN,12,12,3,0
20251223,XSGE,上期所,SP,12,12,3,0
20251223,XSGE,上期所,SS,12,12,4,0
20251223,XSGE,上期所,ZN,12,12,4,0
20251223,XSIE,能源中心,BC,12,12,2,0
20251223,XSIE,能源中心,LU,12,12,5,0
20251223,XSIE,能源中心,NR,12,12,3,0
20251223,XSIE,能源中心,SC,20,20,4,0
20251224,XDCE,大商所,A,6,6,3,0
20251224,XDCE,大商所,B,12,12,3,0
20251224,XDCE,大商所,C,6,6,5,0
20251224,XDCE,大商所,CS,6,6,2,0
20251224,XDCE,大商所,EB,12,12,5,0
20251224,XDCE,大商所,EG,12,12,2,0
20251224,XDCE,大商所,I,12,12,5,0
20251224,XDCE,大商所,J,12,12,2,0
20251224,XDCE,大商所,JM,12,12,6,0
20251224,XDCE,大商所,L,12,12,4,0
20251224,XDCE,大商所,M,8,8,5,0
20251224,XDCE,大商所,P,12,12,3,0
20251224,XDCE,大商所,PG,12,12,3,0
20251224,XDCE,大商所,PP,12,12,3,0
20251224,XDCE,大商所,RR,12,12,0,0
20251224,XDCE,大商所,V,12,12,5,0
20251224,XDCE,大商所,Y,8,8,4,0
20251224,XSGE,上期所,AG,12,12,10,0
20251224,XSGE,上期所,AL,12,12,5,0
20251224,XSGE,上期所,AO,12,12,5,0
20251224,XSGE,上期所,AU,8,8,4,0
20251224,XSGE,上期所,BR,12,12,3,0
20251224,XSGE,上期所,BU,16,16,6,0
20251224,XSGE,上期所,CU,12,12,7,0
20251224,XSGE,上期所,FU,12,12,8,0
20251224,XSGE,上期所,HC,12,12,4,0
20251224,XSGE,上期所,NI,12,12,7,0
20251224,XSGE,上期所,OP,12,12,0,0
20251224,XSGE,上期所,PB,12,12,3,0
20251224,XSGE,上期所,RB,12,12,4,0
20251224,XSGE,上期所,RU,10,10,3,0
20251224,XSGE,上期所,SN,12,12,4,0
20251224,XSGE,上期所,SP,12,12,4,0
20251224,XSGE,上期所,SS,12,12,3,0
20251224,XSGE,上期所,ZN,12,12,5,0
20251224,XSIE,能源中心,BC,12,12,2,0
20251224,XSIE,能源中心,LU,12,12,3,0
20251224,XSIE,能源中心,NR,12,12,3,0
20251224,XSIE,能源中心,SC,20,20,4,0
20251225,XDCE,大商所,A,6,6,4,0
20251225,XDCE,大商所,B,12,12,3,0
20251225,XDCE,大商所,C,6,6,4,0
20251225,XDCE,大商所,CS,6,6,3,0
20251225,XDCE,大商所,EB,12,12,5,0
20251225,XDCE,大商所,EG,12,12,3,0
20251225,XDCE,大商所,I,12,12,3,0
20251225,XDCE,大商所,J,12,12,2,0
20251225,XDCE,大商所,JM,12,12,3,0
20251225,XDCE,大商所,L,12,12,3,0
20251225,XDCE,大商所,M,8,8,5,0
20251225,XDCE,大商所,P,12,12,3,0
20251225,XDCE,大商所,PG,12,12,2,0
20251225,XDCE,大商所,PP,12,12,4,0
20251225,XDCE,大商所,RR,12,12,0,0
20251225,XDCE,大商所,V,12,12,5,0
20251225,XDCE,大商所,Y,8,8,4,0
20251225,XSGE,上期所,AG,12,12,10,0
20251225,XSGE,上期所,AL,12,12,5,0
20251225,XSGE,上期所,AO,12,12,6,0
20251225,XSGE,上期所,AU,8,8,3,0
20251225,XSGE,上期所,BR,12,12,3,0
20251225,XSGE,上期所,BU,16,16,4,0
20251225,XSGE,上期所,CU,12,12,5,0
20251225,XSGE,上期所,FU,12,12,6,0
20251225,XSGE,上期所,HC,12,12,4,0
20251225,XSGE,上期所,NI,12,12,5,0
20251225,XSGE,上期所,OP,12,12,0,0
20251225,XSGE,上期所,PB,12,12,3,0
20251225,XSGE,上期所,RB,12,12,6,0
20251225,XSGE,上期所,RU,10,10,3,0
20251225,XSGE,上期所,SN,12,12,4,0
20251225,XSGE,上期所,SP,12,12,3,0
20251225,XSGE,上期所,SS,12,12,4,0
20251225,XSGE,上期所,ZN,12,12,3,0
20251225,XSIE,能源中心,BC,12,12,2,0
20251225,XSIE,能源中心,LU,12,12,3,0
20251225,XSIE,能源中心,NR,12,12,5,0
20251225,XSIE,能源中心,SC,20,20,3,0
20251226,XDCE,大商所,A,6,6,5,0
20251226,XDCE,大商所,B,12,12,6,0
20251226,XDCE,大商所,C,6,6,5,0
20251226,XDCE,大商所,CS,6,6,3,0
20251226,XDCE,大商所,EB,12,12,4,0
20251226,XDCE,大商所,EG,12,12,3,0
20251226,XDCE,大商所,I,12,12,3,0
20251226,XDCE,大商所,J,12,12,2,0
20251226,XDCE,大商所,JM,12,12,5,0
20251226,XDCE,大商所,L,12,12,4,0
20251226,XDCE,大商所,M,8,8,5,0
20251226,XDCE,大商所,P,12,12,3,0
20251226,XDCE,大商所,PG,12,12,4,0
20251226,XDCE,大商所,PP,12,12,3,0
20251226,XDCE,大商所,RR,12,12,1,0
20251226,XDCE,大商所,V,12,12,6,0
20251226,XDCE,大商所,Y,8,8,3,0
20251226,XSGE,上期所,AG,12,12,9,0
20251226,XSGE,上期所,AL,12,12,4,0
20251226,XSGE,上期所,AO,12,12,4,0
20251226,XSGE,上期所,AU,8,8,4,0
20251226,XSGE,上期所,BR,12,12,4,0
20251226,XSGE,上期所,BU,16,16,3,0
20251226,XSGE,上期所,CU,12,12,5,0
20251226,XSGE,上期所,FU,12,12,6,0
20251226,XSGE,上期所,HC,12,12,4,0
20251226,XSGE,上期所,NI,12,12,6,0
20251226,XSGE,上期所,OP,12,12,2,0
20251226,XSGE,上期所,PB,12,12,3,0
20251226,XSGE,上期所,RB,12,12,4,0
20251226,XSGE,上期所,RU,10,10,3,0
20251226,XSGE,上期所,SN,12,12,3,0
20251226,XSGE,上期所,SP,12,12,4,0
20251226,XSGE,上期所,SS,12,12,3,0
20251226,XSGE,上期所,ZN,12,12,4,0
20251226,XSIE,能源中心,BC,12,12,1,0
20251226,XSIE,能源中心,LU,12,12,3,0
20251226,XSIE,能源中心,NR,12,12,3,0
20251226,XSIE,能源中心,SC,20,20,2,0
20251229,XDCE,大商所,A,6,6,3,0
20251229,XDCE,大商所,B,12,12,6,0
20251229,XDCE,大商所,C,6,6,4,0
20251229,XDCE,大商所,CS,6,6,4,0
20251229,XDCE,大商所,EB,12,12,5,0
20251229,XDCE,大商所,EG,12,12,4,0
20251229,XDCE,大商所,I,12,12,4,0
20251229,XDCE,大商所,J,12,12,2,0
20251229,XDCE,大商所,JM,12,12,4,0
20251229,XDCE,大商所,L,12,12,6,0
20251229,XDCE,大商所,M,8,8,6,0
20251229,XDCE,大商所,P,12,12,4,0
20251229,XDCE,大商所,PG,12,12,3,0
20251229,XDCE,大商所,PP,12,12,5,0
20251229,XDCE,大商所,RR,12,12,0,0
20251229,XDCE,大商所,V,12,12,4,0
20251229,XDCE,大商所,Y,8,8,3,0
20251229,XSGE,上期所,AG,12,12,10,0
20251229,XSGE,上期所,AL,12,12,6,0
20251229,XSGE,上期所,AO,12,12,6,0
20251229,XSGE,上期所,AU,8,8,4,0
20251229,XSGE,上期所,BR,12,12,4,0
20251229,XSGE,上期所,BU,16,16,5,0
20251229,XSGE,上期所,CU,12,12,5,0
20251229,XSGE,上期所,FU,12,12,6,0
20251229,XSGE,上期所,HC,12,12,4,0
20251229,XSGE,上期所,NI,12,12,5,0
20251229,XSGE,上期所,OP,12,12,3,0
20251229,XSGE,上期所,PB,12,12,2,0
20251229,XSGE,上期所,RB,12,12,5,0
20251229,XSGE,上期所,RU,10,10,3,0
20251229,XSGE,上期所,SN,12,12,3,0
20251229,XSGE,上期所,SP,12,12,4,0
20251229,XSGE,上期所,SS,12,12,3,0
20251229,XSGE,上期所,ZN,12,12,4,0
20251229,XSIE,能源中心,BC,12,12,2,0
20251229,XSIE,能源中心,LU,12,12,4,0
20251229,XSIE,能源中心,NR,12,12,3,0
20251229,XSIE,能源中心,SC,20,20,3,0
20251230,XDCE,大商所,A,6,6,4,0
20251230,XDCE,大商所,B,12,12,4,0
20251230,XDCE,大商所,C,6,6,6,0
20251230,XDCE,大商所,CS,6,6,3,0
20251230,XDCE,大商所,EB,12,12,4,0
20251230,XDCE,大商所,EG,12,12,4,0
20251230,XDCE,大商所,I,12,12,6,0
20251230,XDCE,大商所,J,12,12,2,0
20251230,XDCE,大商所,JM,12,12,5,0
20251230,XDCE,大商所,L,12,12,4,0
20251230,XDCE,大商所,M,8,8,6,0
20251230,XDCE,大商所,P,12,12,3,0
20251230,XDCE,大商所,PG,12,12,4,0
20251230,XDCE,大商所,PP,12,12,4,0
20251230,XDCE,大商所,RR,12,12,1,0
20251230,XDCE,大商所,V,12,12,5,0
20251230,XDCE,大商所,Y,8,8,3,0
20251230,XSGE,上期所,AG,12,12,10,0
20251230,XSGE,上期所,AL,12,12,6,0
20251230,XSGE,上期所,AO,12,12,5,0
20251230,XSGE,上期所,AU,8,8,5,0
20251230,XSGE,上期所,BR,12,12,4,0
20251230,XSGE,上期所,BU,16,16,6,0
20251230,XSGE,上期所,CU,12,12,10,0
20251230,XSGE,上期所,FU,12,12,9,0
20251230,XSGE,上期所,HC,12,12,4,0
20251230,XSGE,上期所,NI,12,12,6,0
20251230,XSGE,上期所,OP,12,12,1,0
20251230,XSGE,上期所,PB,12,12,3,0
20251230,XSGE,上期所,RB,12,12,5,0
20251230,XSGE,上期所,RU,10,10,3,0
20251230,XSGE,上期所,SN,12,12,4,0
20251230,XSGE,上期所,SP,12,12,3,0
20251230,XSGE,上期所,SS,12,12,4,0
20251230,XSGE,上期所,ZN,12,12,5,0
20251230,XSIE,能源中心,BC,12,12,2,0
20251230,XSIE,能源中心,LU,12,12,3,0
20251230,XSIE,能源中心,NR,12,12,2,0
20251230,XSIE,能源中心,SC,20,20,3,0
20251231,XDCE,大商所,A,6,6,4,0
20251231,XDCE,大商所,B,12,12,4,0
20251231,XDCE,大商所,C,6,6,3,0
20251231,XDCE,大商所,CS,6,6,4,0
20251231,XDCE,大商所,EB,12,12,3,0
20251231,XDCE,大商所,EG,12,12,4,0
20251231,XDCE,大商所,I,12,12,5,0
20251231,XDCE,大商所,J,12,12,2,0
20251231,XDCE,大商所,JM,12,12,5,0
20251231,XDCE,大商所,L,12,12,4,0
20251231,XDCE,大商所,M,8,8,5,0
20251231,XDCE,大商所,P,12,12,3,0
20251231,XDCE,大商所,PG,12,12,3,0
20251231,XDCE,大商所,PP,12,12,3,0
20251231,XDCE,大商所,RR,12,12,0,0
20251231,XDCE,大商所,V,12,12,4,0
20251231,XDCE,大商所,Y,8,8,4,0
20251231,XSGE,上期所,AG,12,12,11,0
20251231,XSGE,上期所,AL,12,12,5,0
20251231,XSGE,上期所,AO,12,12,7,0
20251231,XSGE,上期所,AU,8,8,3,0
20251231,XSGE,上期所,BR,12,12,4,0
20251231,XSGE,上期所,BU,16,16,5,0
20251231,XSGE,上期所,CU,12,12,6,0
20251231,XSGE,上期所,FU,12,12,7,0
20251231,XSGE,上期所,HC,12,12,5,0
20251231,XSGE,上期所,NI,12,12,6,0
20251231,XSGE,上期所,OP,12,12,2,0
20251231,XSGE,上期所,PB,12,12,3,0
20251231,XSGE,上期所,RB,12,12,5,0
20251231,XSGE,上期所,RU,10,10,3,0
20251231,XSGE,上期所,SN,12,12,5,0
20251231,XSGE,上期所,SP,12,12,3,0
20251231,XSGE,上期所,SS,12,12,4,0
20251231,XSGE,上期所,ZN,12,12,4,0
20251231,XSIE,能源中心,BC,12,12,1,0
20251231,XSIE,能源中心,LU,12,12,4,0
20251231,XSIE,能源中心,NR,12,12,3,0
20251231,XSIE,能源中心,SC,20,20,3,0
20260106,XDCE,大商所,A,6,6,3,0
20260106,XDCE,大商所,B,12,12,5,0
20260106,XDCE,大商所,C,6,6,4,0
20260106,XDCE,大商所,CS,6,6,2,0
20260106,XDCE,大商所,EB,12,12,4,0
20260106,XDCE,大商所,EG,12,12,5,0
20260106,XDCE,大商所,I,12,12,5,0
20260106,XDCE,大商所,J,12,12,1,0
20260106,XDCE,大商所,JM,12,12,5,0
20260106,XDCE,大商所,L,12,12,4,0
20260106,XDCE,大商所,M,8,8,5,0
20260106,XDCE,大商所,P,12,12,3,0
20260106,XDCE,大商所,PG,12,12,3,0
20260106,XDCE,大商所,PP,12,12,3,0
20260106,XDCE,大商所,RR,12,12,0,0
20260106,XDCE,大商所,V,12,12,6,0
20260106,XDCE,大商所,Y,8,8,8,0
20260106,XSGE,上期所,AG,12,12,12,0
20260106,XSGE,上期所,AL,12,12,6,0
20260106,XSGE,上期所,AO,12,12,7,0
20260106,XSGE,上期所,AU,8,8,4,0
20260106,XSGE,上期所,BR,12,12,3,0
20260106,XSGE,上期所,BU,16,16,5,0
20260106,XSGE,上期所,CU,12,12,8,0
20260106,XSGE,上期所,FU,12,12,11,0
20260106,XSGE,上期所,HC,12,12,5,0
20260106,XSGE,上期所,NI,12,12,5,0
20260106,XSGE,上期所,OP,12,12,1,0
20260106,XSGE,上期所,PB,12,12,2,0
20260106,XSGE,上期所,RB,12,12,5,0
20260106,XSGE,上期所,RU,10,10,3,0
20260106,XSGE,上期所,SN,12,12,4,0
20260106,XSGE,上期所,SP,12,12,3,0
20260106,XSGE,上期所,SS,12,12,2,0
20260106,XSGE,上期所,ZN,12,12,4,0
20260106,XSIE,能源中心,BC,12,12,2,0
20260106,XSIE,能源中心,LU,12,12,4,0
20260106,XSIE,能源中心,NR,12,12,4,0
20260106,XSIE,能源中心,SC,20,20,5,0
20260107,XDCE,大商所,A,6,6,3,0
20260107,XDCE,大商所,B,12,12,3,0
20260107,XDCE,大商所,C,6,6,4,0
20260107,XDCE,大商所,CS,6,6,2,0
20260107,XDCE,大商所,EB,12,12,3,0
20260107,XDCE,大商所,EG,12,12,2,0
20260107,XDCE,大商所,I,12,12,4,0
20260107,XDCE,大商所,J,12,12,1,0
20260107,XDCE,大商所,JM,12,12,4,0
20260107,XDCE,大商所,L,12,12,3,0
20260107,XDCE,大商所,M,8,8,5,0
20260107,XDCE,大商所,P,12,12,3,0
20260107,XDCE,大商所,PG,12,12,3,0
20260107,XDCE,大商所,PP,12,12,3,0
20260107,XDCE,大商所,RR,12,12,0,0
20260107,XDCE,大商所,V,12,12,7,0
20260107,XDCE,大商所,Y,8,8,2,0
20260107,XSGE,上期所,AG,12,12,11,0
20260107,XSGE,上期所,AL,12,12,8,0
20260107,XSGE,上期所,AO,12,12,5,0
20260107,XSGE,上期所,AU,8,8,4,0
20260107,XSGE,上期所,BR,12,12,3,0
20260107,XSGE,上期所,BU,16,16,6,0
20260107,XSGE,上期所,CU,12,12,10,0
20260107,XSGE,上期所,FU,12,12,9,0
20260107,XSGE,上期所,HC,12,12,5,0
20260107,XSGE,上期所,NI,12,12,7,0
20260107,XSGE,上期所,OP,12,12,1,0
20260107,XSGE,上期所,PB,12,12,2,0
20260107,XSGE,上期所,RB,12,12,5,0
20260107,XSGE,上期所,RU,10,10,3,0
20260107,XSGE,上期所,SN,12,12,5,0
20260107,XSGE,上期所,SP,12,12,4,0
20260107,XSGE,上期所,SS,12,12,4,0
20260107,XSGE,上期所,ZN,12,12,4,0
20260107,XSIE,能源中心,BC,12,12,2,0
20260107,XSIE,能源中心,LU,12,12,4,0
20260107,XSIE,能源中心,NR,12,12,3,0
20260107,XSIE,能源中心,SC,20,20,4,0
20260108,XDCE,大商所,A,6,6,4,0
20260108,XDCE,大商所,B,12,12,4,0
20260108,XDCE,大商所,C,6,6,5,0
20260108,XDCE,大商所,CS,6,6,2,0
20260108,XDCE,大商所,EB,12,12,6,0
20260108,XDCE,大商所,EG,12,12,3,0
20260108,XDCE,大商所,I,12,12,3,0
20260108,XDCE,大商所,J,12,12,1,0
20260108,XDCE,大商所,JM,12,12,9,0
20260108,XDCE,大商所,L,12,12,5,0
20260108,XDCE,大商所,M,8,8,4,0
20260108,XDCE,大商所,P,12,12,3,0
20260108,XDCE,大商所,PG,12,12,3,0
20260108,XDCE,大商所,PP,12,12,4,0
20260108,XDCE,大商所,RR,12,12,1,0
20260108,XDCE,大商所,V,12,12,5,0
20260108,XDCE,大商所,Y,8,8,3,0
20260108,XSGE,上期所,AG,12,12,10,0
20260108,XSGE,上期所,AL,12,12,5,0
20260108,XSGE,上期所,AO,12,12,6,0
20260108,XSGE,上期所,AU,8,8,4,0
20260108,XSGE,上期所,BR,12,12,4,0
20260108,XSGE,上期所,BU,16,16,5,0
20260108,XSGE,上期所,CU,12,12,5,0
20260108,XSGE,上期所,FU,12,12,12,0
20260108,XSGE,上期所,HC,12,12,5,0
20260108,XSGE,上期所,NI,12,12,5,0
20260108,XSGE,上期所,OP,12,12,1,0
20260108,XSGE,上期所,PB,12,12,3,0
20260108,XSGE,上期所,RB,12,12,6,0
20260108,XSGE,上期所,RU,10,10,3,0
20260108,XSGE,上期所,SN,12,12,5,0
20260108,XSGE,上期所,SP,12,12,2,0
20260108,XSGE,上期所,SS,12,12,4,0
20260108,XSGE,上期所,ZN,12,12,3,0
20260108,XSIE,能源中心,BC,12,12,1,0
20260108,XSIE,能源中心,LU,12,12,4,0
20260108,XSIE,能源中心,NR,12,12,4,0
20260108,XSIE,能源中心,SC,20,20,5,0
20260109,XDCE,大商所,A,6,6,4,0
20260109,XDCE,大商所,B,12,12,4,0
20260109,XDCE,大商所,C,6,6,4,0
20260109,XDCE,大商所,CS,6,6,2,0
20260109,XDCE,大商所,EB,12,12,4,0
20260109,XDCE,大商所,EG,12,12,4,0
20260109,XDCE,大商所,I,12,12,4,0
20260109,XDCE,大商所,J,12,12,2,0
20260109,XDCE,大商所,JM,12,12,4,0
20260109,XDCE,大商所,L,12,12,3,0
20260109,XDCE,大商所,M,8,8,5,0
20260109,XDCE,大商所,P,12,12,3,0
20260109,XDCE,大商所,PG,12,12,4,0
20260109,XDCE,大商所,PP,12,12,4,0
20260109,XDCE,大商所,RR,12,12,0,0
20260109,XDCE,大商所,V,12,12,5,0
20260109,XDCE,大商所,Y,8,8,3,0
20260109,XSGE,上期所,AG,12,12,11,0
20260109,XSGE,上期所,AL,12,12,5,0
20260109,XSGE,上期所,AO,12,12,5,0
20260109,XSGE,上期所,AU,8,8,3,0
20260109,XSGE,上期所,BR,12,12,3,0
20260109,XSGE,上期所,BU,16,16,5,0
20260109,XSGE,上期所,CU,12,12,5,0
20260109,XSGE,上期所,FU,12,12,10,0
20260109,XSGE,上期所,HC,12,12,3,0
20260109,XSGE,上期所,NI,12,12,6,0
20260109,XSGE,上期所,OP,12,12,1,0
20260109,XSGE,上期所,PB,12,12,2,0
20260109,XSGE,上期所,RB,12,12,7,0
20260109,XSGE,上期所,RU,10,10,2,0
20260109,XSGE,上期所,SN,12,12,4,0
20260109,XSGE,上期所,SP,12,12,4,0
20260109,XSGE,上期所,SS,12,12,6,0
20260109,XSGE,上期所,ZN,12,12,4,0
20260109,XSIE,能源中心,BC,12,12,3,0
20260109,XSIE,能源中心,LU,12,12,4,0
20260109,XSIE,能源中心,NR,12,12,3,0
20260109,XSIE,能源中心,SC,20,20,3,0
20260112,XDCE,大商所,A,6,6,3,0
20260112,XDCE,大商所,B,12,12,4,0
20260112,XDCE,大商所,C,6,6,5,0
20260112,XDCE,大商所,CS,6,6,2,0
20260112,XDCE,大商所,EB,12,12,4,0
20260112,XDCE,大商所,EG,12,12,1,0
20260112,XDCE,大商所,I,12,12,4,0
20260112,XDCE,大商所,J,12,12,1,0
20260112,XDCE,大商所,JM,12,12,3,0
20260112,XDCE,大商所,L,12,12,3,0
20260112,XDCE,大商所,M,8,8,4,0
20260112,XDCE,大商所,P,12,12,4,0
20260112,XDCE,大商所,PG,12,12,3,0
20260112,XDCE,大商所,PP,12,12,4,0
20260112,XDCE,大商所,RR,12,12,1,0
20260112,XDCE,大商所,V,12,12,8,0
20260112,XDCE,大商所,Y,8,8,4,0
20260112,XSGE,上期所,AG,12,12,10,0
20260112,XSGE,上期所,AL,12,12,5,0
20260112,XSGE,上期所,AO,12,12,6,0
20260112,XSGE,上期所,AU,8,8,4,0
20260112,XSGE,上期所,BR,12,12,4,0
20260112,XSGE,上期所,BU,16,16,4,0
20260112,XSGE,上期所,CU,12,12,7,0
20260112,XSGE,上期所,FU,12,12,9,0
20260112,XSGE,上期所,HC,12,12,3,0
20260112,XSGE,上期所,NI,12,12,5,0
20260112,XSGE,上期所,OP,12,12,1,0
20260112,XSGE,上期所,PB,12,12,2,0
20260112,XSGE,上期所,RB,12,12,5,0
20260112,XSGE,上期所,RU,10,10,2,0
20260112,XSGE,上期所,SN,12,12,4,0
20260112,XSGE,上期所,SP,12,12,4,0
20260112,XSGE,上期所,SS,12,12,5,0
20260112,XSGE,上期所,ZN,12,12,4,0
20260112,XSIE,能源中心,BC,12,12,1,0
20260112,XSIE,能源中心,LU,12,12,3,0
20260112,XSIE,能源中心,NR,12,12,4,0
20260112,XSIE,能源中心,SC,20,20,3,0
20260113,XDCE,大商所,A,6,6,2,0
20260113,XDCE,大商所,B,12,12,4,0
20260113,XDCE,大商所,C,6,6,5,0
20260113,XDCE,大商所,CS,6,6,2,0
20260113,XDCE,大商所,EB,12,12,4,0
20260113,XDCE,大商所,EG,12,12,2,0
20260113,XDCE,大商所,I,12,12,3,0
20260113,XDCE,大商所,J,12,12,1,0
20260113,XDCE,大商所,JM,12,12,4,0
20260113,XDCE,大商所,L,12,12,4,0
20260113,XDCE,大商所,M,8,8,6,0
20260113,XDCE,大商所,P,12,12,2,0
20260113,XDCE,大商所,PG,12,12,4,0
20260113,XDCE,大商所,PP,12,12,4,0
20260113,XDCE,大商所,RR,12,12,0,0
20260113,XDCE,大商所,V,12,12,5,0
20260113,XDCE,大商所,Y,8,8,2,0
20260113,XSGE,上期所,AG,12,12,9,0
20260113,XSGE,上期所,AL,12,12,7,0
20260113,XSGE,上期所,AO,12,12,6,0
20260113,XSGE,上期所,AU,8,8,3,0
20260113,XSGE,上期所,BR,12,12,4,0
20260113,XSGE,上期所,BU,16,16,4,0
20260113,XSGE,上期所,CU,12,12,6,0
20260113,XSGE,上期所,FU,12,12,9,0
20260113,XSGE,上期所,HC,12,12,4,0
20260113,XSGE,上期所,NI,12,12,10,0
20260113,XSGE,上期所,OP,12,12,2,0
20260113,XSGE,上期所,PB,12,12,5,0
20260113,XSGE,上期所,RB,12,12,8,0
20260113,XSGE,上期所,RU,10,10,3,0
20260113,XSGE,上期所,SN,12,12,5,0
20260113,XSGE,上期所,SP,12,12,4,0
20260113,XSGE,上期所,SS,12,12,5,0
20260113,XSGE,上期所,ZN,12,12,5,0
20260113,XSIE,能源中心,BC,12,12,1,0
20260113,XSIE,能源中心,LU,12,12,3,0
20260113,XSIE,能源中心,NR,12,12,4,0
20260113,XSIE,能源中心,SC,20,20,2,0
20260114,XDCE,大商所,A,6,6,3,0
20260114,XDCE,大商所,B,12,12,3,0
20260114,XDCE,大商所,C,6,6,4,0
20260114,XDCE,大商所,CS,6,6,2,0
20260114,XDCE,大商所,EB,12,12,3,0
20260114,XDCE,大商所,EG,12,12,5,0
20260114,XDCE,大商所,I,12,12,4,0
20260114,XDCE,大商所,J,12,12,1,0
20260114,XDCE,大商所,JM,12,12,4,0
20260114,XDCE,大商所,L,12,12,4,0
20260114,XDCE,大商所,M,8,8,6,0
20260114,XDCE,大商所,P,12,12,2,0
20260114,XDCE,大商所,PG,12,12,3,0
20260114,XDCE,大商所,PP,12,12,3,0
20260114,XDCE,大商所,RR,12,12,1,0
20260114,XDCE,大商所,V,12,12,4,0
20260114,XDCE,大商所,Y,8,8,2,0
20260114,XSGE,上期所,AG,12,12,10,0
20260114,XSGE,上期所,AL,12,12,4,0
20260114,XSGE,上期所,AO,12,12,5,0
20260114,XSGE,上期所,AU,8,8,4,0
20260114,XSGE,上期所,BR,12,12,3,0
20260114,XSGE,上期所,BU,16,16,7,0
20260114,XSGE,上期所,CU,12,12,6,0
20260114,XSGE,上期所,FU,12,12,11,0
20260114,XSGE,上期所,HC,12,12,3,0
20260114,XSGE,上期所,NI,12,12,6,0
20260114,XSGE,上期所,OP,12,12,1,0
20260114,XSGE,上期所,PB,12,12,3,0
20260114,XSGE,上期所,RB,12,12,5,0
20260114,XSGE,上期所,RU,10,10,3,0
20260114,XSGE,上期所,SN,12,12,4,0
20260114,XSGE,上期所,SP,12,12,2,0
20260114,XSGE,上期所,SS,12,12,5,0
20260114,XSGE,上期所,ZN,12,12,4,0
20260114,XSIE,能源中心,BC,12,12,2,0
20260114,XSIE,能源中心,LU,12,12,4,0
20260114,XSIE,能源中心,NR,12,12,3,0
20260114,XSIE,能源中心,SC,20,20,5,0
20260115,XDCE,大商所,A,6,6,4,0
20260115,XDCE,大商所,B,12,12,4,0
20260115,XDCE,大商所,C,6,6,4,0
20260115,XDCE,大商所,CS,6,6,2,0
20260115,XDCE,大商所,EB,12,12,4,0
20260115,XDCE,大商所,EG,12,12,5,0
20260115,XDCE,大商所,I,12,12,3,0
20260115,XDCE,大商所,J,12,12,1,0
20260115,XDCE,大商所,JM,12,12,2,0
20260115,XDCE,大商所,L,12,12,4,0
20260115,XDCE,大商所,M,8,8,5,0
20260115,XDCE,大商所,P,12,12,2,0
20260115,XDCE,大商所,PG,12,12,3,0
20260115,XDCE,大商所,PP,12,12,4,0
20260115,XDCE,大商所,RR,12,12,0,0
20260115,XDCE,大商所,V,12,12,6,0
20260115,XDCE,大商所,Y,8,8,3,0
20260115,XSGE,上期所,AG,12,12,11,0
20260115,XSGE,上期所,AL,12,12,5,0
20260115,XSGE,上期所,AO,12,12,5,0
20260115,XSGE,上期所,AU,8,8,5,0
20260115,XSGE,上期所,BR,12,12,3,0
20260115,XSGE,上期所,BU,16,16,6,0
20260115,XSGE,上期所,CU,12,12,6,0
20260115,XSGE,上期所,FU,12,12,11,0
20260115,XSGE,上期所,HC,12,12,4,0
20260115,XSGE,上期所,NI,12,12,7,0
20260115,XSGE,上期所,OP,12,12,2,0
20260115,XSGE,上期所,PB,12,12,3,0
20260115,XSGE,上期所,RB,12,12,5,0
20260115,XSGE,上期所,RU,10,10,3,0
20260115,XSGE,上期所,SN,12,12,5,0
20260115,XSGE,上期所,SP,12,12,2,0
20260115,XSGE,上期所,SS,12,12,5,0
20260115,XSGE,上期所,ZN,12,12,4,0
20260115,XSIE,能源中心,BC,12,12,2,0
20260115,XSIE,能源中心,LU,12,12,4,0
20260115,XSIE,能源中心,NR,12,12,4,0
20260115,XSIE,能源中心,SC,20,20,5,0
20260116,XDCE,大商所,A,6,6,3,0
20260116,XDCE,大商所,B,12,12,4,0
20260116,XDCE,大商所,C,6,6,4,0
20260116,XDCE,大商所,CS,6,6,3,0
20260116,XDCE,大商所,EB,12,12,4,0
20260116,XDCE,大商所,EG,12,12,3,0
20260116,XDCE,大商所,I,12,12,3,0
20260116,XDCE,大商所,J,12,12,1,0
20260116,XDCE,大商所,JM,12,12,3,0
20260116,XDCE,大商所,L,12,12,4,0
20260116,XDCE,大商所,M,8,8,4,0
20260116,XDCE,大商所,P,12,12,2,0
20260116,XDCE,大商所,PG,12,12,5,0
20260116,XDCE,大商所,PP,12,12,4,0
20260116,XDCE,大商所,RR,12,12,1,0
20260116,XDCE,大商所,V,12,12,4,0
20260116,XDCE,大商所,Y,8,8,3,0
20260116,XSGE,上期所,AG,12,12,11,0
20260116,XSGE,上期所,AL,12,12,6,0
20260116,XSGE,上期所,AO,12,12,4,0
20260116,XSGE,上期所,AU,8,8,4,0
20260116,XSGE,上期所,BR,12,12,4,0
20260116,XSGE,上期所,BU,16,16,5,0
20260116,XSGE,上期所,CU,12,12,5,0
20260116,XSGE,上期所,FU,12,12,9,0
20260116,XSGE,上期所,HC,12,12,3,0
20260116,XSGE,上期所,NI,12,12,6,0
20260116,XSGE,上期所,OP,12,12,0,0
20260116,XSGE,上期所,PB,12,12,4,0
20260116,XSGE,上期所,RB,12,12,4,0
20260116,XSGE,上期所,RU,10,10,2,0
20260116,XSGE,上期所,SN,12,12,7,0
20260116,XSGE,上期所,SP,12,12,3,0
20260116,XSGE,上期所,SS,12,12,5,0
20260116,XSGE,上期所,ZN,12,12,4,0
20260116,XSIE,能源中心,BC,12,12,2,0
20260116,XSIE,能源中心,LU,12,12,5,0
20260116,XSIE,能源中心,NR,12,12,4,0
20260116,XSIE,能源中心,SC,20,20,5,0
20260119,XDCE,大商所,A,6,6,2,0
20260119,XDCE,大商所,B,12,12,3,0
20260119,XDCE,大商所,C,6,6,5,0
20260119,XDCE,大商所,CS,6,6,2,0
20260119,XDCE,大商所,EB,12,12,5,0
20260119,XDCE,大商所,EG,12,12,2,0
20260119,XDCE,大商所,I,12,12,4,0
20260119,XDCE,大商所,J,12,12,2,0
20260119,XDCE,大商所,JM,12,12,5,0
20260119,XDCE,大商所,L,12,12,3,0
20260119,XDCE,大商所,M,8,8,5,0
20260119,XDCE,大商所,P,12,12,2,0
20260119,XDCE,大商所,PG,12,12,3,0
20260119,XDCE,大商所,PP,12,12,4,0
20260119,XDCE,大商所,RR,12,12,0,0
20260119,XDCE,大商所,V,12,12,3,0
20260119,XDCE,大商所,Y,8,8,4,0
20260119,XSGE,上期所,AG,12,12,11,0
20260119,XSGE,上期所,AL,12,12,4,0
20260119,XSGE,上期所,AO,12,12,6,0
20260119,XSGE,上期所,AU,8,8,3,0
20260119,XSGE,上期所,BR,12,12,4,0
20260119,XSGE,上期所,BU,16,16,5,0
20260119,XSGE,上期所,CU,12,12,7,0
20260119,XSGE,上期所,FU,12,12,11,0
20260119,XSGE,上期所,HC,12,12,5,0
20260119,XSGE,上期所,NI,12,12,6,0
20260119,XSGE,上期所,OP,12,12,0,0
20260119,XSGE,上期所,PB,12,12,3,0
20260119,XSGE,上期所,RB,12,12,4,0
20260119,XSGE,上期所,RU,10,10,2,0
20260119,XSGE,上期所,SN,12,12,6,0
20260119,XSGE,上期所,SP,12,12,3,0
20260119,XSGE,上期所,SS,12,12,4,0
20260119,XSGE,上期所,ZN,12,12,4,0
20260119,XSIE,能源中心,BC,12,12,1,0
20260119,XSIE,能源中心,LU,12,12,3,0
20260119,XSIE,能源中心,NR,12,12,4,0
20260119,XSIE,能源中心,SC,20,20,5,0
20260120,XDCE,大商所,A,6,6,3,0
20260120,XDCE,大商所,B,12,12,3,0
20260120,XDCE,大商所,C,6,6,4,0
20260120,XDCE,大商所,CS,6,6,2,0
20260120,XDCE,大商所,EB,12,12,4,0
20260120,XDCE,大商所,EG,12,12,3,0
20260120,XDCE,大商所,I,12,12,5,0
20260120,XDCE,大商所,J,12,12,2,0
20260120,XDCE,大商所,JM,12,12,3,0
20260120,XDCE,大商所,L,12,12,1,0
20260120,XDCE,大商所,M,8,8,3,0
20260120,XDCE,大商所,P,12,12,2,0
20260120,XDCE,大商所,PG,12,12,3,0
20260120,XDCE,大商所,PP,12,12,2,0
20260120,XDCE,大商所,RR,12,12,1,0
20260120,XDCE,大商所,V,12,12,3,0
20260120,XDCE,大商所,Y,8,8,3,0
20260120,XSGE,上期所,AG,12,12,11,0
20260120,XSGE,上期所,AL,12,12,4,0
20260120,XSGE,上期所,AO,12,12,5,0
20260120,XSGE,上期所,AU,8,8,5,0
20260120,XSGE,上期所,BR,12,12,4,0
20260120,XSGE,上期所,BU,16,16,4,0
20260120,XSGE,上期所,CU,12,12,7,0
20260120,XSGE,上期所,FU,12,12,6,0
20260120,XSGE,上期所,HC,12,12,3,0
20260120,XSGE,上期所,NI,12,12,6,0
20260120,XSGE,上期所,OP,12,12,0,0
20260120,XSGE,上期所,PB,12,12,3,0
20260120,XSGE,上期所,RB,12,12,5,0
20260120,XSGE,上期所,RU,10,10,2,0
20260120,XSGE,上期所,SN,12,12,5,0
20260120,XSGE,上期所,SP,12,12,2,0
20260120,XSGE,上期所,SS,12,12,4,0
20260120,XSGE,上期所,ZN,12,12,4,0
20260120,XSIE,能源中心,BC,12,12,1,0
20260120,XSIE,能源中心,LU,12,12,4,0
20260120,XSIE,能源中心,NR,12,12,4,0
20260120,XSIE,能源中心,SC,20,20,3,0
20260121,XDCE,大商所,A,6,6,3,0
20260121,XDCE,大商所,B,12,12,3,0
20260121,XDCE,大商所,C,6,6,4,0
20260121,XDCE,大商所,CS,6,6,2,0
20260121,XDCE,大商所,EB,12,12,5,0
20260121,XDCE,大商所,EG,12,12,4,0
20260121,XDCE,大商所,I,12,12,5,0
20260121,XDCE,大商所,J,12,12,1,0
20260121,XDCE,大商所,JM,12,12,5,0
20260121,XDCE,大商所,L,12,12,3,0
20260121,XDCE,大商所,M,8,8,4,0
20260121,XDCE,大商所,P,12,12,3,0
20260121,XDCE,大商所,PG,12,12,4,0
20260121,XDCE,大商所,PP,12,12,4,0
20260121,XDCE,大商所,RR,12,12,1,0
20260121,XDCE,大商所,V,12,12,4,0
20260121,XDCE,大商所,Y,8,8,3,0
20260121,XSGE,上期所,AG,12,12,11,0
20260121,XSGE,上期所,AL,12,12,4,0
20260121,XSGE,上期所,AO,12,12,4,0
20260121,XSGE,上期所,AU,8,8,6,0
20260121,XSGE,上期所,BR,12,12,4,0
20260121,XSGE,上期所,BU,16,16,5,0
20260121,XSGE,上期所,CU,12,12,6,0
20260121,XSGE,上期所,FU,12,12,9,0
20260121,XSGE,上期所,HC,12,12,4,0
20260121,XSGE,上期所,NI,12,12,6,0
20260121,XSGE,上期所,OP,12,12,0,0
20260121,XSGE,上期所,PB,12,12,3,0
20260121,XSGE,上期所,RB,12,12,4,0
20260121,XSGE,上期所,RU,10,10,2,0
20260121,XSGE,上期所,SN,12,12,5,0
20260121,XSGE,上期所,SP,12,12,3,0
20260121,XSGE,上期所,SS,12,12,3,0
20260121,XSGE,上期所,ZN,12,12,4,0
20260121,XSIE,能源中心,BC,12,12,2,0
20260121,XSIE,能源中心,LU,12,12,5,0
20260121,XSIE,能源中心,NR,12,12,3,0
20260121,XSIE,能源中心,SC,20,20,4,0
20260122,XDCE,大商所,A,6,6,3,0
20260122,XDCE,大商所,B,12,12,5,0
20260122,XDCE,大商所,C,6,6,3,0
20260122,XDCE,大商所,CS,6,6,2,0
20260122,XDCE,大商所,EB,12,12,4,0
20260122,XDCE,大商所,EG,12,12,2,0
20260122,XDCE,大商所,I,12,12,5,0
20260122,XDCE,大商所,J,12,12,1,0
20260122,XDCE,大商所,JM,12,12,2,0
20260122,XDCE,大商所,L,12,12,2,0
20260122,XDCE,大商所,M,8,8,7,0
20260122,XDCE,大商所,P,12,12,3,0
20260122,XDCE,大商所,PG,12,12,3,0
20260122,XDCE,大商所,PP,12,12,3,0
20260122,XDCE,大商所,RR,12,12,1,0
20260122,XDCE,大商所,V,12,12,5,0
20260122,XDCE,大商所,Y,8,8,3,0
20260122,XSGE,上期所,AG,12,12,9,0
20260122,XSGE,上期所,AL,12,12,4,0
20260122,XSGE,上期所,AO,12,12,6,0
20260122,XSGE,上期所,AU,8,8,6,0
20260122,XSGE,上期所,BR,12,12,4,0
20260122,XSGE,上期所,BU,16,16,6,0
20260122,XSGE,上期所,CU,12,12,7,0
20260122,XSGE,上期所,FU,12,12,10,0
20260122,XSGE,上期所,HC,12,12,4,0
20260122,XSGE,上期所,NI,12,12,6,0
20260122,XSGE,上期所,OP,12,12,1,0
20260122,XSGE,上期所,PB,12,12,3,0
20260122,XSGE,上期所,RB,12,12,5,0
20260122,XSGE,上期所,RU,10,10,2,0
20260122,XSGE,上期所,SN,12,12,4,0
20260122,XSGE,上期所,SP,12,12,3,0
20260122,XSGE,上期所,SS,12,12,3,0
20260122,XSGE,上期所,ZN,12,12,4,0
20260122,XSIE,能源中心,BC,12,12,2,0
20260122,XSIE,能源中心,LU,12,12,3,0
20260122,XSIE,能源中心,NR,12,12,3,0
20260122,XSIE,能源中心,SC,20,20,5,0
20260123,XDCE,大商所,A,6,6,3,0
20260123,XDCE,大商所,B,12,12,3,0
20260123,XDCE,大商所,C,6,6,4,0
20260123,XDCE,大商所,CS,6,6,2,0
20260123,XDCE,大商所,EB,12,12,6,0
20260123,XDCE,大商所,EG,12,12,4,0
20260123,XDCE,大商所,I,12,12,3,0
20260123,XDCE,大商所,J,12,12,2,0
20260123,XDCE,大商所,JM,12,12,3,0
20260123,XDCE,大商所,L,12,12,3,0
20260123,XDCE,大商所,M,8,8,6,0
20260123,XDCE,大商所,P,12,12,2,0
20260123,XDCE,大商所,PG,12,12,3,0
20260123,XDCE,大商所,PP,12,12,3,0
20260123,XDCE,大商所,RR,12,12,1,0
20260123,XDCE,大商所,V,12,12,4,0
20260123,XDCE,大商所,Y,8,8,3,0
20260123,XSGE,上期所,AG,12,12,11,0
20260123,XSGE,上期所,AL,12,12,4,0
20260123,XSGE,上期所,AO,12,12,4,0
20260123,XSGE,上期所,AU,8,8,5,0
20260123,XSGE,上期所,BR,12,12,4,0
20260123,XSGE,上期所,BU,16,16,5,0
20260123,XSGE,上期所,CU,12,12,6,0
20260123,XSGE,上期所,FU,12,12,12,0
20260123,XSGE,上期所,HC,12,12,4,0
20260123,XSGE,上期所,NI,12,12,5,0
20260123,XSGE,上期所,OP,12,12,1,0
20260123,XSGE,上期所,PB,12,12,3,0
20260123,XSGE,上期所,RB,12,12,4,0
20260123,XSGE,上期所,RU,10,10,3,0
20260123,XSGE,上期所,SN,12,12,4,0
20260123,XSGE,上期所,SP,12,12,3,0
20260123,XSGE,上期所,SS,12,12,3,0
20260123,XSGE,上期所,ZN,12,12,5,0
20260123,XSIE,能源中心,BC,12,12,1,0
20260123,XSIE,能源中心,LU,12,12,4,0
20260123,XSIE,能源中心,NR,12,12,4,0
20260123,XSIE,能源中心,SC,20,20,5,0
20260126,XDCE,大商所,A,6,6,2,0
20260126,XDCE,大商所,B,12,12,3,0
20260126,XDCE,大商所,C,6,6,5,0
20260126,XDCE,大商所,CS,6,6,2,0
20260126,XDCE,大商所,EB,12,12,6,0
20260126,XDCE,大商所,EG,12,12,6,0
20260126,XDCE,大商所,I,12,12,4,0
20260126,XDCE,大商所,J,12,12,1,0
20260126,XDCE,大商所,JM,12,12,4,0
20260126,XDCE,大商所,L,12,12,4,0
20260126,XDCE,大商所,M,8,8,5,0
20260126,XDCE,大商所,P,12,12,4,0
20260126,XDCE,大商所,PG,12,12,3,0
20260126,XDCE,大商所,PP,12,12,6,0
20260126,XDCE,大商所,RR,12,12,0,0
20260126,XDCE,大商所,V,12,12,5,0
20260126,XDCE,大商所,Y,8,8,3,0
20260126,XSGE,上期所,AG,12,12,10,0
20260126,XSGE,上期所,AL,12,12,5,0
20260126,XSGE,上期所,AO,12,12,5,0
20260126,XSGE,上期所,AU,8,8,5,0
20260126,XSGE,上期所,BR,12,12,4,0
20260126,XSGE,上期所,BU,16,16,6,0
20260126,XSGE,上期所,CU,12,12,11,0
20260126,XSGE,上期所,FU,12,12,10,0
20260126,XSGE,上期所,HC,12,12,4,0
20260126,XSGE,上期所,NI,12,12,5,0
20260126,XSGE,上期所,OP,12,12,2,0
20260126,XSGE,上期所,PB,12,12,4,0
20260126,XSGE,上期所,RB,12,12,5,0
20260126,XSGE,上期所,RU,10,10,2,0
20260126,XSGE,上期所,SN,12,12,4,0
20260126,XSGE,上期所,SP,12,12,3,0
20260126,XSGE,上期所,SS,12,12,4,0
20260126,XSGE,上期所,ZN,12,12,4,0
20260126,XSIE,能源中心,BC,12,12,2,0
20260126,XSIE,能源中心,LU,12,12,4,0
20260126,XSIE,能源中心,NR,12,12,4,0
20260126,XSIE,能源中心,SC,20,20,6,0
20260127,XDCE,大商所,A,6,6,3,0
20260127,XDCE,大商所,B,12,12,3,0
20260127,XDCE,大商所,C,6,6,5,0
20260127,XDCE,大商所,CS,6,6,2,0
20260127,XDCE,大商所,EB,12,12,6,0
20260127,XDCE,大商所,EG,12,12,2,0
20260127,XDCE,大商所,I,12,12,3,0
20260127,XDCE,大商所,J,12,12,1,0
20260127,XDCE,大商所,JM,12,12,4,0
20260127,XDCE,大商所,L,12,12,3,0
20260127,XDCE,大商所,M,8,8,5,0
20260127,XDCE,大商所,P,12,12,3,0
20260127,XDCE,大商所,PG,12,12,4,0
20260127,XDCE,大商所,PP,12,12,2,0
20260127,XDCE,大商所,RR,12,12,2,0
20260127,XDCE,大商所,V,12,12,4,0
20260127,XDCE,大商所,Y,8,8,3,0
20260127,XSGE,上期所,AG,12,12,11,0
20260127,XSGE,上期所,AL,12,12,5,0
20260127,XSGE,上期所,AO,12,12,5,0
20260127,XSGE,上期所,AU,8,8,8,0
20260127,XSGE,上期所,BR,12,12,4,0
20260127,XSGE,上期所,BU,16,16,5,0
20260127,XSGE,上期所,CU,12,12,7,0
20260127,XSGE,上期所,FU,12,12,10,0
20260127,XSGE,上期所,HC,12,12,4,0
20260127,XSGE,上期所,NI,12,12,6,0
20260127,XSGE,上期所,OP,12,12,2,0
20260127,XSGE,上期所,PB,12,12,4,0
20260127,XSGE,上期所,RB,12,12,7,0
20260127,XSGE,上期所,RU,10,10,3,0
20260127,XSGE,上期所,SN,12,12,4,0
20260127,XSGE,上期所,SP,12,12,5,0
20260127,XSGE,上期所,SS,12,12,4,0
20260127,XSGE,上期所,ZN,12,12,4,0
20260127,XSIE,能源中心,BC,12,12,2,0
20260127,XSIE,能源中心,LU,12,12,5,0
20260127,XSIE,能源中心,NR,12,12,2,0
20260127,XSIE,能源中心,SC,20,20,5,0
20260128,XDCE,大商所,A,6,6,3,0
20260128,XDCE,大商所,B,12,12,3,0
20260128,XDCE,大商所,C,6,6,5,0
20260128,XDCE,大商所,CS,6,6,2,0
20260128,XDCE,大商所,EB,12,12,4,0
20260128,XDCE,大商所,EG,12,12,3,0
20260128,XDCE,大商所,I,12,12,3,0
20260128,XDCE,大商所,J,12,12,1,0
20260128,XDCE,大商所,JM,12,12,4,0
20260128,XDCE,大商所,L,12,12,3,0
20260128,XDCE,大商所,M,8,8,4,0
20260128,XDCE,大商所,P,12,12,3,0
20260128,XDCE,大商所,PG,12,12,3,0
20260128,XDCE,大商所,PP,12,12,2,0
20260128,XDCE,大商所,RR,12,12,0,0
20260128,XDCE,大商所,V,12,12,4,0
20260128,XDCE,大商所,Y,8,8,4,0
20260128,XSGE,上期所,AG,12,12,10,0
20260128,XSGE,上期所,AL,12,12,5,0
20260128,XSGE,上期所,AO,12,12,4,0
20260128,XSGE,上期所,AU,8,8,5,0
20260128,XSGE,上期所,BR,12,12,5,0
20260128,XSGE,上期所,BU,16,16,5,0
20260128,XSGE,上期所,CU,12,12,7,0
20260128,XSGE,上期所,FU,12,12,9,0
20260128,XSGE,上期所,HC,12,12,4,0
20260128,XSGE,上期所,NI,12,12,5,0
20260128,XSGE,上期所,OP,12,12,0,0
20260128,XSGE,上期所,PB,12,12,3,0
20260128,XSGE,上期所,RB,12,12,5,0
20260128,XSGE,上期所,RU,10,10,2,0
20260128,XSGE,上期所,SN,12,12,4,0
20260128,XSGE,上期所,SP,12,12,4,0
20260128,XSGE,上期所,SS,12,12,4,0
20260128,XSGE,上期所,ZN,12,12,4,0
20260128,XSIE,能源中心,BC,12,12,2,0
20260128,XSIE,能源中心,LU,12,12,5,0
20260128,XSIE,能源中心,NR,12,12,3,0
20260128,XSIE,能源中心,SC,20,20,5,0
20260129,XDCE,大商所,A,6,6,3,0
20260129,XDCE,大商所,B,12,12,4,0
20260129,XDCE,大商所,C,6,6,4,0
20260129,XDCE,大商所,CS,6,6,2,0
20260129,XDCE,大商所,EB,12,12,4,0
20260129,XDCE,大商所,EG,12,12,2,0
20260129,XDCE,大商所,I,12,12,3,0
20260129,XDCE,大商所,J,12,12,1,0
20260129,XDCE,大商所,JM,12,12,3,0
20260129,XDCE,大商所,L,12,12,4,0
20260129,XDCE,大商所,M,8,8,6,0
20260129,XDCE,大商所,P,12,12,3,0
20260129,XDCE,大商所,PG,12,12,3,0
20260129,XDCE,大商所,PP,12,12,3,0
20260129,XDCE,大商所,RR,12,12,1,0
20260129,XDCE,大商所,V,12,12,4,0
20260129,XDCE,大商所,Y,8,8,3,0
20260129,XSGE,上期所,AG,12,12,11,0
20260129,XSGE,上期所,AL,12,12,8,0
20260129,XSGE,上期所,AO,12,12,4,0
20260129,XSGE,上期所,AU,8,8,6,0
20260129,XSGE,上期所,BR,12,12,4,0
20260129,XSGE,上期所,BU,16,16,5,0
20260129,XSGE,上期所,CU,12,12,6,0
20260129,XSGE,上期所,FU,12,12,8,0
20260129,XSGE,上期所,HC,12,12,3,0
20260129,XSGE,上期所,NI,12,12,6,0
20260129,XSGE,上期所,OP,12,12,2,0
20260129,XSGE,上期所,PB,12,12,3,0
20260129,XSGE,上期所,RB,12,12,4,0
20260129,XSGE,上期所,RU,10,10,2,0
20260129,XSGE,上期所,SN,12,12,4,0
20260129,XSGE,上期所,SP,12,12,4,0
20260129,XSGE,上期所,SS,12,12,4,0
20260129,XSGE,上期所,ZN,12,12,4,0
20260129,XSIE,能源中心,BC,12,12,3,0
20260129,XSIE,能源中心,LU,12,12,3,0
20260129,XSIE,能源中心,NR,12,12,4,0
20260129,XSIE,能源中心,SC,20,20,5,0
20260130,XDCE,大商所,A,6,6,4,0
20260130,XDCE,大商所,B,12,12,3,0
20260130,XDCE,大商所,C,6,6,5,0
20260130,XDCE,大商所,CS,6,6,2,0
20260130,XDCE,大商所,EB,12,12,4,0
20260130,XDCE,大商所,EG,12,12,2,0
20260130,XDCE,大商所,I,12,12,3,0
20260130,XDCE,大商所,J,12,12,1,0
20260130,XDCE,大商所,JM,12,12,4,0
20260130,XDCE,大商所,L,12,12,3,0
20260130,XDCE,大商所,M,8,8,5,0
20260130,XDCE,大商所,P,12,12,2,0
20260130,XDCE,大商所,PG,12,12,3,0
20260130,XDCE,大商所,PP,12,12,2,0
20260130,XDCE,大商所,RR,12,12,1,0
20260130,XDCE,大商所,V,12,12,4,0
20260130,XDCE,大商所,Y,8,8,4,0
20260130,XSGE,上期所,AG,12,12,10,0
20260130,XSGE,上期所,AL,12,12,4,0
20260130,XSGE,上期所,AO,12,12,4,0
20260130,XSGE,上期所,AU,8,8,6,0
20260130,XSGE,上期所,BR,12,12,3,0
20260130,XSGE,上期所,BU,16,16,5,0
20260130,XSGE,上期所,CU,12,12,7,0
20260130,XSGE,上期所,FU,12,12,10,0
20260130,XSGE,上期所,HC,12,12,4,0
20260130,XSGE,上期所,NI,12,12,6,0
20260130,XSGE,上期所,OP,12,12,1,0
20260130,XSGE,上期所,PB,12,12,3,0
20260130,XSGE,上期所,RB,12,12,7,0
20260130,XSGE,上期所,RU,10,10,2,0
20260130,XSGE,上期所,SN,12,12,4,0
20260130,XSGE,上期所,SP,12,12,3,0
20260130,XSGE,上期所,SS,12,12,5,0
20260130,XSGE,上期所,ZN,12,12,4,0
20260130,XSIE,能源中心,BC,12,12,3,0
20260130,XSIE,能源中心,LU,12,12,5,0
20260130,XSIE,能源中心,NR,12,12,3,0
20260130,XSIE,能源中心,SC,20,20,6,0
20260202,XDCE,大商所,A,6,6,3,0
20260202,XDCE,大商所,B,12,12,2,0
20260202,XDCE,大商所,C,6,6,5,0
20260202,XDCE,大商所,CS,6,6,2,0
20260202,XDCE,大商所,EB,12,12,5,0
20260202,XDCE,大商所,EG,12,12,4,0
20260202,XDCE,大商所,I,12,12,3,0
20260202,XDCE,大商所,J,12,12,2,0
20260202,XDCE,大商所,JM,12,12,4,0
20260202,XDCE,大商所,L,12,12,2,0
20260202,XDCE,大商所,M,8,8,4,0
20260202,XDCE,大商所,P,12,12,2,0
20260202,XDCE,大商所,PG,12,12,2,0
20260202,XDCE,大商所,PP,12,12,4,0
20260202,XDCE,大商所,RR,12,12,1,0
20260202,XDCE,大商所,V,12,12,5,0
20260202,XDCE,大商所,Y,8,8,3,0
20260202,XSGE,上期所,AG,12,12,12,0
20260202,XSGE,上期所,AL,12,12,6,0
20260202,XSGE,上期所,AO,12,12,4,0
20260202,XSGE,上期所,AU,8,8,7,0
20260202,XSGE,上期所,BR,12,12,3,0
20260202,XSGE,上期所,BU,16,16,4,0
20260202,XSGE,上期所,CU,12,12,9,0
20260202,XSGE,上期所,FU,12,12,10,0
20260202,XSGE,上期所,HC,12,12,4,0
20260202,XSGE,上期所,NI,12,12,6,0
20260202,XSGE,上期所,OP,12,12,1,0
20260202,XSGE,上期所,PB,12,12,2,0
20260202,XSGE,上期所,RB,12,12,6,0
20260202,XSGE,上期所,RU,10,10,3,0
20260202,XSGE,上期所,SN,12,12,3,0
20260202,XSGE,上期所,SP,12,12,3,0
20260202,XSGE,上期所,SS,12,12,4,0
20260202,XSGE,上期所,ZN,12,12,4,0
20260202,XSIE,能源中心,BC,12,12,2,0
20260202,XSIE,能源中心,LU,12,12,4,0
20260202,XSIE,能源中心,NR,12,12,3,0
20260202,XSIE,能源中心,SC,20,20,5,0
20260203,XDCE,大商所,A,6,6,3,0
20260203,XDCE,大商所,B,12,12,3,0
20260203,XDCE,大商所,C,6,6,4,0
20260203,XDCE,大商所,CS,6,6,2,0
20260203,XDCE,大商所,EB,12,12,3,0
20260203,XDCE,大商所,EG,12,12,2,0
20260203,XDCE,大商所,I,12,12,5,0
20260203,XDCE,大商所,J,12,12,1,0
20260203,XDCE,大商所,JM,12,12,4,0
20260203,XDCE,大商所,L,12,12,2,0
20260203,XDCE,大商所,M,8,8,4,0
20260203,XDCE,大商所,P,12,12,2,0
20260203,XDCE,大商所,PG,12,12,3,0
20260203,XDCE,大商所,PP,12,12,3,0
20260203,XDCE,大商所,RR,12,12,0,0
20260203,XDCE,大商所,V,12,12,4,0
20260203,XDCE,大商所,Y,8,8,5,0
20260203,XSGE,上期所,AG,12,12,12,0
20260203,XSGE,上期所,AL,12,12,9,0
20260203,XSGE,上期所,AO,12,12,3,0
20260203,XSGE,上期所,AU,8,8,6,0
20260203,XSGE,上期所,BR,12,12,3,0
20260203,XSGE,上期所,BU,16,16,4,0
20260203,XSGE,上期所,CU,12,12,11,0
20260203,XSGE,上期所,FU,12,12,10,0
20260203,XSGE,上期所,HC,12,12,4,0
20260203,XSGE,上期所,NI,12,12,6,0
20260203,XSGE,上期所,OP,12,12,2,0
20260203,XSGE,上期所,PB,12,12,3,0
20260203,XSGE,上期所,RB,12,12,5,0
20260203,XSGE,上期所,RU,10,10,2,0
20260203,XSGE,上期所,SN,12,12,8,0
20260203,XSGE,上期所,SP,12,12,4,0
20260203,XSGE,上期所,SS,12,12,3,0
20260203,XSGE,上期所,ZN,12,12,11,0
20260203,XSIE,能源中心,BC,12,12,2,0
20260203,XSIE,能源中心,LU,12,12,6,0
20260203,XSIE,能源中心,NR,12,12,3,0
20260203,XSIE,能源中心,SC,20,20,5,0
20260204,XDCE,大商所,A,6,6,3,0
20260204,XDCE,大商所,B,12,12,6,0
20260204,XDCE,大商所,C,6,6,3,0
20260204,XDCE,大商所,CS,6,6,2,0
20260204,XDCE,大商所,EB,12,12,3,0
20260204,XDCE,大商所,EG,12,12,3,0
20260204,XDCE,大商所,I,12,12,5,0
20260204,XDCE,大商所,J,12,12,1,0
20260204,XDCE,大商所,JM,12,12,5,0
20260204,XDCE,大商所,L,12,12,2,0
20260204,XDCE,大商所,M,8,8,7,0
20260204,XDCE,大商所,P,12,12,2,0
20260204,XDCE,大商所,PG,12,12,3,0
20260204,XDCE,大商所,PP,12,12,3,0
20260204,XDCE,大商所,RR,12,12,1,0
20260204,XDCE,大商所,V,12,12,4,0
20260204,XDCE,大商所,Y,8,8,8,0
20260204,XSGE,上期所,AG,12,12,11,0
20260204,XSGE,上期所,AL,12,12,7,0
20260204,XSGE,上期所,AO,12,12,3,0
20260204,XSGE,上期所,AU,8,8,4,0
20260204,XSGE,上期所,BR,12,12,3,0
20260204,XSGE,上期所,BU,16,16,4,0
20260204,XSGE,上期所,CU,12,12,7,0
20260204,XSGE,上期所,FU,12,12,10,0
20260204,XSGE,上期所,HC,12,12,3,0
20260204,XSGE,上期所,NI,12,12,7,0
20260204,XSGE,上期所,OP,12,12,1,0
20260204,XSGE,上期所,PB,12,12,2,0
20260204,XSGE,上期所,RB,12,12,6,0
20260204,XSGE,上期所,RU,10,10,2,0
20260204,XSGE,上期所,SN,12,12,3,0
20260204,XSGE,上期所,SP,12,12,4,0
20260204,XSGE,上期所,SS,12,12,5,0
20260204,XSGE,上期所,ZN,12,12,5,0
20260204,XSIE,能源中心,BC,12,12,1,0
20260204,XSIE,能源中心,LU,12,12,6,0
20260204,XSIE,能源中心,NR,12,12,3,0
20260204,XSIE,能源中心,SC,20,20,4,0
20260205,XDCE,大商所,A,6,6,3,0
20260205,XDCE,大商所,B,12,12,2,0
20260205,XDCE,大商所,C,6,6,4,0
20260205,XDCE,大商所,CS,6,6,3,0
20260205,XDCE,大商所,EB,12,12,3,0
20260205,XDCE,大商所,EG,12,12,3,0
20260205,XDCE,大商所,I,12,12,2,0
20260205,XDCE,大商所,J,12,12,1,0
20260205,XDCE,大商所,JM,12,12,5,0
20260205,XDCE,大商所,L,12,12,3,0
20260205,XDCE,大商所,M,8,8,6,0
20260205,XDCE,大商所,P,12,12,2,0
20260205,XDCE,大商所,PG,12,12,4,0
20260205,XDCE,大商所,PP,12,12,3,0
20260205,XDCE,大商所,RR,12,12,1,0
20260205,XDCE,大商所,V,12,12,5,0
20260205,XDCE,大商所,Y,8,8,3,0
20260205,XSGE,上期所,AG,12,12,10,0
20260205,XSGE,上期所,AL,12,12,5,0
20260205,XSGE,上期所,AO,12,12,5,0
20260205,XSGE,上期所,AU,8,8,3,0
20260205,XSGE,上期所,BR,12,12,3,0
20260205,XSGE,上期所,BU,16,16,4,0
20260205,XSGE,上期所,CU,12,12,6,0
20260205,XSGE,上期所,FU,12,12,10,0
20260205,XSGE,上期所,HC,12,12,4,0
20260205,XSGE,上期所,NI,12,12,5,0
20260205,XSGE,上期所,OP,12,12,2,0
20260205,XSGE,上期所,PB,12,12,2,0
20260205,XSGE,上期所,RB,12,12,5,0
20260205,XSGE,上期所,RU,10,10,2,0
20260205,XSGE,上期所,SN,12,12,3,0
20260205,XSGE,上期所,SP,12,12,2,0
20260205,XSGE,上期所,SS,12,12,4,0
20260205,XSGE,上期所,ZN,12,12,3,0
20260205,XSIE,能源中心,BC,12,12,1,0
20260205,XSIE,能源中心,LU,12,12,4,0
20260205,XSIE,能源中心,NR,12,12,3,0
20260205,XSIE,能源中心,SC,20,20,4,0
20260206,XDCE,大商所,A,6,6,4,0
20260206,XDCE,大商所,B,12,12,4,0
20260206,XDCE,大商所,C,6,6,3,0
20260206,XDCE,大商所,CS,6,6,2,0
20260206,XDCE,大商所,EB,12,12,4,0
20260206,XDCE,大商所,EG,12,12,4,0
20260206,XDCE,大商所,I,12,12,4,0
20260206,XDCE,大商所,J,12,12,1,0
20260206,XDCE,大商所,JM,12,12,4,0
20260206,XDCE,大商所,L,12,12,2,0
20260206,XDCE,大商所,M,8,8,4,0
20260206,XDCE,大商所,P,12,12,2,0
20260206,XDCE,大商所,PG,12,12,3,0
20260206,XDCE,大商所,PP,12,12,3,0
20260206,XDCE,大商所,RR,12,12,0,0
20260206,XDCE,大商所,V,12,12,4,0
20260206,XDCE,大商所,Y,8,8,3,0
20260206,XSGE,上期所,AG,12,12,12,0
20260206,XSGE,上期所,AL,12,12,5,0
20260206,XSGE,上期所,AO,12,12,4,0
20260206,XSGE,上期所,AU,8,8,3,0
20260206,XSGE,上期所,BR,12,12,4,0
20260206,XSGE,上期所,BU,16,16,5,0
20260206,XSGE,上期所,CU,12,12,7,0
20260206,XSGE,上期所,FU,12,12,7,0
20260206,XSGE,上期所,HC,12,12,5,0
20260206,XSGE,上期所,NI,12,12,4,0
20260206,XSGE,上期所,OP,12,12,1,0
20260206,XSGE,上期所,PB,12,12,2,0
20260206,XSGE,上期所,RB,12,12,5,0
20260206,XSGE,上期所,RU,10,10,2,0
20260206,XSGE,上期所,SN,12,12,4,0
20260206,XSGE,上期所,SP,12,12,3,0
20260206,XSGE,上期所,SS,12,12,3,0
20260206,XSGE,上期所,ZN,12,12,5,0
20260206,XSIE,能源中心,BC,12,12,1,0
20260206,XSIE,能源中心,LU,12,12,3,0
20260206,XSIE,能源中心,NR,12,12,3,0
20260206,XSIE,能源中心,SC,20,20,2,0
20260209,XDCE,大商所,A,6,6,4,0
20260209,XDCE,大商所,B,12,12,4,0
20260209,XDCE,大商所,C,6,6,4,0
20260209,XDCE,大商所,CS,6,6,2,0
20260209,XDCE,大商所,EB,12,12,3,0
20260209,XDCE,大商所,EG,12,12,4,0
20260209,XDCE,大商所,I,12,12,4,0
20260209,XDCE,大商所,J,12,12,1,0
20260209,XDCE,大商所,JM,12,12,5,0
20260209,XDCE,大商所,L,12,12,3,0
20260209,XDCE,大商所,M,8,8,8,0
20260209,XDCE,大商所,P,12,12,3,0
20260209,XDCE,大商所,PG,12,12,2,0
20260209,XDCE,大商所,PP,12,12,2,0
20260209,XDCE,大商所,RR,12,12,0,0
20260209,XDCE,大商所,V,12,12,6,0
20260209,XDCE,大商所,Y,8,8,2,0
20260209,XSGE,上期所,AG,12,12,10,0
20260209,XSGE,上期所,AL,12,12,6,0
20260209,XSGE,上期所,AO,12,12,4,0
20260209,XSGE,上期所,AU,8,8,6,0
20260209,XSGE,上期所,BR,12,12,3,0
20260209,XSGE,上期所,BU,16,16,4,0
20260209,XSGE,上期所,CU,12,12,4,0
20260209,XSGE,上期所,FU,12,12,10,0
20260209,XSGE,上期所,HC,12,12,4,0
20260209,XSGE,上期所,NI,12,12,5,0
20260209,XSGE,上期所,OP,12,12,1,0
20260209,XSGE,上期所,PB,12,12,2,0
20260209,XSGE,上期所,RB,12,12,5,0
20260209,XSGE,上期所,RU,10,10,2,0
20260209,XSGE,上期所,SN,12,12,3,0
20260209,XSGE,上期所,SP,12,12,4,0
20260209,XSGE,上期所,SS,12,12,4,0
20260209,XSGE,上期所,ZN,12,12,3,0
20260209,XSIE,能源中心,BC,12,12,3,0
20260209,XSIE,能源中心,LU,12,12,3,0
20260209,XSIE,能源中心,NR,12,12,4,0
20260209,XSIE,能源中心,SC,20,20,4,0
20260210,XDCE,大商所,A,6,6,3,0
20260210,XDCE,大商所,B,12,12,4,0
20260210,XDCE,大商所,C,6,6,5,0
20260210,XDCE,大商所,CS,6,6,3,0
20260210,XDCE,大商所,EB,12,12,4,0
20260210,XDCE,大商所,EG,12,12,4,0
20260210,XDCE,大商所,I,12,12,4,0
20260210,XDCE,大商所,J,12,12,2,0
20260210,XDCE,大商所,JM,12,12,4,0
20260210,XDCE,大商所,L,12,12,2,0
20260210,XDCE,大商所,M,8,8,4,0
20260210,XDCE,大商所,P,12,12,3,0
20260210,XDCE,大商所,PG,12,12,4,0
20260210,XDCE,大商所,PP,12,12,4,0
20260210,XDCE,大商所,RR,12,12,1,0
20260210,XDCE,大商所,V,12,12,4,0
20260210,XDCE,大商所,Y,8,8,3,0
20260210,XSGE,上期所,AG,12,12,10,0
20260210,XSGE,上期所,AL,12,12,4,0
20260210,XSGE,上期所,AO,12,12,4,0
20260210,XSGE,上期所,AU,8,8,4,0
20260210,XSGE,上期所,BR,12,12,3,0
20260210,XSGE,上期所,BU,16,16,5,0
20260210,XSGE,上期所,CU,12,12,5,0
20260210,XSGE,上期所,FU,12,12,11,0
20260210,XSGE,上期所,HC,12,12,4,0
20260210,XSGE,上期所,NI,12,12,4,0
20260210,XSGE,上期所,OP,12,12,1,0
20260210,XSGE,上期所,PB,12,12,3,0
20260210,XSGE,上期所,RB,12,12,4,0
20260210,XSGE,上期所,RU,10,10,3,0
20260210,XSGE,上期所,SN,12,12,3,0
20260210,XSGE,上期所,SP,12,12,2,0
20260210,XSGE,上期所,SS,12,12,3,0
20260210,XSGE,上期所,ZN,12,12,4,0
20260210,XSIE,能源中心,BC,12,12,1,0
20260210,XSIE,能源中心,LU,12,12,3,0
20260210,XSIE,能源中心,NR,12,12,4,0
20260210,XSIE,能源中心,SC,20,20,4,0
20260211,XDCE,大商所,A,6,6,3,0
20260211,XDCE,大商所,B,12,12,4,0
20260211,XDCE,大商所,C,6,6,4,0
20260211,XDCE,大商所,CS,6,6,2,0
20260211,XDCE,大商所,EB,12,12,3,0
20260211,XDCE,大商所,EG,12,12,3,0
20260211,XDCE,大商所,I,12,12,3,0
20260211,XDCE,大商所,J,12,12,1,0
20260211,XDCE,大商所,JM,12,12,4,0
20260211,XDCE,大商所,L,12,12,2,0
20260211,XDCE,大商所,M,8,8,8,0
20260211,XDCE,大商所,P,12,12,3,0
20260211,XDCE,大商所,PG,12,12,3,0
20260211,XDCE,大商所,PP,12,12,4,0
20260211,XDCE,大商所,RR,12,12,0,0
20260211,XDCE,大商所,V,12,12,3,0
20260211,XDCE,大商所,Y,8,8,3,0
20260211,XSGE,上期所,AG,12,12,9,0
20260211,XSGE,上期所,AL,12,12,3,0
20260211,XSGE,上期所,AO,12,12,4,0
20260211,XSGE,上期所,AU,8,8,3,0
20260211,XSGE,上期所,BR,12,12,3,0
20260211,XSGE,上期所,BU,16,16,4,0
20260211,XSGE,上期所,CU,12,12,4,0
20260211,XSGE,上期所,FU,12,12,9,0
20260211,XSGE,上期所,HC,12,12,4,0
20260211,XSGE,上期所,NI,12,12,4,0
20260211,XSGE,上期所,OP,12,12,1,0
20260211,XSGE,上期所,PB,12,12,2,0
20260211,XSGE,上期所,RB,12,12,5,0
20260211,XSGE,上期所,RU,10,10,2,0
20260211,XSGE,上期所,SN,12,12,4,0
20260211,XSGE,上期所,SP,12,12,4,0
20260211,XSGE,上期所,SS,12,12,3,0
20260211,XSGE,上期所,ZN,12,12,3,0
20260211,XSIE,能源中心,BC,12,12,2,0
20260211,XSIE,能源中心,LU,12,12,3,0
20260211,XSIE,能源中心,NR,12,12,6,0
20260211,XSIE,能源中心,SC,20,20,3,0
20260212,XDCE,大商所,A,6,6,3,0
20260212,XDCE,大商所,B,12,12,4,0
20260212,XDCE,大商所,C,6,6,5,0
20260212,XDCE,大商所,CS,6,6,3,0
20260212,XDCE,大商所,EB,12,12,3,0
20260212,XDCE,大商所,EG,12,12,3,0
20260212,XDCE,大商所,I,12,12,4,0
20260212,XDCE,大商所,J,12,12,1,0
20260212,XDCE,大商所,JM,12,12,5,0
20260212,XDCE,大商所,L,12,12,4,0
20260212,XDCE,大商所,M,8,8,4,0
20260212,XDCE,大商所,P,12,12,2,0
20260212,XDCE,大商所,PG,12,12,3,0
20260212,XDCE,大商所,PP,12,12,3,0
20260212,XDCE,大商所,RR,12,12,0,0
20260212,XDCE,大商所,V,12,12,6,0
20260212,XDCE,大商所,Y,8,8,2,0
20260212,XSGE,上期所,AG,12,12,10,0
20260212,XSGE,上期所,AL,12,12,5,0
20260212,XSGE,上期所,AO,12,12,5,0
20260212,XSGE,上期所,AU,8,8,4,0
20260212,XSGE,上期所,BR,12,12,3,0
20260212,XSGE,上期所,BU,16,16,5,0
20260212,XSGE,上期所,CU,12,12,7,0
20260212,XSGE,上期所,FU,12,12,10,0
20260212,XSGE,上期所,HC,12,12,4,0
20260212,XSGE,上期所,NI,12,12,6,0
20260212,XSGE,上期所,OP,12,12,1,0
20260212,XSGE,上期所,PB,12,12,2,0
20260212,XSGE,上期所,RB,12,12,4,0
20260212,XSGE,上期所,RU,10,10,2,0
20260212,XSGE,上期所,SN,12,12,5,0
20260212,XSGE,上期所,SP,12,12,4,0
20260212,XSGE,上期所,SS,12,12,4,0
20260212,XSGE,上期所,ZN,12,12,3,0
20260212,XSIE,能源中心,BC,12,12,2,0
20260212,XSIE,能源中心,LU,12,12,5,0
20260212,XSIE,能源中心,NR,12,12,3,0
20260212,XSIE,能源中心,SC,20,20,5,0
20260213,XDCE,大商所,A,6,6,3,0
20260213,XDCE,大商所,B,12,12,4,0
20260213,XDCE,大商所,C,6,6,5,0
20260213,XDCE,大商所,CS,6,6,3,0
20260213,XDCE,大商所,EB,12,12,3,0
20260213,XDCE,大商所,EG,12,12,2,0
20260213,XDCE,大商所,I,12,12,5,0
20260213,XDCE,大商所,J,12,12,2,0
20260213,XDCE,大商所,JM,12,12,3,0
20260213,XDCE,大商所,L,12,12,3,0
20260213,XDCE,大商所,M,8,8,4,0
20260213,XDCE,大商所,P,12,12,2,0
20260213,XDCE,大商所,PG,12,12,2,0
20260213,XDCE,大商所,PP,12,12,3,0
20260213,XDCE,大商所,RR,12,12,1,0
20260213,XDCE,大商所,V,12,12,5,0
20260213,XDCE,大商所,Y,8,8,3,0
20260213,XSGE,上期所,AG,12,12,9,0
20260213,XSGE,上期所,AL,12,12,3,0
20260213,XSGE,上期所,AO,12,12,3,0
20260213,XSGE,上期所,AU,8,8,3,0
20260213,XSGE,上期所,BR,12,12,3,0
20260213,XSGE,上期所,BU,16,16,4,0
20260213,XSGE,上期所,CU,12,12,4,0
20260213,XSGE,上期所,FU,12,12,9,0
20260213,XSGE,上期所,HC,12,12,3,0
20260213,XSGE,上期所,NI,12,12,5,0
20260213,XSGE,上期所,OP,12,12,1,0
20260213,XSGE,上期所,PB,12,12,3,0
20260213,XSGE,上期所,RB,12,12,5,0
20260213,XSGE,上期所,RU,10,10,3,0
20260213,XSGE,上期所,SN,12,12,3,0
20260213,XSGE,上期所,SP,12,12,5,0
20260213,XSGE,上期所,SS,12,12,3,0
20260213,XSGE,上期所,ZN,12,12,4,0
20260213,XSIE,能源中心,BC,12,12,1,0
20260213,XSIE,能源中心,LU,12,12,4,0
20260213,XSIE,能源中心,NR,12,12,4,0
20260213,XSIE,能源中心,SC,20,20,3,0
20260225,XDCE,大商所,A,6,6,4,0
20260225,XDCE,大商所,B,12,12,4,0
20260225,XDCE,大商所,C,6,6,4,0
20260225,XDCE,大商所,CS,6,6,3,0
20260225,XDCE,大商所,EB,12,12,3,0
20260225,XDCE,大商所,EG,12,12,3,0
20260225,XDCE,大商所,I,12,12,3,0
20260225,XDCE,大商所,J,12,12,2,0
20260225,XDCE,大商所,JM,12,12,4,0
20260225,XDCE,大商所,L,12,12,4,0
20260225,XDCE,大商所,M,8,8,5,0
20260225,XDCE,大商所,P,12,12,3,0
20260225,XDCE,大商所,PG,12,12,3,0
20260225,XDCE,大商所,PP,12,12,3,0
20260225,XDCE,大商所,RR,12,12,1,0
20260225,XDCE,大商所,V,12,12,3,0
20260225,XDCE,大商所,Y,8,8,3,0
20260225,XSGE,上期所,AG,12,12,8,0
20260225,XSGE,上期所,AL,12,12,5,0
20260225,XSGE,上期所,AO,12,12,4,0
20260225,XSGE,上期所,AU,8,8,5,0
20260225,XSGE,上期所,BR,12,12,3,0
20260225,XSGE,上期所,BU,16,16,4,0
20260225,XSGE,上期所,CU,12,12,5,0
20260225,XSGE,上期所,FU,12,12,10,0
20260225,XSGE,上期所,HC,12,12,5,0
20260225,XSGE,上期所,NI,12,12,5,0
20260225,XSGE,上期所,OP,12,12,2,0
20260225,XSGE,上期所,PB,12,12,3,0
20260225,XSGE,上期所,RB,12,12,6,0
20260225,XSGE,上期所,RU,10,10,3,0
20260225,XSGE,上期所,SN,12,12,4,0
20260225,XSGE,上期所,SP,12,12,4,0
20260225,XSGE,上期所,SS,12,12,3,0
20260225,XSGE,上期所,ZN,12,12,4,0
20260225,XSIE,能源中心,BC,12,12,2,0
20260225,XSIE,能源中心,LU,12,12,3,0
20260225,XSIE,能源中心,NR,12,12,4,0
20260225,XSIE,能源中心,SC,20,20,3,0
20260226,XDCE,大商所,A,6,6,4,0
20260226,XDCE,大商所,B,12,12,4,0
20260226,XDCE,大商所,C,6,6,4,0
20260226,XDCE,大商所,CS,6,6,3,0
20260226,XDCE,大商所,EB,12,12,3,0
20260226,XDCE,大商所,EG,12,12,3,0
20260226,XDCE,大商所,I,12,12,4,0
20260226,XDCE,大商所,J,12,12,1,0
20260226,XDCE,大商所,JM,12,12,2,0
20260226,XDCE,大商所,L,12,12,2,0
20260226,XDCE,大商所,M,8,8,5,0
20260226,XDCE,大商所,P,12,12,4,0
20260226,XDCE,大商所,PG,12,12,5,0
20260226,XDCE,大商所,PP,12,12,4,0
20260226,XDCE,大商所,RR,12,12,0,0
20260226,XDCE,大商所,V,12,12,4,0
20260226,XDCE,大商所,Y,8,8,3,0
20260226,XSGE,上期所,AG,12,12,8,0
20260226,XSGE,上期所,AL,12,12,4,0
20260226,XSGE,上期所,AO,12,12,5,0
20260226,XSGE,上期所,AU,8,8,2,0
20260226,XSGE,上期所,BR,12,12,3,0
20260226,XSGE,上期所,BU,16,16,4,0
20260226,XSGE,上期所,CU,12,12,5,0
20260226,XSGE,上期所,FU,12,12,7,0
20260226,XSGE,上期所,HC,12,12,4,0
20260226,XSGE,上期所,NI,12,12,6,0
20260226,XSGE,上期所,OP,12,12,1,0
20260226,XSGE,上期所,PB,12,12,3,0
20260226,XSGE,上期所,RB,12,12,5,0
20260226,XSGE,上期所,RU,10,10,3,0
20260226,XSGE,上期所,SN,12,12,4,0
20260226,XSGE,上期所,SP,12,12,4,0
20260226,XSGE,上期所,SS,12,12,4,0
20260226,XSGE,上期所,ZN,12,12,4,0
20260226,XSIE,能源中心,BC,12,12,1,0
20260226,XSIE,能源中心,LU,12,12,4,0
20260226,XSIE,能源中心,NR,12,12,3,0
20260226,XSIE,能源中心,SC,20,20,6,0
20260227,XDCE,大商所,A,6,6,4,0
20260227,XDCE,大商所,B,12,12,3,0
20260227,XDCE,大商所,C,6,6,4,0
20260227,XDCE,大商所,CS,6,6,3,0
20260227,XDCE,大商所,EB,12,12,6,0
20260227,XDCE,大商所,EG,12,12,4,0
20260227,XDCE,大商所,I,12,12,4,0
20260227,XDCE,大商所,J,12,12,1,0
20260227,XDCE,大商所,JM,12,12,5,0
20260227,XDCE,大商所,L,12,12,4,0
20260227,XDCE,大商所,M,8,8,4,0
20260227,XDCE,大商所,P,12,12,3,0
20260227,XDCE,大商所,PG,12,12,4,0
20260227,XDCE,大商所,PP,12,12,4,0
20260227,XDCE,大商所,RR,12,12,1,0
20260227,XDCE,大商所,V,12,12,5,0
20260227,XDCE,大商所,Y,8,8,3,0
20260227,XSGE,上期所,AG,12,12,10,0
20260227,XSGE,上期所,AL,12,12,4,0
20260227,XSGE,上期所,AO,12,12,5,0
20260227,XSGE,上期所,AU,8,8,3,0
20260227,XSGE,上期所,BR,12,12,3,0
20260227,XSGE,上期所,BU,16,16,5,0
20260227,XSGE,上期所,CU,12,12,5,0
20260227,XSGE,上期所,FU,12,12,11,0
20260227,XSGE,上期所,HC,12,12,4,0
20260227,XSGE,上期所,NI,12,12,5,0
20260227,XSGE,上期所,OP,12,12,3,0
20260227,XSGE,上期所,PB,12,12,3,0
20260227,XSGE,上期所,RB,12,12,5,0
20260227,XSGE,上期所,RU,10,10,3,0
20260227,XSGE,上期所,SN,12,12,5,0
20260227,XSGE,上期所,SP,12,12,4,0
20260227,XSGE,上期所,SS,12,12,3,0
20260227,XSGE,上期所,ZN,12,12,3,0
20260227,XSIE,能源中心,BC,12,12,2,0
20260227,XSIE,能源中心,LU,12,12,4,0
20260227,XSIE,能源中心,NR,12,12,4,0
20260227,XSIE,能源中心,SC,20,20,3,0
20260303,XDCE,大商所,A,6,6,3,0
20260303,XDCE,大商所,B,12,12,4,0
20260303,XDCE,大商所,C,6,6,5,0
20260303,XDCE,大商所,CS,6,6,2,0
20260303,XDCE,大商所,EB,12,12,4,0
20260303,XDCE,大商所,EG,12,12,2,0
20260303,XDCE,大商所,I,12,12,4,0
20260303,XDCE,大商所,J,12,12,1,0
20260303,XDCE,大商所,JM,12,12,3,0
20260303,XDCE,大商所,L,12,12,4,0
20260303,XDCE,大商所,M,8,8,4,0
20260303,XDCE,大商所,P,12,12,3,0
20260303,XDCE,大商所,PG,12,12,3,0
20260303,XDCE,大商所,PP,12,12,3,0
20260303,XDCE,大商所,RR,12,12,0,0
20260303,XDCE,大商所,V,12,12,3,0
20260303,XDCE,大商所,Y,8,8,3,0
20260303,XSGE,上期所,AG,12,12,8,0
20260303,XSGE,上期所,AL,12,12,7,0
20260303,XSGE,上期所,AO,12,12,4,0
20260303,XSGE,上期所,AU,8,8,2,0
20260303,XSGE,上期所,BR,12,12,2,0
20260303,XSGE,上期所,BU,16,16,6,0
20260303,XSGE,上期所,CU,12,12,7,0
20260303,XSGE,上期所,FU,12,12,12,0
20260303,XSGE,上期所,HC,12,12,4,0
20260303,XSGE,上期所,NI,12,12,5,0
20260303,XSGE,上期所,OP,12,12,1,0
20260303,XSGE,上期所,PB,12,12,2,0
20260303,XSGE,上期所,RB,12,12,4,0
20260303,XSGE,上期所,RU,10,10,3,0
20260303,XSGE,上期所,SN,12,12,4,0
20260303,XSGE,上期所,SP,12,12,3,0
20260303,XSGE,上期所,SS,12,12,2,0
20260303,XSGE,上期所,ZN,12,12,3,0
20260303,XSIE,能源中心,BC,12,12,2,0
20260303,XSIE,能源中心,LU,12,12,4,0
20260303,XSIE,能源中心,NR,12,12,2,0
20260303,XSIE,能源中心,SC,20,20,5,0
20260304,XDCE,大商所,A,6,6,3,0
20260304,XDCE,大商所,B,12,12,5,0
20260304,XDCE,大商所,C,6,6,5,0
20260304,XDCE,大商所,CS,6,6,2,0
20260304,XDCE,大商所,EB,12,12,4,0
20260304,XDCE,大商所,EG,12,12,3,0
20260304,XDCE,大商所,I,12,12,4,0
20260304,XDCE,大商所,J,12,12,1,0
20260304,XDCE,大商所,JM,12,12,5,0
20260304,XDCE,大商所,L,12,12,5,0
20260304,XDCE,大商所,M,8,8,6,0
20260304,XDCE,大商所,P,12,12,3,0
20260304,XDCE,大商所,PG,12,12,6,0
20260304,XDCE,大商所,PP,12,12,4,0
20260304,XDCE,大商所,RR,12,12,0,0
20260304,XDCE,大商所,V,12,12,5,0
20260304,XDCE,大商所,Y,8,8,2,0
20260304,XSGE,上期所,AG,12,12,10,0
20260304,XSGE,上期所,AL,12,12,4,0
20260304,XSGE,上期所,AO,12,12,4,0
20260304,XSGE,上期所,AU,8,8,4,0
20260304,XSGE,上期所,BR,12,12,5,0
20260304,XSGE,上期所,BU,16,16,5,0
20260304,XSGE,上期所,CU,12,12,10,0
20260304,XSGE,上期所,FU,12,12,12,0
20260304,XSGE,上期所,HC,12,12,3,0
20260304,XSGE,上期所,NI,12,12,5,0
20260304,XSGE,上期所,OP,12,12,1,0
20260304,XSGE,上期所,PB,12,12,4,0
20260304,XSGE,上期所,RB,12,12,5,0
20260304,XSGE,上期所,RU,10,10,3,0
20260304,XSGE,上期所,SN,12,12,4,0
20260304,XSGE,上期所,SP,12,12,3,0
20260304,XSGE,上期所,SS,12,12,2,0
20260304,XSGE,上期所,ZN,12,12,4,0
20260304,XSIE,能源中心,BC,12,12,1,0
20260304,XSIE,能源中心,LU,12,12,4,0
20260304,XSIE,能源中心,NR,12,12,3,0
20260304,XSIE,能源中心,SC,20,20,7,0
20260305,XDCE,大商所,A,6,6,3,0
20260305,XDCE,大商所,B,12,12,3,0
20260305,XDCE,大商所,C,6,6,4,0
20260305,XDCE,大商所,CS,6,6,2,0
20260305,XDCE,大商所,EB,12,12,5,0
20260305,XDCE,大商所,EG,12,12,3,0
20260305,XDCE,大商所,I,12,12,4,0
20260305,XDCE,大商所,J,12,12,1,0
20260305,XDCE,大商所,JM,12,12,3,0
20260305,XDCE,大商所,L,12,12,3,0
20260305,XDCE,大商所,M,8,8,5,0
20260305,XDCE,大商所,P,12,12,2,0
20260305,XDCE,大商所,PG,12,12,4,0
20260305,XDCE,大商所,PP,12,12,5,0
20260305,XDCE,大商所,RR,12,12,0,0
20260305,XDCE,大商所,V,12,12,4,0
20260305,XDCE,大商所,Y,8,8,2,0
20260305,XSGE,上期所,AG,12,12,11,0
20260305,XSGE,上期所,AL,12,12,5,0
20260305,XSGE,上期所,AO,12,12,3,0
20260305,XSGE,上期所,AU,8,8,3,0
20260305,XSGE,上期所,BR,12,12,3,0
20260305,XSGE,上期所,BU,16,16,5,0
20260305,XSGE,上期所,CU,12,12,6,0
20260305,XSGE,上期所,FU,12,12,11,0
20260305,XSGE,上期所,HC,12,12,3,0
20260305,XSGE,上期所,NI,12,12,4,0
20260305,XSGE,上期所,OP,12,12,1,0
20260305,XSGE,上期所,PB,12,12,3,0
20260305,XSGE,上期所,RB,12,12,3,0
20260305,XSGE,上期所,RU,10,10,2,0
20260305,XSGE,上期所,SN,12,12,4,0
20260305,XSGE,上期所,SP,12,12,3,0
20260305,XSGE,上期所,SS,12,12,2,0
20260305,XSGE,上期所,ZN,12,12,4,0
20260305,XSIE,能源中心,BC,12,12,2,0
20260305,XSIE,能源中心,LU,12,12,7,0
20260305,XSIE,能源中心,NR,12,12,3,0
20260305,XSIE,能源中心,SC,20,20,6,0
20260306,XDCE,大商所,A,6,6,3,0
20260306,XDCE,大商所,B,12,12,3,0
20260306,XDCE,大商所,C,6,6,5,0
20260306,XDCE,大商所,CS,6,6,2,0
20260306,XDCE,大商所,EB,12,12,4,0
20260306,XDCE,大商所,EG,12,12,6,0
20260306,XDCE,大商所,I,12,12,4,0
20260306,XDCE,大商所,J,12,12,1,0
20260306,XDCE,大商所,JM,12,12,3,0
20260306,XDCE,大商所,L,12,12,2,0
20260306,XDCE,大商所,M,8,8,3,0
20260306,XDCE,大商所,P,12,12,2,0
20260306,XDCE,大商所,PG,12,12,4,0
20260306,XDCE,大商所,PP,12,12,3,0
20260306,XDCE,大商所,RR,12,12,0,0
20260306,XDCE,大商所,V,12,12,5,0
20260306,XDCE,大商所,Y,8,8,2,0
20260306,XSGE,上期所,AG,12,12,10,0
20260306,XSGE,上期所,AL,12,12,6,0
20260306,XSGE,上期所,AO,12,12,2,0
20260306,XSGE,上期所,AU,8,8,2,0
20260306,XSGE,上期所,BR,12,12,4,0
20260306,XSGE,上期所,BU,16,16,5,0
20260306,XSGE,上期所,CU,12,12,5,0
20260306,XSGE,上期所,FU,12,12,12,0
20260306,XSGE,上期所,HC,12,12,3,0
20260306,XSGE,上期所,NI,12,12,3,0
20260306,XSGE,上期所,OP,12,12,0,0
20260306,XSGE,上期所,PB,12,12,2,0
20260306,XSGE,上期所,RB,12,12,4,0
20260306,XSGE,上期所,RU,10,10,2,0
20260306,XSGE,上期所,SN,12,12,3,0
20260306,XSGE,上期所,SP,12,12,3,0
20260306,XSGE,上期所,SS,12,12,2,0
20260306,XSGE,上期所,ZN,12,12,2,0
20260306,XSIE,能源中心,BC,12,12,1,0
20260306,XSIE,能源中心,LU,12,12,5,0
20260306,XSIE,能源中心,NR,12,12,3,0
20260306,XSIE,能源中心,SC,20,20,6,0
20260310,XDCE,大商所,A,6,6,3,0
20260310,XDCE,大商所,B,12,12,4,0
20260310,XDCE,大商所,C,6,6,6,0
20260310,XDCE,大商所,CS,6,6,3,0
20260310,XDCE,大商所,EB,12,12,8,0
20260310,XDCE,大商所,EG,12,12,5,0
20260310,XDCE,大商所,I,12,12,7,0
20260310,XDCE,大商所,J,12,12,1,0
20260310,XDCE,大商所,JM,12,12,4,0
20260310,XDCE,大商所,L,12,12,6,0
20260310,XDCE,大商所,M,8,8,5,0
20260310,XDCE,大商所,P,12,12,3,0
20260310,XDCE,大商所,PG,12,12,5,0
20260310,XDCE,大商所,PP,12,12,5,0
20260310,XDCE,大商所,RR,12,12,1,0
20260310,XDCE,大商所,V,12,12,8,0
20260310,XDCE,大商所,Y,8,8,2,0
20260310,XSGE,上期所,AG,12,12,8,0
20260310,XSGE,上期所,AL,12,12,7,0
20260310,XSGE,上期所,AO,12,12,5,0
20260310,XSGE,上期所,AU,8,8,3,0
20260310,XSGE,上期所,BR,12,12,4,0
20260310,XSGE,上期所,BU,16,16,6,0
20260310,XSGE,上期所,CU,12,12,5,0
20260310,XSGE,上期所,FU,12,12,12,0
20260310,XSGE,上期所,HC,12,12,4,0
20260310,XSGE,上期所,NI,12,12,4,0
20260310,XSGE,上期所,OP,12,12,0,0
20260310,XSGE,上期所,PB,12,12,3,0
20260310,XSGE,上期所,RB,12,12,5,0
20260310,XSGE,上期所,RU,10,10,2,0
20260310,XSGE,上期所,SN,12,12,4,0
20260310,XSGE,上期所,SP,12,12,3,0
20260310,XSGE,上期所,SS,12,12,3,0
20260310,XSGE,上期所,ZN,12,12,3,0
20260310,XSIE,能源中心,BC,12,12,1,0
20260310,XSIE,能源中心,LU,12,12,6,0
20260310,XSIE,能源中心,NR,12,12,3,0
20260310,XSIE,能源中心,SC,20,20,10,0
20260311,XDCE,大商所,A,6,6,4,0
20260311,XDCE,大商所,B,12,12,6,0
20260311,XDCE,大商所,C,6,6,3,0
20260311,XDCE,大商所,CS,6,6,3,0
20260311,XDCE,大商所,EB,12,12,6,0
20260311,XDCE,大商所,EG,12,12,2,0
20260311,XDCE,大商所,I,12,12,5,0
20260311,XDCE,大商所,J,12,12,2,0
20260311,XDCE,大商所,JM,12,12,5,0
20260311,XDCE,大商所,L,12,12,4,0
20260311,XDCE,大商所,M,8,8,4,0
20260311,XDCE,大商所,P,12,12,3,0
20260311,XDCE,大商所,PG,12,12,4,0
20260311,XDCE,大商所,PP,12,12,6,0
20260311,XDCE,大商所,RR,12,12,0,0
20260311,XDCE,大商所,V,12,12,4,0
20260311,XDCE,大商所,Y,8,8,2,0
20260311,XSGE,上期所,AG,12,12,5,0
20260311,XSGE,上期所,AL,12,12,4,0
20260311,XSGE,上期所,AO,12,12,5,0
20260311,XSGE,上期所,AU,8,8,3,0
20260311,XSGE,上期所,BR,12,12,3,0
20260311,XSGE,上期所,BU,16,16,5,0
20260311,XSGE,上期所,CU,12,12,6,0
20260311,XSGE,上期所,FU,12,12,12,0
20260311,XSGE,上期所,HC,12,12,3,0
20260311,XSGE,上期所,NI,12,12,5,0
20260311,XSGE,上期所,OP,12,12,1,0
20260311,XSGE,上期所,PB,12,12,2,0
20260311,XSGE,上期所,RB,12,12,5,0
20260311,XSGE,上期所,RU,10,10,2,0
20260311,XSGE,上期所,SN,12,12,3,0
20260311,XSGE,上期所,SP,12,12,3,0
20260311,XSGE,上期所,SS,12,12,3,0
20260311,XSGE,上期所,ZN,12,12,4,0
20260311,XSIE,能源中心,BC,12,12,1,0
20260311,XSIE,能源中心,LU,12,12,4,0
20260311,XSIE,能源中心,NR,12,12,3,0
20260311,XSIE,能源中心,SC,20,20,5,0
20260312,XDCE,大商所,A,6,6,4,0
20260312,XDCE,大商所,B,12,12,5,0
20260312,XDCE,大商所,C,6,6,6,0
20260312,XDCE,大商所,CS,6,6,3,0
20260312,XDCE,大商所,EB,12,12,6,0
20260312,XDCE,大商所,EG,12,12,3,0
20260312,XDCE,大商所,I,12,12,4,0
20260312,XDCE,大商所,J,12,12,2,0
20260312,XDCE,大商所,JM,12,12,5,0
20260312,XDCE,大商所,L,12,12,3,0
20260312,XDCE,大商所,M,8,8,5,0
20260312,XDCE,大商所,P,12,12,2,0
20260312,XDCE,大商所,PG,12,12,5,0
20260312,XDCE,大商所,PP,12,12,5,0
20260312,XDCE,大商所,RR,12,12,0,0
20260312,XDCE,大商所,V,12,12,9,0
20260312,XDCE,大商所,Y,8,8,2,0
20260312,XSGE,上期所,AG,12,12,8,0
20260312,XSGE,上期所,AL,12,12,3,0
20260312,XSGE,上期所,AO,12,12,3,0
20260312,XSGE,上期所,AU,8,8,3,0
20260312,XSGE,上期所,BR,12,12,4,0
20260312,XSGE,上期所,BU,16,16,7,0
20260312,XSGE,上期所,CU,12,12,4,0
20260312,XSGE,上期所,FU,12,12,11,0
20260312,XSGE,上期所,HC,12,12,4,0
20260312,XSGE,上期所,NI,12,12,5,0
20260312,XSGE,上期所,OP,12,12,1,0
20260312,XSGE,上期所,PB,12,12,4,0
20260312,XSGE,上期所,RB,12,12,4,0
20260312,XSGE,上期所,RU,10,10,2,0
20260312,XSGE,上期所,SN,12,12,3,0
20260312,XSGE,上期所,SP,12,12,3,0
20260312,XSGE,上期所,SS,12,12,3,0
20260312,XSGE,上期所,ZN,12,12,3,0
20260312,XSIE,能源中心,BC,12,12,1,0
20260312,XSIE,能源中心,LU,12,12,5,0
20260312,XSIE,能源中心,NR,12,12,3,0
20260312,XSIE,能源中心,SC,20,20,8,0
20260313,XDCE,大商所,A,6,6,4,0
20260313,XDCE,大商所,B,12,12,2,0
20260313,XDCE,大商所,C,6,6,5,0
20260313,XDCE,大商所,CS,6,6,2,0
20260313,XDCE,大商所,EB,12,12,4,0
20260313,XDCE,大商所,EG,12,12,4,0
20260313,XDCE,大商所,I,12,12,10,0
20260313,XDCE,大商所,J,12,12,2,0
20260313,XDCE,大商所,JM,12,12,6,0
20260313,XDCE,大商所,L,12,12,3,0
20260313,XDCE,大商所,M,8,8,7,0
20260313,XDCE,大商所,P,12,12,2,0
20260313,XDCE,大商所,PG,12,12,4,0
20260313,XDCE,大商所,PP,12,12,2,0
20260313,XDCE,大商所,RR,12,12,0,0
20260313,XDCE,大商所,V,12,12,5,0
20260313,XDCE,大商所,Y,8,8,2,0
20260313,XSGE,上期所,AG,12,12,8,0
20260313,XSGE,上期所,AL,12,12,4,0
20260313,XSGE,上期所,AO,12,12,4,0
20260313,XSGE,上期所,AU,8,8,4,0
20260313,XSGE,上期所,BR,12,12,3,0
20260313,XSGE,上期所,BU,16,16,6,0
20260313,XSGE,上期所,CU,12,12,5,0
20260313,XSGE,上期所,FU,12,12,9,0
20260313,XSGE,上期所,HC,12,12,4,0
20260313,XSGE,上期所,NI,12,12,4,0
20260313,XSGE,上期所,OP,12,12,1,0
20260313,XSGE,上期所,PB,12,12,2,0
20260313,XSGE,上期所,RB,12,12,9,0
20260313,XSGE,上期所,RU,10,10,2,0
20260313,XSGE,上期所,SN,12,12,5,0
20260313,XSGE,上期所,SP,12,12,3,0
20260313,XSGE,上期所,SS,12,12,3,0
20260313,XSGE,上期所,ZN,12,12,2,0
20260313,XSIE,能源中心,BC,12,12,1,0
20260313,XSIE,能源中心,LU,12,12,5,0
20260313,XSIE,能源中心,NR,12,12,4,0
20260313,XSIE,能源中心,SC,20,20,7,0
20260316,XDCE,大商所,A,6,6,2,0
20260316,XDCE,大商所,B,12,12,4,0
20260316,XDCE,大商所,C,6,6,4,0
20260316,XDCE,大商所,CS,6,6,2,0
20260316,XDCE,大商所,EB,12,12,7,0
20260316,XDCE,大商所,EG,12,12,5,0
20260316,XDCE,大商所,I,12,12,8,0
20260316,XDCE,大商所,J,12,12,1,0
20260316,XDCE,大商所,JM,12,12,7,0
20260316,XDCE,大商所,L,12,12,4,0
20260316,XDCE,大商所,M,8,8,5,0
20260316,XDCE,大商所,P,12,12,2,0
20260316,XDCE,大商所,PG,12,12,4,0
20260316,XDCE,大商所,PP,12,12,5,0
20260316,XDCE,大商所,RR,12,12,0,0
20260316,XDCE,大商所,V,12,12,4,0
20260316,XDCE,大商所,Y,8,8,2,0
20260316,XSGE,上期所,AG,12,12,10,0
20260316,XSGE,上期所,AL,12,12,6,0
20260316,XSGE,上期所,AO,12,12,4,0
20260316,XSGE,上期所,AU,8,8,4,0
20260316,XSGE,上期所,BR,12,12,2,0
20260316,XSGE,上期所,BU,16,16,5,0
20260316,XSGE,上期所,CU,12,12,5,0
20260316,XSGE,上期所,FU,12,12,10,0
20260316,XSGE,上期所,HC,12,12,3,0
20260316,XSGE,上期所,NI,12,12,4,0
20260316,XSGE,上期所,OP,12,12,1,0
20260316,XSGE,上期所,PB,12,12,2,0
20260316,XSGE,上期所,RB,12,12,7,0
20260316,XSGE,上期所,RU,10,10,2,0
20260316,XSGE,上期所,SN,12,12,3,0
20260316,XSGE,上期所,SP,12,12,3,0
20260316,XSGE,上期所,SS,12,12,3,0
20260316,XSGE,上期所,ZN,12,12,3,0
20260316,XSIE,能源中心,BC,12,12,1,0
20260316,XSIE,能源中心,LU,12,12,4,0
20260316,XSIE,能源中心,NR,12,12,3,0
20260316,XSIE,能源中心,SC,20,20,8,0
20260317,XDCE,大商所,A,6,6,2,0
20260317,XDCE,大商所,B,12,12,4,0
20260317,XDCE,大商所,C,6,6,5,0
20260317,XDCE,大商所,CS,6,6,2,0
20260317,XDCE,大商所,EB,12,12,6,0
20260317,XDCE,大商所,EG,12,12,5,0
20260317,XDCE,大商所,I,12,12,3,0
20260317,XDCE,大商所,J,12,12,2,0
20260317,XDCE,大商所,JM,12,12,4,0
20260317,XDCE,大商所,L,12,12,3,0
20260317,XDCE,大商所,M,8,8,7,0
20260317,XDCE,大商所,P,12,12,2,0
20260317,XDCE,大商所,PG,12,12,5,0
20260317,XDCE,大商所,PP,12,12,4,0
20260317,XDCE,大商所,RR,12,12,1,0
20260317,XDCE,大商所,V,12,12,6,0
20260317,XDCE,大商所,Y,8,8,4,0
20260317,XSGE,上期所,AG,12,12,9,0
20260317,XSGE,上期所,AL,12,12,5,0
20260317,XSGE,上期所,AO,12,12,4,0
20260317,XSGE,上期所,AU,8,8,3,0
20260317,XSGE,上期所,BR,12,12,3,0
20260317,XSGE,上期所,BU,16,16,5,0
20260317,XSGE,上期所,CU,12,12,3,0
20260317,XSGE,上期所,FU,12,12,11,0
20260317,XSGE,上期所,HC,12,12,4,0
20260317,XSGE,上期所,NI,12,12,5,0
20260317,XSGE,上期所,OP,12,12,2,0
20260317,XSGE,上期所,PB,12,12,2,0
20260317,XSGE,上期所,RB,12,12,6,0
20260317,XSGE,上期所,RU,10,10,2,0
20260317,XSGE,上期所,SN,12,12,4,0
20260317,XSGE,上期所,SP,12,12,3,0
20260317,XSGE,上期所,SS,12,12,3,0
20260317,XSGE,上期所,ZN,12,12,3,0
20260317,XSIE,能源中心,BC,12,12,2,0
20260317,XSIE,能源中心,LU,12,12,4,0
20260317,XSIE,能源中心,NR,12,12,3,0
20260317,XSIE,能源中心,SC,20,20,7,0
20260318,XDCE,大商所,A,6,6,3,0
20260318,XDCE,大商所,B,12,12,4,0
20260318,XDCE,大商所,C,6,6,2,0
20260318,XDCE,大商所,CS,6,6,2,0
20260318,XDCE,大商所,EB,12,12,5,0
20260318,XDCE,大商所,EG,12,12,3,0
20260318,XDCE,大商所,I,12,12,3,0
20260318,XDCE,大商所,J,12,12,1,0
20260318,XDCE,大商所,JM,12,12,3,0
20260318,XDCE,大商所,L,12,12,3,0
20260318,XDCE,大商所,M,8,8,6,0
20260318,XDCE,大商所,P,12,12,3,0
20260318,XDCE,大商所,PG,12,12,5,0
20260318,XDCE,大商所,PP,12,12,5,0
20260318,XDCE,大商所,RR,12,12,1,0
20260318,XDCE,大商所,V,12,12,5,0
20260318,XDCE,大商所,Y,8,8,2,0
20260318,XSGE,上期所,AG,12,12,7,0
20260318,XSGE,上期所,AL,12,12,5,0
20260318,XSGE,上期所,AO,12,12,4,0
20260318,XSGE,上期所,AU,8,8,3,0
20260318,XSGE,上期所,BR,12,12,3,0
20260318,XSGE,上期所,BU,16,16,5,0
20260318,XSGE,上期所,CU,12,12,5,0
20260318,XSGE,上期所,FU,12,12,11,0
20260318,XSGE,上期所,HC,12,12,3,0
20260318,XSGE,上期所,NI,12,12,4,0
20260318,XSGE,上期所,OP,12,12,2,0
20260318,XSGE,上期所,PB,12,12,3,0
20260318,XSGE,上期所,RB,12,12,5,0
20260318,XSGE,上期所,RU,10,10,2,0
20260318,XSGE,上期所,SN,12,12,3,0
20260318,XSGE,上期所,SP,12,12,3,0
20260318,XSGE,上期所,SS,12,12,4,0
20260318,XSGE,上期所,ZN,12,12,3,0
20260318,XSIE,能源中心,BC,12,12,2,0
20260318,XSIE,能源中心,LU,12,12,3,0
20260318,XSIE,能源中心,NR,12,12,3,0
20260318,XSIE,能源中心,SC,20,20,6,0
20260319,XDCE,大商所,A,6,6,2,0
20260319,XDCE,大商所,B,12,12,4,0
20260319,XDCE,大商所,C,6,6,4,0
20260319,XDCE,大商所,CS,6,6,2,0
20260319,XDCE,大商所,EB,12,12,7,0
20260319,XDCE,大商所,EG,12,12,5,0
20260319,XDCE,大商所,I,12,12,7,0
20260319,XDCE,大商所,J,12,12,2,0
20260319,XDCE,大商所,JM,12,12,5,0
20260319,XDCE,大商所,L,12,12,6,0
20260319,XDCE,大商所,M,8,8,4,0
20260319,XDCE,大商所,P,12,12,3,0
20260319,XDCE,大商所,PG,12,12,5,0
20260319,XDCE,大商所,PP,12,12,6,0
20260319,XDCE,大商所,RR,12,12,0,0
20260319,XDCE,大商所,V,12,12,6,0
20260319,XDCE,大商所,Y,8,8,2,0
20260319,XSGE,上期所,AG,12,12,8,0
20260319,XSGE,上期所,AL,12,12,6,0
20260319,XSGE,上期所,AO,12,12,5,0
20260319,XSGE,上期所,AU,8,8,6,0
20260319,XSGE,上期所,BR,12,12,5,0
20260319,XSGE,上期所,BU,16,16,5,0
20260319,XSGE,上期所,CU,12,12,7,0
20260319,XSGE,上期所,FU,12,12,11,0
20260319,XSGE,上期所,HC,12,12,4,0
20260319,XSGE,上期所,NI,12,12,4,0
20260319,XSGE,上期所,OP,12,12,1,0
20260319,XSGE,上期所,PB,12,12,3,0
20260319,XSGE,上期所,RB,12,12,4,0
20260319,XSGE,上期所,RU,10,10,2,0
20260319,XSGE,上期所,SN,12,12,4,0
20260319,XSGE,上期所,SP,12,12,3,0
20260319,XSGE,上期所,SS,12,12,3,0
20260319,XSGE,上期所,ZN,12,12,3,0
20260319,XSIE,能源中心,BC,12,12,2,0
20260319,XSIE,能源中心,LU,12,12,6,0
20260319,XSIE,能源中心,NR,12,12,2,0
20260319,XSIE,能源中心,SC,20,20,7,0
20260320,XDCE,大商所,A,6,6,3,0
20260320,XDCE,大商所,B,12,12,4,0
20260320,XDCE,大商所,C,6,6,3,0
20260320,XDCE,大商所,CS,6,6,2,0
20260320,XDCE,大商所,EB,12,12,5,0
20260320,XDCE,大商所,EG,12,12,3,0
20260320,XDCE,大商所,I,12,12,7,0
20260320,XDCE,大商所,J,12,12,2,0
20260320,XDCE,大商所,JM,12,12,3,0
20260320,XDCE,大商所,L,12,12,6,0
20260320,XDCE,大商所,M,8,8,5,0
20260320,XDCE,大商所,P,12,12,4,0
20260320,XDCE,大商所,PG,12,12,8,0
20260320,XDCE,大商所,PP,12,12,4,0
20260320,XDCE,大商所,RR,12,12,0,0
20260320,XDCE,大商所,V,12,12,6,0
20260320,XDCE,大商所,Y,8,8,2,0
20260320,XSGE,上期所,AG,12,12,11,0
20260320,XSGE,上期所,AL,12,12,8,0
20260320,XSGE,上期所,AO,12,12,4,0
20260320,XSGE,上期所,AU,8,8,6,0
20260320,XSGE,上期所,BR,12,12,3,0
20260320,XSGE,上期所,BU,16,16,7,0
20260320,XSGE,上期所,CU,12,12,7,0
20260320,XSGE,上期所,FU,12,12,8,0
20260320,XSGE,上期所,HC,12,12,3,0
20260320,XSGE,上期所,NI,12,12,5,0
20260320,XSGE,上期所,OP,12,12,1,0
20260320,XSGE,上期所,PB,12,12,3,0
20260320,XSGE,上期所,RB,12,12,3,0
20260320,XSGE,上期所,RU,10,10,2,0
20260320,XSGE,上期所,SN,12,12,6,0
20260320,XSGE,上期所,SP,12,12,3,0
20260320,XSGE,上期所,SS,12,12,4,0
20260320,XSGE,上期所,ZN,12,12,4,0
20260320,XSIE,能源中心,BC,12,12,2,0
20260320,XSIE,能源中心,LU,12,12,3,0
20260320,XSIE,能源中心,NR,12,12,4,0
20260320,XSIE,能源中心,SC,20,20,6,0
20260324,XDCE,大商所,A,6,6,4,0
20260324,XDCE,大商所,B,12,12,3,0
20260324,XDCE,大商所,C,6,6,5,0
20260324,XDCE,大商所,CS,6,6,2,0
20260324,XDCE,大商所,EB,12,12,7,0
20260324,XDCE,大商所,EG,12,12,9,0
20260324,XDCE,大商所,I,12,12,7,0
20260324,XDCE,大商所,J,12,12,2,0
20260324,XDCE,大商所,JM,12,12,10,0
20260324,XDCE,大商所,L,12,12,5,0
20260324,XDCE,大商所,M,8,8,5,0
20260324,XDCE,大商所,P,12,12,4,0
20260324,XDCE,大商所,PG,12,12,9,0
20260324,XDCE,大商所,PP,12,12,8,0
20260324,XDCE,大商所,RR,12,12,0,0
20260324,XDCE,大商所,V,12,12,8,0
20260324,XDCE,大商所,Y,8,8,5,0
20260324,XSGE,上期所,AG,12,12,11,0
20260324,XSGE,上期所,AL,12,12,6,0
20260324,XSGE,上期所,AO,12,12,4,0
20260324,XSGE,上期所,AU,8,8,7,0
20260324,XSGE,上期所,BR,12,12,5,0
20260324,XSGE,上期所,BU,16,16,6,0
20260324,XSGE,上期所,CU,12,12,7,0
20260324,XSGE,上期所,FU,12,12,10,0
20260324,XSGE,上期所,HC,12,12,4,0
20260324,XSGE,上期所,NI,12,12,6,0
20260324,XSGE,上期所,OP,12,12,1,0
20260324,XSGE,上期所,PB,12,12,3,0
20260324,XSGE,上期所,RB,12,12,7,0
20260324,XSGE,上期所,RU,10,10,5,0
20260324,XSGE,上期所,SN,12,12,4,0
20260324,XSGE,上期所,SP,12,12,3,0
20260324,XSGE,上期所,SS,12,12,2,0
20260324,XSGE,上期所,ZN,12,12,4,0
20260324,XSIE,能源中心,BC,12,12,2,0
20260324,XSIE,能源中心,LU,12,12,4,0
20260324,XSIE,能源中心,NR,12,12,4,0
20260324,XSIE,能源中心,SC,20,20,6,0
20260325,XDCE,大商所,A,6,6,4,0
20260325,XDCE,大商所,B,12,12,5,0
20260325,XDCE,大商所,C,6,6,5,0
20260325,XDCE,大商所,CS,6,6,2,0
20260325,XDCE,大商所,EB,12,12,7,0
20260325,XDCE,大商所,EG,12,12,3,0
20260325,XDCE,大商所,I,12,12,5,0
20260325,XDCE,大商所,J,12,12,3,0
20260325,XDCE,大商所,JM,12,12,4,0
20260325,XDCE,大商所,L,12,12,7,0
20260325,XDCE,大商所,M,8,8,4,0
20260325,XDCE,大商所,P,12,12,4,0
20260325,XDCE,大商所,PG,12,12,4,0
20260325,XDCE,大商所,PP,12,12,4,0
20260325,XDCE,大商所,RR,12,12,3,0
20260325,XDCE,大商所,V,12,12,6,0
20260325,XDCE,大商所,Y,8,8,4,0
20260325,XSGE,上期所,AG,12,12,10,0
20260325,XSGE,上期所,AL,12,12,5,0
20260325,XSGE,上期所,AO,12,12,4,0
20260325,XSGE,上期所,AU,8,8,4,0
20260325,XSGE,上期所,BR,12,12,5,0
20260325,XSGE,上期所,BU,16,16,6,0
20260325,XSGE,上期所,CU,12,12,3,0
20260325,XSGE,上期所,FU,12,12,9,0
20260325,XSGE,上期所,HC,12,12,3,0
20260325,XSGE,上期所,NI,12,12,5,0
20260325,XSGE,上期所,OP,12,12,1,0
20260325,XSGE,上期所,PB,12,12,3,0
20260325,XSGE,上期所,RB,12,12,6,0
20260325,XSGE,上期所,RU,10,10,2,0
20260325,XSGE,上期所,SN,12,12,4,0
20260325,XSGE,上期所,SP,12,12,3,0
20260325,XSGE,上期所,SS,12,12,3,0
20260325,XSGE,上期所,ZN,12,12,3,0
20260325,XSIE,能源中心,BC,12,12,1,0
20260325,XSIE,能源中心,LU,12,12,4,0
20260325,XSIE,能源中心,NR,12,12,2,0
20260325,XSIE,能源中心,SC,20,20,4,0
20260326,XDCE,大商所,A,6,6,3,0
20260326,XDCE,大商所,B,12,12,4,0
20260326,XDCE,大商所,C,6,6,5,0
20260326,XDCE,大商所,CS,6,6,2,0
20260326,XDCE,大商所,EB,12,12,4,0
20260326,XDCE,大商所,EG,12,12,4,0
20260326,XDCE,大商所,I,12,12,5,0
20260326,XDCE,大商所,J,12,12,2,0
20260326,XDCE,大商所,JM,12,12,4,0
20260326,XDCE,大商所,L,12,12,6,0
20260326,XDCE,大商所,M,8,8,5,0
20260326,XDCE,大商所,P,12,12,2,0
20260326,XDCE,大商所,PG,12,12,4,0
20260326,XDCE,大商所,PP,12,12,6,0
20260326,XDCE,大商所,RR,12,12,1,0
20260326,XDCE,大商所,V,12,12,6,0
20260326,XDCE,大商所,Y,8,8,3,0
20260326,XSGE,上期所,AG,12,12,8,0
20260326,XSGE,上期所,AL,12,12,4,0
20260326,XSGE,上期所,AO,12,12,3,0
20260326,XSGE,上期所,AU,8,8,4,0
20260326,XSGE,上期所,BR,12,12,5,0
20260326,XSGE,上期所,BU,16,16,5,0
20260326,XSGE,上期所,CU,12,12,4,0
20260326,XSGE,上期所,FU,12,12,8,0
20260326,XSGE,上期所,HC,12,12,3,0
20260326,XSGE,上期所,NI,12,12,5,0
20260326,XSGE,上期所,OP,12,12,2,0
20260326,XSGE,上期所,PB,12,12,3,0
20260326,XSGE,上期所,RB,12,12,5,0
20260326,XSGE,上期所,RU,10,10,3,0
20260326,XSGE,上期所,SN,12,12,3,0
20260326,XSGE,上期所,SP,12,12,3,0
20260326,XSGE,上期所,SS,12,12,5,0
20260326,XSGE,上期所,ZN,12,12,4,0
20260326,XSIE,能源中心,BC,12,12,2,0
20260326,XSIE,能源中心,LU,12,12,3,0
20260326,XSIE,能源中心,NR,12,12,3,0
20260326,XSIE,能源中心,SC,20,20,4,0
20260327,XDCE,大商所,A,6,6,3,0
20260327,XDCE,大商所,B,12,12,4,0
20260327,XDCE,大商所,C,6,6,3,0
20260327,XDCE,大商所,CS,6,6,2,0
20260327,XDCE,大商所,EB,12,12,6,0
20260327,XDCE,大商所,EG,12,12,5,0
20260327,XDCE,大商所,I,12,12,4,0
20260327,XDCE,大商所,J,12,12,2,0
20260327,XDCE,大商所,JM,12,12,4,0
20260327,XDCE,大商所,L,12,12,6,0
20260327,XDCE,大商所,M,8,8,4,0
20260327,XDCE,大商所,P,12,12,2,0
20260327,XDCE,大商所,PG,12,12,5,0
20260327,XDCE,大商所,PP,12,12,5,0
20260327,XDCE,大商所,RR,12,12,1,0
20260327,XDCE,大商所,V,12,12,4,0
20260327,XDCE,大商所,Y,8,8,2,0
20260327,XSGE,上期所,AG,12,12,11,0
20260327,XSGE,上期所,AL,12,12,6,0
20260327,XSGE,上期所,AO,12,12,3,0
20260327,XSGE,上期所,AU,8,8,3,0
20260327,XSGE,上期所,BR,12,12,5,0
20260327,XSGE,上期所,BU,16,16,5,0
20260327,XSGE,上期所,CU,12,12,5,0
20260327,XSGE,上期所,FU,12,12,10,0
20260327,XSGE,上期所,HC,12,12,3,0
20260327,XSGE,上期所,NI,12,12,4,0
20260327,XSGE,上期所,OP,12,12,1,0
20260327,XSGE,上期所,PB,12,12,4,0
20260327,XSGE,上期所,RB,12,12,4,0
20260327,XSGE,上期所,RU,10,10,2,0
20260327,XSGE,上期所,SN,12,12,4,0
20260327,XSGE,上期所,SP,12,12,3,0
20260327,XSGE,上期所,SS,12,12,4,0
20260327,XSGE,上期所,ZN,12,12,3,0
20260327,XSIE,能源中心,BC,12,12,2,0
20260327,XSIE,能源中心,LU,12,12,4,0
20260327,XSIE,能源中心,NR,12,12,3,0
20260327,XSIE,能源中心,SC,20,20,6,0
20260401,XDCE,大商所,A,6,6,4,0
20260401,XDCE,大商所,B,12,12,3,0
20260401,XDCE,大商所,C,6,6,3,0
20260401,XDCE,大商所,CS,6,6,2,0
20260401,XDCE,大商所,EB,12,12,6,0
20260401,XDCE,大商所,EG,12,12,4,0
20260401,XDCE,大商所,I,12,12,3,0
20260401,XDCE,大商所,J,12,12,2,0
20260401,XDCE,大商所,JM,12,12,4,0
20260401,XDCE,大商所,L,12,12,3,0
20260401,XDCE,大商所,M,8,8,6,0
20260401,XDCE,大商所,P,12,12,6,0
20260401,XDCE,大商所,PG,12,12,4,0
20260401,XDCE,大商所,PP,12,12,2,0
20260401,XDCE,大商所,RR,12,12,0,0
20260401,XDCE,大商所,V,12,12,5,0
20260401,XDCE,大商所,Y,8,8,4,0
20260401,XSGE,上期所,AG,12,12,8,0
20260401,XSGE,上期所,AL,12,12,6,0
20260401,XSGE,上期所,AO,12,12,4,0
20260401,XSGE,上期所,AU,8,8,4,0
20260401,XSGE,上期所,BR,12,12,4,0
20260401,XSGE,上期所,BU,16,16,3,0
20260401,XSGE,上期所,CU,12,12,4,0
20260401,XSGE,上期所,FU,12,12,7,0
20260401,XSGE,上期所,HC,12,12,4,0
20260401,XSGE,上期所,NI,12,12,5,0
20260401,XSGE,上期所,OP,12,12,1,0
20260401,XSGE,上期所,PB,12,12,2,0
20260401,XSGE,上期所,RB,12,12,4,0
20260401,XSGE,上期所,RU,10,10,3,0
20260401,XSGE,上期所,SN,12,12,4,0
20260401,XSGE,上期所,SP,12,12,3,0
20260401,XSGE,上期所,SS,12,12,4,0
20260401,XSGE,上期所,ZN,12,12,3,0
20260401,XSIE,能源中心,BC,12,12,1,0
20260401,XSIE,能源中心,LU,12,12,3,0
20260401,XSIE,能源中心,NR,12,12,2,0
20260401,XSIE,能源中心,SC,20,20,4,0
20260402,XDCE,大商所,A,6,6,4,0
20260402,XDCE,大商所,B,12,12,4,0
20260402,XDCE,大商所,C,6,6,4,0
20260402,XDCE,大商所,CS,6,6,2,0
20260402,XDCE,大商所,EB,12,12,7,0
20260402,XDCE,大商所,EG,12,12,5,0
20260402,XDCE,大商所,I,12,12,4,0
20260402,XDCE,大商所,J,12,12,2,0
20260402,XDCE,大商所,JM,12,12,4,0
20260402,XDCE,大商所,L,12,12,5,0
20260402,XDCE,大商所,M,8,8,5,0
20260402,XDCE,大商所,P,12,12,4,0
20260402,XDCE,大商所,PG,12,12,5,0
20260402,XDCE,大商所,PP,12,12,5,0
20260402,XDCE,大商所,RR,12,12,0,0
20260402,XDCE,大商所,V,12,12,5,0
20260402,XDCE,大商所,Y,8,8,3,0
20260402,XSGE,上期所,AG,12,12,7,0
20260402,XSGE,上期所,AL,12,12,5,0
20260402,XSGE,上期所,AO,12,12,3,0
20260402,XSGE,上期所,AU,8,8,3,0
20260402,XSGE,上期所,BR,12,12,5,0
20260402,XSGE,上期所,BU,16,16,5,0
20260402,XSGE,上期所,CU,12,12,5,0
20260402,XSGE,上期所,FU,12,12,10,0
20260402,XSGE,上期所,HC,12,12,3,0
20260402,XSGE,上期所,NI,12,12,6,0
20260402,XSGE,上期所,OP,12,12,2,0
20260402,XSGE,上期所,PB,12,12,2,0
20260402,XSGE,上期所,RB,12,12,3,0
20260402,XSGE,上期所,RU,10,10,4,0
20260402,XSGE,上期所,SN,12,12,3,0
20260402,XSGE,上期所,SP,12,12,3,0
20260402,XSGE,上期所,SS,12,12,3,0
20260402,XSGE,上期所,ZN,12,12,2,0
20260402,XSIE,能源中心,BC,12,12,3,0
20260402,XSIE,能源中心,LU,12,12,4,0
20260402,XSIE,能源中心,NR,12,12,3,0
20260402,XSIE,能源中心,SC,20,20,6,0
20260403,XDCE,大商所,A,6,6,3,0
20260403,XDCE,大商所,B,12,12,4,0
20260403,XDCE,大商所,C,6,6,4,0
20260403,XDCE,大商所,CS,6,6,2,0
20260403,XDCE,大商所,EB,12,12,7,0
20260403,XDCE,大商所,EG,12,12,6,0
20260403,XDCE,大商所,I,12,12,4,0
20260403,XDCE,大商所,J,12,12,2,0
20260403,XDCE,大商所,JM,12,12,6,0
20260403,XDCE,大商所,L,12,12,6,0
20260403,XDCE,大商所,M,8,8,6,0
20260403,XDCE,大商所,P,12,12,3,0
20260403,XDCE,大商所,PG,12,12,6,0
20260403,XDCE,大商所,PP,12,12,6,0
20260403,XDCE,大商所,RR,12,12,1,0
20260403,XDCE,大商所,V,12,12,6,0
20260403,XDCE,大商所,Y,8,8,3,0
20260403,XSGE,上期所,AG,12,12,10,0
20260403,XSGE,上期所,AL,12,12,5,0
20260403,XSGE,上期所,AO,12,12,4,0
20260403,XSGE,上期所,AU,8,8,5,0
20260403,XSGE,上期所,BR,12,12,6,0
20260403,XSGE,上期所,BU,16,16,5,0
20260403,XSGE,上期所,CU,12,12,6,0
20260403,XSGE,上期所,FU,12,12,10,0
20260403,XSGE,上期所,HC,12,12,4,0
20260403,XSGE,上期所,NI,12,12,4,0
20260403,XSGE,上期所,OP,12,12,1,0
20260403,XSGE,上期所,PB,12,12,3,0
20260403,XSGE,上期所,RB,12,12,4,0
20260403,XSGE,上期所,RU,10,10,2,0
20260403,XSGE,上期所,SN,12,12,3,0
20260403,XSGE,上期所,SP,12,12,3,0
20260403,XSGE,上期所,SS,12,12,2,0
20260403,XSGE,上期所,ZN,12,12,3,0
20260403,XSIE,能源中心,BC,12,12,3,0
20260403,XSIE,能源中心,LU,12,12,4,0
20260403,XSIE,能源中心,NR,12,12,3,0
20260403,XSIE,能源中心,SC,20,20,6,0
20260409,XDCE,大商所,A,6,6,3,0
20260409,XDCE,大商所,B,12,12,4,0
20260409,XDCE,大商所,C,6,6,5,0
20260409,XDCE,大商所,CS,6,6,3,0
20260409,XDCE,大商所,EB,12,12,6,0
20260409,XDCE,大商所,EG,12,12,5,0
20260409,XDCE,大商所,I,12,12,4,0
20260409,XDCE,大商所,J,12,12,2,0
20260409,XDCE,大商所,JM,12,12,4,0
20260409,XDCE,大商所,L,12,12,6,0
20260409,XDCE,大商所,M,8,8,5,0
20260409,XDCE,大商所,P,12,12,3,0
20260409,XDCE,大商所,PG,12,12,7,0
20260409,XDCE,大商所,PP,12,12,7,0
20260409,XDCE,大商所,RR,12,12,2,0
20260409,XDCE,大商所,V,12,12,5,0
20260409,XDCE,大商所,Y,8,8,3,0
20260409,XSGE,上期所,AG,12,12,9,0
20260409,XSGE,上期所,AL,12,12,4,0
20260409,XSGE,上期所,AO,12,12,4,0
20260409,XSGE,上期所,AU,8,8,3,0
20260409,XSGE,上期所,BR,12,12,4,0
20260409,XSGE,上期所,BU,16,16,5,0
20260409,XSGE,上期所,CU,12,12,4,0
20260409,XSGE,上期所,FU,12,12,11,0
20260409,XSGE,上期所,HC,12,12,4,0
20260409,XSGE,上期所,NI,12,12,5,0
20260409,XSGE,上期所,OP,12,12,1,0
20260409,XSGE,上期所,PB,12,12,2,0
20260409,XSGE,上期所,RB,12,12,5,0
20260409,XSGE,上期所,RU,10,10,2,0
20260409,XSGE,上期所,SN,12,12,2,0
20260409,XSGE,上期所,SP,12,12,4,0
20260409,XSGE,上期所,SS,12,12,4,0
20260409,XSGE,上期所,ZN,12,12,5,0
20260409,XSIE,能源中心,BC,12,12,1,0
20260409,XSIE,能源中心,LU,12,12,3,0
20260409,XSIE,能源中心,NR,12,12,3,0
20260409,XSIE,能源中心,SC,20,20,7,0
20260410,XDCE,大商所,A,6,6,3,0
20260410,XDCE,大商所,B,12,12,3,0
20260410,XDCE,大商所,C,6,6,3,0
20260410,XDCE,大商所,CS,6,6,3,0
20260410,XDCE,大商所,EB,12,12,6,0
20260410,XDCE,大商所,EG,12,12,4,0
20260410,XDCE,大商所,I,12,12,4,0
20260410,XDCE,大商所,J,12,12,2,0
20260410,XDCE,大商所,JM,12,12,4,0
20260410,XDCE,大商所,L,12,12,5,0
20260410,XDCE,大商所,M,8,8,5,0
20260410,XDCE,大商所,P,12,12,3,0
20260410,XDCE,大商所,PG,12,12,5,0
20260410,XDCE,大商所,PP,12,12,5,0
20260410,XDCE,大商所,RR,12,12,0,0
20260410,XDCE,大商所,V,12,12,5,0
20260410,XDCE,大商所,Y,8,8,4,0
20260410,XSGE,上期所,AG,12,12,8,0
20260410,XSGE,上期所,AL,12,12,5,0
20260410,XSGE,上期所,AO,12,12,4,0
20260410,XSGE,上期所,AU,8,8,5,0
20260410,XSGE,上期所,BR,12,12,4,0
20260410,XSGE,上期所,BU,16,16,5,0
20260410,XSGE,上期所,CU,12,12,6,0
20260410,XSGE,上期所,FU,12,12,9,0
20260410,XSGE,上期所,HC,12,12,3,0
20260410,XSGE,上期所,NI,12,12,4,0
20260410,XSGE,上期所,OP,12,12,1,0
20260410,XSGE,上期所,PB,12,12,3,0
20260410,XSGE,上期所,RB,12,12,5,0
20260410,XSGE,上期所,RU,10,10,2,0
20260410,XSGE,上期所,SN,12,12,3,0
20260410,XSGE,上期所,SP,12,12,4,0
20260410,XSGE,上期所,SS,12,12,3,0
20260410,XSGE,上期所,ZN,12,12,2,0
20260410,XSIE,能源中心,BC,12,12,1,0
20260410,XSIE,能源中心,LU,12,12,4,0
20260410,XSIE,能源中心,NR,12,12,2,0
20260410,XSIE,能源中心,SC,20,20,6,0
20260414,XDCE,大商所,A,6,6,4,0
20260414,XDCE,大商所,B,12,12,3,0
20260414,XDCE,大商所,C,6,6,3,0
20260414,XDCE,大商所,CS,6,6,2,0
20260414,XDCE,大商所,EB,12,12,4,0
20260414,XDCE,大商所,EG,12,12,3,0
20260414,XDCE,大商所,I,12,12,3,0
20260414,XDCE,大商所,J,12,12,2,0
20260414,XDCE,大商所,JM,12,12,3,0
20260414,XDCE,大商所,L,12,12,4,0
20260414,XDCE,大商所,M,8,8,5,0
20260414,XDCE,大商所,P,12,12,2,0
20260414,XDCE,大商所,PG,12,12,3,0
20260414,XDCE,大商所,PP,12,12,4,0
20260414,XDCE,大商所,RR,12,12,1,0
20260414,XDCE,大商所,V,12,12,4,0
20260414,XDCE,大商所,Y,8,8,3,0
20260414,XSGE,上期所,AG,12,12,7,0
20260414,XSGE,上期所,AL,12,12,4,0
20260414,XSGE,上期所,AO,12,12,3,0
20260414,XSGE,上期所,AU,8,8,3,0
20260414,XSGE,上期所,BR,12,12,4,0
20260414,XSGE,上期所,BU,16,16,3,0
20260414,XSGE,上期所,CU,12,12,5,0
20260414,XSGE,上期所,FU,12,12,6,0
20260414,XSGE,上期所,HC,12,12,3,0
20260414,XSGE,上期所,NI,12,12,5,0
20260414,XSGE,上期所,OP,12,12,1,0
20260414,XSGE,上期所,PB,12,12,3,0
20260414,XSGE,上期所,RB,12,12,5,0
20260414,XSGE,上期所,RU,10,10,2,0
20260414,XSGE,上期所,SN,12,12,2,0
20260414,XSGE,上期所,SP,12,12,4,0
20260414,XSGE,上期所,SS,12,12,4,0
20260414,XSGE,上期所,ZN,12,12,2,0
20260414,XSIE,能源中心,BC,12,12,2,0
20260414,XSIE,能源中心,LU,12,12,3,0
20260414,XSIE,能源中心,NR,12,12,3,0
20260414,XSIE,能源中心,SC,20,20,3,0
20260415,XDCE,大商所,A,6,6,3,0
20260415,XDCE,大商所,B,12,12,4,0
20260415,XDCE,大商所,C,6,6,3,0
20260415,XDCE,大商所,CS,6,6,3,0
20260415,XDCE,大商所,EB,12,12,5,0
20260415,XDCE,大商所,EG,12,12,4,0
20260415,XDCE,大商所,I,12,12,6,0
20260415,XDCE,大商所,J,12,12,2,0
20260415,XDCE,大商所,JM,12,12,6,0
20260415,XDCE,大商所,L,12,12,7,0
20260415,XDCE,大商所,M,8,8,6,0
20260415,XDCE,大商所,P,12,12,5,0
20260415,XDCE,大商所,PG,12,12,4,0
20260415,XDCE,大商所,PP,12,12,3,0
20260415,XDCE,大商所,RR,12,12,1,0
20260415,XDCE,大商所,V,12,12,5,0
20260415,XDCE,大商所,Y,8,8,2,0
20260415,XSGE,上期所,AG,12,12,9,0
20260415,XSGE,上期所,AL,12,12,6,0
20260415,XSGE,上期所,AO,12,12,3,0
20260415,XSGE,上期所,AU,8,8,2,0
20260415,XSGE,上期所,BR,12,12,4,0
20260415,XSGE,上期所,BU,16,16,3,0
20260415,XSGE,上期所,CU,12,12,9,0
20260415,XSGE,上期所,FU,12,12,8,0
20260415,XSGE,上期所,HC,12,12,3,0
20260415,XSGE,上期所,NI,12,12,5,0
20260415,XSGE,上期所,OP,12,12,1,0
20260415,XSGE,上期所,PB,12,12,2,0
20260415,XSGE,上期所,RB,12,12,4,0
20260415,XSGE,上期所,RU,10,10,2,0
20260415,XSGE,上期所,SN,12,12,3,0
20260415,XSGE,上期所,SP,12,12,3,0
20260415,XSGE,上期所,SS,12,12,4,0
20260415,XSGE,上期所,ZN,12,12,3,0
20260415,XSIE,能源中心,BC,12,12,2,0
20260415,XSIE,能源中心,LU,12,12,3,0
20260415,XSIE,能源中心,NR,12,12,3,0
20260415,XSIE,能源中心,SC,20,20,5,0
20260416,XDCE,大商所,A,6,6,3,0
20260416,XDCE,大商所,B,12,12,4,0
20260416,XDCE,大商所,C,6,6,6,0
20260416,XDCE,大商所,CS,6,6,3,0
20260416,XDCE,大商所,EB,12,12,5,0
20260416,XDCE,大商所,EG,12,12,3,0
20260416,XDCE,大商所,I,12,12,5,0
20260416,XDCE,大商所,J,12,12,2,0
20260416,XDCE,大商所,JM,12,12,5,0
20260416,XDCE,大商所,L,12,12,3,0
20260416,XDCE,大商所,M,8,8,5,0
20260416,XDCE,大商所,P,12,12,3,0
20260416,XDCE,大商所,PG,12,12,3,0
20260416,XDCE,大商所,PP,12,12,3,0
20260416,XDCE,大商所,RR,12,12,1,0
20260416,XDCE,大商所,V,12,12,5,0
20260416,XDCE,大商所,Y,8,8,3,0
20260416,XSGE,上期所,AG,12,12,7,0
20260416,XSGE,上期所,AL,12,12,5,0
20260416,XSGE,上期所,AO,12,12,3,0
20260416,XSGE,上期所,AU,8,8,3,0
20260416,XSGE,上期所,BR,12,12,4,0
20260416,XSGE,上期所,BU,16,16,4,0
20260416,XSGE,上期所,CU,12,12,3,0
20260416,XSGE,上期所,FU,12,12,7,0
20260416,XSGE,上期所,HC,12,12,3,0
20260416,XSGE,上期所,NI,12,12,4,0
20260416,XSGE,上期所,OP,12,12,1,0
20260416,XSGE,上期所,PB,12,12,3,0
20260416,XSGE,上期所,RB,12,12,5,0
20260416,XSGE,上期所,RU,10,10,2,0
20260416,XSGE,上期所,SN,12,12,3,0
20260416,XSGE,上期所,SP,12,12,3,0
20260416,XSGE,上期所,SS,12,12,4,0
20260416,XSGE,上期所,ZN,12,12,3,0
20260416,XSIE,能源中心,BC,12,12,2,0
20260416,XSIE,能源中心,LU,12,12,4,0
20260416,XSIE,能源中心,NR,12,12,3,0
20260416,XSIE,能源中心,SC,20,20,3,0
20260420,XDCE,大商所,A,6,6,3,0
20260420,XDCE,大商所,B,12,12,5,0
20260420,XDCE,大商所,C,6,6,5,0
20260420,XDCE,大商所,CS,6,6,3,0
20260420,XDCE,大商所,EB,12,12,6,0
20260420,XDCE,大商所,EG,12,12,7,0
20260420,XDCE,大商所,I,12,12,4,0
20260420,XDCE,大商所,J,12,12,2,0
20260420,XDCE,大商所,JM,12,12,6,0
20260420,XDCE,大商所,L,12,12,5,0
20260420,XDCE,大商所,M,8,8,4,0
20260420,XDCE,大商所,P,12,12,5,0
20260420,XDCE,大商所,PG,12,12,6,0
20260420,XDCE,大商所,PP,12,12,5,0
20260420,XDCE,大商所,RR,12,12,0,0
20260420,XDCE,大商所,V,12,12,6,0
20260420,XDCE,大商所,Y,8,8,8,0
20260420,XSGE,上期所,AG,12,12,10,0
20260420,XSGE,上期所,AL,12,12,4,0
20260420,XSGE,上期所,AO,12,12,3,0
20260420,XSGE,上期所,AU,8,8,3,0
20260420,XSGE,上期所,BR,12,12,4,0
20260420,XSGE,上期所,BU,16,16,6,0
20260420,XSGE,上期所,CU,12,12,6,0
20260420,XSGE,上期所,FU,12,12,11,0
20260420,XSGE,上期所,HC,12,12,5,0
20260420,XSGE,上期所,NI,12,12,3,0
20260420,XSGE,上期所,OP,12,12,1,0
20260420,XSGE,上期所,PB,12,12,5,0
20260420,XSGE,上期所,RB,12,12,5,0
20260420,XSGE,上期所,RU,10,10,3,0
20260420,XSGE,上期所,SN,12,12,5,0
20260420,XSGE,上期所,SP,12,12,3,0
20260420,XSGE,上期所,SS,12,12,4,0
20260420,XSGE,上期所,ZN,12,12,3,0
20260420,XSIE,能源中心,BC,12,12,1,0
20260420,XSIE,能源中心,LU,12,12,5,0
20260420,XSIE,能源中心,NR,12,12,3,0
20260420,XSIE,能源中心,SC,20,20,5,0
20260421,XDCE,大商所,A,6,6,4,0
20260421,XDCE,大商所,B,12,12,3,0
20260421,XDCE,大商所,C,6,6,4,0
20260421,XDCE,大商所,CS,6,6,3,0
20260421,XDCE,大商所,EB,12,12,7,0
20260421,XDCE,大商所,EG,12,12,5,0
20260421,XDCE,大商所,I,12,12,4,0
20260421,XDCE,大商所,J,12,12,2,0
20260421,XDCE,大商所,JM,12,12,4,0
20260421,XDCE,大商所,L,12,12,4,0
20260421,XDCE,大商所,M,8,8,6,0
20260421,XDCE,大商所,P,12,12,3,0
20260421,XDCE,大商所,PG,12,12,5,0
20260421,XDCE,大商所,PP,12,12,3,0
20260421,XDCE,大商所,RR,12,12,0,0
20260421,XDCE,大商所,V,12,12,5,0
20260421,XDCE,大商所,Y,8,8,3,0
20260421,XSGE,上期所,AG,12,12,6,0
20260421,XSGE,上期所,AL,12,12,4,0
20260421,XSGE,上期所,AO,12,12,4,0
20260421,XSGE,上期所,AU,8,8,4,0
20260421,XSGE,上期所,BR,12,12,4,0
20260421,XSGE,上期所,BU,16,16,4,0
20260421,XSGE,上期所,CU,12,12,5,0
20260421,XSGE,上期所,FU,12,12,6,0
20260421,XSGE,上期所,HC,12,12,3,0
20260421,XSGE,上期所,NI,12,12,5,0
20260421,XSGE,上期所,OP,12,12,1,0
20260421,XSGE,上期所,PB,12,12,2,0
20260421,XSGE,上期所,RB,12,12,5,0
20260421,XSGE,上期所,RU,10,10,3,0
20260421,XSGE,上期所,SN,12,12,3,0
20260421,XSGE,上期所,SP,12,12,4,0
20260421,XSGE,上期所,SS,12,12,4,0
20260421,XSGE,上期所,ZN,12,12,3,0
20260421,XSIE,能源中心,BC,12,12,2,0
20260421,XSIE,能源中心,LU,12,12,3,0
20260421,XSIE,能源中心,NR,12,12,3,0
20260421,XSIE,能源中心,SC,20,20,4,0
20260422,XDCE,大商所,A,6,6,4,0
20260422,XDCE,大商所,B,12,12,4,0
20260422,XDCE,大商所,C,6,6,5,0
20260422,XDCE,大商所,CS,6,6,3,0
20260422,XDCE,大商所,EB,12,12,5,0
20260422,XDCE,大商所,EG,12,12,6,0
20260422,XDCE,大商所,I,12,12,4,0
20260422,XDCE,大商所,J,12,12,2,0
20260422,XDCE,大商所,JM,12,12,4,0
20260422,XDCE,大商所,L,12,12,3,0
20260422,XDCE,大商所,M,8,8,5,0
20260422,XDCE,大商所,P,12,12,3,0
20260422,XDCE,大商所,PG,12,12,4,0
20260422,XDCE,大商所,PP,12,12,6,0
20260422,XDCE,大商所,RR,12,12,1,0
20260422,XDCE,大商所,V,12,12,4,0
20260422,XDCE,大商所,Y,8,8,4,0
20260422,XSGE,上期所,AG,12,12,6,0
20260422,XSGE,上期所,AL,12,12,5,0
20260422,XSGE,上期所,AO,12,12,3,0
20260422,XSGE,上期所,AU,8,8,2,0
20260422,XSGE,上期所,BR,12,12,4,0
20260422,XSGE,上期所,BU,16,16,3,0
20260422,XSGE,上期所,CU,12,12,5,0
20260422,XSGE,上期所,FU,12,12,6,0
20260422,XSGE,上期所,HC,12,12,4,0
20260422,XSGE,上期所,NI,12,12,4,0
20260422,XSGE,上期所,OP,12,12,1,0
20260422,XSGE,上期所,PB,12,12,3,0
20260422,XSGE,上期所,RB,12,12,5,0
20260422,XSGE,上期所,RU,10,10,2,0
20260422,XSGE,上期所,SN,12,12,3,0
20260422,XSGE,上期所,SP,12,12,4,0
20260422,XSGE,上期所,SS,12,12,4,0
20260422,XSGE,上期所,ZN,12,12,4,0
20260422,XSIE,能源中心,BC,12,12,2,0
20260422,XSIE,能源中心,LU,12,12,3,0
20260422,XSIE,能源中心,NR,12,12,2,0
20260422,XSIE,能源中心,SC,20,20,4,0
20260423,XDCE,大商所,A,6,6,5,0
20260423,XDCE,大商所,B,12,12,5,0
20260423,XDCE,大商所,C,6,6,5,0
20260423,XDCE,大商所,CS,6,6,3,0
20260423,XDCE,大商所,EB,12,12,6,0
20260423,XDCE,大商所,EG,12,12,5,0
20260423,XDCE,大商所,I,12,12,5,0
20260423,XDCE,大商所,J,12,12,3,0
20260423,XDCE,大商所,JM,12,12,4,0
20260423,XDCE,大商所,L,12,12,4,0
20260423,XDCE,大商所,M,8,8,6,0
20260423,XDCE,大商所,P,12,12,4,0
20260423,XDCE,大商所,PG,12,12,5,0
20260423,XDCE,大商所,PP,12,12,4,0
20260423,XDCE,大商所,RR,12,12,1,0
20260423,XDCE,大商所,V,12,12,6,0
20260423,XDCE,大商所,Y,8,8,5,0
20260423,XSGE,上期所,AG,12,12,8,0
20260423,XSGE,上期所,AL,12,12,5,0
20260423,XSGE,上期所,AO,12,12,3,0
20260423,XSGE,上期所,AU,8,8,3,0
20260423,XSGE,上期所,BR,12,12,4,0
20260423,XSGE,上期所,BU,16,16,5,0
20260423,XSGE,上期所,CU,12,12,3,0
20260423,XSGE,上期所,FU,12,12,6,0
20260423,XSGE,上期所,HC,12,12,5,0
20260423,XSGE,上期所,NI,12,12,4,0
20260423,XSGE,上期所,OP,12,12,1,0
20260423,XSGE,上期所,PB,12,12,4,0
20260423,XSGE,上期所,RB,12,12,5,0
20260423,XSGE,上期所,RU,10,10,3,0
20260423,XSGE,上期所,SN,12,12,4,0
20260423,XSGE,上期所,SP,12,12,3,0
20260423,XSGE,上期所,SS,12,12,4,0
20260423,XSGE,上期所,ZN,12,12,3,0
20260423,XSIE,能源中心,BC,12,12,2,0
20260423,XSIE,能源中心,LU,12,12,3,0
20260423,XSIE,能源中心,NR,12,12,2,0
20260423,XSIE,能源中心,SC,20,20,6,0
20260424,XDCE,大商所,A,6,6,4,0
20260424,XDCE,大商所,B,12,12,5,0
20260424,XDCE,大商所,C,6,6,5,0
20260424,XDCE,大商所,CS,6,6,3,0
20260424,XDCE,大商所,EB,12,12,4,0
20260424,XDCE,大商所,EG,12,12,6,0
20260424,XDCE,大商所,I,12,12,5,0
20260424,XDCE,大商所,J,12,12,2,0
20260424,XDCE,大商所,JM,12,12,5,0
20260424,XDCE,大商所,L,12,12,4,0
20260424,XDCE,大商所,M,8,8,7,0
20260424,XDCE,大商所,P,12,12,4,0
20260424,XDCE,大商所,PG,12,12,4,0
20260424,XDCE,大商所,PP,12,12,6,0
20260424,XDCE,大商所,RR,12,12,2,0
20260424,XDCE,大商所,V,12,12,4,0
20260424,XDCE,大商所,Y,8,8,2,0
20260424,XSGE,上期所,AG,12,12,9,0
20260424,XSGE,上期所,AL,12,12,4,0
20260424,XSGE,上期所,AO,12,12,4,0
20260424,XSGE,上期所,AU,8,8,4,0
20260424,XSGE,上期所,BR,12,12,4,0
20260424,XSGE,上期所,BU,16,16,4,0
20260424,XSGE,上期所,CU,12,12,4,0
20260424,XSGE,上期所,FU,12,12,5,0
20260424,XSGE,上期所,HC,12,12,4,0
20260424,XSGE,上期所,NI,12,12,6,0
20260424,XSGE,上期所,OP,12,12,2,0
20260424,XSGE,上期所,PB,12,12,3,0
20260424,XSGE,上期所,RB,12,12,6,0
20260424,XSGE,上期所,RU,10,10,3,0
20260424,XSGE,上期所,SN,12,12,3,0
20260424,XSGE,上期所,SP,12,12,3,0
20260424,XSGE,上期所,SS,12,12,5,0
20260424,XSGE,上期所,ZN,12,12,3,0
20260424,XSIE,能源中心,BC,12,12,2,0
20260424,XSIE,能源中心,LU,12,12,3,0
20260424,XSIE,能源中心,NR,12,12,3,0
20260424,XSIE,能源中心,SC,20,20,4,0
20260427,XDCE,大商所,A,6,6,4,0
20260427,XDCE,大商所,B,12,12,3,0
20260427,XDCE,大商所,C,6,6,5,0
20260427,XDCE,大商所,CS,6,6,3,0
20260427,XDCE,大商所,EB,12,12,5,0
20260427,XDCE,大商所,EG,12,12,5,0
20260427,XDCE,大商所,I,12,12,4,0
20260427,XDCE,大商所,J,12,12,2,0
20260427,XDCE,大商所,JM,12,12,4,0
20260427,XDCE,大商所,L,12,12,4,0
20260427,XDCE,大商所,M,8,8,5,0
20260427,XDCE,大商所,P,12,12,3,0
20260427,XDCE,大商所,PG,12,12,5,0
20260427,XDCE,大商所,PP,12,12,6,0
20260427,XDCE,大商所,RR,12,12,0,0
20260427,XDCE,大商所,V,12,12,10,0
20260427,XDCE,大商所,Y,8,8,5,0
20260427,XSGE,上期所,AG,12,12,9,0
20260427,XSGE,上期所,AL,12,12,4,0
20260427,XSGE,上期所,AO,12,12,6,0
20260427,XSGE,上期所,AU,8,8,4,0
20260427,XSGE,上期所,BR,12,12,4,0
20260427,XSGE,上期所,BU,16,16,3,0
20260427,XSGE,上期所,CU,12,12,3,0
20260427,XSGE,上期所,FU,12,12,7,0
20260427,XSGE,上期所,HC,12,12,5,0
20260427,XSGE,上期所,NI,12,12,4,0
20260427,XSGE,上期所,OP,12,12,2,0
20260427,XSGE,上期所,PB,12,12,3,0
20260427,XSGE,上期所,RB,12,12,5,0
20260427,XSGE,上期所,RU,10,10,3,0
20260427,XSGE,上期所,SN,12,12,2,0
20260427,XSGE,上期所,SP,12,12,3,0
20260427,XSGE,上期所,SS,12,12,4,0
20260427,XSGE,上期所,ZN,12,12,4,0
20260427,XSIE,能源中心,BC,12,12,2,0
20260427,XSIE,能源中心,LU,12,12,3,0
20260427,XSIE,能源中心,NR,12,12,3,0
20260427,XSIE,能源中心,SC,20,20,4,0
20260428,XDCE,大商所,A,6,6,4,0
20260428,XDCE,大商所,B,12,12,4,0
20260428,XDCE,大商所,C,6,6,4,0
20260428,XDCE,大商所,CS,6,6,4,0
20260428,XDCE,大商所,EB,12,12,4,0
20260428,XDCE,大商所,EG,12,12,5,0
20260428,XDCE,大商所,I,12,12,5,0
20260428,XDCE,大商所,J,12,12,2,0
20260428,XDCE,大商所,JM,12,12,3,0
20260428,XDCE,大商所,L,12,12,5,0
20260428,XDCE,大商所,M,8,8,4,0
20260428,XDCE,大商所,P,12,12,3,0
20260428,XDCE,大商所,PG,12,12,4,0
20260428,XDCE,大商所,PP,12,12,7,0
20260428,XDCE,大商所,RR,12,12,0,0
20260428,XDCE,大商所,V,12,12,4,0
20260428,XDCE,大商所,Y,8,8,4,0
20260428,XSGE,上期所,AG,12,12,6,0
20260428,XSGE,上期所,AL,12,12,3,0
20260428,XSGE,上期所,AO,12,12,5,0
20260428,XSGE,上期所,AU,8,8,2,0
20260428,XSGE,上期所,BR,12,12,4,0
20260428,XSGE,上期所,BU,16,16,4,0
20260428,XSGE,上期所,CU,12,12,4,0
20260428,XSGE,上期所,FU,12,12,7,0
20260428,XSGE,上期所,HC,12,12,4,0
20260428,XSGE,上期所,NI,12,12,4,0
20260428,XSGE,上期所,OP,12,12,1,0
20260428,XSGE,上期所,PB,12,12,3,0
20260428,XSGE,上期所,RB,12,12,6,0
20260428,XSGE,上期所,RU,10,10,3,0
20260428,XSGE,上期所,SN,12,12,3,0
20260428,XSGE,上期所,SP,12,12,3,0
20260428,XSGE,上期所,SS,12,12,5,0
20260428,XSGE,上期所,ZN,12,12,4,0
20260428,XSIE,能源中心,BC,12,12,2,0
20260428,XSIE,能源中心,LU,12,12,4,0
20260428,XSIE,能源中心,NR,12,12,3,0
20260428,XSIE,能源中心,SC,20,20,5,0
20260429,XDCE,大商所,A,6,6,4,0
20260429,XDCE,大商所,B,12,12,5,0
20260429,XDCE,大商所,C,6,6,4,0
20260429,XDCE,大商所,CS,6,6,3,0
20260429,XDCE,大商所,EB,12,12,6,0
20260429,XDCE,大商所,EG,12,12,5,0
20260429,XDCE,大商所,I,12,12,4,0
20260429,XDCE,大商所,J,12,12,2,0
20260429,XDCE,大商所,JM,12,12,4,0
20260429,XDCE,大商所,L,12,12,6,0
20260429,XDCE,大商所,M,8,8,6,0
20260429,XDCE,大商所,P,12,12,4,0
20260429,XDCE,大商所,PG,12,12,6,0
20260429,XDCE,大商所,PP,12,12,6,0
20260429,XDCE,大商所,RR,12,12,0,0
20260429,XDCE,大商所,V,12,12,6,0
20260429,XDCE,大商所,Y,8,8,4,0
20260429,XSGE,上期所,AG,12,12,6,0
20260429,XSGE,上期所,AL,12,12,5,0
20260429,XSGE,上期所,AO,12,12,6,0
20260429,XSGE,上期所,AU,8,8,5,0
20260429,XSGE,上期所,BR,12,12,4,0
20260429,XSGE,上期所,BU,16,16,5,0
20260429,XSGE,上期所,CU,12,12,6,0
20260429,XSGE,上期所,FU,12,12,7,0
20260429,XSGE,上期所,HC,12,12,5,0
20260429,XSGE,上期所,NI,12,12,5,0
20260429,XSGE,上期所,OP,12,12,2,0
20260429,XSGE,上期所,PB,12,12,3,0
20260429,XSGE,上期所,RB,12,12,5,0
20260429,XSGE,上期所,RU,10,10,3,0
20260429,XSGE,上期所,SN,12,12,4,0
20260429,XSGE,上期所,SP,12,12,4,0
20260429,XSGE,上期所,SS,12,12,5,0
20260429,XSGE,上期所,ZN,12,12,3,0
20260429,XSIE,能源中心,BC,12,12,2,0
20260429,XSIE,能源中心,LU,12,12,4,0
20260429,XSIE,能源中心,NR,12,12,4,0
20260429,XSIE,能源中心,SC,20,20,4,0
20260430,XDCE,大商所,A,6,6,4,0
20260430,XDCE,大商所,B,12,12,4,0
20260430,XDCE,大商所,C,6,6,5,0
20260430,XDCE,大商所,CS,6,6,3,0
20260430,XDCE,大商所,EB,12,12,5,0
20260430,XDCE,大商所,EG,12,12,6,0
20260430,XDCE,大商所,I,12,12,5,0
20260430,XDCE,大商所,J,12,12,2,0
20260430,XDCE,大商所,JM,12,12,4,0
20260430,XDCE,大商所,L,12,12,6,0
20260430,XDCE,大商所,M,8,8,5,0
20260430,XDCE,大商所,P,12,12,5,0
20260430,XDCE,大商所,PG,12,12,6,0
20260430,XDCE,大商所,PP,12,12,7,0
20260430,XDCE,大商所,RR,12,12,0,0
20260430,XDCE,大商所,V,12,12,4,0
20260430,XDCE,大商所,Y,8,8,8,0
20260430,XSGE,上期所,AG,12,12,7,0
20260430,XSGE,上期所,AL,12,12,5,0
20260430,XSGE,上期所,AO,12,12,4,0
20260430,XSGE,上期所,AU,8,8,5,0
20260430,XSGE,上期所,BR,12,12,4,0
20260430,XSGE,上期所,BU,16,16,6,0
20260430,XSGE,上期所,CU,12,12,6,0
20260430,XSGE,上期所,FU,12,12,8,0
20260430,XSGE,上期所,HC,12,12,5,0
20260430,XSGE,上期所,NI,12,12,6,0
20260430,XSGE,上期所,OP,12,12,2,0
20260430,XSGE,上期所,PB,12,12,3,0
20260430,XSGE,上期所,RB,12,12,5,0
20260430,XSGE,上期所,RU,10,10,3,0
20260430,XSGE,上期所,SN,12,12,4,0
20260430,XSGE,上期所,SP,12,12,3,0
20260430,XSGE,上期所,SS,12,12,5,0
20260430,XSGE,上期所,ZN,12,12,3,0
20260430,XSIE,能源中心,BC,12,12,1,0
20260430,XSIE,能源中心,LU,12,12,3,0
20260430,XSIE,能源中心,NR,12,12,3,0
20260430,XSIE,能源中心,SC,20,20,5,0
20260507,XDCE,大商所,A,6,6,3,0
20260507,XDCE,大商所,B,12,12,4,0
20260507,XDCE,大商所,C,6,6,5,0
20260507,XDCE,大商所,CS,6,6,2,0
20260507,XDCE,大商所,EB,12,12,5,0
20260507,XDCE,大商所,EG,12,12,5,0
20260507,XDCE,大商所,I,12,12,4,0
20260507,XDCE,大商所,J,12,12,1,0
20260507,XDCE,大商所,JM,12,12,4,0
20260507,XDCE,大商所,L,12,12,5,0
20260507,XDCE,大商所,M,8,8,7,0
20260507,XDCE,大商所,P,12,12,6,0
20260507,XDCE,大商所,PG,12,12,5,0
20260507,XDCE,大商所,PP,12,12,6,0
20260507,XDCE,大商所,RR,12,12,0,0
20260507,XDCE,大商所,V,12,12,6,0
20260507,XDCE,大商所,Y,8,8,7,0
20260507,XSGE,上期所,AG,12,12,8,0
20260507,XSGE,上期所,AL,12,12,5,0
20260507,XSGE,上期所,AO,12,12,4,0
20260507,XSGE,上期所,AU,8,8,2,0
20260507,XSGE,上期所,BR,12,12,4,0
20260507,XSGE,上期所,BU,16,16,5,0
20260507,XSGE,上期所,CU,12,12,8,0
20260507,XSGE,上期所,FU,12,12,10,0
20260507,XSGE,上期所,HC,12,12,3,0
20260507,XSGE,上期所,NI,12,12,4,0
20260507,XSGE,上期所,OP,12,12,1,0
20260507,XSGE,上期所,PB,12,12,3,0
20260507,XSGE,上期所,RB,12,12,6,0
20260507,XSGE,上期所,RU,10,10,5,0
20260507,XSGE,上期所,SN,12,12,3,0
20260507,XSGE,上期所,SP,12,12,2,0
20260507,XSGE,上期所,SS,12,12,3,0
20260507,XSGE,上期所,ZN,12,12,4,0
20260507,XSIE,能源中心,BC,12,12,1,0
20260507,XSIE,能源中心,LU,12,12,4,0
20260507,XSIE,能源中心,NR,12,12,3,0
20260507,XSIE,能源中心,SC,20,20,5,0
20260511,XDCE,大商所,A,6,6,3,0
20260511,XDCE,大商所,B,12,12,4,0
20260511,XDCE,大商所,C,6,6,4,0
20260511,XDCE,大商所,CS,6,6,2,0
20260511,XDCE,大商所,EB,12,12,5,0
20260511,XDCE,大商所,EG,12,12,5,0
20260511,XDCE,大商所,I,12,12,4,0
20260511,XDCE,大商所,J,12,12,1,0
20260511,XDCE,大商所,JM,12,12,4,0
20260511,XDCE,大商所,L,12,12,5,0
20260511,XDCE,大商所,M,8,8,6,0
20260511,XDCE,大商所,P,12,12,5,0
20260511,XDCE,大商所,PG,12,12,2,0
20260511,XDCE,大商所,PP,12,12,6,0
20260511,XDCE,大商所,RR,12,12,0,0
20260511,XDCE,大商所,V,12,12,6,0
20260511,XDCE,大商所,Y,8,8,4,0
20260511,XSGE,上期所,AG,12,12,7,0
20260511,XSGE,上期所,AL,12,12,4,0
20260511,XSGE,上期所,AO,12,12,3,0
20260511,XSGE,上期所,AU,8,8,3,0
20260511,XSGE,上期所,BR,12,12,4,0
20260511,XSGE,上期所,BU,16,16,4,0
20260511,XSGE,上期所,CU,12,12,5,0
20260511,XSGE,上期所,FU,12,12,7,0
20260511,XSGE,上期所,HC,12,12,2,0
20260511,XSGE,上期所,NI,12,12,4,0
20260511,XSGE,上期所,OP,12,12,2,0
20260511,XSGE,上期所,PB,12,12,2,0
20260511,XSGE,上期所,RB,12,12,7,0
20260511,XSGE,上期所,RU,10,10,3,0
20260511,XSGE,上期所,SN,12,12,2,0
20260511,XSGE,上期所,SP,12,12,3,0
20260511,XSGE,上期所,SS,12,12,3,0
20260511,XSGE,上期所,ZN,12,12,2,0
20260511,XSIE,能源中心,BC,12,12,2,0
20260511,XSIE,能源中心,LU,12,12,4,0
20260511,XSIE,能源中心,NR,12,12,3,0
20260511,XSIE,能源中心,SC,20,20,4,0
20260512,XDCE,大商所,A,6,6,3,0
20260512,XDCE,大商所,B,12,12,5,0
20260512,XDCE,大商所,C,6,6,4,0
20260512,XDCE,大商所,CS,6,6,2,0
20260512,XDCE,大商所,EB,12,12,5,0
20260512,XDCE,大商所,EG,12,12,5,0
20260512,XDCE,大商所,I,12,12,4,0
20260512,XDCE,大商所,J,12,12,3,0
20260512,XDCE,大商所,JM,12,12,4,0
20260512,XDCE,大商所,L,12,12,5,0
20260512,XDCE,大商所,M,8,8,3,0
20260512,XDCE,大商所,P,12,12,3,0
20260512,XDCE,大商所,PG,12,12,4,0
20260512,XDCE,大商所,PP,12,12,5,0
20260512,XDCE,大商所,RR,12,12,0,0
20260512,XDCE,大商所,V,12,12,6,0
20260512,XDCE,大商所,Y,8,8,4,0
20260512,XSGE,上期所,AG,12,12,10,0
20260512,XSGE,上期所,AL,12,12,5,0
20260512,XSGE,上期所,AO,12,12,3,0
20260512,XSGE,上期所,AU,8,8,4,0
20260512,XSGE,上期所,BR,12,12,3,0
20260512,XSGE,上期所,BU,16,16,3,0
20260512,XSGE,上期所,CU,12,12,6,0
20260512,XSGE,上期所,FU,12,12,5,0
20260512,XSGE,上期所,HC,12,12,4,0
20260512,XSGE,上期所,NI,12,12,4,0
20260512,XSGE,上期所,OP,12,12,1,0
20260512,XSGE,上期所,PB,12,12,2,0
20260512,XSGE,上期所,RB,12,12,9,0
20260512,XSGE,上期所,RU,10,10,2,0
20260512,XSGE,上期所,SN,12,12,4,0
20260512,XSGE,上期所,SP,12,12,3,0
20260512,XSGE,上期所,SS,12,12,4,0
20260512,XSGE,上期所,ZN,12,12,4,0
20260512,XSIE,能源中心,BC,12,12,2,0
20260512,XSIE,能源中心,LU,12,12,4,0
20260512,XSIE,能源中心,NR,12,12,3,0
20260512,XSIE,能源中心,SC,20,20,4,0
20260513,XDCE,大商所,A,6,6,5,0
20260513,XDCE,大商所,B,12,12,4,0
20260513,XDCE,大商所,C,6,6,4,0
20260513,XDCE,大商所,CS,6,6,2,0
20260513,XDCE,大商所,EB,12,12,5,0
20260513,XDCE,大商所,EG,12,12,4,0
20260513,XDCE,大商所,I,12,12,4,0
20260513,XDCE,大商所,J,12,12,2,0
20260513,XDCE,大商所,JM,12,12,5,0
20260513,XDCE,大商所,L,12,12,6,0
20260513,XDCE,大商所,M,8,8,4,0
20260513,XDCE,大商所,P,12,12,3,0
20260513,XDCE,大商所,PG,12,12,4,0
20260513,XDCE,大商所,PP,12,12,5,0
20260513,XDCE,大商所,RR,12,12,1,0
20260513,XDCE,大商所,V,12,12,3,0
20260513,XDCE,大商所,Y,8,8,3,0
20260513,XSGE,上期所,AG,12,12,8,0
20260513,XSGE,上期所,AL,12,12,5,0
20260513,XSGE,上期所,AO,12,12,4,0
20260513,XSGE,上期所,AU,8,8,2,0
20260513,XSGE,上期所,BR,12,12,3,0
20260513,XSGE,上期所,BU,16,16,5,0
20260513,XSGE,上期所,CU,12,12,5,0
20260513,XSGE,上期所,FU,12,12,6,0
20260513,XSGE,上期所,HC,12,12,5,0
20260513,XSGE,上期所,NI,12,12,3,0
20260513,XSGE,上期所,OP,12,12,2,0
20260513,XSGE,上期所,PB,12,12,2,0
20260513,XSGE,上期所,RB,12,12,5,0
20260513,XSGE,上期所,RU,10,10,2,0
20260513,XSGE,上期所,SN,12,12,2,0
20260513,XSGE,上期所,SP,12,12,4,0
20260513,XSGE,上期所,SS,12,12,4,0
20260513,XSGE,上期所,ZN,12,12,5,0
20260513,XSIE,能源中心,BC,12,12,2,0
20260513,XSIE,能源中心,LU,12,12,3,0
20260513,XSIE,能源中心,NR,12,12,2,0
20260513,XSIE,能源中心,SC,20,20,4,0
20260514,XDCE,大商所,A,6,6,3,0
20260514,XDCE,大商所,B,12,12,4,0
20260514,XDCE,大商所,C,6,6,5,0
20260514,XDCE,大商所,CS,6,6,2,0
20260514,XDCE,大商所,EB,12,12,4,0
20260514,XDCE,大商所,EG,12,12,4,0
20260514,XDCE,大商所,I,12,12,5,0
20260514,XDCE,大商所,J,12,12,1,0
20260514,XDCE,大商所,JM,12,12,3,0
20260514,XDCE,大商所,L,12,12,6,0
20260514,XDCE,大商所,M,8,8,6,0
20260514,XDCE,大商所,P,12,12,3,0
20260514,XDCE,大商所,PG,12,12,3,0
20260514,XDCE,大商所,PP,12,12,5,0
20260514,XDCE,大商所,RR,12,12,0,0
20260514,XDCE,大商所,V,12,12,5,0
20260514,XDCE,大商所,Y,8,8,4,0
20260514,XSGE,上期所,AG,12,12,6,0
20260514,XSGE,上期所,AL,12,12,5,0
20260514,XSGE,上期所,AO,12,12,3,0
20260514,XSGE,上期所,AU,8,8,4,0
20260514,XSGE,上期所,BR,12,12,3,0
20260514,XSGE,上期所,BU,16,16,6,0
20260514,XSGE,上期所,CU,12,12,5,0
20260514,XSGE,上期所,FU,12,12,6,0
20260514,XSGE,上期所,HC,12,12,5,0
20260514,XSGE,上期所,NI,12,12,4,0
20260514,XSGE,上期所,OP,12,12,1,0
20260514,XSGE,上期所,PB,12,12,2,0
20260514,XSGE,上期所,RB,12,12,4,0
20260514,XSGE,上期所,RU,10,10,4,0
20260514,XSGE,上期所,SN,12,12,3,0
20260514,XSGE,上期所,SP,12,12,4,0
20260514,XSGE,上期所,SS,12,12,5,0
20260514,XSGE,上期所,ZN,12,12,4,0
20260514,XSIE,能源中心,BC,12,12,1,0
20260514,XSIE,能源中心,LU,12,12,3,0
20260514,XSIE,能源中心,NR,12,12,3,0
20260514,XSIE,能源中心,SC,20,20,5,0
20260515,XDCE,大商所,A,6,6,5,0
20260515,XDCE,大商所,B,12,12,6,0
20260515,XDCE,大商所,C,6,6,4,0
20260515,XDCE,大商所,CS,6,6,3,0
20260515,XDCE,大商所,EB,12,12,5,0
20260515,XDCE,大商所,EG,12,12,4,0
20260515,XDCE,大商所,I,12,12,4,0
20260515,XDCE,大商所,J,12,12,1,0
20260515,XDCE,大商所,JM,12,12,4,0
20260515,XDCE,大商所,L,12,12,4,0
20260515,XDCE,大商所,M,8,8,7,0
20260515,XDCE,大商所,P,12,12,5,0
20260515,XDCE,大商所,PG,12,12,2,0
20260515,XDCE,大商所,PP,12,12,4,0
20260515,XDCE,大商所,RR,12,12,0,0
20260515,XDCE,大商所,V,12,12,6,0
20260515,XDCE,大商所,Y,8,8,5,0
20260515,XSGE,上期所,AG,12,12,7,0
20260515,XSGE,上期所,AL,12,12,6,0
20260515,XSGE,上期所,AO,12,12,5,0
20260515,XSGE,上期所,AU,8,8,3,0
20260515,XSGE,上期所,BR,12,12,3,0
20260515,XSGE,上期所,BU,16,16,4,0
20260515,XSGE,上期所,CU,12,12,5,0
20260515,XSGE,上期所,FU,12,12,7,0
20260515,XSGE,上期所,HC,12,12,2,0
20260515,XSGE,上期所,NI,12,12,4,0
20260515,XSGE,上期所,OP,12,12,0,0
20260515,XSGE,上期所,PB,12,12,2,0
20260515,XSGE,上期所,RB,12,12,6,0
20260515,XSGE,上期所,RU,10,10,3,0
20260515,XSGE,上期所,SN,12,12,3,0
20260515,XSGE,上期所,SP,12,12,3,0
20260515,XSGE,上期所,SS,12,12,5,0
20260515,XSGE,上期所,ZN,12,12,5,0
20260515,XSIE,能源中心,BC,12,12,2,0
20260515,XSIE,能源中心,LU,12,12,4,0
20260515,XSIE,能源中心,NR,12,12,3,0
20260515,XSIE,能源中心,SC,20,20,2,0
20260518,XDCE,大商所,A,6,6,3,0
20260518,XDCE,大商所,B,12,12,5,0
20260518,XDCE,大商所,C,6,6,5,0
20260518,XDCE,大商所,CS,6,6,3,0
20260518,XDCE,大商所,EB,12,12,5,0
20260518,XDCE,大商所,EG,12,12,5,0
20260518,XDCE,大商所,I,12,12,4,0
20260518,XDCE,大商所,J,12,12,2,0
20260518,XDCE,大商所,JM,12,12,4,0
20260518,XDCE,大商所,L,12,12,6,0
20260518,XDCE,大商所,M,8,8,7,0
20260518,XDCE,大商所,P,12,12,4,0
20260518,XDCE,大商所,PG,12,12,3,0
20260518,XDCE,大商所,PP,12,12,7,0
20260518,XDCE,大商所,RR,12,12,0,0
20260518,XDCE,大商所,V,12,12,6,0
20260518,XDCE,大商所,Y,8,8,3,0
20260518,XSGE,上期所,AG,12,12,7,0
20260518,XSGE,上期所,AL,12,12,6,0
20260518,XSGE,上期所,AO,12,12,4,0
20260518,XSGE,上期所,AU,8,8,5,0
20260518,XSGE,上期所,BR,12,12,3,0
20260518,XSGE,上期所,BU,16,16,3,0
20260518,XSGE,上期所,CU,12,12,5,0
20260518,XSGE,上期所,FU,12,12,6,0
20260518,XSGE,上期所,HC,12,12,2,0
20260518,XSGE,上期所,NI,12,12,5,0
20260518,XSGE,上期所,OP,12,12,0,0
20260518,XSGE,上期所,PB,12,12,2,0
20260518,XSGE,上期所,RB,12,12,4,0
20260518,XSGE,上期所,RU,10,10,2,0
20260518,XSGE,上期所,SN,12,12,4,0
20260518,XSGE,上期所,SP,12,12,3,0
20260518,XSGE,上期所,SS,12,12,3,0
20260518,XSGE,上期所,ZN,12,12,3,0
20260518,XSIE,能源中心,BC,12,12,1,0
20260518,XSIE,能源中心,LU,12,12,3,0
20260518,XSIE,能源中心,NR,12,12,3,0
20260518,XSIE,能源中心,SC,20,20,7,0
20260522,XDCE,大商所,A,6,6,3,0
20260522,XDCE,大商所,B,12,12,5,0
20260522,XDCE,大商所,C,6,6,5,0
20260522,XDCE,大商所,CS,6,6,2,0
20260522,XDCE,大商所,EB,12,12,5,0
20260522,XDCE,大商所,EG,12,12,5,0
20260522,XDCE,大商所,I,12,12,6,0
20260522,XDCE,大商所,J,12,12,1,0
20260522,XDCE,大商所,JM,12,12,3,0
20260522,XDCE,大商所,L,12,12,5,0
20260522,XDCE,大商所,M,8,8,6,0
20260522,XDCE,大商所,P,12,12,6,0
20260522,XDCE,大商所,PG,12,12,3,0
20260522,XDCE,大商所,PP,12,12,5,0
20260522,XDCE,大商所,RR,12,12,0,0
20260522,XDCE,大商所,V,12,12,6,0
20260522,XDCE,大商所,Y,8,8,6,0
20260522,XSGE,上期所,AG,12,12,5,0
20260522,XSGE,上期所,AL,12,12,4,0
20260522,XSGE,上期所,AO,12,12,3,0
20260522,XSGE,上期所,AU,8,8,3,0
20260522,XSGE,上期所,BR,12,12,3,0
20260522,XSGE,上期所,BU,16,16,5,0
20260522,XSGE,上期所,CU,12,12,5,0
20260522,XSGE,上期所,FU,12,12,7,0
20260522,XSGE,上期所,HC,12,12,3,0
20260522,XSGE,上期所,NI,12,12,4,0
20260522,XSGE,上期所,OP,12,12,1,0
20260522,XSGE,上期所,PB,12,12,3,0
20260522,XSGE,上期所,RB,12,12,4,0
20260522,XSGE,上期所,RU,10,10,3,0
20260522,XSGE,上期所,SN,12,12,4,0
20260522,XSGE,上期所,SP,12,12,4,0
20260522,XSGE,上期所,SS,12,12,4,0
20260522,XSGE,上期所,ZN,12,12,4,0
20260522,XSIE,能源中心,BC,12,12,1,0
20260522,XSIE,能源中心,LU,12,12,4,0
20260522,XSIE,能源中心,NR,12,12,4,0
20260522,XSIE,能源中心,SC,20,20,6,0
20260525,XDCE,大商所,A,6,6,4,0
20260525,XDCE,大商所,B,12,12,5,0
20260525,XDCE,大商所,C,6,6,4,0
20260525,XDCE,大商所,CS,6,6,3,0
20260525,XDCE,大商所,EB,12,12,5,0
20260525,XDCE,大商所,EG,12,12,5,0
20260525,XDCE,大商所,I,12,12,5,0
20260525,XDCE,大商所,J,12,12,1,0
20260525,XDCE,大商所,JM,12,12,5,0
20260525,XDCE,大商所,L,12,12,6,0
20260525,XDCE,大商所,M,8,8,5,0
20260525,XDCE,大商所,P,12,12,5,0
20260525,XDCE,大商所,PG,12,12,3,0
20260525,XDCE,大商所,PP,12,12,5,0
20260525,XDCE,大商所,RR,12,12,1,0
20260525,XDCE,大商所,V,12,12,6,0
20260525,XDCE,大商所,Y,8,8,4,0
20260525,XSGE,上期所,AG,12,12,8,0
20260525,XSGE,上期所,AL,12,12,4,0
20260525,XSGE,上期所,AO,12,12,4,0
20260525,XSGE,上期所,AU,8,8,4,0
20260525,XSGE,上期所,BR,12,12,4,0
20260525,XSGE,上期所,BU,16,16,5,0
20260525,XSGE,上期所,CU,12,12,5,0
20260525,XSGE,上期所,FU,12,12,6,0
20260525,XSGE,上期所,HC,12,12,3,0
20260525,XSGE,上期所,NI,12,12,3,0
20260525,XSGE,上期所,OP,12,12,1,0
20260525,XSGE,上期所,PB,12,12,3,0
20260525,XSGE,上期所,RB,12,12,4,0
20260525,XSGE,上期所,RU,10,10,2,0
20260525,XSGE,上期所,SN,12,12,4,0
20260525,XSGE,上期所,SP,12,12,4,0
20260525,XSGE,上期所,SS,12,12,4,0
20260525,XSGE,上期所,ZN,12,12,4,0
20260525,XSIE,能源中心,BC,12,12,1,0
20260525,XSIE,能源中心,LU,12,12,3,0
20260525,XSIE,能源中心,NR,12,12,4,0
20260525,XSIE,能源中心,SC,20,20,4,0
20260526,XDCE,大商所,A,6,6,3,0
20260526,XDCE,大商所,B,12,12,5,0
20260526,XDCE,大商所,C,6,6,4,0
20260526,XDCE,大商所,CS,6,6,3,0
20260526,XDCE,大商所,EB,12,12,5,0
20260526,XDCE,大商所,EG,12,12,4,0
20260526,XDCE,大商所,I,12,12,5,0
20260526,XDCE,大商所,J,12,12,3,0
20260526,XDCE,大商所,JM,12,12,11,0
20260526,XDCE,大商所,L,12,12,5,0
20260526,XDCE,大商所,M,8,8,8,0
20260526,XDCE,大商所,P,12,12,2,0
20260526,XDCE,大商所,PG,12,12,5,0
20260526,XDCE,大商所,PP,12,12,5,0
20260526,XDCE,大商所,RR,12,12,0,0
20260526,XDCE,大商所,V,12,12,5,0
20260526,XDCE,大商所,Y,8,8,4,0
20260526,XSGE,上期所,AG,12,12,5,0
20260526,XSGE,上期所,AL,12,12,4,0
20260526,XSGE,上期所,AO,12,12,4,0
20260526,XSGE,上期所,AU,8,8,4,0
20260526,XSGE,上期所,BR,12,12,3,0
20260526,XSGE,上期所,BU,16,16,5,0
20260526,XSGE,上期所,CU,12,12,5,0
20260526,XSGE,上期所,FU,12,12,6,0
20260526,XSGE,上期所,HC,12,12,5,0
20260526,XSGE,上期所,NI,12,12,4,0
20260526,XSGE,上期所,OP,12,12,2,0
20260526,XSGE,上期所,PB,12,12,3,0
20260526,XSGE,上期所,RB,12,12,6,0
20260526,XSGE,上期所,RU,10,10,3,0
20260526,XSGE,上期所,SN,12,12,3,0
20260526,XSGE,上期所,SP,12,12,5,0
20260526,XSGE,上期所,SS,12,12,4,0
20260526,XSGE,上期所,ZN,12,12,4,0
20260526,XSIE,能源中心,BC,12,12,2,0
20260526,XSIE,能源中心,LU,12,12,4,0
20260526,XSIE,能源中心,NR,12,12,4,0
20260526,XSIE,能源中心,SC,20,20,2,0
20260527,XDCE,大商所,A,6,6,4,0
20260527,XDCE,大商所,B,12,12,5,0
20260527,XDCE,大商所,C,6,6,4,0
20260527,XDCE,大商所,CS,6,6,3,0
20260527,XDCE,大商所,EB,12,12,6,0
20260527,XDCE,大商所,EG,12,12,5,0
20260527,XDCE,大商所,I,12,12,5,0
20260527,XDCE,大商所,J,12,12,1,0
20260527,XDCE,大商所,JM,12,12,5,0
20260527,XDCE,大商所,L,12,12,6,0
20260527,XDCE,大商所,M,8,8,7,0
20260527,XDCE,大商所,P,12,12,5,0
20260527,XDCE,大商所,PG,12,12,4,0
20260527,XDCE,大商所,PP,12,12,5,0
20260527,XDCE,大商所,RR,12,12,0,0
20260527,XDCE,大商所,V,12,12,6,0
20260527,XDCE,大商所,Y,8,8,7,0
20260527,XSGE,上期所,AG,12,12,10,0
20260527,XSGE,上期所,AL,12,12,5,0
20260527,XSGE,上期所,AO,12,12,6,0
20260527,XSGE,上期所,AU,8,8,4,0
20260527,XSGE,上期所,BR,12,12,3,0
20260527,XSGE,上期所,BU,16,16,5,0
20260527,XSGE,上期所,CU,12,12,6,0
20260527,XSGE,上期所,FU,12,12,8,0
20260527,XSGE,上期所,HC,12,12,5,0
20260527,XSGE,上期所,NI,12,12,4,0
20260527,XSGE,上期所,OP,12,12,3,0
20260527,XSGE,上期所,PB,12,12,3,0
20260527,XSGE,上期所,RB,12,12,4,0
20260527,XSGE,上期所,RU,10,10,3,0
20260527,XSGE,上期所,SN,12,12,4,0
20260527,XSGE,上期所,SP,12,12,4,0
20260527,XSGE,上期所,SS,12,12,5,0
20260527,XSGE,上期所,ZN,12,12,4,0
20260527,XSIE,能源中心,BC,12,12,2,0
20260527,XSIE,能源中心,LU,12,12,4,0
20260527,XSIE,能源中心,NR,12,12,3,0
20260527,XSIE,能源中心,SC,20,20,3,0
20260528,XDCE,大商所,A,6,6,5,0
20260528,XDCE,大商所,B,12,12,4,0
20260528,XDCE,大商所,C,6,6,4,0
20260528,XDCE,大商所,CS,6,6,2,0
20260528,XDCE,大商所,EB,12,12,5,0
20260528,XDCE,大商所,EG,12,12,6,0
20260528,XDCE,大商所,I,12,12,3,0
20260528,XDCE,大商所,J,12,12,3,0
20260528,XDCE,大商所,JM,12,12,6,0
20260528,XDCE,大商所,L,12,12,6,0
20260528,XDCE,大商所,M,8,8,7,0
20260528,XDCE,大商所,P,12,12,5,0
20260528,XDCE,大商所,PG,12,12,5,0
20260528,XDCE,大商所,PP,12,12,6,0
20260528,XDCE,大商所,RR,12,12,0,0
20260528,XDCE,大商所,V,12,12,4,0
20260528,XDCE,大商所,Y,8,8,4,0
20260528,XSGE,上期所,AG,12,12,8,0
20260528,XSGE,上期所,AL,12,12,6,0
20260528,XSGE,上期所,AO,12,12,5,0
20260528,XSGE,上期所,AU,8,8,5,0
20260528,XSGE,上期所,BR,12,12,3,0
20260528,XSGE,上期所,BU,16,16,8,0
20260528,XSGE,上期所,CU,12,12,6,0
20260528,XSGE,上期所,FU,12,12,10,0
20260528,XSGE,上期所,HC,12,12,5,0
20260528,XSGE,上期所,NI,12,12,4,0
20260528,XSGE,上期所,OP,12,12,3,0
20260528,XSGE,上期所,PB,12,12,2,0
20260528,XSGE,上期所,RB,12,12,4,0
20260528,XSGE,上期所,RU,10,10,2,0
20260528,XSGE,上期所,SN,12,12,4,0
20260528,XSGE,上期所,SP,12,12,4,0
20260528,XSGE,上期所,SS,12,12,3,0
20260528,XSGE,上期所,ZN,12,12,3,0
20260528,XSIE,能源中心,BC,12,12,2,0
20260528,XSIE,能源中心,LU,12,12,3,0
20260528,XSIE,能源中心,NR,12,12,3,0
20260528,XSIE,能源中心,SC,20,20,4,0
20260601,XDCE,大商所,A,6,6,5,0
20260601,XDCE,大商所,B,12,12,6,0
20260601,XDCE,大商所,C,6,6,5,0
20260601,XDCE,大商所,CS,6,6,3,0
20260601,XDCE,大商所,EB,12,12,4,0
20260601,XDCE,大商所,EG,12,12,6,0
20260601,XDCE,大商所,I,12,12,4,0
20260601,XDCE,大商所,J,12,12,1,0
20260601,XDCE,大商所,JM,12,12,4,0
20260601,XDCE,大商所,L,12,12,5,0
20260601,XDCE,大商所,M,8,8,7,0
20260601,XDCE,大商所,P,12,12,4,0
20260601,XDCE,大商所,PG,12,12,3,0
20260601,XDCE,大商所,PP,12,12,5,0
20260601,XDCE,大商所,RR,12,12,1,0
20260601,XDCE,大商所,V,12,12,6,0
20260601,XDCE,大商所,Y,8,8,6,0
20260601,XSGE,上期所,AG,12,12,5,0
20260601,XSGE,上期所,AL,12,12,4,0
20260601,XSGE,上期所,AO,12,12,5,0
20260601,XSGE,上期所,AU,8,8,3,0
20260601,XSGE,上期所,BR,12,12,3,0
20260601,XSGE,上期所,BU,16,16,4,0
20260601,XSGE,上期所,CU,12,12,3,0
20260601,XSGE,上期所,FU,12,12,3,0
20260601,XSGE,上期所,HC,12,12,3,0
20260601,XSGE,上期所,NI,12,12,4,0
20260601,XSGE,上期所,OP,12,12,0,0
20260601,XSGE,上期所,PB,12,12,2,0
20260601,XSGE,上期所,RB,12,12,5,0
20260601,XSGE,上期所,RU,10,10,2,0
20260601,XSGE,上期所,SN,12,12,3,0
20260601,XSGE,上期所,SP,12,12,3,0
20260601,XSGE,上期所,SS,12,12,4,0
20260601,XSGE,上期所,ZN,12,12,4,0
20260601,XSIE,能源中心,BC,12,12,2,0
20260601,XSIE,能源中心,LU,12,12,3,0
20260601,XSIE,能源中心,NR,12,12,3,0
20260601,XSIE,能源中心,SC,20,20,3,0
20260602,XDCE,大商所,A,6,6,4,0
20260602,XDCE,大商所,B,12,12,3,0
20260602,XDCE,大商所,C,6,6,5,0
20260602,XDCE,大商所,CS,6,6,3,0
20260602,XDCE,大商所,EB,12,12,4,0
20260602,XDCE,大商所,EG,12,12,4,0
20260602,XDCE,大商所,I,12,12,6,0
20260602,XDCE,大商所,J,12,12,1,0
20260602,XDCE,大商所,JM,12,12,5,0
20260602,XDCE,大商所,L,12,12,5,0
20260602,XDCE,大商所,M,8,8,6,0
20260602,XDCE,大商所,P,12,12,4,0
20260602,XDCE,大商所,PG,12,12,4,0
20260602,XDCE,大商所,PP,12,12,5,0
20260602,XDCE,大商所,RR,12,12,0,0
20260602,XDCE,大商所,V,12,12,5,0
20260602,XDCE,大商所,Y,8,8,4,0
20260602,XSGE,上期所,AG,12,12,5,0
20260602,XSGE,上期所,AL,12,12,3,0
20260602,XSGE,上期所,AO,12,12,4,0
20260602,XSGE,上期所,AU,8,8,5,0
20260602,XSGE,上期所,BR,12,12,4,0
20260602,XSGE,上期所,BU,16,16,6,0
20260602,XSGE,上期所,CU,12,12,5,0
20260602,XSGE,上期所,FU,12,12,4,0
20260602,XSGE,上期所,HC,12,12,3,0
20260602,XSGE,上期所,NI,12,12,4,0
20260602,XSGE,上期所,OP,12,12,1,0
20260602,XSGE,上期所,PB,12,12,2,0
20260602,XSGE,上期所,RB,12,12,5,0
20260602,XSGE,上期所,RU,10,10,2,0
20260602,XSGE,上期所,SN,12,12,4,0
20260602,XSGE,上期所,SP,12,12,4,0
20260602,XSGE,上期所,SS,12,12,4,0
20260602,XSGE,上期所,ZN,12,12,3,0
20260602,XSIE,能源中心,BC,12,12,1,0
20260602,XSIE,能源中心,LU,12,12,3,0
20260602,XSIE,能源中心,NR,12,12,4,0
20260602,XSIE,能源中心,SC,20,20,4,0
20260603,XDCE,大商所,A,6,6,4,0
20260603,XDCE,大商所,B,12,12,4,0
20260603,XDCE,大商所,C,6,6,4,0
20260603,XDCE,大商所,CS,6,6,3,0
20260603,XDCE,大商所,EB,12,12,3,0
20260603,XDCE,大商所,EG,12,12,4,0
20260603,XDCE,大商所,I,12,12,4,0
20260603,XDCE,大商所,J,12,12,1,0
20260603,XDCE,大商所,JM,12,12,6,0
20260603,XDCE,大商所,L,12,12,5,0
20260603,XDCE,大商所,M,8,8,6,0
20260603,XDCE,大商所,P,12,12,4,0
20260603,XDCE,大商所,PG,12,12,4,0
20260603,XDCE,大商所,PP,12,12,4,0
20260603,XDCE,大商所,RR,12,12,1,0
20260603,XDCE,大商所,V,12,12,4,0
20260603,XDCE,大商所,Y,8,8,5,0
20260603,XSGE,上期所,AG,12,12,6,0
20260603,XSGE,上期所,AL,12,12,4,0
20260603,XSGE,上期所,AO,12,12,4,0
20260603,XSGE,上期所,AU,8,8,3,0
20260603,XSGE,上期所,BR,12,12,3,0
20260603,XSGE,上期所,BU,16,16,5,0
20260603,XSGE,上期所,CU,12,12,7,0
20260603,XSGE,上期所,FU,12,12,6,0
20260603,XSGE,上期所,HC,12,12,5,0
20260603,XSGE,上期所,NI,12,12,3,0
20260603,XSGE,上期所,OP,12,12,0,0
20260603,XSGE,上期所,PB,12,12,4,0
20260603,XSGE,上期所,RB,12,12,5,0
20260603,XSGE,上期所,RU,10,10,2,0
20260603,XSGE,上期所,SN,12,12,3,0
20260603,XSGE,上期所,SP,12,12,4,0
20260603,XSGE,上期所,SS,12,12,3,0
20260603,XSGE,上期所,ZN,12,12,3,0
20260603,XSIE,能源中心,BC,12,12,2,0
20260603,XSIE,能源中心,LU,12,12,5,0
20260603,XSIE,能源中心,NR,12,12,4,0
20260603,XSIE,能源中心,SC,20,20,3,0
20260609,XDCE,大商所,A,6,6,4,0
20260609,XDCE,大商所,B,12,12,4,0
20260609,XDCE,大商所,C,6,6,5,0
20260609,XDCE,大商所,CS,6,6,3,0
20260609,XDCE,大商所,EB,12,12,6,0
20260609,XDCE,大商所,EG,12,12,5,0
20260609,XDCE,大商所,I,12,12,4,0
20260609,XDCE,大商所,J,12,12,1,0
20260609,XDCE,大商所,JM,12,12,6,0
20260609,XDCE,大商所,L,12,12,5,0
20260609,XDCE,大商所,M,8,8,6,0
20260609,XDCE,大商所,P,12,12,5,0
20260609,XDCE,大商所,PG,12,12,4,0
20260609,XDCE,大商所,PP,12,12,5,0
20260609,XDCE,大商所,RR,12,12,0,0
20260609,XDCE,大商所,V,12,12,5,0
20260609,XDCE,大商所,Y,8,8,8,0
20260609,XSGE,上期所,AG,12,12,8,0
20260609,XSGE,上期所,AL,12,12,5,0
20260609,XSGE,上期所,AO,12,12,4,0
20260609,XSGE,上期所,AU,8,8,4,0
20260609,XSGE,上期所,BR,12,12,4,0
20260609,XSGE,上期所,BU,16,16,5,0
20260609,XSGE,上期所,CU,12,12,5,0
20260609,XSGE,上期所,FU,12,12,8,0
20260609,XSGE,上期所,HC,12,12,4,0
20260609,XSGE,上期所,NI,12,12,3,0
20260609,XSGE,上期所,OP,12,12,1,0
20260609,XSGE,上期所,PB,12,12,2,0
20260609,XSGE,上期所,RB,12,12,4,0
20260609,XSGE,上期所,RU,10,10,3,0
20260609,XSGE,上期所,SN,12,12,3,0
20260609,XSGE,上期所,SP,12,12,5,0
20260609,XSGE,上期所,SS,12,12,3,0
20260609,XSGE,上期所,ZN,12,12,3,0
20260609,XSIE,能源中心,BC,12,12,1,0
20260609,XSIE,能源中心,LU,12,12,3,0
20260609,XSIE,能源中心,NR,12,12,3,0
20260609,XSIE,能源中心,SC,20,20,4,0
20260610,XDCE,大商所,A,6,6,6,0
20260610,XDCE,大商所,B,12,12,4,0
20260610,XDCE,大商所,C,6,6,4,0
20260610,XDCE,大商所,CS,6,6,2,0
20260610,XDCE,大商所,EB,12,12,4,0
20260610,XDCE,大商所,EG,12,12,5,0
20260610,XDCE,大商所,I,12,12,5,0
20260610,XDCE,大商所,J,12,12,3,0
20260610,XDCE,大商所,JM,12,12,5,0
20260610,XDCE,大商所,L,12,12,5,0
20260610,XDCE,大商所,M,8,8,7,0
20260610,XDCE,大商所,P,12,12,3,0
20260610,XDCE,大商所,PG,12,12,3,0
20260610,XDCE,大商所,PP,12,12,3,0
20260610,XDCE,大商所,RR,12,12,1,0
20260610,XDCE,大商所,V,12,12,5,0
20260610,XDCE,大商所,Y,8,8,7,0
20260610,XSGE,上期所,AG,12,12,5,0
20260610,XSGE,上期所,AL,12,12,5,0
20260610,XSGE,上期所,AO,12,12,4,0
20260610,XSGE,上期所,AU,8,8,2,0
20260610,XSGE,上期所,BR,12,12,3,0
20260610,XSGE,上期所,BU,16,16,5,0
20260610,XSGE,上期所,CU,12,12,5,0
20260610,XSGE,上期所,FU,12,12,8,0
20260610,XSGE,上期所,HC,12,12,4,0
20260610,XSGE,上期所,NI,12,12,4,0
20260610,XSGE,上期所,OP,12,12,0,0
20260610,XSGE,上期所,PB,12,12,2,0
20260610,XSGE,上期所,RB,12,12,5,0
20260610,XSGE,上期所,RU,10,10,2,0
20260610,XSGE,上期所,SN,12,12,3,0
20260610,XSGE,上期所,SP,12,12,4,0
20260610,XSGE,上期所,SS,12,12,3,0
20260610,XSGE,上期所,ZN,12,12,3,0
20260610,XSIE,能源中心,BC,12,12,2,0
20260610,XSIE,能源中心,LU,12,12,3,0
20260610,XSIE,能源中心,NR,12,12,3,0
20260610,XSIE,能源中心,SC,20,20,3,0
20260611,XDCE,大商所,A,6,6,4,0
20260611,XDCE,大商所,B,12,12,5,0
20260611,XDCE,大商所,C,6,6,5,0
20260611,XDCE,大商所,CS,6,6,3,0
20260611,XDCE,大商所,EB,12,12,4,0
20260611,XDCE,大商所,EG,12,12,5,0
20260611,XDCE,大商所,I,12,12,4,0
20260611,XDCE,大商所,J,12,12,2,0
20260611,XDCE,大商所,JM,12,12,7,0
20260611,XDCE,大商所,L,12,12,5,0
20260611,XDCE,大商所,M,8,8,6,0
20260611,XDCE,大商所,P,12,12,2,0
20260611,XDCE,大商所,PG,12,12,3,0
20260611,XDCE,大商所,PP,12,12,4,0
20260611,XDCE,大商所,RR,12,12,0,0
20260611,XDCE,大商所,V,12,12,5,0
20260611,XDCE,大商所,Y,8,8,5,0
20260611,XSGE,上期所,AG,12,12,8,0
20260611,XSGE,上期所,AL,12,12,5,0
20260611,XSGE,上期所,AO,12,12,4,0
20260611,XSGE,上期所,AU,8,8,3,0
20260611,XSGE,上期所,BR,12,12,3,0
20260611,XSGE,上期所,BU,16,16,5,0
20260611,XSGE,上期所,CU,12,12,5,0
20260611,XSGE,上期所,FU,12,12,6,0
20260611,XSGE,上期所,HC,12,12,4,0
20260611,XSGE,上期所,NI,12,12,5,0
20260611,XSGE,上期所,OP,12,12,1,0
20260611,XSGE,上期所,PB,12,12,4,0
20260611,XSGE,上期所,RB,12,12,4,0
20260611,XSGE,上期所,RU,10,10,3,0
20260611,XSGE,上期所,SN,12,12,3,0
20260611,XSGE,上期所,SP,12,12,5,0
20260611,XSGE,上期所,SS,12,12,3,0
20260611,XSGE,上期所,ZN,12,12,4,0
20260611,XSIE,能源中心,BC,12,12,1,0
20260611,XSIE,能源中心,LU,12,12,3,0
20260611,XSIE,能源中心,NR,12,12,3,0
20260611,XSIE,能源中心,SC,20,20,3,0
20260612,XDCE,大商所,A,6,6,3,0
20260612,XDCE,大商所,B,12,12,4,0
20260612,XDCE,大商所,C,6,6,5,0
20260612,XDCE,大商所,CS,6,6,2,0
20260612,XDCE,大商所,EB,12,12,4,0
20260612,XDCE,大商所,EG,12,12,4,0
20260612,XDCE,大商所,I,12,12,4,0
20260612,XDCE,大商所,J,12,12,2,0
20260612,XDCE,大商所,JM,12,12,5,0
20260612,XDCE,大商所,L,12,12,5,0
20260612,XDCE,大商所,M,8,8,7,0
20260612,XDCE,大商所,P,12,12,3,0
20260612,XDCE,大商所,PG,12,12,3,0
20260612,XDCE,大商所,PP,12,12,5,0
20260612,XDCE,大商所,RR,12,12,1,0
20260612,XDCE,大商所,V,12,12,5,0
20260612,XDCE,大商所,Y,8,8,2,0
20260612,XSGE,上期所,AG,12,12,6,0
20260612,XSGE,上期所,AL,12,12,4,0
20260612,XSGE,上期所,AO,12,12,5,0
20260612,XSGE,上期所,AU,8,8,2,0
20260612,XSGE,上期所,BR,12,12,4,0
20260612,XSGE,上期所,BU,16,16,5,0
20260612,XSGE,上期所,CU,12,12,5,0
20260612,XSGE,上期所,FU,12,12,5,0
20260612,XSGE,上期所,HC,12,12,4,0
20260612,XSGE,上期所,NI,12,12,4,0
20260612,XSGE,上期所,OP,12,12,1,0
20260612,XSGE,上期所,PB,12,12,3,0
20260612,XSGE,上期所,RB,12,12,5,0
20260612,XSGE,上期所,RU,10,10,2,0
20260612,XSGE,上期所,SN,12,12,3,0
20260612,XSGE,上期所,SP,12,12,3,0
20260612,XSGE,上期所,SS,12,12,3,0
20260612,XSGE,上期所,ZN,12,12,4,0
20260612,XSIE,能源中心,BC,12,12,2,0
20260612,XSIE,能源中心,LU,12,12,3,0
20260612,XSIE,能源中心,NR,12,12,5,0
20260612,XSIE,能源中心,SC,20,20,5,0
20260616,XDCE,大商所,A,6,6,4,0
20260616,XDCE,大商所,B,12,12,5,0
20260616,XDCE,大商所,C,6,6,4,0
20260616,XDCE,大商所,CS,6,6,3,0
20260616,XDCE,大商所,EB,12,12,4,0
20260616,XDCE,大商所,EG,12,12,5,0
20260616,XDCE,大商所,I,12,12,5,0
20260616,XDCE,大商所,J,12,12,1,0
20260616,XDCE,大商所,JM,12,12,4,0
20260616,XDCE,大商所,L,12,12,6,0
20260616,XDCE,大商所,M,8,8,8,0
20260616,XDCE,大商所,P,12,12,5,0
20260616,XDCE,大商所,PG,12,12,3,0
20260616,XDCE,大商所,PP,12,12,5,0
20260616,XDCE,大商所,RR,12,12,1,0
20260616,XDCE,大商所,V,12,12,5,0
20260616,XDCE,大商所,Y,8,8,6,0
20260616,XSGE,上期所,AG,12,12,7,0
20260616,XSGE,上期所,AL,12,12,6,0
20260616,XSGE,上期所,AO,12,12,4,0
20260616,XSGE,上期所,AU,8,8,3,0
20260616,XSGE,上期所,BR,12,12,3,0
20260616,XSGE,上期所,BU,16,16,5,0
20260616,XSGE,上期所,CU,12,12,4,0
20260616,XSGE,上期所,FU,12,12,6,0
20260616,XSGE,上期所,HC,12,12,5,0
20260616,XSGE,上期所,NI,12,12,3,0
20260616,XSGE,上期所,OP,12,12,0,0
20260616,XSGE,上期所,PB,12,12,3,0
20260616,XSGE,上期所,RB,12,12,5,0
20260616,XSGE,上期所,RU,10,10,2,0
20260616,XSGE,上期所,SN,12,12,3,0
20260616,XSGE,上期所,SP,12,12,3,0
20260616,XSGE,上期所,SS,12,12,4,0
20260616,XSGE,上期所,ZN,12,12,3,0
20260616,XSIE,能源中心,BC,12,12,2,0
20260616,XSIE,能源中心,LU,12,12,3,0
20260616,XSIE,能源中心,NR,12,12,3,0
20260616,XSIE,能源中心,SC,20,20,3,0
20260617,XDCE,大商所,A,6,6,4,0
20260617,XDCE,大商所,B,12,12,4,0
20260617,XDCE,大商所,C,6,6,5,0
20260617,XDCE,大商所,CS,6,6,3,0
20260617,XDCE,大商所,EB,12,12,5,0
20260617,XDCE,大商所,EG,12,12,5,0
20260617,XDCE,大商所,I,12,12,5,0
20260617,XDCE,大商所,J,12,12,2,0
20260617,XDCE,大商所,JM,12,12,5,0
20260617,XDCE,大商所,L,12,12,5,0
20260617,XDCE,大商所,M,8,8,6,0
20260617,XDCE,大商所,P,12,12,3,0
20260617,XDCE,大商所,PG,12,12,4,0
20260617,XDCE,大商所,PP,12,12,6,0
20260617,XDCE,大商所,RR,12,12,2,0
20260617,XDCE,大商所,V,12,12,6,0
20260617,XDCE,大商所,Y,8,8,4,0
20260617,XSGE,上期所,AG,12,12,8,0
20260617,XSGE,上期所,AL,12,12,5,0
20260617,XSGE,上期所,AO,12,12,5,0
20260617,XSGE,上期所,AU,8,8,3,0
20260617,XSGE,上期所,BR,12,12,4,0
20260617,XSGE,上期所,BU,16,16,5,0
20260617,XSGE,上期所,CU,12,12,6,0
20260617,XSGE,上期所,FU,12,12,10,0
20260617,XSGE,上期所,HC,12,12,5,0
20260617,XSGE,上期所,NI,12,12,3,0
20260617,XSGE,上期所,OP,12,12,1,0
20260617,XSGE,上期所,PB,12,12,3,0
20260617,XSGE,上期所,RB,12,12,4,0
20260617,XSGE,上期所,RU,10,10,3,0
20260617,XSGE,上期所,SN,12,12,3,0
20260617,XSGE,上期所,SP,12,12,3,0
20260617,XSGE,上期所,SS,12,12,4,0
20260617,XSGE,上期所,ZN,12,12,3,0
20260617,XSIE,能源中心,BC,12,12,2,0
20260617,XSIE,能源中心,LU,12,12,4,0
20260617,XSIE,能源中心,NR,12,12,4,0
20260617,XSIE,能源中心,SC,20,20,6,0
20260618,XDCE,大商所,A,6,6,4,0
20260618,XDCE,大商所,B,12,12,5,0
20260618,XDCE,大商所,C,6,6,4,0
20260618,XDCE,大商所,CS,6,6,2,0
20260618,XDCE,大商所,EB,12,12,4,0
20260618,XDCE,大商所,EG,12,12,5,0
20260618,XDCE,大商所,I,12,12,5,0
20260618,XDCE,大商所,J,12,12,1,0
20260618,XDCE,大商所,JM,12,12,4,0
20260618,XDCE,大商所,L,12,12,5,0
20260618,XDCE,大商所,M,8,8,7,0
20260618,XDCE,大商所,P,12,12,4,0
20260618,XDCE,大商所,PG,12,12,4,0
20260618,XDCE,大商所,PP,12,12,6,0
20260618,XDCE,大商所,RR,12,12,1,0
20260618,XDCE,大商所,V,12,12,7,0
20260618,XDCE,大商所,Y,8,8,5,0
20260618,XSGE,上期所,AG,12,12,6,0
20260618,XSGE,上期所,AL,12,12,4,0
20260618,XSGE,上期所,AO,12,12,4,0
20260618,XSGE,上期所,AU,8,8,3,0
20260618,XSGE,上期所,BR,12,12,4,0
20260618,XSGE,上期所,BU,16,16,7,0
20260618,XSGE,上期所,CU,12,12,6,0
20260618,XSGE,上期所,FU,12,12,8,0
20260618,XSGE,上期所,HC,12,12,4,0
20260618,XSGE,上期所,NI,12,12,5,0
20260618,XSGE,上期所,OP,12,12,0,0
20260618,XSGE,上期所,PB,12,12,3,0
20260618,XSGE,上期所,RB,12,12,4,0
20260618,XSGE,上期所,RU,10,10,2,0
20260618,XSGE,上期所,SN,12,12,3,0
20260618,XSGE,上期所,SP,12,12,3,0
20260618,XSGE,上期所,SS,12,12,3,0
20260618,XSGE,上期所,ZN,12,12,3,0
20260618,XSIE,能源中心,BC,12,12,2,0
20260618,XSIE,能源中心,LU,12,12,3,0
20260618,XSIE,能源中心,NR,12,12,5,0
20260618,XSIE,能源中心,SC,20,20,3,0
20260623,XDCE,大商所,A,6,6,5,0
20260623,XDCE,大商所,B,12,12,4,0
20260623,XDCE,大商所,C,6,6,5,0
20260623,XDCE,大商所,CS,6,6,3,0
20260623,XDCE,大商所,EB,12,12,4,0
20260623,XDCE,大商所,EG,12,12,5,0
20260623,XDCE,大商所,I,12,12,5,0
20260623,XDCE,大商所,J,12,12,2,0
20260623,XDCE,大商所,JM,12,12,4,0
20260623,XDCE,大商所,L,12,12,5,0
20260623,XDCE,大商所,M,8,8,5,0
20260623,XDCE,大商所,P,12,12,4,0
20260623,XDCE,大商所,PG,12,12,4,0
20260623,XDCE,大商所,PP,12,12,6,0
20260623,XDCE,大商所,RR,12,12,1,0
20260623,XDCE,大商所,V,12,12,6,0
20260623,XDCE,大商所,Y,8,8,3,0
20260623,XSGE,上期所,AG,12,12,5,0
20260623,XSGE,上期所,AL,12,12,4,0
20260623,XSGE,上期所,AO,12,12,4,0
20260623,XSGE,上期所,AU,8,8,5,0
20260623,XSGE,上期所,BR,12,12,4,0
20260623,XSGE,上期所,BU,16,16,5,0
20260623,XSGE,上期所,CU,12,12,5,0
20260623,XSGE,上期所,FU,12,12,8,0
20260623,XSGE,上期所,HC,12,12,6,0
20260623,XSGE,上期所,NI,12,12,4,0
20260623,XSGE,上期所,OP,12,12,1,0
20260623,XSGE,上期所,PB,12,12,3,0
20260623,XSGE,上期所,RB,12,12,4,0
20260623,XSGE,上期所,RU,10,10,2,0
20260623,XSGE,上期所,SN,12,12,3,0
20260623,XSGE,上期所,SP,12,12,4,0
20260623,XSGE,上期所,SS,12,12,3,0
20260623,XSGE,上期所,ZN,12,12,4,0
20260623,XSIE,能源中心,BC,12,12,1,0
20260623,XSIE,能源中心,LU,12,12,3,0
20260623,XSIE,能源中心,NR,12,12,4,0
20260623,XSIE,能源中心,SC,20,20,3,0
20260624,XDCE,大商所,A,6,6,5,0
20260624,XDCE,大商所,B,12,12,5,0
20260624,XDCE,大商所,C,6,6,4,0
20260624,XDCE,大商所,CS,6,6,3,0
20260624,XDCE,大商所,EB,12,12,5,0
20260624,XDCE,大商所,EG,12,12,6,0
20260624,XDCE,大商所,I,12,12,5,0
20260624,XDCE,大商所,J,12,12,1,0
20260624,XDCE,大商所,JM,12,12,5,0
20260624,XDCE,大商所,L,12,12,5,0
20260624,XDCE,大商所,M,8,8,6,0
20260624,XDCE,大商所,P,12,12,5,0
20260624,XDCE,大商所,PG,12,12,4,0
20260624,XDCE,大商所,PP,12,12,5,0
20260624,XDCE,大商所,RR,12,12,0,0
20260624,XDCE,大商所,V,12,12,5,0
20260624,XDCE,大商所,Y,8,8,5,0
20260624,XSGE,上期所,AG,12,12,9,0
20260624,XSGE,上期所,AL,12,12,5,0
20260624,XSGE,上期所,AO,12,12,5,0
20260624,XSGE,上期所,AU,8,8,4,0
20260624,XSGE,上期所,BR,12,12,4,0
20260624,XSGE,上期所,BU,16,16,5,0
20260624,XSGE,上期所,CU,12,12,5,0
20260624,XSGE,上期所,FU,12,12,8,0
20260624,XSGE,上期所,HC,12,12,5,0
20260624,XSGE,上期所,NI,12,12,4,0
20260624,XSGE,上期所,OP,12,12,2,0
20260624,XSGE,上期所,PB,12,12,3,0
20260624,XSGE,上期所,RB,12,12,5,0
20260624,XSGE,上期所,RU,10,10,2,0
20260624,XSGE,上期所,SN,12,12,4,0
20260624,XSGE,上期所,SP,12,12,3,0
20260624,XSGE,上期所,SS,12,12,3,0
20260624,XSGE,上期所,ZN,12,12,3,0
20260624,XSIE,能源中心,BC,12,12,2,0
20260624,XSIE,能源中心,LU,12,12,3,0
20260624,XSIE,能源中心,NR,12,12,4,0
20260624,XSIE,能源中心,SC,20,20,4,0
20260625,XDCE,大商所,A,6,6,4,0
20260625,XDCE,大商所,B,12,12,4,0
20260625,XDCE,大商所,C,6,6,5,0
20260625,XDCE,大商所,CS,6,6,3,0
20260625,XDCE,大商所,EB,12,12,5,0
20260625,XDCE,大商所,EG,12,12,4,0
20260625,XDCE,大商所,I,12,12,7,0
20260625,XDCE,大商所,J,12,12,2,0
20260625,XDCE,大商所,JM,12,12,4,0
20260625,XDCE,大商所,L,12,12,3,0
20260625,XDCE,大商所,M,8,8,7,0
20260625,XDCE,大商所,P,12,12,4,0
20260625,XDCE,大商所,PG,12,12,4,0
20260625,XDCE,大商所,PP,12,12,5,0
20260625,XDCE,大商所,RR,12,12,0,0
20260625,XDCE,大商所,V,12,12,5,0
20260625,XDCE,大商所,Y,8,8,6,0
20260625,XSGE,上期所,AG,12,12,12,0
20260625,XSGE,上期所,AL,12,12,7,0
20260625,XSGE,上期所,AO,12,12,4,0
20260625,XSGE,上期所,AU,8,8,6,0
20260625,XSGE,上期所,BR,12,12,5,0
20260625,XSGE,上期所,BU,16,16,7,0
20260625,XSGE,上期所,CU,12,12,12,0
20260625,XSGE,上期所,FU,12,12,9,0
20260625,XSGE,上期所,HC,12,12,5,0
20260625,XSGE,上期所,NI,12,12,6,0
20260625,XSGE,上期所,OP,12,12,2,0
20260625,XSGE,上期所,PB,12,12,3,0
20260625,XSGE,上期所,RB,12,12,5,0
20260625,XSGE,上期所,RU,10,10,3,0
20260625,XSGE,上期所,SN,12,12,4,0
20260625,XSGE,上期所,SP,12,12,3,0
20260625,XSGE,上期所,SS,12,12,4,0
20260625,XSGE,上期所,ZN,12,12,4,0
20260625,XSIE,能源中心,BC,12,12,2,0
20260625,XSIE,能源中心,LU,12,12,2,0
20260625,XSIE,能源中心,NR,12,12,4,0
20260625,XSIE,能源中心,SC,20,20,5,0
20260626,XDCE,大商所,A,6,6,4,0
20260626,XDCE,大商所,B,12,12,4,0
20260626,XDCE,大商所,C,6,6,5,0
20260626,XDCE,大商所,CS,6,6,2,0
20260626,XDCE,大商所,EB,12,12,4,0
20260626,XDCE,大商所,EG,12,12,4,0
20260626,XDCE,大商所,I,12,12,4,0
20260626,XDCE,大商所,J,12,12,1,0
20260626,XDCE,大商所,JM,12,12,4,0
20260626,XDCE,大商所,L,12,12,4,0
20260626,XDCE,大商所,M,8,8,5,0
20260626,XDCE,大商所,P,12,12,3,0
20260626,XDCE,大商所,PG,12,12,4,0
20260626,XDCE,大商所,PP,12,12,3,0
20260626,XDCE,大商所,RR,12,12,2,0
20260626,XDCE,大商所,V,12,12,5,0
20260626,XDCE,大商所,Y,8,8,3,0
20260626,XSGE,上期所,AG,12,12,11,0
20260626,XSGE,上期所,AL,12,12,4,0
20260626,XSGE,上期所,AO,12,12,5,0
20260626,XSGE,上期所,AU,8,8,5,0
20260626,XSGE,上期所,BR,12,12,4,0
20260626,XSGE,上期所,BU,16,16,5,0
20260626,XSGE,上期所,CU,12,12,5,0
20260626,XSGE,上期所,FU,12,12,5,0
20260626,XSGE,上期所,HC,12,12,5,0
20260626,XSGE,上期所,NI,12,12,4,0
20260626,XSGE,上期所,OP,12,12,2,0
20260626,XSGE,上期所,PB,12,12,3,0
20260626,XSGE,上期所,RB,12,12,4,0
20260626,XSGE,上期所,RU,10,10,3,0
20260626,XSGE,上期所,SN,12,12,4,0
20260626,XSGE,上期所,SP,12,12,4,0
20260626,XSGE,上期所,SS,12,12,4,0
20260626,XSGE,上期所,ZN,12,12,3,0
20260626,XSIE,能源中心,BC,12,12,2,0
20260626,XSIE,能源中心,LU,12,12,3,0
20260626,XSIE,能源中心,NR,12,12,7,0
20260626,XSIE,能源中心,SC,20,20,3,0
20260629,XDCE,大商所,A,6,6,5,0
20260629,XDCE,大商所,B,12,12,7,0
20260629,XDCE,大商所,C,6,6,5,0
20260629,XDCE,大商所,CS,6,6,3,0
20260629,XDCE,大商所,EB,12,12,5,0
20260629,XDCE,大商所,EG,12,12,5,0
20260629,XDCE,大商所,I,12,12,6,0
20260629,XDCE,大商所,J,12,12,2,0
20260629,XDCE,大商所,JM,12,12,4,0
20260629,XDCE,大商所,L,12,12,5,0
20260629,XDCE,大商所,M,8,8,6,0
20260629,XDCE,大商所,P,12,12,3,0
20260629,XDCE,大商所,PG,12,12,4,0
20260629,XDCE,大商所,PP,12,12,5,0
20260629,XDCE,大商所,RR,12,12,1,0
20260629,XDCE,大商所,V,12,12,5,0
20260629,XDCE,大商所,Y,8,8,6,0
20260629,XSGE,上期所,AG,12,12,8,0
20260629,XSGE,上期所,AL,12,12,5,0
20260629,XSGE,上期所,AO,12,12,4,0
20260629,XSGE,上期所,AU,8,8,3,0
20260629,XSGE,上期所,BR,12,12,4,0
20260629,XSGE,上期所,BU,16,16,6,0
20260629,XSGE,上期所,CU,12,12,5,0
20260629,XSGE,上期所,FU,12,12,7,0
20260629,XSGE,上期所,HC,12,12,5,0
20260629,XSGE,上期所,NI,12,12,4,0
20260629,XSGE,上期所,OP,12,12,1,0
20260629,XSGE,上期所,PB,12,12,3,0
20260629,XSGE,上期所,RB,12,12,4,0
20260629,XSGE,上期所,RU,10,10,3,0
20260629,XSGE,上期所,SN,12,12,4,0
20260629,XSGE,上期所,SP,12,12,3,0
20260629,XSGE,上期所,SS,12,12,3,0
20260629,XSGE,上期所,ZN,12,12,4,0
20260629,XSIE,能源中心,BC,12,12,2,0
20260629,XSIE,能源中心,LU,12,12,3,0
20260629,XSIE,能源中心,NR,12,12,5,0
20260629,XSIE,能源中心,SC,20,20,6,0
20260630,XDCE,大商所,A,6,6,5,0
20260630,XDCE,大商所,B,12,12,7,0
20260630,XDCE,大商所,C,6,6,5,0
20260630,XDCE,大商所,CS,6,6,3,0
20260630,XDCE,大商所,EB,12,12,5,0
20260630,XDCE,大商所,EG,12,12,5,0
20260630,XDCE,大商所,I,12,12,5,0
20260630,XDCE,大商所,J,12,12,1,0
20260630,XDCE,大商所,JM,12,12,4,0
20260630,XDCE,大商所,L,12,12,5,0
20260630,XDCE,大商所,M,8,8,6,0
20260630,XDCE,大商所,P,12,12,4,0
20260630,XDCE,大商所,PG,12,12,3,0
20260630,XDCE,大商所,PP,12,12,5,0
20260630,XDCE,大商所,RR,12,12,1,0
20260630,XDCE,大商所,V,12,12,5,0
20260630,XDCE,大商所,Y,8,8,6,0
20260630,XSGE,上期所,AG,12,12,8,0
20260630,XSGE,上期所,AL,12,12,5,0
20260630,XSGE,上期所,AO,12,12,5,0
20260630,XSGE,上期所,AU,8,8,3,0
20260630,XSGE,上期所,BR,12,12,4,0
20260630,XSGE,上期所,BU,16,16,5,0
20260630,XSGE,上期所,CU,12,12,4,0
20260630,XSGE,上期所,FU,12,12,7,0
20260630,XSGE,上期所,HC,12,12,4,0
20260630,XSGE,上期所,NI,12,12,6,0
20260630,XSGE,上期所,OP,12,12,2,0
20260630,XSGE,上期所,PB,12,12,3,0
20260630,XSGE,上期所,RB,12,12,4,0
20260630,XSGE,上期所,RU,10,10,2,0
20260630,XSGE,上期所,SN,12,12,4,0
20260630,XSGE,上期所,SP,12,12,4,0
20260630,XSGE,上期所,SS,12,12,3,0
20260630,XSGE,上期所,ZN,12,12,4,0
20260630,XSIE,能源中心,BC,12,12,2,0
20260630,XSIE,能源中心,LU,12,12,3,0
20260630,XSIE,能源中心,NR,12,12,5,0
20260630,XSIE,能源中心,SC,20,20,4,0
20260701,XDCE,大商所,A,6,6,3,0
20260701,XDCE,大商所,B,12,12,2,0
20260701,XDCE,大商所,C,6,6,4,0
20260701,XDCE,大商所,CS,6,6,1,0
20260701,XDCE,大商所,EB,12,12,4,0
20260701,XDCE,大商所,EG,12,12,4,0
20260701,XDCE,大商所,I,12,12,3,0
20260701,XDCE,大商所,J,12,12,3,0
20260701,XDCE,大商所,JM,12,12,3,0
20260701,XDCE,大商所,L,12,12,3,0
20260701,XDCE,大商所,M,8,8,6,0
20260701,XDCE,大商所,P,12,12,3,0
20260701,XDCE,大商所,PG,12,12,3,0
20260701,XDCE,大商所,PP,12,12,5,0
20260701,XDCE,大商所,RR,12,12,0,0
20260701,XDCE,大商所,V,12,12,5,0
20260701,XDCE,大商所,Y,8,8,4,0
20260701,XSGE,上期所,AG,12,12,7,0
20260701,XSGE,上期所,AL,12,12,2,0
20260701,XSGE,上期所,AO,12,12,4,0
20260701,XSGE,上期所,AU,8,8,4,0
20260701,XSGE,上期所,BR,12,12,3,0
20260701,XSGE,上期所,BU,16,16,7,0
20260701,XSGE,上期所,CU,12,12,5,0
20260701,XSGE,上期所,FU,12,12,8,0
20260701,XSGE,上期所,HC,12,12,5,0
20260701,XSGE,上期所,NI,12,12,5,0
20260701,XSGE,上期所,OP,12,12,1,0
20260701,XSGE,上期所,PB,12,12,2,0
20260701,XSGE,上期所,RB,12,12,3,0
20260701,XSGE,上期所,RU,10,10,2,0
20260701,XSGE,上期所,SN,12,12,2,0
20260701,XSGE,上期所,SP,12,12,3,0
20260701,XSGE,上期所,SS,12,12,2,0
20260701,XSGE,上期所,ZN,12,12,2,0
20260701,XSIE,能源中心,BC,12,12,2,0
20260701,XSIE,能源中心,LU,12,12,3,0
20260701,XSIE,能源中心,NR,12,12,4,0
20260701,XSIE,能源中心,SC,20,20,5,0
20260702,XDCE,大商所,A,6,6,4,0
20260702,XDCE,大商所,B,12,12,5,0
20260702,XDCE,大商所,C,6,6,6,0
20260702,XDCE,大商所,CS,6,6,2,0
20260702,XDCE,大商所,EB,12,12,4,0
20260702,XDCE,大商所,EG,12,12,4,0
20260702,XDCE,大商所,I,12,12,11,0
20260702,XDCE,大商所,J,12,12,2,0
20260702,XDCE,大商所,JM,12,12,6,0
20260702,XDCE,大商所,L,12,12,4,0
20260702,XDCE,大商所,M,8,8,7,0
20260702,XDCE,大商所,P,12,12,2,0
20260702,XDCE,大商所,PG,12,12,4,0
20260702,XDCE,大商所,PP,12,12,4,0
20260702,XDCE,大商所,RR,12,12,1,0
20260702,XDCE,大商所,V,12,12,8,0
20260702,XDCE,大商所,Y,8,8,4,0
20260702,XSGE,上期所,AG,12,12,9,0
20260702,XSGE,上期所,AL,12,12,4,0
20260702,XSGE,上期所,AO,12,12,4,0
20260702,XSGE,上期所,AU,8,8,3,0
20260702,XSGE,上期所,BR,12,12,3,0
20260702,XSGE,上期所,BU,16,16,6,0
20260702,XSGE,上期所,CU,12,12,4,0
20260702,XSGE,上期所,FU,12,12,8,0
20260702,XSGE,上期所,HC,12,12,5,0
20260702,XSGE,上期所,NI,12,12,4,0
20260702,XSGE,上期所,OP,12,12,0,0
20260702,XSGE,上期所,PB,12,12,2,0
20260702,XSGE,上期所,RB,12,12,5,0
20260702,XSGE,上期所,RU,10,10,2,0
20260702,XSGE,上期所,SN,12,12,3,0
20260702,XSGE,上期所,SP,12,12,3,0
20260702,XSGE,上期所,SS,12,12,4,0
20260702,XSGE,上期所,ZN,12,12,3,0
20260702,XSIE,能源中心,BC,12,12,1,0
20260702,XSIE,能源中心,LU,12,12,3,0
20260702,XSIE,能源中心,NR,12,12,3,0
20260702,XSIE,能源中心,SC,20,20,3,0
20260703,XDCE,大商所,A,6,6,4,0
20260703,XDCE,大商所,B,12,12,4,0
20260703,XDCE,大商所,C,6,6,5,0
20260703,XDCE,大商所,CS,6,6,3,0
20260703,XDCE,大商所,EB,12,12,4,0
20260703,XDCE,大商所,EG,12,12,4,0
20260703,XDCE,大商所,I,12,12,4,0
20260703,XDCE,大商所,J,12,12,2,0
20260703,XDCE,大商所,JM,12,12,4,0
20260703,XDCE,大商所,L,12,12,4,0
20260703,XDCE,大商所,M,8,8,5,0
20260703,XDCE,大商所,P,12,12,5,0
20260703,XDCE,大商所,PG,12,12,3,0
20260703,XDCE,大商所,PP,12,12,4,0
20260703,XDCE,大商所,RR,12,12,1,0
20260703,XDCE,大商所,V,12,12,6,0
20260703,XDCE,大商所,Y,8,8,4,0
20260703,XSGE,上期所,AG,12,12,7,0
20260703,XSGE,上期所,AL,12,12,4,0
20260703,XSGE,上期所,AO,12,12,4,0
20260703,XSGE,上期所,AU,8,8,4,0
20260703,XSGE,上期所,BR,12,12,3,0
20260703,XSGE,上期所,BU,16,16,4,0
20260703,XSGE,上期所,CU,12,12,4,0
20260703,XSGE,上期所,FU,12,12,5,0
20260703,XSGE,上期所,HC,12,12,4,0
20260703,XSGE,上期所,NI,12,12,3,0
20260703,XSGE,上期所,OP,12,12,0,0
20260703,XSGE,上期所,PB,12,12,3,0
20260703,XSGE,上期所,RB,12,12,4,0
20260703,XSGE,上期所,RU,10,10,3,0
20260703,XSGE,上期所,SN,12,12,3,0
20260703,XSGE,上期所,SP,12,12,3,0
20260703,XSGE,上期所,SS,12,12,3,0
20260703,XSGE,上期所,ZN,12,12,2,0
20260703,XSIE,能源中心,BC,12,12,0,0
20260703,XSIE,能源中心,LU,12,12,3,0
20260703,XSIE,能源中心,NR,12,12,4,0
20260703,XSIE,能源中心,SC,20,20,3,0
20260706,XDCE,大商所,A,6,6,4,0
20260706,XDCE,大商所,B,12,12,4,0
20260706,XDCE,大商所,C,6,6,5,0
20260706,XDCE,大商所,CS,6,6,2,0
20260706,XDCE,大商所,EB,12,12,4,0
20260706,XDCE,大商所,EG,12,12,4,0
20260706,XDCE,大商所,I,12,12,3,0
20260706,XDCE,大商所,J,12,12,1,0
20260706,XDCE,大商所,JM,12,12,2,0
20260706,XDCE,大商所,L,12,12,5,0
20260706,XDCE,大商所,M,8,8,6,0
20260706,XDCE,大商所,P,12,12,4,0
20260706,XDCE,大商所,PG,12,12,3,0
20260706,XDCE,大商所,PP,12,12,4,0
20260706,XDCE,大商所,RR,12,12,1,0
20260706,XDCE,大商所,V,12,12,5,0
20260706,XDCE,大商所,Y,8,8,5,0
20260706,XSGE,上期所,AG,12,12,4,0
20260706,XSGE,上期所,AL,12,12,5,0
20260706,XSGE,上期所,AO,12,12,4,0
20260706,XSGE,上期所,AU,8,8,3,0
20260706,XSGE,上期所,BR,12,12,4,0
20260706,XSGE,上期所,BU,16,16,4,0
20260706,XSGE,上期所,CU,12,12,5,0
20260706,XSGE,上期所,FU,12,12,6,0
20260706,XSGE,上期所,HC,12,12,4,0
20260706,XSGE,上期所,NI,12,12,3,0
20260706,XSGE,上期所,OP,12,12,0,0
20260706,XSGE,上期所,PB,12,12,2,0
20260706,XSGE,上期所,RB,12,12,5,0
20260706,XSGE,上期所,RU,10,10,2,0
20260706,XSGE,上期所,SN,12,12,4,0
20260706,XSGE,上期所,SP,12,12,3,0
20260706,XSGE,上期所,SS,12,12,3,0
20260706,XSGE,上期所,ZN,12,12,4,0
20260706,XSIE,能源中心,BC,12,12,1,0
20260706,XSIE,能源中心,LU,12,12,3,0
20260706,XSIE,能源中心,NR,12,12,4,0
20260706,XSIE,能源中心,SC,20,20,4,0
20260707,XDCE,大商所,A,6,6,4,0
20260707,XDCE,大商所,B,12,12,6,0
20260707,XDCE,大商所,C,6,6,6,0
20260707,XDCE,大商所,CS,6,6,2,0
20260707,XDCE,大商所,EB,12,12,4,0
20260707,XDCE,大商所,EG,12,12,4,0
20260707,XDCE,大商所,I,12,12,6,0
20260707,XDCE,大商所,J,12,12,2,0
20260707,XDCE,大商所,JM,12,12,3,0
20260707,XDCE,大商所,L,12,12,4,0
20260707,XDCE,大商所,M,8,8,7,0
20260707,XDCE,大商所,P,12,12,3,0
20260707,XDCE,大商所,PG,12,12,4,0
20260707,XDCE,大商所,PP,12,12,4,0
20260707,XDCE,大商所,RR,12,12,0,0
20260707,XDCE,大商所,V,12,12,6,0
20260707,XDCE,大商所,Y,8,8,5,0
20260707,XSGE,上期所,AG,12,12,4,0
20260707,XSGE,上期所,AL,12,12,3,0
20260707,XSGE,上期所,AO,12,12,3,0
20260707,XSGE,上期所,AU,8,8,3,0
20260707,XSGE,上期所,BR,12,12,3,0
20260707,XSGE,上期所,BU,16,16,5,0
20260707,XSGE,上期所,CU,12,12,5,0
20260707,XSGE,上期所,FU,12,12,7,0
20260707,XSGE,上期所,HC,12,12,4,0
20260707,XSGE,上期所,NI,12,12,3,0
20260707,XSGE,上期所,OP,12,12,0,0
20260707,XSGE,上期所,PB,12,12,3,0
20260707,XSGE,上期所,RB,12,12,5,0
20260707,XSGE,上期所,RU,10,10,2,0
20260707,XSGE,上期所,SN,12,12,3,0
20260707,XSGE,上期所,SP,12,12,3,0
20260707,XSGE,上期所,SS,12,12,3,0
20260707,XSGE,上期所,ZN,12,12,5,0
20260707,XSIE,能源中心,BC,12,12,3,0
20260707,XSIE,能源中心,LU,12,12,3,0
20260707,XSIE,能源中心,NR,12,12,5,0
20260707,XSIE,能源中心,SC,20,20,2,0
20260708,XDCE,大商所,A,6,6,4,0
20260708,XDCE,大商所,B,12,12,4,0
20260708,XDCE,大商所,C,6,6,4,0
20260708,XDCE,大商所,CS,6,6,2,0
20260708,XDCE,大商所,EB,12,12,11,0
20260708,XDCE,大商所,EG,12,12,11,0
20260708,XDCE,大商所,I,12,12,5,0
20260708,XDCE,大商所,J,12,12,1,0
20260708,XDCE,大商所,JM,12,12,3,0
20260708,XDCE,大商所,L,12,12,11,0
20260708,XDCE,大商所,M,8,8,5,0
20260708,XDCE,大商所,P,12,12,4,0
20260708,XDCE,大商所,PG,12,12,11,0
20260708,XDCE,大商所,PP,12,12,11,0
20260708,XDCE,大商所,RR,12,12,0,0
20260708,XDCE,大商所,V,12,12,11,0
20260708,XDCE,大商所,Y,8,8,6,0
20260708,XSGE,上期所,AG,12,12,5,0
20260708,XSGE,上期所,AL,12,12,5,0
20260708,XSGE,上期所,AO,12,12,3,0
20260708,XSGE,上期所,AU,8,8,3,0
20260708,XSGE,上期所,BR,12,12,2,0
20260708,XSGE,上期所,BU,16,16,14,0
20260708,XSGE,上期所,CU,12,12,5,0
20260708,XSGE,上期所,FU,12,12,12,0
20260708,XSGE,上期所,HC,12,12,4,0
20260708,XSGE,上期所,NI,12,12,3,0
20260708,XSGE,上期所,OP,12,12,1,0
20260708,XSGE,上期所,PB,12,12,3,0
20260708,XSGE,上期所,RB,12,12,7,0
20260708,XSGE,上期所,RU,10,10,2,0
20260708,XSGE,上期所,SN,12,12,3,0
20260708,XSGE,上期所,SP,12,12,3,0
20260708,XSGE,上期所,SS,12,12,4,0
20260708,XSGE,上期所,ZN,12,12,3,0
20260708,XSIE,能源中心,BC,12,12,0,0
20260708,XSIE,能源中心,LU,12,12,12,0
20260708,XSIE,能源中心,NR,12,12,3,0
20260708,XSIE,能源中心,SC,20,20,18,0
20260710,XDCE,大商所,A,6,6,4,0
20260710,XDCE,大商所,B,12,12,3,0
20260710,XDCE,大商所,C,6,6,5,0
20260710,XDCE,大商所,CS,6,6,2,0
20260710,XDCE,大商所,EB,12,12,4,0
20260710,XDCE,大商所,EG,12,12,4,0
20260710,XDCE,大商所,I,12,12,4,0
20260710,XDCE,大商所,J,12,12,1,0
20260710,XDCE,大商所,JM,12,12,2,0
20260710,XDCE,大商所,L,12,12,5,0
20260710,XDCE,大商所,M,8,8,7,0
20260710,XDCE,大商所,P,12,12,2,0
20260710,XDCE,大商所,PG,12,12,4,0
20260710,XDCE,大商所,PP,12,12,4,0
20260710,XDCE,大商所,RR,12,12,0,0
20260710,XDCE,大商所,V,12,12,5,0
20260710,XDCE,大商所,Y,8,8,5,0
20260710,XSGE,上期所,AG,12,12,6,0
20260710,XSGE,上期所,AL,12,12,6,0
20260710,XSGE,上期所,AO,12,12,4,0
20260710,XSGE,上期所,AU,8,8,3,0
20260710,XSGE,上期所,BR,12,12,4,0
20260710,XSGE,上期所,BU,16,16,5,0
20260710,XSGE,上期所,CU,12,12,6,0
20260710,XSGE,上期所,FU,12,12,7,0
20260710,XSGE,上期所,HC,12,12,4,0
20260710,XSGE,上期所,NI,12,12,3,0
20260710,XSGE,上期所,OP,12,12,1,0
20260710,XSGE,上期所,PB,12,12,2,0
20260710,XSGE,上期所,RB,12,12,7,0
20260710,XSGE,上期所,RU,10,10,2,0
20260710,XSGE,上期所,SN,12,12,3,0
20260710,XSGE,上期所,SP,12,12,3,0
20260710,XSGE,上期所,SS,12,12,3,0
20260710,XSGE,上期所,ZN,12,12,5,0
20260710,XSIE,能源中心,BC,12,12,1,0
20260710,XSIE,能源中心,LU,12,12,4,0
20260710,XSIE,能源中心,NR,12,12,2,0
20260710,XSIE,能源中心,SC,20,20,4,0
20260713,XDCE,大商所,A,6,6,2,0
20260713,XDCE,大商所,B,12,12,5,0
20260713,XDCE,大商所,C,6,6,3,0
20260713,XDCE,大商所,CS,6,6,2,0
20260713,XDCE,大商所,EB,12,12,4,0
20260713,XDCE,大商所,EG,12,12,4,0
20260713,XDCE,大商所,I,12,12,3,0
20260713,XDCE,大商所,J,12,12,1,0
20260713,XDCE,大商所,JM,12,12,3,0
20260713,XDCE,大商所,L,12,12,3,0
20260713,XDCE,大商所,M,8,8,6,0
20260713,XDCE,大商所,P,12,12,4,0
20260713,XDCE,大商所,PG,12,12,3,0
20260713,XDCE,大商所,PP,12,12,3,0
20260713,XDCE,大商所,RR,12,12,0,0
20260713,XDCE,大商所,V,12,12,2,0
20260713,XDCE,大商所,Y,8,8,3,0
20260713,XSGE,上期所,AG,12,12,5,0
20260713,XSGE,上期所,AL,12,12,7,0
20260713,XSGE,上期所,AO,12,12,3,0
20260713,XSGE,上期所,AU,8,8,4,0
20260713,XSGE,上期所,BR,12,12,3,0
20260713,XSGE,上期所,BU,16,16,3,0
20260713,XSGE,上期所,CU,12,12,4,0
20260713,XSGE,上期所,FU,12,12,5,0
20260713,XSGE,上期所,HC,12,12,3,0
20260713,XSGE,上期所,NI,12,12,3,0
20260713,XSGE,上期所,OP,12,12,1,0
20260713,XSGE,上期所,PB,12,12,3,0
20260713,XSGE,上期所,RB,12,12,4,0
20260713,XSGE,上期所,RU,10,10,3,0
20260713,XSGE,上期所,SN,12,12,3,0
20260713,XSGE,上期所,SP,12,12,3,0
20260713,XSGE,上期所,SS,12,12,3,0
20260713,XSGE,上期所,ZN,12,12,2,0
20260713,XSIE,能源中心,BC,12,12,2,0
20260713,XSIE,能源中心,LU,12,12,2,0
20260713,XSIE,能源中心,NR,12,12,4,0
20260713,XSIE,能源中心,SC,20,20,2,0
20260714,XDCE,大商所,A,6,6,4,0
20260714,XDCE,大商所,B,12,12,5,0
20260714,XDCE,大商所,C,6,6,5,0
20260714,XDCE,大商所,CS,6,6,2,0
20260714,XDCE,大商所,EB,12,12,4,0
20260714,XDCE,大商所,EG,12,12,5,0
20260714,XDCE,大商所,I,12,12,3,0
20260714,XDCE,大商所,J,12,12,2,0
20260714,XDCE,大商所,JM,12,12,4,0
20260714,XDCE,大商所,L,12,12,6,0
20260714,XDCE,大商所,M,8,8,5,0
20260714,XDCE,大商所,P,12,12,3,0
20260714,XDCE,大商所,PG,12,12,3,0
20260714,XDCE,大商所,PP,12,12,4,0
20260714,XDCE,大商所,RR,12,12,0,0
20260714,XDCE,大商所,V,12,12,5,0
20260714,XDCE,大商所,Y,8,8,6,0
20260714,XSGE,上期所,AG,12,12,8,0
20260714,XSGE,上期所,AL,12,12,5,0
20260714,XSGE,上期所,AO,12,12,6,0
20260714,XSGE,上期所,AU,8,8,2,0
20260714,XSGE,上期所,BR,12,12,3,0
20260714,XSGE,上期所,BU,16,16,4,0
20260714,XSGE,上期所,CU,12,12,5,0
20260714,XSGE,上期所,FU,12,12,7,0
20260714,XSGE,上期所,HC,12,12,4,0
20260714,XSGE,上期所,NI,12,12,3,0
20260714,XSGE,上期所,OP,12,12,0,0
20260714,XSGE,上期所,PB,12,12,2,0
20260714,XSGE,上期所,RB,12,12,5,0
20260714,XSGE,上期所,RU,10,10,2,0
20260714,XSGE,上期所,SN,12,12,3,0
20260714,XSGE,上期所,SP,12,12,3,0
20260714,XSGE,上期所,SS,12,12,3,0
20260714,XSGE,上期所,ZN,12,12,4,0
20260714,XSIE,能源中心,BC,12,12,2,0
20260714,XSIE,能源中心,LU,12,12,3,0
20260714,XSIE,能源中心,NR,12,12,3,0
20260714,XSIE,能源中心,SC,20,20,3,0
20260715,XDCE,大商所,A,6,6,2,0
20260715,XDCE,大商所,B,12,12,3,0
20260715,XDCE,大商所,C,6,6,3,0
20260715,XDCE,大商所,CS,6,6,2,0
20260715,XDCE,大商所,EB,12,12,3,0
20260715,XDCE,大商所,EG,12,12,4,0
20260715,XDCE,大商所,I,12,12,4,0
20260715,XDCE,大商所,J,12,12,2,0
20260715,XDCE,大商所,JM,12,12,2,0
20260715,XDCE,大商所,L,12,12,2,0
20260715,XDCE,大商所,M,8,8,6,0
20260715,XDCE,大商所,P,12,12,3,0
20260715,XDCE,大商所,PG,12,12,4,0
20260715,XDCE,大商所,PP,12,12,4,0
20260715,XDCE,大商所,RR,12,12,2,0
20260715,XDCE,大商所,V,12,12,3,0
20260715,XDCE,大商所,Y,8,8,3,0
20260715,XSGE,上期所,AG,12,12,9,0
20260715,XSGE,上期所,AL,12,12,3,0
20260715,XSGE,上期所,AO,12,12,3,0
20260715,XSGE,上期所,AU,8,8,3,0
20260715,XSGE,上期所,BR,12,12,3,0
20260715,XSGE,上期所,BU,16,16,4,0
20260715,XSGE,上期所,CU,12,12,6,0
20260715,XSGE,上期所,FU,12,12,7,0
20260715,XSGE,上期所,HC,12,12,4,0
20260715,XSGE,上期所,NI,12,12,3,0
20260715,XSGE,上期所,OP,12,12,0,0
20260715,XSGE,上期所,PB,12,12,3,0
20260715,XSGE,上期所,RB,12,12,7,0
20260715,XSGE,上期所,RU,10,10,2,0
20260715,XSGE,上期所,SN,12,12,3,0
20260715,XSGE,上期所,SP,12,12,3,0
20260715,XSGE,上期所,SS,12,12,3,0
20260715,XSGE,上期所,ZN,12,12,3,0
20260715,XSIE,能源中心,BC,12,12,2,0
20260715,XSIE,能源中心,LU,12,12,4,0
20260715,XSIE,能源中心,NR,12,12,3,0
20260715,XSIE,能源中心,SC,20,20,5,0
20260716,XDCE,大商所,A,6,6,3,0
20260716,XDCE,大商所,B,12,12,3,0
20260716,XDCE,大商所,C,6,6,3,0
20260716,XDCE,大商所,CS,6,6,2,0
20260716,XDCE,大商所,EB,12,12,3,0
20260716,XDCE,大商所,EG,12,12,5,0
20260716,XDCE,大商所,I,12,12,5,0
20260716,XDCE,大商所,J,12,12,1,0
20260716,XDCE,大商所,JM,12,12,3,0
20260716,XDCE,大商所,L,12,12,3,0
20260716,XDCE,大商所,M,8,8,5,0
20260716,XDCE,大商所,P,12,12,2,0
20260716,XDCE,大商所,PG,12,12,4,0
20260716,XDCE,大商所,PP,12,12,5,0
20260716,XDCE,大商所,RR,12,12,0,0
20260716,XDCE,大商所,V,12,12,4,0
20260716,XDCE,大商所,Y,8,8,3,0
20260716,XSGE,上期所,AG,12,12,7,0
20260716,XSGE,上期所,AL,12,12,3,0
20260716,XSGE,上期所,AO,12,12,4,0
20260716,XSGE,上期所,AU,8,8,4,0
20260716,XSGE,上期所,BR,12,12,2,0
20260716,XSGE,上期所,BU,16,16,4,0
20260716,XSGE,上期所,CU,12,12,5,0
20260716,XSGE,上期所,FU,12,12,7,0
20260716,XSGE,上期所,HC,12,12,4,0
20260716,XSGE,上期所,NI,12,12,4,0
20260716,XSGE,上期所,OP,12,12,0,0
20260716,XSGE,上期所,PB,12,12,3,0
20260716,XSGE,上期所,RB,12,12,5,0
20260716,XSGE,上期所,RU,10,10,3,0
20260716,XSGE,上期所,SN,12,12,2,0
20260716,XSGE,上期所,SP,12,12,3,0
20260716,XSGE,上期所,SS,12,12,2,0
20260716,XSGE,上期所,ZN,12,12,4,0
20260716,XSIE,能源中心,BC,12,12,1,0
20260716,XSIE,能源中心,LU,12,12,4,0
20260716,XSIE,能源中心,NR,12,12,3,0
20260716,XSIE,能源中心,SC,20,20,3,0
20260717,XDCE,大商所,A,6,6,4,0
20260717,XDCE,大商所,B,12,12,4,0
20260717,XDCE,大商所,C,6,6,4,0
20260717,XDCE,大商所,CS,6,6,2,0
20260717,XDCE,大商所,EB,12,12,5,0
20260717,XDCE,大商所,EG,12,12,5,0
20260717,XDCE,大商所,I,12,12,5,0
20260717,XDCE,大商所,J,12,12,2,0
20260717,XDCE,大商所,JM,12,12,4,0
20260717,XDCE,大商所,L,12,12,6,0
20260717,XDCE,大商所,M,8,8,6,0
20260717,XDCE,大商所,P,12,12,4,0
20260717,XDCE,大商所,PG,12,12,4,0
20260717,XDCE,大商所,PP,12,12,5,0
20260717,XDCE,大商所,RR,12,12,1,0
20260717,XDCE,大商所,V,12,12,5,0
20260717,XDCE,大商所,Y,8,8,6,0
20260717,XSGE,上期所,AG,12,12,10,0
20260717,XSGE,上期所,AL,12,12,4,0
20260717,XSGE,上期所,AO,12,12,4,0
20260717,XSGE,上期所,AU,8,8,3,0
20260717,XSGE,上期所,BR,12,12,3,0
20260717,XSGE,上期所,BU,16,16,6,0
20260717,XSGE,上期所,CU,12,12,6,0
20260717,XSGE,上期所,FU,12,12,8,0
20260717,XSGE,上期所,HC,12,12,4,0
20260717,XSGE,上期所,NI,12,12,3,0
20260717,XSGE,上期所,OP,12,12,0,0
20260717,XSGE,上期所,PB,12,12,3,0
20260717,XSGE,上期所,RB,12,12,4,0
20260717,XSGE,上期所,RU,10,10,3,0
20260717,XSGE,上期所,SN,12,12,4,0
20260717,XSGE,上期所,SP,12,12,3,0
20260717,XSGE,上期所,SS,12,12,3,0
20260717,XSGE,上期所,ZN,12,12,3,0
20260717,XSIE,能源中心,BC,12,12,0,0
20260717,XSIE,能源中心,LU,12,12,3,0
20260717,XSIE,能源中心,NR,12,12,2,0
20260717,XSIE,能源中心,SC,20,20,4,0
20260721,XDCE,大商所,A,6,6,4,0
20260721,XDCE,大商所,B,12,12,7,0
20260721,XDCE,大商所,C,6,6,4,0
20260721,XDCE,大商所,CS,6,6,3,0
20260721,XDCE,大商所,EB,12,12,6,0
20260721,XDCE,大商所,EG,12,12,6,0
20260721,XDCE,大商所,I,12,12,7,0
20260721,XDCE,大商所,J,12,12,2,0
20260721,XDCE,大商所,JM,12,12,2,0
20260721,XDCE,大商所,L,12,12,6,0
20260721,XDCE,大商所,M,8,8,7,0
20260721,XDCE,大商所,P,12,12,3,0
20260721,XDCE,大商所,PG,12,12,7,0
20260721,XDCE,大商所,PP,12,12,6,0
20260721,XDCE,大商所,RR,12,12,2,0
20260721,XDCE,大商所,V,12,12,6,0
20260721,XDCE,大商所,Y,8,8,5,0
20260721,XSGE,上期所,AG,12,12,5,0
20260721,XSGE,上期所,AL,12,12,5,0
20260721,XSGE,上期所,AO,12,12,4,0
20260721,XSGE,上期所,AU,8,8,2,0
20260721,XSGE,上期所,BR,12,12,3,0
20260721,XSGE,上期所,BU,16,16,5,0
20260721,XSGE,上期所,CU,12,12,4,0
20260721,XSGE,上期所,FU,12,12,8,0
20260721,XSGE,上期所,HC,12,12,3,0
20260721,XSGE,上期所,NI,12,12,4,0
20260721,XSGE,上期所,OP,12,12,1,0
20260721,XSGE,上期所,PB,12,12,3,0
20260721,XSGE,上期所,RB,12,12,6,0
20260721,XSGE,上期所,RU,10,10,2,0
20260721,XSGE,上期所,SN,12,12,3,0
20260721,XSGE,上期所,SP,12,12,3,0
20260721,XSGE,上期所,SS,12,12,3,0
20260721,XSGE,上期所,ZN,12,12,3,0
20260721,XSIE,能源中心,BC,12,12,2,0
20260721,XSIE,能源中心,LU,12,12,3,0
20260721,XSIE,能源中心,NR,12,12,5,0
20260721,XSIE,能源中心,SC,20,20,4,0
20260723,XDCE,大商所,A,6,6,4,0
20260723,XDCE,大商所,B,12,12,7,0
20260723,XDCE,大商所,C,6,6,4,0
20260723,XDCE,大商所,CS,6,6,2,0
20260723,XDCE,大商所,EB,12,12,4,0
20260723,XDCE,大商所,EG,12,12,3,0
20260723,XDCE,大商所,I,12,12,6,0
20260723,XDCE,大商所,J,12,12,2,0
20260723,XDCE,大商所,JM,12,12,3,0
20260723,XDCE,大商所,L,12,12,6,0
20260723,XDCE,大商所,M,8,8,8,0
20260723,XDCE,大商所,P,12,12,4,0
20260723,XDCE,大商所,PG,12,12,5,0
20260723,XDCE,大商所,PP,12,12,3,0
20260723,XDCE,大商所,RR,12,12,1,0
20260723,XDCE,大商所,V,12,12,7,0
20260723,XDCE,大商所,Y,8,8,5,0
20260723,XSGE,上期所,AG,12,12,6,0
20260723,XSGE,上期所,AL,12,12,5,0
20260723,XSGE,上期所,AO,12,12,4,0
20260723,XSGE,上期所,AU,8,8,3,0
20260723,XSGE,上期所,BR,12,12,4,0
20260723,XSGE,上期所,BU,16,16,5,0
20260723,XSGE,上期所,CU,12,12,5,0
20260723,XSGE,上期所,FU,12,12,8,0
20260723,XSGE,上期所,HC,12,12,4,0
20260723,XSGE,上期所,NI,12,12,3,0
20260723,XSGE,上期所,OP,12,12,0,0
20260723,XSGE,上期所,PB,12,12,3,0
20260723,XSGE,上期所,RB,12,12,4,0
20260723,XSGE,上期所,RU,10,10,2,0
20260723,XSGE,上期所,SN,12,12,3,0
20260723,XSGE,上期所,SP,12,12,3,0
20260723,XSGE,上期所,SS,12,12,3,0
20260723,XSGE,上期所,ZN,12,12,3,0
20260723,XSIE,能源中心,BC,12,12,1,0
20260723,XSIE,能源中心,LU,12,12,3,0
20260723,XSIE,能源中心,NR,12,12,4,0
20260723,XSIE,能源中心,SC,20,20,6,0
20260724,XDCE,大商所,A,6,6,4,0
20260724,XDCE,大商所,B,12,12,7,0
20260724,XDCE,大商所,C,6,6,4,0
20260724,XDCE,大商所,CS,6,6,2,0
20260724,XDCE,大商所,EB,12,12,6,0
20260724,XDCE,大商所,EG,12,12,5,0
20260724,XDCE,大商所,I,12,12,4,0
20260724,XDCE,大商所,J,12,12,2,0
20260724,XDCE,大商所,JM,12,12,4,0
20260724,XDCE,大商所,L,12,12,6,0
20260724,XDCE,大商所,M,8,8,7,0
20260724,XDCE,大商所,P,12,12,4,0
20260724,XDCE,大商所,PG,12,12,5,0
20260724,XDCE,大商所,PP,12,12,5,0
20260724,XDCE,大商所,RR,12,12,0,0
20260724,XDCE,大商所,V,12,12,5,0
20260724,XDCE,大商所,Y,8,8,5,0
20260724,XSGE,上期所,AG,12,12,8,0
20260724,XSGE,上期所,AL,12,12,3,0
20260724,XSGE,上期所,AO,12,12,5,0
20260724,XSGE,上期所,AU,8,8,4,0
20260724,XSGE,上期所,BR,12,12,5,0
20260724,XSGE,上期所,BU,16,16,5,0
20260724,XSGE,上期所,CU,12,12,6,0
20260724,XSGE,上期所,FU,12,12,8,0
20260724,XSGE,上期所,HC,12,12,4,0
20260724,XSGE,上期所,NI,12,12,3,0
20260724,XSGE,上期所,OP,12,12,1,0
20260724,XSGE,上期所,PB,12,12,4,0
20260724,XSGE,上期所,RB,12,12,4,0
20260724,XSGE,上期所,RU,10,10,2,0
20260724,XSGE,上期所,SN,12,12,3,0
20260724,XSGE,上期所,SP,12,12,3,0
20260724,XSGE,上期所,SS,12,12,3,0
20260724,XSGE,上期所,ZN,12,12,3,0
20260724,XSIE,能源中心,BC,12,12,2,0
20260724,XSIE,能源中心,LU,12,12,3,0
20260724,XSIE,能源中心,NR,12,12,3,0
20260724,XSIE,能源中心,SC,20,20,4,0
20260727,XDCE,大商所,A,6,6,4,0
20260727,XDCE,大商所,B,12,12,4,0
20260727,XDCE,大商所,C,6,6,5,0
20260727,XDCE,大商所,CS,6,6,2,0
20260727,XDCE,大商所,EB,12,12,6,0
20260727,XDCE,大商所,EG,11,11,5,0
20260727,XDCE,大商所,I,12,12,5,0
20260727,XDCE,大商所,J,12,12,2,0
20260727,XDCE,大商所,JM,12,12,4,0
20260727,XDCE,大商所,L,12,12,5,0
20260727,XDCE,大商所,M,8,8,8,0
20260727,XDCE,大商所,P,12,12,5,0
20260727,XDCE,大商所,PG,12,12,5,0
20260727,XDCE,大商所,PP,12,12,4,0
20260727,XDCE,大商所,RR,12,12,1,0
20260727,XDCE,大商所,V,12,12,5,0
20260727,XDCE,大商所,Y,8,8,4,0
20260727,XSGE,上期所,AG,12,12,5,0
20260727,XSGE,上期所,AL,12,12,4,0
20260727,XSGE,上期所,AO,12,12,5,0
20260727,XSGE,上期所,AU,8,8,3,0
20260727,XSGE,上期所,BR,12,12,4,0
20260727,XSGE,上期所,BU,16,16,5,0
20260727,XSGE,上期所,CU,12,12,4,0
20260727,XSGE,上期所,FU,12,12,7,0
20260727,XSGE,上期所,HC,12,12,4,0
20260727,XSGE,上期所,NI,12,12,5,0
20260727,XSGE,上期所,OP,12,12,1,0
20260727,XSGE,上期所,PB,12,12,3,0
20260727,XSGE,上期所,RB,12,12,4,0
20260727,XSGE,上期所,RU,10,10,2,0
20260727,XSGE,上期所,SN,12,12,4,0
20260727,XSGE,上期所,SP,12,12,3,0
20260727,XSGE,上期所,SS,12,12,3,0
20260727,XSGE,上期所,ZN,12,12,3,0
20260727,XSIE,能源中心,BC,12,12,2,0
20260727,XSIE,能源中心,LU,12,12,3,0
20260727,XSIE,能源中心,NR,12,12,4,0
20260727,XSIE,能源中心,SC,20,20,4,0
20260728,XDCE,大商所,A,6,6,5,0
20260728,XDCE,大商所,B,12,12,5,0
20260728,XDCE,大商所,C,6,6,6,0
20260728,XDCE,大商所,CS,6,6,2,0
20260728,XDCE,大商所,EB,12,12,4,0
20260728,XDCE,大商所,EG,12,12,5,0
20260728,XDCE,大商所,I,12,12,6,0
20260728,XDCE,大商所,J,12,12,2,0
20260728,XDCE,大商所,JM,12,12,5,0
20260728,XDCE,大商所,L,12,12,5,0
20260728,XDCE,大商所,M,8,8,8,0
20260728,XDCE,大商所,P,12,12,3,0
20260728,XDCE,大商所,PG,12,12,3,0
20260728,XDCE,大商所,PP,12,12,7,0
20260728,XDCE,大商所,RR,12,12,0,0
20260728,XDCE,大商所,V,12,12,5,0
20260728,XDCE,大商所,Y,8,8,4,0
20260728,XSGE,上期所,AG,12,12,7,0
20260728,XSGE,上期所,AL,12,12,6,0
20260728,XSGE,上期所,AO,12,12,5,0
20260728,XSGE,上期所,AU,8,8,4,0
20260728,XSGE,上期所,BR,12,12,4,0
20260728,XSGE,上期所,BU,16,16,5,0
20260728,XSGE,上期所,CU,12,12,5,0
20260728,XSGE,上期所,FU,12,12,8,0
20260728,XSGE,上期所,HC,12,12,4,0
20260728,XSGE,上期所,NI,12,12,4,0
20260728,XSGE,上期所,OP,12,12,2,0
20260728,XSGE,上期所,PB,12,12,4,0
20260728,XSGE,上期所,RB,12,12,7,0
20260728,XSGE,上期所,RU,10,10,3,0
20260728,XSGE,上期所,SN,12,12,4,0
20260728,XSGE,上期所,SP,12,12,2,0
20260728,XSGE,上期所,SS,12,12,3,0
20260728,XSGE,上期所,ZN,12,12,3,0
20260728,XSIE,能源中心,BC,12,12,2,0
20260728,XSIE,能源中心,LU,12,12,4,0
20260728,XSIE,能源中心,NR,12,12,4,0
20260728,XSIE,能源中心,SC,20,20,6,0
20260729,XDCE,大商所,A,6,6,4,0
20260729,XDCE,大商所,B,12,12,6,0
20260729,XDCE,大商所,C,6,6,5,0
20260729,XDCE,大商所,CS,6,6,2,0
20260729,XDCE,大商所,EB,12,12,5,0
20260729,XDCE,大商所,EG,12,12,5,0
20260729,XDCE,大商所,I,12,12,5,0
20260729,XDCE,大商所,J,12,12,2,0
20260729,XDCE,大商所,JM,12,12,6,0
20260729,XDCE,大商所,L,12,12,5,0
20260729,XDCE,大商所,M,8,8,5,0
20260729,XDCE,大商所,P,12,12,4,0
20260729,XDCE,大商所,PG,12,12,3,0
20260729,XDCE,大商所,PP,12,12,3,0
20260729,XDCE,大商所,RR,12,12,0,0
20260729,XDCE,大商所,V,12,12,4,0
20260729,XDCE,大商所,Y,8,8,3,0
20260729,XSGE,上期所,AG,12,12,5,0
20260729,XSGE,上期所,AL,12,12,5,0
20260729,XSGE,上期所,AO,12,12,4,0
20260729,XSGE,上期所,AU,8,8,4,0
20260729,XSGE,上期所,BR,12,12,3,0
20260729,XSGE,上期所,BU,16,16,5,0
20260729,XSGE,上期所,CU,12,12,5,0
20260729,XSGE,上期所,FU,12,12,7,0
20260729,XSGE,上期所,HC,12,12,4,0
20260729,XSGE,上期所,NI,12,12,4,0
20260729,XSGE,上期所,OP,12,12,1,0
20260729,XSGE,上期所,PB,12,12,3,0
20260729,XSGE,上期所,RB,12,12,4,0
20260729,XSGE,上期所,RU,10,10,2,0
20260729,XSGE,上期所,SN,12,12,4,0
20260729,XSGE,上期所,SP,12,12,4,0
20260729,XSGE,上期所,SS,12,12,3,0
20260729,XSGE,上期所,ZN,12,12,4,0
20260729,XSIE,能源中心,BC,12,12,2,0
20260729,XSIE,能源中心,LU,12,12,3,0
20260729,XSIE,能源中心,NR,12,12,3,0
20260729,XSIE,能源中心,SC,20,20,3,0
20260730,XDCE,大商所,A,6,6,4,0
20260730,XDCE,大商所,B,12,12,6,0
20260730,XDCE,大商所,C,6,6,4,0
20260730,XDCE,大商所,CS,6,6,2,0
20260730,XDCE,大商所,EB,12,12,6,0
20260730,XDCE,大商所,EG,12,12,5,0
20260730,XDCE,大商所,I,12,12,6,0
20260730,XDCE,大商所,J,12,12,2,0
20260730,XDCE,大商所,JM,12,12,5,0
20260730,XDCE,大商所,L,12,12,5,0
20260730,XDCE,大商所,M,8,8,7,0
20260730,XDCE,大商所,P,12,12,5,0
20260730,XDCE,大商所,PG,12,12,4,0
20260730,XDCE,大商所,PP,12,12,5,0
20260730,XDCE,大商所,RR,12,12,0,0
20260730,XDCE,大商所,V,12,12,5,0
20260730,XDCE,大商所,Y,8,8,5,0
20260730,XSGE,上期所,AG,12,12,6,0
20260730,XSGE,上期所,AL,12,12,5,0
20260730,XSGE,上期所,AO,12,12,6,0
20260730,XSGE,上期所,AU,8,8,4,0
20260730,XSGE,上期所,BR,12,12,5,0
20260730,XSGE,上期所,BU,16,16,6,0
20260730,XSGE,上期所,CU,12,12,4,0
20260730,XSGE,上期所,FU,12,12,7,0
20260730,XSGE,上期所,HC,12,12,4,0
20260730,XSGE,上期所,NI,12,12,4,0
20260730,XSGE,上期所,OP,12,12,2,0
20260730,XSGE,上期所,PB,12,12,5,0
20260730,XSGE,上期所,RB,12,12,4,0
20260730,XSGE,上期所,RU,10,10,3,0
20260730,XSGE,上期所,SN,12,12,4,0
20260730,XSGE,上期所,SP,12,12,4,0
20260730,XSGE,上期所,SS,12,12,3,0
20260730,XSGE,上期所,ZN,12,12,4,0
20260730,XSIE,能源中心,BC,12,12,1,0
20260730,XSIE,能源中心,LU,12,12,4,0
20260730,XSIE,能源中心,NR,12,12,5,0
20260730,XSIE,能源中心,SC,20,20,5,0
20260731,XDCE,大商所,A,6,6,4,0
20260731,XDCE,大商所,B,12,12,7,0
20260731,XDCE,大商所,C,6,6,5,0
20260731,XDCE,大商所,CS,6,6,2,0
20260731,XDCE,大商所,EB,12,12,5,0
20260731,XDCE,大商所,EG,12,12,4,0
20260731,XDCE,大商所,I,12,12,5,0
20260731,XDCE,大商所,J,12,12,2,0
20260731,XDCE,大商所,JM,12,12,6,0
20260731,XDCE,大商所,L,12,12,5,0
20260731,XDCE,大商所,M,8,8,7,0
20260731,XDCE,大商所,P,12,12,4,0
20260731,XDCE,大商所,PG,12,12,4,0
20260731,XDCE,大商所,PP,12,12,5,0
20260731,XDCE,大商所,RR,12,12,0,0
20260731,XDCE,大商所,V,12,12,6,0
20260731,XDCE,大商所,Y,8,8,4,0
20260731,XSGE,上期所,AG,12,12,6,0
20260731,XSGE,上期所,AL,12,12,5,0
20260731,XSGE,上期所,AO,12,12,5,0
20260731,XSGE,上期所,AU,8,8,3,0
20260731,XSGE,上期所,BR,12,12,4,0
20260731,XSGE,上期所,BU,16,16,6,0
20260731,XSGE,上期所,CU,12,12,6,0
20260731,XSGE,上期所,FU,12,12,8,0
20260731,XSGE,上期所,HC,12,12,4,0
20260731,XSGE,上期所,NI,12,12,4,0
20260731,XSGE,上期所,OP,12,12,3,0
20260731,XSGE,上期所,PB,12,12,4,0
20260731,XSGE,上期所,RB,12,12,5,0
20260731,XSGE,上期所,RU,10,10,3,0
20260731,XSGE,上期所,SN,12,12,4,0
20260731,XSGE,上期所,SP,12,12,3,0
20260731,XSGE,上期所,SS,12,12,3,0
20260731,XSGE,上期所,ZN,12,12,4,0
20260731,XSIE,能源中心,BC,12,12,3,0
20260731,XSIE,能源中心,LU,12,12,3,0
20260731,XSIE,能源中心,NR,12,12,5,0
20260731,XSIE,能源中心,SC,20,20,4,0
20260803,XDCE,大商所,A,6,6,4,0
20260803,XDCE,大商所,B,12,12,4,0
20260803,XDCE,大商所,C,6,6,4,0
20260803,XDCE,大商所,CS,6,6,2,0
20260803,XDCE,大商所,EB,12,12,5,0
20260803,XDCE,大商所,EG,12,12,4,0
20260803,XDCE,大商所,I,12,12,5,0
20260803,XDCE,大商所,J,12,12,2,0
20260803,XDCE,大商所,JM,12,12,4,0
20260803,XDCE,大商所,L,12,12,5,0
20260803,XDCE,大商所,M,8,8,4,0
20260803,XDCE,大商所,P,12,12,5,0
20260803,XDCE,大商所,PG,12,12,4,0
20260803,XDCE,大商所,PP,12,12,6,0
20260803,XDCE,大商所,RR,12,12,0,0
20260803,XDCE,大商所,V,12,12,6,0
20260803,XDCE,大商所,Y,8,8,5,0
20260803,XSGE,上期所,AG,12,12,6,0
20260803,XSGE,上期所,AL,12,12,6,0
20260803,XSGE,上期所,AO,12,12,6,0
20260803,XSGE,上期所,AU,8,8,3,0
20260803,XSGE,上期所,BR,12,12,6,0
20260803,XSGE,上期所,BU,16,16,8,0
20260803,XSGE,上期所,CU,12,12,5,0
20260803,XSGE,上期所,FU,12,12,10,0
20260803,XSGE,上期所,HC,12,12,5,0
20260803,XSGE,上期所,NI,12,12,5,0
20260803,XSGE,上期所,OP,12,12,0,0
20260803,XSGE,上期所,PB,12,12,2,0
20260803,XSGE,上期所,RB,12,12,7,0
20260803,XSGE,上期所,RU,10,10,3,0
20260803,XSGE,上期所,SN,12,12,3,0
20260803,XSGE,上期所,SP,12,12,8,0
20260803,XSGE,上期所,SS,12,12,3,0
20260803,XSGE,上期所,ZN,12,12,3,0
20260803,XSIE,能源中心,BC,12,12,2,0
20260803,XSIE,能源中心,LU,12,12,3,0
20260803,XSIE,能源中心,NR,12,12,4,0
20260803,XSIE,能源中心,SC,20,20,6,0
20260805,XDCE,大商所,A,6,6,5,0
20260805,XDCE,大商所,B,12,12,5,0
20260805,XDCE,大商所,C,6,6,4,0
20260805,XDCE,大商所,CS,6,6,2,0
20260805,XDCE,大商所,EB,12,12,6,0
20260805,XDCE,大商所,EG,12,12,4,0
20260805,XDCE,大商所,I,12,12,3,0
20260805,XDCE,大商所,J,12,12,2,0
20260805,XDCE,大商所,JM,12,12,3,0
20260805,XDCE,大商所,L,12,12,6,0
20260805,XDCE,大商所,M,8,8,6,0
20260805,XDCE,大商所,P,12,12,5,0
20260805,XDCE,大商所,PG,12,12,5,0
20260805,XDCE,大商所,PP,12,12,7,0
20260805,XDCE,大商所,RR,12,12,0,0
20260805,XDCE,大商所,V,12,12,5,0
20260805,XDCE,大商所,Y,8,8,7,0
20260805,XSGE,上期所,AG,12,12,7,0
20260805,XSGE,上期所,AL,12,12,3,0
20260805,XSGE,上期所,AO,12,12,4,0
20260805,XSGE,上期所,AU,8,8,4,0
20260805,XSGE,上期所,BR,12,12,4,0
20260805,XSGE,上期所,BU,16,16,6,0
20260805,XSGE,上期所,CU,12,12,6,0
20260805,XSGE,上期所,FU,12,12,9,0
20260805,XSGE,上期所,HC,12,12,4,0
20260805,XSGE,上期所,NI,12,12,2,0
20260805,XSGE,上期所,OP,12,12,0,0
20260805,XSGE,上期所,PB,12,12,2,0
20260805,XSGE,上期所,RB,12,12,4,0
20260805,XSGE,上期所,RU,10,10,2,0
20260805,XSGE,上期所,SN,12,12,3,0
20260805,XSGE,上期所,SP,12,12,3,0
20260805,XSGE,上期所,SS,12,12,4,0
20260805,XSGE,上期所,ZN,12,12,2,0
20260805,XSIE,能源中心,BC,12,12,1,0
20260805,XSIE,能源中心,LU,12,12,3,0
20260805,XSIE,能源中心,NR,12,12,4,0
20260805,XSIE,能源中心,SC,20,20,4,0
20260806,XDCE,大商所,A,6,6,4,0
20260806,XDCE,大商所,B,12,12,5,0
20260806,XDCE,大商所,C,6,6,4,0
20260806,XDCE,大商所,CS,6,6,2,0
20260806,XDCE,大商所,EB,12,12,4,0
20260806,XDCE,大商所,EG,12,12,5,0
20260806,XDCE,大商所,I,12,12,4,0
20260806,XDCE,大商所,J,12,12,2,0
20260806,XDCE,大商所,JM,12,12,3,0
20260806,XDCE,大商所,L,12,12,5,0
20260806,XDCE,大商所,M,8,8,6,0
20260806,XDCE,大商所,P,12,12,4,0
20260806,XDCE,大商所,PG,12,12,3,0
20260806,XDCE,大商所,PP,12,12,5,0
20260806,XDCE,大商所,RR,12,12,0,0
20260806,XDCE,大商所,V,12,12,5,0
20260806,XDCE,大商所,Y,8,8,4,0
20260806,XSGE,上期所,AG,12,12,9,0
20260806,XSGE,上期所,AL,12,12,3,0
20260806,XSGE,上期所,AO,12,12,7,0
20260806,XSGE,上期所,AU,8,8,4,0
20260806,XSGE,上期所,BR,12,12,4,0
20260806,XSGE,上期所,BU,16,16,10,0
20260806,XSGE,上期所,CU,12,12,4,0
20260806,XSGE,上期所,FU,12,12,9,0
20260806,XSGE,上期所,HC,12,12,4,0
20260806,XSGE,上期所,NI,12,12,2,0
20260806,XSGE,上期所,OP,12,12,1,0
20260806,XSGE,上期所,PB,12,12,2,0
20260806,XSGE,上期所,RB,12,12,4,0
20260806,XSGE,上期所,RU,10,10,2,0
20260806,XSGE,上期所,SN,12,12,2,0
20260806,XSGE,上期所,SP,12,12,3,0
20260806,XSGE,上期所,SS,12,12,4,0
20260806,XSGE,上期所,ZN,12,12,5,0
20260806,XSIE,能源中心,BC,12,12,2,0
20260806,XSIE,能源中心,LU,12,12,6,0
20260806,XSIE,能源中心,NR,12,12,3,0
20260806,XSIE,能源中心,SC,20,20,4,0
20260807,XDCE,大商所,A,6,6,5,0
20260807,XDCE,大商所,B,12,12,4,0
20260807,XDCE,大商所,C,6,6,4,0
20260807,XDCE,大商所,CS,6,6,2,0
20260807,XDCE,大商所,EB,12,12,5,0
20260807,XDCE,大商所,EG,12,12,5,0
20260807,XDCE,大商所,I,12,12,5,0
20260807,XDCE,大商所,J,12,12,2,0
20260807,XDCE,大商所,JM,12,12,3,0
20260807,XDCE,大商所,L,12,12,4,0
20260807,XDCE,大商所,M,8,8,5,0
20260807,XDCE,大商所,P,12,12,4,0
20260807,XDCE,大商所,PG,12,12,2,0
20260807,XDCE,大商所,PP,12,12,5,0
20260807,XDCE,大商所,RR,12,12,0,0
20260807,XDCE,大商所,V,12,12,6,0
20260807,XDCE,大商所,Y,8,8,4,0
20260807,XSGE,上期所,AG,12,12,7,0
20260807,XSGE,上期所,AL,12,12,5,0
20260807,XSGE,上期所,AO,12,12,4,0
20260807,XSGE,上期所,AU,8,8,2,0
20260807,XSGE,上期所,BR,12,12,5,0
20260807,XSGE,上期所,BU,16,16,7,0
20260807,XSGE,上期所,CU,12,12,6,0
20260807,XSGE,上期所,FU,12,12,7,0
20260807,XSGE,上期所,HC,12,12,4,0
20260807,XSGE,上期所,NI,12,12,3,0
20260807,XSGE,上期所,OP,12,12,1,0
20260807,XSGE,上期所,PB,12,12,3,0
20260807,XSGE,上期所,RB,12,12,3,0
20260807,XSGE,上期所,RU,10,10,3,0
20260807,XSGE,上期所,SN,12,12,3,0
20260807,XSGE,上期所,SP,12,12,3,0
20260807,XSGE,上期所,SS,12,12,4,0
20260807,XSGE,上期所,ZN,12,12,4,0
20260807,XSIE,能源中心,BC,12,12,2,0
20260807,XSIE,能源中心,LU,12,12,3,0
20260807,XSIE,能源中心,NR,12,12,3,0
20260807,XSIE,能源中心,SC,20,20,4,0
20260810,XDCE,大商所,A,6,6,3,0
20260810,XDCE,大商所,B,12,12,4,0
20260810,XDCE,大商所,C,6,6,4,0
20260810,XDCE,大商所,CS,6,6,2,0
20260810,XDCE,大商所,EB,12,12,4,0
20260810,XDCE,大商所,EG,12,12,3,0
20260810,XDCE,大商所,I,12,12,5,0
20260810,XDCE,大商所,J,12,12,2,0
20260810,XDCE,大商所,JM,12,12,4,0
20260810,XDCE,大商所,L,12,12,5,0
20260810,XDCE,大商所,M,8,8,5,0
20260810,XDCE,大商所,P,12,12,2,0
20260810,XDCE,大商所,PG,12,12,2,0
20260810,XDCE,大商所,PP,12,12,5,0
20260810,XDCE,大商所,RR,12,12,0,0
20260810,XDCE,大商所,V,12,12,4,0
20260810,XDCE,大商所,Y,8,8,4,0
20260810,XSGE,上期所,AG,12,12,9,0
20260810,XSGE,上期所,AL,12,12,4,0
20260810,XSGE,上期所,AO,12,12,4,0
20260810,XSGE,上期所,AU,8,8,5,0
20260810,XSGE,上期所,BR,12,12,5,0
20260810,XSGE,上期所,BU,16,16,5,0
20260810,XSGE,上期所,CU,12,12,5,0
20260810,XSGE,上期所,FU,12,12,8,0
20260810,XSGE,上期所,HC,12,12,4,0
20260810,XSGE,上期所,NI,12,12,5,0
20260810,XSGE,上期所,OP,12,12,2,0
20260810,XSGE,上期所,PB,12,12,3,0
20260810,XSGE,上期所,RB,12,12,5,0
20260810,XSGE,上期所,RU,10,10,3,0
20260810,XSGE,上期所,SN,12,12,5,0
20260810,XSGE,上期所,SP,12,12,3,0
20260810,XSGE,上期所,SS,12,12,2,0
20260810,XSGE,上期所,ZN,12,12,5,0
20260810,XSIE,能源中心,BC,12,12,2,0
20260810,XSIE,能源中心,LU,12,12,3,0
20260810,XSIE,能源中心,NR,12,12,5,0
20260810,XSIE,能源中心,SC,20,20,4,0
20260811,XDCE,大商所,A,6,6,5,0
20260811,XDCE,大商所,B,12,12,3,0
20260811,XDCE,大商所,C,6,6,4,0
20260811,XDCE,大商所,CS,6,6,2,0
20260811,XDCE,大商所,EB,12,12,6,0
20260811,XDCE,大商所,EG,12,12,4,0
20260811,XDCE,大商所,I,12,12,5,0
20260811,XDCE,大商所,J,12,12,2,0
20260811,XDCE,大商所,JM,12,12,6,0
20260811,XDCE,大商所,L,12,12,5,0
20260811,XDCE,大商所,M,8,8,4,0
20260811,XDCE,大商所,P,12,12,5,0
20260811,XDCE,大商所,PG,12,12,3,0
20260811,XDCE,大商所,PP,12,12,4,0
20260811,XDCE,大商所,RR,12,12,0,0
20260811,XDCE,大商所,V,12,12,6,0
20260811,XDCE,大商所,Y,8,8,4,0
20260811,XSGE,上期所,AG,12,12,5,0
20260811,XSGE,上期所,AL,12,12,6,0
20260811,XSGE,上期所,AO,12,12,3,0
20260811,XSGE,上期所,AU,8,8,2,0
20260811,XSGE,上期所,BR,12,12,4,0
20260811,XSGE,上期所,BU,16,16,5,0
20260811,XSGE,上期所,CU,12,12,5,0
20260811,XSGE,上期所,FU,12,12,9,0
20260811,XSGE,上期所,HC,12,12,4,0
20260811,XSGE,上期所,NI,12,12,4,0
20260811,XSGE,上期所,OP,12,12,2,0
20260811,XSGE,上期所,PB,12,12,3,0
20260811,XSGE,上期所,RB,12,12,4,0
20260811,XSGE,上期所,RU,10,10,2,0
20260811,XSGE,上期所,SN,12,12,3,0
20260811,XSGE,上期所,SP,12,12,3,0
20260811,XSGE,上期所,SS,12,12,5,0
20260811,XSGE,上期所,ZN,12,12,2,0
20260811,XSIE,能源中心,BC,12,12,2,0
20260811,XSIE,能源中心,LU,12,12,4,0
20260811,XSIE,能源中心,NR,12,12,4,0
20260811,XSIE,能源中心,SC,20,20,6,0
