clearing_day,bad,bars,maxdev,ratio
20100104,808,2260,0.5,0.35752212389380533
20100105,918,2260,0.5,0.4061946902654867
20100106,857,2260,0.500005,0.37920353982300886
20100107,996,2260,0.5,0.4407079646017699
20100108,1055,2260,0.5,0.4668141592920354
20100111,959,2260,0.5,0.4243362831858407
20100112,1007,2260,0.5,0.44557522123893806
20100113,1008,2260,0.5,0.44601769911504424
20100114,931,2260,0.500133,0.4119469026548673
20100115,969,2260,0.5,0.42876106194690267
20100118,857,2260,0.500007,0.37920353982300886
20100119,943,2260,0.5,0.4172566371681416
20100120,940,2260,0.5,0.415929203539823
20100121,910,2260,0.5,0.4026548672566372
20100122,990,2260,0.5,0.43805309734513276
20100125,865,2260,0.500035,0.3827433628318584
20100126,827,2260,0.5,0.365929203539823
20100127,970,2260,0.5,0.42920353982300885
20100128,964,2260,0.5,0.4265486725663717
20100129,932,2260,0.500474,0.41238938053097346
20100201,959,2260,0.5,0.4243362831858407
20100202,805,2260,0.500735,0.3561946902654867
20100203,847,2260,0.500215,0.3747787610619469
20100204,835,2260,0.5,0.3694690265486726
20100205,933,2260,0.5,0.41283185840707964
20100208,752,2260,0.5,0.3327433628318584
20100209,815,2260,0.500074,0.3606194690265487
20100210,737,2260,0.5,0.32610619469026547
20100211,790,2260,0.5,0.3495575221238938
20100212,713,2260,0.5,0.3154867256637168
20100222,814,2260,0.5,0.3601769911504425
20100223,786,2260,0.5,0.347787610619469
20100224,891,2260,0.50002,0.39424778761061946
20100225,964,2260,0.5,0.4265486725663717
20100226,865,2260,0.500102,0.3827433628318584
20100301,920,2260,0.5,0.40707964601769914
20100302,919,2260,0.501455,0.4066371681415929
20100303,902,2260,0.5,0.3991150442477876
20100304,1023,2260,0.500017,0.4526548672566372
20100305,846,2260,0.5,0.3743362831858407
20100308,871,2260,0.5,0.38539823008849555
20100309,771,2260,0.500246,0.3411504424778761
20100310,812,2260,0.5,0.35929203539823007
20100311,952,2260,0.500239,0.42123893805309737
20100312,947,2260,0.5,0.4190265486725664
20100315,945,2260,0.5,0.41814159292035397
20100316,956,2260,0.5,0.4230088495575221
20100317,873,2260,0.500317,0.386283185840708
20100318,933,2260,0.500178,0.41283185840707964
20100319,855,2260,0.500084,0.37831858407079644
20100322,820,2260,0.5,0.36283185840707965
20100323,935,2260,0.5,0.413716814159292
20100324,978,2260,0.5,0.4327433628318584
20100325,1153,2260,0.500523,0.5101769911504425
20100326,995,2260,0.5,0.44026548672566373
20100329,931,2260,0.500022,0.4119469026548673
20100330,938,2260,0.5,0.4150442477876106
20100331,890,2260,0.5,0.3938053097345133
20100401,901,2260,0.50049,0.3986725663716814
20100402,953,2260,0.5,0.42168141592920355
20100406,1119,2260,0.5,0.49513274336283186
20100407,862,2260,0.5,0.38141592920353984
20100408,933,2260,0.5,0.41283185840707964
20100409,865,2260,0.5,0.3827433628318584
20100412,928,2260,0.501098,0.41061946902654867
20100413,937,2260,0.500065,0.41460176991150444
20100414,912,2260,0.500297,0.40353982300884955
20100415,974,2260,0.5,0.43097345132743364
20100416,903,2260,0.500148,0.3995575221238938
20100419,974,2260,0.5,0.43097345132743364
20100420,995,2260,0.5,0.44026548672566373
20100421,932,2260,0.5,0.41238938053097346
20100422,985,2260,0.500026,0.4358407079646018
20100423,967,2260,0.500019,0.42787610619469024
20100426,885,2260,0.500077,0.3915929203539823
20100427,932,2260,0.500011,0.41238938053097346
20100428,932,2260,0.5,0.41238938053097346
20100429,825,2260,0.500053,0.36504424778761063
20100430,1014,2260,0.50007,0.4486725663716814
20100504,835,2260,0.5,0.3694690265486726
20100505,929,2260,0.5,0.41106194690265485
20100506,926,2260,0.502143,0.4097345132743363
20100507,1040,2260,0.500072,0.46017699115044247
20100510,910,2260,0.500004,0.4026548672566372
20100511,808,2260,0.5,0.35752212389380533
20100512,867,2260,0.500307,0.3836283185840708
20100513,808,2260,0.5,0.35752212389380533
20100514,939,2260,0.5,0.4154867256637168
20100517,986,2260,0.503939,0.43628318584070797
20100518,951,2260,0.5,0.4207964601769911
20100519,976,2260,0.5,0.431858407079646
20100520,1004,2260,0.5,0.44424778761061945
20100521,832,2260,0.5,0.368141592920354
20100524,888,2260,0.500002,0.3929203539823009
20100525,962,2260,0.5,0.42566371681415927
20100526,912,2260,0.5,0.40353982300884955
20100527,881,2260,0.5,0.3898230088495575
20100528,850,2260,0.500036,0.37610619469026546
20100531,892,2260,0.5,0.39469026548672564
20100601,790,2260,0.500011,0.3495575221238938
20100602,864,2260,0.5,0.3823008849557522
20100603,875,2260,0.5,0.38716814159292035
20100604,838,2260,0.500765,0.37079646017699114
20100607,726,2260,0.500347,0.32123893805309733
20100608,1098,2260,0.500112,0.48584070796460177
20100609,1033,2260,0.500321,0.4570796460176991
20100610,1088,2260,0.5,0.4814159292035398
20100611,936,2260,0.5,0.41415929203539825
20100617,934,2260,0.5,0.41327433628318583
20100618,943,2260,0.5,0.4172566371681416
20100621,990,2260,0.50006,0.43805309734513276
20100622,943,2260,0.500318,0.4172566371681416
20100623,114,2260,0.5,0.050442477876106194
20100624,922,2260,0.500946,0.4079646017699115
20100625,943,2260,0.5,0.4172566371681416
20100628,1031,2260,0.5,0.4561946902654867
20100629,1103,2260,0.5,0.48805309734513275
20100630,1117,2260,0.500002,0.4942477876106195
20100701,1166,2260,0.500002,0.515929203539823
20100702,1079,2260,0.500212,0.47743362831858405
20100705,1036,2260,0.500229,0.4584070796460177
20100706,1071,2260,0.5,0.4738938053097345
20100707,1104,2260,0.5,0.48849557522123893
20100708,1124,2260,0.500108,0.49734513274336284
20100709,1067,2260,0.500156,0.4721238938053097
20100712,1205,2260,0.500054,0.5331858407079646
20100713,1115,2260,0.500027,0.49336283185840707
20100714,1098,2260,0.5,0.48584070796460177
20100715,1041,2260,0.5,0.46061946902654866
20100716,1032,2260,0.500149,0.45663716814159294
20100719,988,2260,0.5,0.43716814159292033
20100720,1059,2260,0.5,0.4685840707964602
20100721,988,2260,0.5,0.43716814159292033
20100722,1084,2260,0.5,0.479646017699115
20100723,1239,2260,0.500007,0.5482300884955752
20100726,1158,2260,0.5,0.5123893805309735
20100727,1104,2260,0.500223,0.48849557522123893
20100728,1180,2260,0.5,0.5221238938053098
20100729,1222,2260,0.500079,0.54070796460177
20100730,1119,2260,0.500062,0.49513274336283186
20100802,1270,2260,0.5,0.5619469026548672
20100803,1121,2260,0.50001,0.49601769911504423
20100804,1172,2260,0.5,0.5185840707964602
20100805,1191,2260,0.500078,0.5269911504424779
20100806,1131,2260,0.502016,0.5004424778761062
20100809,1099,2260,0.500027,0.48628318584070795
20100810,1099,2260,0.500044,0.48628318584070795
20100811,1099,2260,0.500039,0.48628318584070795
20100812,1089,2260,0.5,0.481858407079646
20100813,1008,2260,0.500123,0.44601769911504424
20100816,1013,2260,0.5,0.4482300884955752
20100817,1208,2260,0.500005,0.5345132743362832
20100818,1078,2260,0.500014,0.47699115044247786
20100819,1082,2260,0.500011,0.47876106194690266
20100820,1085,2260,0.5,0.48008849557522126
20100823,1078,2260,0.500024,0.47699115044247786
20100824,1124,2260,0.500051,0.49734513274336284
20100825,1129,2260,0.5,0.4995575221238938
20100826,1085,2260,0.50002,0.48008849557522126
20100827,1129,2260,0.5,0.4995575221238938
20100830,1138,2260,0.500033,0.5035398230088496
20100831,1096,2260,0.5,0.4849557522123894
20100901,1111,2260,0.5,0.4915929203539823
20100902,1042,2260,0.500047,0.46106194690265484
20100903,1017,2260,0.5,0.45
20100906,1065,2260,0.500097,0.47123893805309736
20100907,998,2260,0.5,0.4415929203539823
20100908,987,2260,0.500114,0.43672566371681415
20100909,1147,2260,0.5,0.5075221238938054
20100910,1074,2260,0.5,0.47522123893805307
20100913,1031,2260,0.5,0.4561946902654867
20100914,958,2260,0.5,0.42389380530973453
20100915,934,2260,0.500011,0.41327433628318583
20100916,978,2260,0.5,0.4327433628318584
20100917,1020,2260,0.500006,0.45132743362831856
20100920,1054,2260,0.500039,0.4663716814159292
20100921,979,2260,0.5,0.4331858407079646
20100927,967,2260,0.500101,0.42787610619469024
20100928,887,2260,0.500038,0.39247787610619467
20100929,966,2260,0.5,0.42743362831858406
20100930,944,2260,0.5,0.4176991150442478
20101008,1055,2260,0.5,0.4668141592920354
20101011,903,2260,0.500043,0.3995575221238938
20101012,1240,2260,0.5,0.5486725663716814
20101013,1211,2260,0.5,0.5358407079646018
20101014,1156,2260,0.5,0.511504424778761
20101015,1065,2260,0.5,0.47123893805309736
20101018,1102,2260,0.5,0.48761061946902656
20101019,1174,2260,0.500081,0.5194690265486726
20101020,1279,2260,0.5,0.565929203539823
20101021,1395,2260,0.500012,0.6172566371681416
20101022,1191,2260,0.500131,0.5269911504424779
20101025,1198,2260,0.500115,0.5300884955752212
20101026,1175,2260,0.500002,0.5199115044247787
20101027,1196,2260,0.501011,0.5292035398230088
20101028,1034,2260,0.5,0.4575221238938053
20101029,1143,2260,0.5,0.5057522123893805
20101101,1045,2260,0.500047,0.46238938053097345
20101102,1089,2260,0.500082,0.481858407079646
20101103,1093,2260,0.500022,0.4836283185840708
20101104,1128,2260,0.500219,0.49911504424778763
20101105,313,2260,0.5,0.13849557522123893
20101108,1237,2260,0.5,0.5473451327433628
20101109,1202,2260,0.5,0.531858407079646
20101110,1130,2260,0.5,0.5
20101111,512,2260,0.507403,0.22654867256637168
20101112,211,2260,0.5,0.09336283185840707
20101115,1059,2260,0.507504,0.4685840707964602
20101116,1123,2260,0.5,0.49690265486725665
20101117,794,2260,0.5,0.3513274336283186
20101118,1065,2260,0.500184,0.47123893805309736
20101119,1013,2260,0.50018,0.4482300884955752
20101122,965,2260,0.500037,0.4269911504424779
20101123,949,2260,0.5,0.41991150442477876
20101124,1104,2260,0.5,0.48849557522123893
20101125,953,2260,0.5,0.42168141592920355
20101126,903,2260,0.5,0.3995575221238938
20101129,915,2260,0.506579,0.40486725663716816
20101130,931,2260,0.500717,0.4119469026548673
20101201,894,2260,0.5,0.39557522123893807
20101202,768,2260,0.500079,0.3398230088495575
20101203,865,2260,0.5,0.3827433628318584
20101206,782,2260,0.5,0.34601769911504426
20101207,744,2260,0.500026,0.3292035398230089
20101208,764,2260,0.500003,0.3380530973451327
20101209,795,2260,0.500094,0.35176991150442477
20101210,747,2260,0.500028,0.3305309734513274
20101213,768,2260,0.500066,0.3398230088495575
20101214,780,2260,0.5,0.34513274336283184
20101215,766,2260,0.500036,0.33893805309734515
20101216,690,2260,0.5,0.3053097345132743
20101217,820,2260,0.5,0.36283185840707965
20101220,283,2260,0.973966,0.1252212389380531
20101221,793,2260,0.5,0.3508849557522124
20101222,859,2260,0.500719,0.38008849557522123
20101223,758,2260,0.5,0.33539823008849556
20101224,702,2260,0.5,0.3106194690265487
20101227,720,2260,0.5,0.3185840707964602
20101228,722,2260,0.5,0.31946902654867254
20101229,697,2260,0.5,0.3084070796460177
20101230,728,2260,0.500705,0.32212389380530976
20101231,696,2260,0.500913,0.30796460176991153
20110104,673,2260,0.500034,0.297787610619469
20110105,772,2260,0.5,0.3415929203539823
20110106,663,2260,0.500066,0.29336283185840706
20110107,770,2260,0.5,0.3407079646017699
20110110,820,2260,0.501425,0.36283185840707965
20110111,720,2260,0.500051,0.3185840707964602
20110112,712,2260,0.5,0.31504424778761064
20110113,743,2260,0.500263,0.32876106194690263
20110114,782,2260,0.5,0.34601769911504426
20110117,675,2260,0.500154,0.29867256637168144
20110118,682,2260,0.5,0.3017699115044248
20110119,742,2260,0.5,0.32831858407079645
20110120,672,2260,0.500064,0.2973451327433628
20110121,693,2260,0.500228,0.3066371681415929
20110124,597,2260,0.5,0.26415929203539823
20110125,690,2260,0.500016,0.3053097345132743
20110126,732,2260,0.5,0.3238938053097345
20110127,654,2260,0.5,0.28938053097345134
20110128,583,2260,0.5,0.2579646017699115
20110131,679,2260,0.5,0.3004424778761062
20110201,576,2260,0.5,0.25486725663716814
20110209,586,2260,0.5,0.2592920353982301
20110210,639,2260,0.5,0.2827433628318584
20110211,688,2260,0.5,0.30442477876106194
20110214,605,2260,0.500269,0.2676991150442478
20110215,626,2260,0.5,0.27699115044247785
20110216,600,2260,0.5,0.26548672566371684
20110217,666,2260,0.5,0.29469026548672567
20110218,807,2260,0.5,0.3570796460176991
20110221,707,2260,0.500148,0.31283185840707967
20110222,824,2260,0.5,0.36460176991150445
20110223,690,2260,0.500067,0.3053097345132743
20110224,730,2260,0.500208,0.3230088495575221
20110225,621,2260,0.5,0.27477876106194693
20110228,700,2260,0.5,0.30973451327433627
20110301,685,2260,0.5,0.3030973451327434
20110302,629,2260,0.5,0.27831858407079646
20110303,722,2260,0.5,0.31946902654867254
20110304,690,2260,0.5,0.3053097345132743
20110307,584,2260,0.5,0.2584070796460177
20110308,661,2260,0.500035,0.2924778761061947
20110309,689,2260,0.5,0.3048672566371681
20110310,631,2260,0.5,0.27920353982300883
20110311,639,2260,0.500034,0.2827433628318584
20110314,709,2260,0.500036,0.31371681415929203
20110315,930,2260,0.5,0.41150442477876104
20110316,839,2260,0.5,0.3712389380530973
20110317,773,2260,0.500323,0.3420353982300885
20110318,734,2260,0.5,0.3247787610619469
20110321,716,2260,0.500268,0.3168141592920354
20110322,738,2260,0.500267,0.32654867256637166
20110323,731,2260,0.50008,0.3234513274336283
20110324,650,2260,0.5,0.28761061946902655
20110325,636,2260,0.5,0.2814159292035398
20110328,711,2260,0.5,0.3146017699115044
20110329,785,2260,0.500024,0.3473451327433628
20110330,687,2260,0.500254,0.30398230088495576
20110331,631,2260,0.5,0.27920353982300883
20110401,661,2260,0.500652,0.2924778761061947
20110406,734,2260,0.5,0.3247787610619469
20110407,604,2260,0.5,0.2672566371681416
20110408,719,2260,0.500062,0.318141592920354
20110411,575,2260,0.502061,0.25442477876106195
20110412,615,2260,0.5,0.2721238938053097
20110413,658,2260,0.5,0.2911504424778761
20110414,647,2260,0.500033,0.28628318584070794
20110415,664,2260,0.500034,0.2938053097345133
20110418,617,2260,0.502971,0.27300884955752214
20110419,720,2260,0.500034,0.3185840707964602
20110420,622,2260,0.500007,0.2752212389380531
20110421,722,2260,0.5,0.31946902654867254
20110422,610,2260,0.500098,0.26991150442477874
20110425,835,2260,0.500066,0.3694690265486726
20110426,682,2260,0.5,0.3017699115044248
20110427,735,2260,0.5,0.3252212389380531
20110428,753,2260,0.5,0.3331858407079646
20110429,728,2260,0.500136,0.32212389380530976
20110503,672,2260,0.500039,0.2973451327433628
20110504,751,2260,0.500187,0.3323008849557522
20110505,815,2260,0.500068,0.3606194690265487
20110506,694,2260,0.5,0.3070796460176991
20110509,714,2260,0.500041,0.315929203539823
20110510,736,2260,0.5,0.3256637168141593
20110511,742,2260,0.5,0.32831858407079645
20110512,755,2260,0.500006,0.334070796460177
20110513,767,2260,0.500053,0.33938053097345133
20110516,778,2260,0.5,0.34424778761061947
20110517,804,2260,0.5,0.35575221238938054
20110518,628,2260,0.500079,0.2778761061946903
20110519,675,2260,0.5,0.29867256637168144
20110520,599,2260,0.500039,0.2650442477876106
20110523,640,2260,0.5,0.2831858407079646
20110524,683,2260,0.5,0.30221238938053097
20110525,659,2260,0.5,0.2915929203539823
20110526,631,2260,0.5,0.27920353982300883
20110527,573,2260,0.5,0.2535398230088496
20110530,709,2260,0.5,0.31371681415929203
20110531,656,2260,0.500012,0.2902654867256637
20110601,624,2260,0.5,0.2761061946902655
20110602,628,2260,0.500086,0.2778761061946903
20110603,622,2260,0.5,0.2752212389380531
20110607,697,2260,0.5,0.3084070796460177
20110608,706,2260,0.5,0.3123893805309734
20110609,648,2260,0.500105,0.2867256637168142
20110610,701,2260,0.500185,0.3101769911504425
20110613,625,2260,0.5,0.27654867256637167
20110614,698,2260,0.5,0.3088495575221239
20110615,737,2260,0.500037,0.32610619469026547
20110616,723,2260,0.500007,0.3199115044247788
20110617,717,2260,0.5,0.3172566371681416
20110620,708,2260,0.5,0.31327433628318585
20110621,788,2260,0.500044,0.3486725663716814
20110622,765,2260,0.5,0.33849557522123896
20110623,787,2260,0.500052,0.34823008849557524
20110624,728,2260,0.5,0.32212389380530976
20110627,766,2260,0.500009,0.33893805309734515
20110628,666,2260,0.5,0.29469026548672567
20110629,653,2260,0.5,0.28893805309734516
20110630,697,2260,0.500031,0.3084070796460177
20110701,720,2260,0.5,0.3185840707964602
20110704,792,2260,0.5,0.3504424778761062
20110705,742,2260,0.500013,0.32831858407079645
20110706,699,2260,0.500036,0.3092920353982301
20110707,695,2260,0.5,0.3075221238938053
20110708,810,2260,0.5,0.3584070796460177
20110711,716,2260,0.5,0.3168141592920354
20110712,825,2260,0.50005,0.36504424778761063
20110713,722,2260,0.500025,0.31946902654867254
20110714,728,2260,0.500024,0.32212389380530976
20110715,825,2260,0.500687,0.36504424778761063
20110718,836,2260,0.5,0.36991150442477877
20110719,785,2260,0.5,0.3473451327433628
20110720,739,2260,0.5,0.3269911504424779
20110721,658,2260,0.5,0.2911504424778761
20110722,681,2260,0.500104,0.3013274336283186
20110725,589,2260,0.5,0.2606194690265487
20110726,686,2260,0.500468,0.3035398230088496
20110727,690,2260,0.500015,0.3053097345132743
20110728,754,2260,0.501287,0.33362831858407077
20110729,751,2260,0.503914,0.3323008849557522
20110801,687,2260,0.50001,0.30398230088495576
20110802,662,2260,0.5,0.2929203539823009
20110803,644,2260,0.5,0.2849557522123894
20110804,591,2260,0.50007,0.26150442477876107
20110805,965,2260,0.50001,0.4269911504424779
20110808,784,2260,0.500646,0.34690265486725663
20110809,906,2260,0.500017,0.4008849557522124
20110810,713,2260,0.500051,0.3154867256637168
20110811,780,2260,0.500081,0.34513274336283184
20110812,705,2260,0.5,0.31194690265486724
20110815,618,2260,0.5,0.2734513274336283
20110816,602,2260,0.500022,0.2663716814159292
20110817,616,2260,0.500134,0.27256637168141595
20110818,617,2260,0.500334,0.27300884955752214
20110819,659,2260,0.5,0.2915929203539823
20110822,693,2260,0.5,0.3066371681415929
20110823,690,2260,0.5,0.3053097345132743
20110824,555,2260,0.5,0.24557522123893805
20110825,582,2260,0.5,0.2575221238938053
20110826,674,2260,0.500415,0.2982300884955752
20110829,537,2260,0.5,0.23761061946902653
20110830,751,2260,0.500024,0.3323008849557522
20110831,599,2260,0.500023,0.2650442477876106
20110901,530,2260,0.5,0.2345132743362832
20110902,560,2260,0.500328,0.24778761061946902
20110905,665,2260,0.5,0.2942477876106195
20110906,670,2260,0.5,0.29646017699115046
20110907,607,2260,0.5,0.2685840707964602
20110908,538,2260,0.5,0.23805309734513275
20110909,593,2260,0.5,0.26238938053097344
20110913,538,2260,0.500015,0.23805309734513275
20110914,642,2260,0.5,0.28407079646017697
20110915,595,2260,0.5,0.26327433628318586
20110916,547,2260,0.5,0.2420353982300885
20110919,672,2260,0.500152,0.2973451327433628
20110920,654,2260,0.5,0.28938053097345134
20110921,697,2260,0.500714,0.3084070796460177
20110922,764,2260,0.5,0.3380530973451327
20110923,720,2260,0.5,0.3185840707964602
20110926,751,2260,0.500043,0.3323008849557522
20110927,755,2260,0.5,0.334070796460177
20110928,738,2260,0.5,0.32654867256637166
20110929,752,2260,0.5,0.3327433628318584
20110930,680,2260,0.500186,0.3008849557522124
20111010,641,2260,0.5,0.2836283185840708
20111011,657,2260,0.500044,0.2907079646017699
20111012,744,2260,0.5,0.3292035398230089
20111013,584,2260,0.5,0.2584070796460177
20111014,590,2260,0.500298,0.2610619469026549
20111017,649,2260,0.5,0.28716814159292037
20111018,624,2260,0.5,0.2761061946902655
20111019,717,2260,0.5,0.3172566371681416
20111020,399,2260,0.5,0.1765486725663717
20111021,734,2260,0.5,0.3247787610619469
20111024,708,2260,0.500028,0.31327433628318585
20111025,690,2260,0.500145,0.3053097345132743
20111026,634,2260,0.5,0.28053097345132744
20111027,584,2260,0.5,0.2584070796460177
20111028,622,2260,0.5,0.2752212389380531
20111031,618,2260,0.5,0.2734513274336283
20111101,678,2260,0.5,0.3
20111102,646,2260,0.5,0.28584070796460176
20111103,580,2260,0.5,0.25663716814159293
20111104,618,2260,0.5,0.2734513274336283
20111107,584,2260,0.500019,0.2584070796460177
20111108,576,2260,0.5,0.25486725663716814
20111109,639,2260,0.5,0.2827433628318584
20111110,391,2260,0.5,0.17300884955752213
20111111,708,2260,0.5,0.31327433628318585
20111114,639,2260,0.500038,0.2827433628318584
20111115,755,2260,0.5,0.334070796460177
20111116,700,2260,0.5,0.30973451327433627
20111117,677,2260,0.5,0.2995575221238938
20111118,635,2260,0.5,0.2809734513274336
20111121,639,2260,0.500197,0.2827433628318584
20111122,619,2260,0.5,0.2738938053097345
20111123,617,2260,0.500933,0.27300884955752214
20111124,603,2260,0.5,0.2668141592920354
20111125,620,2260,0.500019,0.2743362831858407
20111128,626,2260,0.5,0.27699115044247785
20111129,573,2260,0.500032,0.2535398230088496
20111130,549,2260,0.5,0.24292035398230089
20111201,588,2260,0.5,0.26017699115044246
20111202,514,2260,0.5,0.22743362831858407
20111205,478,2260,0.5,0.21150442477876105
20111206,499,2260,0.500065,0.22079646017699114
20111207,584,2260,0.5,0.2584070796460177
20111208,531,2260,0.5,0.23495575221238937
20111209,496,2260,0.500124,0.21946902654867256
20111212,510,2260,0.5,0.22566371681415928
20111213,476,2260,0.5,0.21061946902654868
20111214,500,2260,0.50008,0.22123893805309736
20111215,553,2260,0.5,0.24469026548672565
20111216,471,2260,0.5,0.2084070796460177
20111219,516,2260,0.5,0.22831858407079647
20111220,495,2260,0.5,0.21902654867256638
20111221,395,2260,0.5,0.1747787610619469
20111222,478,2260,0.5,0.21150442477876105
20111223,509,2260,0.5,0.2252212389380531
20111226,405,2260,0.5,0.17920353982300885
20111227,370,2260,0.5,0.16371681415929204
20111228,403,2260,0.5,0.17831858407079645
20111229,417,2260,0.5,0.18451327433628317
20111230,431,2260,0.5,0.19070796460176992
20120104,452,2260,0.500016,0.2
20120105,444,2260,0.5,0.19646017699115045
20120106,366,2260,0.5,0.16194690265486725
20120109,365,2260,0.5,0.16150442477876106
20120110,493,2260,0.500094,0.21814159292035398
20120111,461,2260,0.5,0.20398230088495575
20120112,370,2260,0.500019,0.16371681415929204
20120113,369,2260,0.5,0.16327433628318583
20120116,367,2260,0.5,0.16238938053097346
20120117,387,2260,0.5,0.17123893805309734
20120118,421,2260,0.500155,0.18628318584070797
20120119,335,2260,0.5,0.14823008849557523
20120120,461,2260,0.500009,0.20398230088495575
20120130,363,2260,0.5,0.16061946902654867
20120131,405,2260,0.5,0.17920353982300885
20120201,390,2260,0.5,0.17256637168141592
20120202,402,2260,0.500069,0.17787610619469027
20120203,369,2260,0.5,0.16327433628318583
20120206,424,2260,0.5,0.18761061946902655
20120207,403,2260,0.5,0.17831858407079645
20120208,512,2260,0.500172,0.22654867256637168
20120209,402,2260,0.5,0.17787610619469027
20120210,443,2260,0.5,0.19601769911504424
20120213,332,2260,0.5,0.14690265486725665
20120214,366,2260,0.5,0.16194690265486725
20120215,396,2260,0.5,0.1752212389380531
20120216,452,2260,0.500481,0.2
20120217,425,2260,0.500088,0.18805309734513273
20120220,359,2260,0.5,0.1588495575221239
20120221,432,2260,0.500043,0.1911504424778761
20120222,353,2260,0.500127,0.1561946902654867
20120223,330,2260,0.5,0.14601769911504425
20120224,412,2260,0.500044,0.18230088495575222
20120227,371,2260,0.500475,0.16415929203539822
20120228,362,2260,0.5,0.16017699115044248
20120229,344,2260,0.5,0.15221238938053097
20120301,362,2260,0.5,0.16017699115044248
20120302,323,2260,0.5,0.14292035398230088
20120305,352,2260,0.500017,0.15575221238938053
20120306,358,2260,0.500044,0.1584070796460177
20120307,351,2260,0.5,0.15530973451327434
20120308,319,2260,0.5,0.14115044247787611
20120309,348,2260,0.5,0.15398230088495576
20120312,324,2260,0.5,0.1433628318584071
20120313,338,2260,0.5,0.1495575221238938
20120314,375,2260,0.5,0.16592920353982302
20120315,377,2260,0.5,0.16681415929203539
20120316,366,2260,0.5,0.16194690265486725
20120319,326,2260,0.5,0.14424778761061946
20120320,331,2260,0.5,0.14646017699115044
20120321,323,2260,0.5,0.14292035398230088
20120322,349,2260,0.500004,0.15442477876106195
20120323,296,2260,0.5,0.13097345132743363
20120326,282,2260,0.500027,0.12477876106194691
20120327,291,2260,0.5,0.12876106194690265
20120328,286,2260,0.500009,0.12654867256637167
20120329,356,2260,0.500002,0.15752212389380532
20120330,370,2260,0.501573,0.16371681415929204
20120405,390,2260,0.5,0.17256637168141592
20120406,331,2260,0.500009,0.14646017699115044
20120409,318,2260,0.5,0.1407079646017699
20120410,288,2260,0.500043,0.12743362831858407
20120411,295,2260,0.5,0.13053097345132744
20120412,298,2260,0.5,0.13185840707964602
20120413,285,2260,0.5,0.1261061946902655
20120416,281,2260,0.500017,0.12433628318584071
20120417,267,2260,0.5,0.11814159292035398
20120418,302,2260,0.5,0.1336283185840708
20120419,225,2260,0.5,0.09955752212389381
20120420,197,2260,0.5,0.08716814159292036
20120423,235,2260,0.500424,0.10398230088495575
20120424,251,2260,0.5,0.11106194690265486
20120425,160,2260,0.5,0.07079646017699115
20120426,162,2260,0.500022,0.07168141592920355
20120427,187,2260,0.5,0.0827433628318584
20120502,191,2260,0.5,0.08451327433628318
20120503,150,2260,0.50036,0.06637168141592921
20120504,69,2260,0.5,0.030530973451327433
20120507,81,2260,0.500137,0.03584070796460177
20120508,74,2260,0.500448,0.03274336283185841
20120509,139,2260,0.500004,0.061504424778761065
20120510,105,2260,0.5,0.046460176991150445
20120511,44,2260,0.5,0.019469026548672566
20120514,59,2260,0.5,0.026106194690265486
20120515,88,2260,0.5,0.03893805309734513
20120516,65,2260,0.5,0.028761061946902654
20120517,42,2260,0.50147,0.018584070796460177
20120518,63,2260,0.500404,0.027876106194690265
20120521,38,2260,0.5,0.016814159292035398
20120522,36,2260,0.5,0.01592920353982301
20120523,38,2260,0.5,0.016814159292035398
20120524,38,2260,0.5,0.016814159292035398
20120525,41,2260,0.5,0.018141592920353982
20120528,38,2260,0.5,0.016814159292035398
20120529,76,2260,0.5,0.033628318584070796
20120530,108,2260,0.500087,0.047787610619469026
20120531,31,2260,0.500051,0.013716814159292035
20120601,26,2260,0.5,0.011504424778761062
20120604,17,2260,0.5,0.00752212389380531
20120605,56,2260,0.5,0.024778761061946902
20120606,52,2260,0.500054,0.023008849557522124
20120607,62,2260,0.5,0.02743362831858407
20120608,42,2260,0.500043,0.018584070796460177
20120611,39,2260,0.5,0.017256637168141593
20120612,70,2260,0.5,0.030973451327433628
20120613,43,2260,0.5,0.01902654867256637
20120614,53,2260,0.500011,0.023451327433628318
20120615,56,2260,0.5,0.024778761061946902
20120618,28,2260,0.5,0.012389380530973451
20120619,14,2260,0.5,0.006194690265486726
20120620,40,2260,0.5,0.017699115044247787
20120621,30,2260,0.5,0.01327433628318584
20120625,11,2260,0.5,0.0048672566371681415
20120626,18,2260,0.5,0.007964601769911504
20120627,13,2260,0.5,0.005752212389380531
20120628,3,2260,0.5,0.001327433628318584
20120629,22,2260,0.5,0.009734513274336283
20120702,17,2260,0.5,0.00752212389380531
20120703,35,2260,0.5,0.015486725663716814
20120704,30,2260,0.5,0.01327433628318584
20120705,11,2260,0.5,0.0048672566371681415
20120706,16,2260,0.5,0.007079646017699115
20120709,13,2260,0.5,0.005752212389380531
20120710,23,2260,0.5,0.010176991150442478
20120711,6,2260,0.5,0.002654867256637168
20120712,9,2260,0.5,0.003982300884955752
20120713,8,2260,0.5,0.0035398230088495575
20120716,30,2260,0.5,0.01327433628318584
20120717,0,2260,0.0,0.0
20120718,0,2260,0.0,0.0
20120719,0,2260,0.0,0.0
20120720,0,2260,0.0,0.0
20120723,0,2260,0.003148,0.0
20120724,0,2260,0.0,0.0
20120725,0,2260,0.0,0.0
20120726,0,2260,0.0,0.0
20120727,0,2260,0.0,0.0
20120730,0,2260,0.0,0.0
20120731,0,2260,0.0,0.0
20120801,0,2260,0.0,0.0
20120802,0,2260,0.0,0.0
20120803,0,2260,0.0,0.0
20120806,0,2260,0.0,0.0
20120807,0,2260,0.0,0.0
20120808,0,2260,0.0,0.0
20120809,0,2260,0.0,0.0
20120810,0,2260,0.0,0.0
20120813,0,2260,0.0,0.0
20120814,0,2260,0.0,0.0
20120815,0,2260,0.0,0.0
20120816,0,2260,0.0,0.0
20120817,0,2260,0.0,0.0
20120820,0,2260,0.001777,0.0
20120821,0,2260,0.0,0.0
20120822,0,2260,0.0,0.0
20120823,0,2260,0.0,0.0
20120824,0,2260,0.0,0.0
20120827,0,2260,0.0,0.0
20120828,0,2260,0.0,0.0
20120829,0,2260,0.0,0.0
20120830,0,2260,0.0,0.0
20120831,0,2260,0.0,0.0
20120903,0,2260,0.0,0.0
20120904,0,2260,0.0,0.0
20120905,0,2260,0.0,0.0
20120906,0,2260,0.0,0.0
20120907,0,2260,0.0,0.0
20120910,0,2260,0.0,0.0
20120911,0,2260,0.0,0.0
20120912,0,2260,0.0,0.0
20120913,0,2260,0.0,0.0
20120914,0,2260,0.0,0.0
20120917,0,2260,0.0,0.0
20120918,0,2260,0.0,0.0
20120919,0,2260,0.0,0.0
20120920,0,2260,0.0,0.0
20120921,0,2260,0.001059,0.0
20120924,0,2260,0.0,0.0
20120925,0,2260,0.0,0.0
20120926,0,2260,0.0,0.0
20120927,0,2260,0.0,0.0
20120928,0,2260,0.0,0.0
20121008,0,2260,0.0,0.0
20121009,0,2260,0.0,0.0
20121010,0,2260,0.0,0.0
20121011,0,2260,0.0,0.0
20121012,0,2260,0.0,0.0
20121015,0,2260,0.0,0.0
20121016,0,2260,0.0,0.0
20121017,0,2260,0.001564,0.0
20121018,0,2260,0.0,0.0
20121019,0,2260,0.0,0.0
20121022,0,2260,0.001698,0.0
20121023,0,2260,0.0,0.0
20121024,0,2260,0.0,0.0
20121025,0,2260,0.0,0.0
20121026,0,2260,0.004092,0.0
20121029,0,2260,0.0,0.0
20121030,0,2260,0.0,0.0
20121031,0,2260,0.0,0.0
20121101,0,2260,0.001327,0.0
20121102,0,2260,0.002586,0.0
20121105,0,2260,0.0,0.0
20121106,0,2260,0.0,0.0
20121107,0,2260,0.0,0.0
20121108,0,2260,0.0,0.0
20121109,0,2260,0.0,0.0
20121112,0,2260,0.0,0.0
20121113,0,2260,0.0,0.0
20121114,0,2260,0.0,0.0
20121115,0,2260,0.0,0.0
20121116,0,2260,0.0,0.0
20121119,0,2260,0.0,0.0
20121120,0,2260,0.0,0.0
20121121,0,2260,0.0,0.0
20121122,0,2260,0.0,0.0
20121123,0,2260,0.0,0.0
20121126,0,2260,0.0,0.0
20121127,0,2260,0.0,0.0
20121128,0,2260,0.0,0.0
20121129,0,2260,0.0,0.0
20121130,0,2260,0.0,0.0
20121203,0,2260,0.0,0.0
20121204,0,2260,0.0,0.0
20121205,0,2260,0.0,0.0
20121206,0,2260,0.0,0.0
20121207,0,2260,0.0,0.0
20121210,0,2260,0.0,0.0
20121211,0,2260,0.0,0.0
20121212,0,2260,0.0,0.0
20121213,0,2260,0.0,0.0
20121214,0,2260,0.0,0.0
20121217,0,2260,0.0,0.0
20121218,0,2260,0.0,0.0
20121219,0,2260,0.0,0.0
20121220,0,2260,0.0,0.0
20121221,0,2260,0.0,0.0
20121224,0,2260,0.0,0.0
20121225,0,2260,0.005378,0.0
20121226,0,2260,0.0,0.0
20121227,0,2260,0.0,0.0
20121228,0,2260,0.0,0.0
20121231,0,2260,0.0,0.0
20130104,0,2260,0.0,0.0
20130107,0,2260,0.0,0.0
20130108,0,2260,0.0,0.0
20130109,0,2260,0.0,0.0
20130110,0,2260,0.0,0.0
20130111,0,2260,0.0,0.0
20130114,0,2260,0.0,0.0
20130115,0,2260,0.001164,0.0
20130116,0,2260,0.0,0.0
20130117,0,2260,0.0,0.0
20130118,0,2260,0.0,0.0
20130121,0,2260,0.0,0.0
20130122,0,2260,0.0,0.0
20130123,0,2260,0.0,0.0
20130124,0,2260,0.0,0.0
20130125,0,2260,0.0,0.0
20130128,0,2260,0.0,0.0
20130129,0,2260,0.0,0.0
20130130,0,2260,0.0,0.0
20130131,0,2260,0.0,0.0
20130201,0,2260,0.0,0.0
20130204,0,2260,0.0,0.0
20130205,0,2260,0.0,0.0
20130206,0,2260,0.0,0.0
20130207,0,2260,0.0,0.0
20130208,0,2260,0.0,0.0
20130218,0,2260,0.002385,0.0
20130219,0,2260,0.0,0.0
20130220,0,2260,0.0,0.0
20130221,0,2260,0.0,0.0
20130222,0,2260,0.0,0.0
20130225,0,2260,0.0,0.0
20130226,0,2260,0.0,0.0
20130227,0,2260,0.0,0.0
20130228,0,2260,0.0,0.0
20130301,0,2260,0.0,0.0
20130304,0,2260,0.0,0.0
20130305,0,2260,0.0,0.0
20130306,0,2260,0.0,0.0
20130307,0,2260,0.0,0.0
20130308,0,2260,0.0,0.0
20130311,0,2260,0.0,0.0
20130312,0,2260,0.0,0.0
20130313,0,2260,0.0,0.0
20130314,0,2260,0.0,0.0
20130315,0,2260,0.0,0.0
20130318,0,2260,0.0,0.0
20130319,0,2260,0.0,0.0
20130320,0,2260,0.0,0.0
20130321,0,2260,0.0,0.0
20130322,0,2260,0.0,0.0
20130325,0,2260,0.0,0.0
20130326,0,2260,0.0,0.0
20130327,0,2260,0.0,0.0
20130328,0,2260,0.0,0.0
20130329,0,2260,0.0,0.0
20130401,0,2260,0.0,0.0
20130402,0,2260,0.0,0.0
20130403,0,2260,0.0,0.0
20130408,0,2260,0.0,0.0
20130409,0,2260,0.0,0.0
20130410,0,2260,0.0,0.0
20130411,0,2260,0.0,0.0
20130412,0,2260,0.0,0.0
20130415,0,2260,0.0,0.0
20130416,0,2260,0.0,0.0
20130417,0,2260,0.0,0.0
20130418,0,2260,0.001669,0.0
20130419,0,2260,0.0,0.0
20130422,0,2260,0.0,0.0
20130423,0,2260,0.0,0.0
20130424,0,2260,0.0,0.0
20130425,0,2260,0.0,0.0
20130426,0,2260,0.0,0.0
20130502,0,2260,0.0,0.0
20130503,0,2260,0.0,0.0
20130506,0,2260,0.0,0.0
20130507,0,2260,0.0,0.0
20130508,0,2260,0.0,0.0
20130509,0,2260,0.0,0.0
20130510,0,2260,0.0,0.0
20130513,0,2260,0.0,0.0
20130514,0,2260,0.0,0.0
20130515,0,2260,0.0,0.0
20130516,0,2260,0.0,0.0
20130517,0,2260,0.0,0.0
20130520,0,2260,0.0,0.0
20130521,0,2260,0.0,0.0
20130522,0,2260,0.0,0.0
20130523,0,2260,0.0,0.0
20130524,0,2260,0.0,0.0
20130527,0,2260,0.0,0.0
20130528,0,2260,0.0,0.0
20130529,0,2260,0.0,0.0
20130530,0,2260,0.0,0.0
20130531,0,2260,0.003101,0.0
20130603,0,2260,0.0,0.0
20130604,0,2260,0.0,0.0
20130605,0,2260,0.0,0.0
20130606,0,2260,0.0,0.0
20130607,0,2260,0.0,0.0
20130613,0,2260,0.001259,0.0
20130614,0,2260,0.0,0.0
20130617,0,2260,0.004696,0.0
20130618,0,2260,0.0,0.0
20130619,0,2260,0.001135,0.0
20130620,0,2260,0.0,0.0
20130621,0,2260,0.0,0.0
20130624,0,2260,0.0,0.0
20130625,0,2260,0.0,0.0
20130626,0,2260,0.0,0.0
20130627,0,2260,0.007832,0.0
20130628,0,2260,0.009766,0.0
20130701,0,2260,0.004044,0.0
20130702,0,2260,0.009388,0.0
20130703,0,2260,0.001746,0.0
20130704,0,2260,0.0,0.0
20130705,0,2260,0.0,0.0
20130708,0,2260,0.0,0.0
20130709,0,2260,0.0,0.0
20130710,0,2260,0.0,0.0
20130711,0,2260,0.0,0.0
20130712,0,2260,0.0,0.0
20130715,0,2260,0.0,0.0
20130716,0,2260,0.0,0.0
20130717,0,2260,0.0,0.0
20130718,0,2260,0.0,0.0
20130719,0,2260,0.0,0.0
20130722,0,2260,0.0,0.0
20130723,0,2260,0.0,0.0
20130724,0,2260,0.0,0.0
20130725,0,2260,0.0,0.0
20130726,0,2260,0.0,0.0
20130729,0,2260,0.0,0.0
20130730,0,2260,0.0,0.0
20130731,0,2260,0.0,0.0
20130801,0,2260,0.0,0.0
20130802,0,2260,0.0,0.0
20130805,0,2260,0.0,0.0
20130806,0,2260,0.0,0.0
20130807,0,2260,0.0,0.0
20130808,0,2260,0.0,0.0
20130809,0,2260,0.0,0.0
20130812,0,2260,0.0,0.0
20130813,0,2260,0.0,0.0
20130814,0,2260,0.0,0.0
20130815,0,2260,0.0,0.0
20130816,0,2260,0.0,0.0
20130819,0,2260,0.0,0.0
20130820,0,2260,0.0,0.0
20130821,0,2260,0.0,0.0
20130822,0,2260,0.0,0.0
20130823,0,2260,0.0,0.0
20130826,0,2260,0.0,0.0
20130827,0,2260,0.0,0.0
20130828,0,2260,0.0,0.0
20130829,0,2260,0.0,0.0
20130830,0,2260,0.0,0.0
20130902,0,2260,0.0,0.0
20130903,0,2260,0.0,0.0
20130904,0,2260,0.0,0.0
20130905,0,2260,0.0,0.0
20130906,0,2260,0.0,0.0
20130909,0,2260,0.0,0.0
20130910,0,2260,0.0,0.0
20130911,0,2260,0.0,0.0
20130912,0,2260,0.0,0.0
20130913,0,2260,0.0,0.0
20130916,0,2260,0.0,0.0
20130917,0,2260,0.0,0.0
20130918,0,2260,0.001826,0.0
20130923,0,2260,0.0,0.0
20130924,0,2260,0.0,0.0
20130925,0,2260,0.0,0.0
20130926,0,2260,0.0,0.0
20130927,0,2260,0.0,0.0
20130930,0,2260,0.0,0.0
20131008,0,2260,0.0,0.0
20131009,0,2260,0.0,0.0
20131010,0,2260,0.0,0.0
20131011,0,2260,0.0,0.0
20131014,0,2260,0.0,0.0
20131015,0,2260,0.0,0.0
20131016,0,2260,0.0,0.0
20131017,0,2260,0.0,0.0
20131018,0,2260,0.0,0.0
20131021,0,2260,0.0,0.0
20131022,0,2260,0.0,0.0
20131023,0,2260,0.0,0.0
20131024,0,2260,0.0,0.0
20131025,0,2260,0.0,0.0
20131028,0,2260,0.0,0.0
20131029,0,2260,0.0,0.0
20131030,0,2260,0.0,0.0
20131031,0,2260,0.0,0.0
20131101,0,2260,0.0,0.0
20131104,0,2260,0.0,0.0
20131105,0,2260,0.0,0.0
20131106,0,2260,0.0,0.0
20131107,0,2260,0.0,0.0
20131108,0,2260,0.0,0.0
20131111,0,2260,0.0,0.0
20131112,0,2260,0.0,0.0
20131113,0,2260,0.0,0.0
20131114,0,2260,0.0,0.0
20131115,0,2260,0.0,0.0
20131118,0,2260,0.0,0.0
20131119,0,2260,0.0,0.0
20131120,0,2260,0.0,0.0
20131121,0,2260,0.00115,0.0
20131122,0,2260,0.0,0.0
20131125,0,2260,0.0,0.0
20131126,0,2260,0.0,0.0
20131127,0,2260,0.0,0.0
20131128,0,2260,0.0,0.0
20131129,0,2260,0.0,0.0
20131202,0,2260,0.0,0.0
20131203,0,2260,0.0,0.0
20131204,0,2260,0.0,0.0
20131205,0,2260,0.0,0.0
20131206,0,2260,0.0,0.0
20131209,0,2260,0.0,0.0
20131210,0,2260,0.0,0.0
20131211,0,2260,0.0,0.0
20131212,0,2260,0.0,0.0
20131213,0,2260,0.0,0.0
20131216,0,2260,0.0,0.0
20131217,0,2260,0.0,0.0
20131218,0,2260,0.0,0.0
20131219,0,2260,0.0,0.0
20131220,0,2260,0.0,0.0
20131223,0,2260,0.0,0.0
20131224,0,2260,0.0,0.0
20131225,0,2260,0.0,0.0
20131226,0,2260,0.0,0.0
20131227,0,2260,0.0,0.0
20131230,0,2260,0.0,0.0
20131231,0,2260,0.0,0.0
20140102,0,2260,0.001386,0.0
20140103,0,2260,0.0,0.0
20140106,0,2260,0.0,0.0
20140107,0,2260,0.0,0.0
20140108,0,2260,0.003688,0.0
20140109,0,2260,0.0,0.0
20140110,0,2260,0.0,0.0
20140113,0,2260,0.0,0.0
20140114,0,2260,0.001656,0.0
20140115,0,2260,0.0,0.0
20140116,0,2260,0.0,0.0
20140117,0,2260,0.0,0.0
20140120,0,2260,0.0,0.0
20140121,0,2260,0.0,0.0
20140122,0,2260,0.0,0.0
20140123,0,2260,0.0,0.0
20140124,0,2260,0.0,0.0
20140127,0,2260,0.0,0.0
20140128,0,2260,0.0,0.0
20140129,0,2260,0.0,0.0
20140130,0,2260,0.0,0.0
20140207,0,2260,0.0,0.0
20140210,0,2260,0.0,0.0
20140211,0,2260,0.0,0.0
20140212,0,2260,0.0,0.0
20140213,0,2260,0.0,0.0
20140214,0,2260,0.0,0.0
20140217,0,2260,0.0,0.0
20140218,0,2260,0.0,0.0
20140219,0,2260,0.0,0.0
20140220,0,2260,0.0,0.0
20140221,0,2260,0.0,0.0
20140224,0,2260,0.0,0.0
20140225,0,2260,0.0,0.0
20140226,0,2260,0.0,0.0
20140227,0,2260,0.0,0.0
20140228,0,2260,0.0,0.0
20140303,0,2260,0.0,0.0
20140304,0,2260,0.0,0.0
20140305,0,2260,0.0,0.0
20140306,0,2260,0.0,0.0
20140307,0,2260,0.0,0.0
20140310,0,2260,0.0,0.0
20140311,0,2260,0.0,0.0
20140312,1,2260,0.017428,0.0004424778761061947
20140313,0,2260,0.0,0.0
20140314,0,2260,0.0,0.0
20140317,0,2260,0.0,0.0
20140318,0,2260,0.0,0.0
20140319,0,2260,0.0,0.0
20140320,0,2260,0.0,0.0
20140321,0,2260,0.0,0.0
20140324,0,2260,0.0,0.0
20140325,0,2260,0.001283,0.0
20140326,0,2260,0.0,0.0
20140327,0,2260,0.0,0.0
20140328,0,2260,0.0,0.0
20140331,0,2260,0.0,0.0
20140401,0,2260,0.0,0.0
20140402,0,2260,0.0,0.0
20140403,0,2260,0.0,0.0
20140404,0,2260,0.0,0.0
20140408,0,2260,0.0,0.0
20140409,0,2260,0.0,0.0
20140410,0,2260,0.0,0.0
20140411,0,2260,0.0,0.0
20140414,0,2260,0.0,0.0
20140415,0,2260,0.0,0.0
20140416,0,2260,0.0,0.0
20140417,0,2260,0.0,0.0
20140418,0,2260,0.0,0.0
20140421,0,2260,0.0,0.0
20140422,0,2260,0.0,0.0
20140423,0,2260,0.0,0.0
20140424,0,2260,0.0,0.0
20140425,0,2260,0.0,0.0
20140428,0,2260,0.0,0.0
20140429,0,2260,0.0,0.0
20140430,0,2260,0.0,0.0
20140505,0,2260,0.0,0.0
20140506,0,2260,0.0,0.0
20140507,0,2260,0.0,0.0
20140508,0,2260,0.0,0.0
20140509,0,2260,0.0,0.0
20140512,0,2260,0.0,0.0
20140513,0,2260,0.0,0.0
20140514,0,2260,0.0,0.0
20140515,0,2260,0.0,0.0
20140516,0,2260,0.0,0.0
20140519,0,2260,0.0,0.0
20140520,0,2260,0.0,0.0
20140521,0,2260,0.0,0.0
20140522,0,2260,0.0,0.0
20140523,0,2260,0.0,0.0
20140526,0,2260,0.0,0.0
20140527,0,2260,0.0,0.0
20140528,0,2260,0.0,0.0
20140529,0,2260,0.0,0.0
20140530,0,2260,0.0,0.0
20140603,0,2260,0.0,0.0
20140604,0,2260,0.0,0.0
20140605,0,2260,0.0,0.0
20140606,0,2260,0.0,0.0
20140609,0,2260,0.0,0.0
20140610,0,2260,0.0,0.0
20140611,0,2260,0.0,0.0
20140612,0,2260,0.0,0.0
20140613,0,2260,0.0,0.0
20140616,0,2260,0.0,0.0
20140617,0,2260,0.0,0.0
20140618,0,2260,0.0,0.0
20140619,0,2260,0.0,0.0
20140620,0,2260,0.0,0.0
20140623,0,2260,0.0,0.0
20140624,0,2260,0.0,0.0
20140625,0,2260,0.0,0.0
20140626,0,2260,0.0,0.0
20140627,0,2260,0.0,0.0
20140630,0,2260,0.0,0.0
20140701,0,2260,0.0,0.0
20140702,0,2260,0.0,0.0
20140703,0,2260,0.0,0.0
20140704,0,2260,0.0,0.0
20140707,0,2260,0.0,0.0
20140708,0,2260,0.0,0.0
20140709,0,2260,0.0,0.0
20140710,0,2260,0.0,0.0
20140711,0,2260,0.0,0.0
20140714,0,2260,0.0,0.0
20140715,0,2260,0.0,0.0
20140716,0,2260,0.0,0.0
20140717,0,2260,0.0,0.0
20140718,0,2260,0.0,0.0
20140721,0,2260,0.0,0.0
20140722,0,2260,0.0,0.0
20140723,0,2260,0.0,0.0
20140724,0,2260,0.0,0.0
20140725,0,2260,0.0,0.0
20140728,0,2260,0.0,0.0
20140729,0,2260,0.0,0.0
20140730,0,2260,0.0,0.0
20140731,0,2260,0.0,0.0
20140801,0,2260,0.0,0.0
20140804,0,2260,0.0,0.0
20140805,0,2260,0.0,0.0
20140806,0,2260,0.0,0.0
20140807,0,2260,0.0,0.0
20140808,0,2260,0.0,0.0
20140811,0,2260,0.0,0.0
20140812,0,2260,0.0,0.0
20140813,0,2260,0.0,0.0
20140814,0,2260,0.0,0.0
20140815,0,2260,0.0,0.0
20140818,0,2260,0.0,0.0
20140819,0,2260,0.0,0.0
20140820,0,2260,0.0,0.0
20140821,0,2260,0.0,0.0
20140822,0,2260,0.0,0.0
20140825,0,2260,0.0,0.0
20140826,0,2260,0.0,0.0
20140827,0,2260,0.0,0.0
20140828,0,2260,0.0,0.0
20140829,0,2260,0.0,0.0
20140901,0,2260,0.0,0.0
20140902,0,2260,0.0,0.0
20140903,0,2260,0.0,0.0
20140904,0,2260,0.0,0.0
20140905,0,2260,0.0,0.0
20140909,0,2260,0.0,0.0
20140910,0,2260,0.0,0.0
20140911,0,2260,0.0,0.0
20140912,0,2260,0.0,0.0
20140915,0,2260,0.0,0.0
20140916,0,2260,0.0,0.0
20140917,0,2260,0.0,0.0
20140918,0,2260,0.0,0.0
20140919,0,2260,0.0,0.0
20140922,0,2260,0.0,0.0
20140923,0,2260,0.0,0.0
20140924,0,2260,0.0,0.0
20140925,0,2260,0.0,0.0
20140926,0,2260,0.0,0.0
20140929,0,2260,0.0,0.0
20140930,0,2260,0.0,0.0
20141008,0,2260,0.0,0.0
20141009,0,2260,0.0,0.0
20141010,0,2260,0.0,0.0
20141013,0,2260,0.0,0.0
20141014,0,2260,0.003017,0.0
20141015,0,2260,0.0,0.0
20141016,0,2260,0.0,0.0
20141017,0,2260,0.0,0.0
20141020,0,2260,0.0,0.0
20141021,0,2260,0.0,0.0
20141022,0,2260,0.0,0.0
20141023,0,2260,0.0,0.0
20141024,0,2260,0.0,0.0
20141027,0,2260,0.0,0.0
20141028,0,2260,0.0,0.0
20141029,0,2260,0.0,0.0
20141030,0,2260,0.0,0.0
20141031,0,2260,0.0,0.0
20141103,0,2260,0.0,0.0
20141104,0,2260,0.00109,0.0
20141105,0,2260,0.0,0.0
20141106,0,2260,0.0,0.0
20141107,0,2260,0.0,0.0
20141110,0,2260,0.0,0.0
20141111,0,2260,0.0,0.0
20141112,0,2260,0.0,0.0
20141113,0,2260,0.0,0.0
20141114,0,2260,0.0,0.0
20141117,0,2260,0.00236,0.0
20141118,0,2260,0.0,0.0
20141119,0,2260,0.0,0.0
20141120,0,2260,0.0,0.0
20141121,0,2260,0.0,0.0
20141124,0,2260,0.0,0.0
20141125,0,2260,0.0,0.0
20141126,0,2260,0.0,0.0
20141127,0,2260,0.0,0.0
20141128,0,2260,0.0,0.0
20141201,0,2260,0.0,0.0
20141202,0,2260,0.0,0.0
20141203,0,2260,0.0,0.0
20141204,0,2260,0.0,0.0
20141205,0,2260,0.0,0.0
20141208,0,2260,0.0,0.0
20141209,0,2260,0.0,0.0
20141210,0,2260,0.0,0.0
20141211,0,2260,0.0,0.0
20141212,0,2260,0.0,0.0
20141215,0,2260,0.0,0.0
20141216,0,2260,0.0,0.0
20141217,0,2260,0.0,0.0
20141218,0,2260,0.0,0.0
20141219,0,2260,0.0,0.0
20141222,0,2260,0.0,0.0
20141223,0,2260,0.0,0.0
20141224,0,2260,0.0,0.0
20141225,0,2260,0.0,0.0
20141226,0,2260,0.0,0.0
20141229,0,3460,0.0,0.0
20141230,0,3460,0.0,0.0
20141231,0,3460,0.0,0.0
20150105,0,2260,0.0,0.0
20150106,0,3460,0.003269,0.0
20150107,0,3460,0.0,0.0
20150108,0,3460,0.0,0.0
20150109,0,3460,0.0,0.0
20150112,0,3460,0.0,0.0
20150113,0,3460,0.00225,0.0
20150114,0,3460,0.0,0.0
20150115,0,3460,0.0,0.0
20150116,0,3460,0.0,0.0
20150119,0,3460,0.0,0.0
20150120,0,3460,0.007315,0.0
20150121,0,3460,0.0,0.0
20150122,0,3460,0.003605,0.0
20150123,0,3460,0.0,0.0
20150126,0,3460,0.0,0.0
20150127,0,3460,0.0,0.0
20150128,0,3460,0.0,0.0
20150129,0,3460,0.0,0.0
20150130,0,3460,0.0,0.0
20150202,0,3460,0.0,0.0
20150203,0,3460,0.0,0.0
20150204,0,3460,0.0,0.0
20150205,0,3460,0.0,0.0
20150206,0,3460,0.0,0.0
20150209,0,3460,0.0,0.0
20150210,0,3460,0.001083,0.0
20150211,0,3460,0.0,0.0
20150212,0,3460,0.005684,0.0
20150213,0,3460,0.0,0.0
20150216,0,3460,0.0,0.0
20150217,0,3460,0.0,0.0
20150225,0,2260,0.0,0.0
20150226,0,3460,0.0,0.0
20150227,0,3460,0.0,0.0
20150302,0,3460,0.0,0.0
20150303,0,3460,0.0,0.0
20150304,0,3460,0.0,0.0
20150305,0,3460,0.0,0.0
20150306,0,3460,0.0,0.0
20150309,0,3460,0.0,0.0
20150310,0,3460,0.0,0.0
20150311,0,3460,0.002224,0.0
20150312,0,3460,0.0,0.0
20150313,0,3460,0.0,0.0
20150316,0,3460,0.0,0.0
20150317,0,3460,0.0,0.0
20150318,0,3460,0.0,0.0
20150319,0,3460,0.0,0.0
20150320,0,3460,0.0,0.0
20150323,0,3460,0.0,0.0
20150324,0,3460,0.0,0.0
20150325,0,3460,0.0,0.0
20150326,0,3460,0.0,0.0
20150327,0,3460,0.0,0.0
20150330,0,3460,0.0,0.0
20150331,0,3460,0.0,0.0
20150401,0,3460,0.0,0.0
20150402,0,3460,0.0,0.0
20150403,0,3460,0.0,0.0
20150407,0,2260,0.0,0.0
20150408,0,3460,0.0,0.0
20150409,0,3460,0.0,0.0
20150410,0,3460,0.0,0.0
20150413,0,3460,0.0,0.0
20150414,0,3460,0.0,0.0
20150415,0,3460,0.0,0.0
20150416,0,3460,0.0,0.0
20150417,0,3460,0.0,0.0
20150420,0,3460,0.0,0.0
20150421,0,3460,0.0,0.0
20150422,0,3460,0.0,0.0
20150423,0,3460,0.0,0.0
20150424,0,3460,0.0,0.0
20150427,0,3460,0.0,0.0
20150428,0,3460,0.0,0.0
20150429,0,3460,0.001233,0.0
20150430,0,3460,0.0,0.0
20150504,0,2260,0.0,0.0
20150505,0,3460,0.0,0.0
20150506,0,3460,0.0,0.0
20150507,0,3460,0.001015,0.0
20150508,0,3460,0.0,0.0
20150511,0,3460,0.0,0.0
20150512,0,3460,0.0,0.0
20150513,0,3460,0.0,0.0
20150514,0,3460,0.0,0.0
20150515,0,3460,0.0,0.0
20150518,0,3460,0.007456,0.0
20150519,0,3460,0.0,0.0
20150520,0,3460,0.0,0.0
20150521,0,3460,0.0,0.0
20150522,0,3460,0.0,0.0
20150525,0,3460,0.0,0.0
20150526,0,3460,0.0,0.0
20150527,0,3460,0.0,0.0
20150528,0,3460,0.0,0.0
20150529,0,3460,0.0,0.0
20150601,0,3460,0.0,0.0
20150602,0,3460,0.0,0.0
20150603,0,3460,0.0,0.0
20150604,0,3460,0.0,0.0
20150605,0,3460,0.0,0.0
20150608,0,3460,0.0,0.0
20150609,0,3460,0.0,0.0
20150610,0,3460,0.0,0.0
20150611,0,3460,0.0,0.0
20150612,0,3460,0.0,0.0
20150615,0,3460,0.0,0.0
20150616,0,3460,0.0,0.0
20150617,0,3460,0.0,0.0
20150618,0,3460,0.0,0.0
20150619,0,3460,0.0,0.0
20150623,0,2260,0.0,0.0
20150624,0,3460,0.0,0.0
20150625,0,3460,0.0,0.0
20150626,0,3460,0.001289,0.0
20150629,0,3460,0.0,0.0
20150630,0,3460,0.0,0.0
20150701,0,3460,0.0,0.0
20150702,0,3460,0.0,0.0
20150703,0,3460,0.001524,0.0
20150706,0,3460,0.0,0.0
20150707,0,3460,0.0,0.0
20150708,0,3460,0.0,0.0
20150709,0,3460,0.0,0.0
20150710,0,3460,0.0,0.0
20150713,0,3460,0.007554,0.0
20150714,0,3460,0.0,0.0
20150715,0,3460,0.0,0.0
20150716,0,3460,0.0,0.0
20150717,0,3460,0.0,0.0
20150720,0,3460,0.0,0.0
20150721,0,3460,0.0,0.0
20150722,0,3460,0.0,0.0
20150723,0,3460,0.0,0.0
20150724,0,3460,0.0,0.0
20150727,0,3460,0.0,0.0
20150728,0,3460,0.0,0.0
20150729,0,3460,0.0,0.0
20150730,0,3460,0.0,0.0
20150731,0,3460,0.0,0.0
20150803,0,3460,0.0,0.0
20150804,0,3460,0.0,0.0
20150805,0,3460,0.0,0.0
20150806,0,3460,0.0,0.0
20150807,0,3460,0.0,0.0
20150810,0,3460,0.00102,0.0
20150811,0,3460,0.0,0.0
20150812,0,3460,0.0,0.0
20150813,0,3460,0.0,0.0
20150814,0,3460,0.0,0.0
20150817,0,3460,0.0,0.0
20150818,0,3460,0.0,0.0
20150819,0,3460,0.0,0.0
20150820,0,3460,0.0,0.0
20150821,0,3460,0.0,0.0
20150824,0,3460,0.0,0.0
20150825,0,3460,0.0,0.0
20150826,0,3460,0.0,0.0
20150827,0,3460,0.0,0.0
20150828,0,3460,0.0,0.0
20150831,0,3460,0.0,0.0
20150901,0,3460,0.0,0.0
20150902,0,3460,0.0,0.0
20150907,0,2260,0.0,0.0
20150908,0,3460,0.0,0.0
20150909,0,3460,0.0,0.0
20150910,0,3460,0.0,0.0
20150911,0,3460,0.0,0.0
20150914,0,3460,0.0,0.0
20150915,0,3460,0.0,0.0
20150916,0,3460,0.0,0.0
20150917,0,3460,0.001242,0.0
20150918,0,3460,0.0,0.0
20150921,0,3460,0.0,0.0
20150922,0,3460,0.0,0.0
20150923,0,3460,0.0,0.0
20150924,0,3460,0.0,0.0
20150925,0,3460,0.0,0.0
20150928,0,3460,0.0,0.0
20150929,0,3460,0.0,0.0
20150930,0,3460,0.00168,0.0
20151008,0,2260,0.0,0.0
20151009,0,3460,0.0,0.0
20151012,0,3460,0.0,0.0
20151013,0,3460,0.0,0.0
20151014,0,3460,0.0,0.0
20151015,0,3460,0.0,0.0
20151016,0,3460,0.0,0.0
20151019,0,3460,0.0,0.0
20151020,0,3460,0.0,0.0
20151021,0,3460,0.0,0.0
20151022,0,3460,0.0,0.0
20151023,0,3460,0.0,0.0
20151026,0,3460,0.0,0.0
20151027,0,3460,0.0,0.0
20151028,0,3460,0.0,0.0
20151029,0,3460,0.0,0.0
20151030,0,3460,0.0,0.0
20151102,0,3460,0.0,0.0
20151103,0,3460,0.0,0.0
20151104,0,3460,0.0,0.0
20151105,0,3460,0.001001,0.0
20151106,0,3460,0.0,0.0
20151109,0,3460,0.0,0.0
20151110,0,3460,0.0,0.0
20151111,0,3460,0.0,0.0
20151112,0,3460,0.0,0.0
20151113,0,3460,0.0,0.0
20151116,0,3460,0.0,0.0
20151117,0,3460,0.0,0.0
20151118,0,3460,0.0,0.0
20151119,0,3460,0.0,0.0
20151120,0,3460,0.0,0.0
20151123,0,3460,0.0,0.0
20151124,0,3460,0.0,0.0
20151125,0,3460,0.0,0.0
20151126,0,3460,0.0,0.0
20151127,0,3460,0.0,0.0
20151130,0,3460,0.0,0.0
20151201,0,3460,0.0,0.0
20151202,0,3460,0.0,0.0
20151203,0,3460,0.0,0.0
20151204,0,3460,0.0,0.0
20151207,0,3460,0.0,0.0
20151208,0,3460,0.0,0.0
20151209,0,3460,0.0,0.0
20151210,0,3460,0.0,0.0
20151211,0,3460,0.0,0.0
20151214,0,3460,0.0,0.0
20151215,1,3460,0.010342,0.00028901734104046245
20151216,0,3460,0.0,0.0
20151217,0,3460,0.0,0.0
20151218,0,3460,0.0,0.0
20151221,0,3460,0.0,0.0
20151222,0,3460,0.0,0.0
20151223,0,3460,0.0,0.0
20151224,0,3460,0.0,0.0
20151225,0,3460,0.0,0.0
20151228,0,3460,0.0,0.0
20151229,0,3460,0.0,0.0
20151230,0,3460,0.0,0.0
20151231,0,3460,0.0,0.0
20160104,0,2260,0.0,0.0
20160105,0,3460,0.0,0.0
20160106,0,3460,0.0,0.0
20160107,0,3460,0.001241,0.0
20160108,0,3460,0.0,0.0
20160111,0,3460,0.0,0.0
20160112,0,3460,0.0,0.0
20160113,0,3460,0.0,0.0
20160114,0,3460,0.0,0.0
20160115,0,3460,0.0,0.0
20160118,0,3460,0.0,0.0
20160119,0,3460,0.0,0.0
20160120,0,3460,0.005952,0.0
20160121,0,3460,0.0,0.0
20160122,0,3460,0.0,0.0
20160125,0,3460,0.001206,0.0
20160126,0,3460,0.0,0.0
20160127,0,3460,0.0,0.0
20160128,0,3460,0.0,0.0
20160129,0,3460,0.0,0.0
20160201,0,3460,0.001334,0.0
20160202,0,3460,0.003577,0.0
20160203,0,3460,0.0,0.0
20160204,0,3460,0.0,0.0
20160205,0,3460,0.0,0.0
20160215,0,2260,0.0,0.0
20160216,0,3460,0.0,0.0
20160217,0,3460,0.0,0.0
20160218,0,3460,0.0,0.0
20160219,0,3460,0.0,0.0
20160222,0,3460,0.0,0.0
20160223,0,3460,0.002413,0.0
20160224,0,3460,0.002183,0.0
20160225,0,3460,0.0,0.0
20160226,0,3460,0.0,0.0
20160229,0,3460,0.0,0.0
20160301,0,3460,0.0,0.0
20160302,0,3460,0.0,0.0
20160303,0,3460,0.0,0.0
20160304,0,3460,0.0,0.0
20160307,0,3460,0.0,0.0
20160308,0,3460,0.0,0.0
20160309,0,3460,0.004721,0.0
20160310,0,3460,0.0,0.0
20160311,0,3460,0.0,0.0
20160314,0,3460,0.0,0.0
20160315,0,3460,0.0,0.0
20160316,0,3460,0.0,0.0
20160317,0,3460,0.0,0.0
20160318,0,3460,0.0,0.0
20160321,0,3460,0.0,0.0
20160322,0,3460,0.0,0.0
20160323,0,3460,0.0,0.0
20160324,0,3460,0.0,0.0
20160325,0,3460,0.0,0.0
20160328,0,3460,0.0,0.0
20160329,0,3460,0.0,0.0
20160330,0,3460,0.0,0.0
20160331,0,3460,0.0,0.0
20160401,0,3460,0.0,0.0
20160405,0,2260,0.0,0.0
20160406,0,3460,0.0,0.0
20160407,0,3460,0.001627,0.0
20160408,0,3460,0.0,0.0
20160411,0,3460,0.0,0.0
20160412,0,3460,0.0,0.0
20160413,0,3460,0.003862,0.0
20160414,0,3460,0.0,0.0
20160415,0,3460,0.0,0.0
20160418,0,3460,0.0,0.0
20160419,0,3460,0.0,0.0
20160420,0,3460,0.0,0.0
20160421,0,3460,0.0,0.0
20160422,0,3460,0.0,0.0
20160425,0,3460,0.0,0.0
20160426,0,3460,0.0,0.0
20160427,0,3460,0.0,0.0
20160428,0,3460,0.0,0.0
20160429,0,3460,0.0,0.0
20160503,0,2260,0.0,0.0
20160504,0,3460,0.0,0.0
20160505,0,3460,0.0,0.0
20160506,0,3460,0.001069,0.0
20160509,0,3460,0.0,0.0
20160510,0,3460,0.0,0.0
20160511,0,3460,0.0,0.0
20160512,0,3460,0.0,0.0
20160513,0,3460,0.0,0.0
20160516,0,3460,0.0,0.0
20160517,0,3460,0.0,0.0
20160518,0,3460,0.0,0.0
20160519,0,3460,0.0,0.0
20160520,0,3460,0.0,0.0
20160523,0,3460,0.0,0.0
20160524,0,3460,0.0,0.0
20160525,0,3460,0.0,0.0
20160526,0,3460,0.0,0.0
20160527,0,3460,0.0,0.0
20160530,0,3460,0.0,0.0
20160531,0,3460,0.0,0.0
20160601,0,3460,0.0,0.0
20160602,0,3460,0.0,0.0
20160603,0,3460,0.0,0.0
20160606,0,3460,0.0,0.0
20160607,0,3460,0.0,0.0
20160608,0,3460,0.0,0.0
20160613,0,2260,0.0,0.0
20160614,0,3460,0.0,0.0
20160615,0,3460,0.0,0.0
20160616,0,3460,0.0,0.0
20160617,0,3460,0.0,0.0
20160620,0,3460,0.0,0.0
20160621,0,3460,0.0,0.0
20160622,0,3460,0.0,0.0
20160623,0,3460,0.0,0.0
20160624,0,3460,0.0,0.0
20160627,0,3460,0.0,0.0
20160628,0,3460,0.0,0.0
20160629,0,3460,0.0,0.0
20160630,0,3460,0.0,0.0
20160701,0,3460,0.0,0.0
20160704,0,3460,0.0,0.0
20160705,0,3460,0.00256,0.0
20160706,0,3460,0.0,0.0
20160707,0,3460,0.0,0.0
20160708,0,3460,0.0,0.0
20160711,0,3460,0.0,0.0
20160712,1,3460,0.035317,0.00028901734104046245
20160713,0,3460,0.0,0.0
20160714,0,3460,0.0,0.0
20160715,0,3460,0.0,0.0
20160718,0,3460,0.0,0.0
20160719,0,3460,0.0,0.0
20160720,0,3460,0.0,0.0
20160721,0,3460,0.0,0.0
20160722,0,3460,0.0,0.0
20160725,0,3460,0.0,0.0
20160726,0,3460,0.0,0.0
20160727,0,3460,0.0,0.0
20160728,0,3460,0.0,0.0
20160729,0,3460,0.0,0.0
20160801,0,3460,0.0,0.0
20160802,0,3460,0.0,0.0
20160803,0,3460,0.0,0.0
20160804,0,3460,0.0,0.0
20160805,0,3460,0.0,0.0
20160808,0,3460,0.0,0.0
20160809,0,3460,0.0,0.0
20160810,0,3460,0.0,0.0
20160811,0,3460,0.0,0.0
20160812,0,3460,0.0,0.0
20160815,0,3460,0.0,0.0
20160816,0,3460,0.0,0.0
20160817,0,3460,0.0,0.0
20160818,0,3460,0.0,0.0
20160819,0,3460,0.0,0.0
20160822,0,3460,0.0,0.0
20160823,0,3460,0.0,0.0
20160824,0,3460,0.0,0.0
20160825,0,3460,0.0,0.0
20160826,0,3460,0.0,0.0
20160829,0,3460,0.0,0.0
20160830,0,3460,0.0,0.0
20160831,0,3460,0.0,0.0
20160901,0,3460,0.0,0.0
20160902,0,3460,0.0,0.0
20160905,0,3460,0.0,0.0
20160906,0,3460,0.0,0.0
20160907,0,3460,0.0,0.0
20160908,0,3460,0.0,0.0
20160909,0,3460,0.0,0.0
20160912,0,3460,0.0,0.0
20160913,0,3460,0.0,0.0
20160914,0,3460,0.0,0.0
20160919,0,2260,0.0,0.0
20160920,0,3460,0.0,0.0
20160921,0,3460,0.0,0.0
20160922,0,3460,0.0,0.0
20160923,0,3460,0.0,0.0
20160926,0,3460,0.0,0.0
20160927,0,3460,0.0,0.0
20160928,0,3460,0.0,0.0
20160929,0,3460,0.0,0.0
20160930,0,3460,0.0,0.0
20161010,0,2260,0.0,0.0
20161011,0,3460,0.0,0.0
20161012,0,3460,0.0,0.0
20161013,0,3460,0.0,0.0
20161014,0,3460,0.0,0.0
20161017,0,3460,0.0,0.0
20161018,0,3460,0.0,0.0
20161019,0,3460,0.0,0.0
20161020,0,3460,0.0,0.0
20161021,0,3460,0.0,0.0
20161024,0,3460,0.0,0.0
20161025,0,3460,0.0,0.0
20161026,0,3460,0.0,0.0
20161027,0,3460,0.0,0.0
20161028,0,3460,0.0,0.0
20161031,0,3460,0.0,0.0
20161101,0,3460,0.0,0.0
20161102,0,3460,0.0,0.0
20161103,0,3460,0.0,0.0
20161104,0,3460,0.0,0.0
20161107,0,3460,0.0,0.0
20161108,0,3460,0.0,0.0
20161109,0,3460,0.0,0.0
20161110,0,3460,0.0,0.0
20161111,0,3460,0.0,0.0
20161114,0,3460,0.0,0.0
20161115,0,3460,0.0,0.0
20161116,0,3460,0.0,0.0
20161117,0,3460,0.0,0.0
20161118,0,3460,0.0,0.0
20161121,0,3460,0.0,0.0
20161122,0,3460,0.0,0.0
20161123,0,3460,0.009554,0.0
20161124,0,3460,0.0,0.0
20161125,0,3460,0.0,0.0
20161128,0,3460,0.0,0.0
20161129,0,3460,0.0,0.0
20161130,0,3460,0.0,0.0
20161201,0,3460,0.0,0.0
20161202,0,3460,0.0,0.0
20161205,0,3460,0.0,0.0
20161206,0,3460,0.0,0.0
20161207,0,3460,0.0,0.0
20161208,0,3460,0.0,0.0
20161209,0,3460,0.0,0.0
20161212,0,3460,0.0,0.0
20161213,0,3460,0.0,0.0
20161214,0,3460,0.0,0.0
20161215,0,3460,0.0,0.0
20161216,0,3460,0.0,0.0
20161219,0,3460,0.0,0.0
20161220,0,3460,0.0,0.0
20161221,0,3460,0.0,0.0
20161222,0,3460,0.0,0.0
20161223,0,3460,0.0,0.0
20161226,0,3460,0.0,0.0
20161227,0,3460,0.0,0.0
20161228,0,3460,0.0,0.0
20161229,0,3460,0.0,0.0
20161230,0,3460,0.0,0.0
20170103,0,2260,0.0,0.0
20170104,0,3460,0.0,0.0
20170105,0,3460,0.0,0.0
20170106,0,3460,0.0,0.0
20170109,0,3460,0.0,0.0
20170110,0,3460,0.0,0.0
20170111,0,3460,0.0,0.0
20170112,0,3460,0.0,0.0
20170113,0,3460,0.0,0.0
20170116,0,3460,0.0,0.0
20170117,0,3460,0.0,0.0
20170118,0,3460,0.0,0.0
20170119,0,3460,0.0,0.0
20170120,0,3460,0.0,0.0
20170123,0,3460,0.0,0.0
20170124,0,3460,0.0,0.0
20170125,0,3460,0.0,0.0
20170126,0,3460,0.0,0.0
20170203,0,2260,0.0,0.0
20170206,0,3460,0.0,0.0
20170207,0,3460,0.0,0.0
20170208,0,3460,0.0,0.0
20170209,0,3460,0.0,0.0
20170210,0,3460,0.0,0.0
20170213,0,3460,0.0,0.0
20170214,0,3460,0.0,0.0
20170215,0,3460,0.0,0.0
20170216,0,3460,0.0,0.0
20170217,0,3460,0.0,0.0
20170220,0,3460,0.0,0.0
20170221,0,3460,0.0,0.0
20170222,0,3460,0.0,0.0
20170223,0,3460,0.0,0.0
20170224,0,3460,0.0,0.0
20170227,0,3460,0.0,0.0
20170228,0,3460,0.0,0.0
20170301,0,3460,0.0,0.0
20170302,0,3460,0.0,0.0
20170303,0,3460,0.0,0.0
20170306,0,3460,0.0,0.0
20170307,0,3460,0.0,0.0
20170308,0,3460,0.0,0.0
20170309,0,3460,0.0,0.0
20170310,0,3460,0.0,0.0
20170313,0,3460,0.0,0.0
20170314,0,3460,0.0,0.0
20170315,0,3460,0.0,0.0
20170316,0,3460,0.0,0.0
20170317,0,3460,0.0,0.0
20170320,0,3460,0.0,0.0
20170321,0,3460,0.0,0.0
20170322,0,3460,0.0,0.0
20170323,0,3460,0.0,0.0
20170324,0,3460,0.0,0.0
20170327,0,3460,0.0,0.0
20170328,0,3460,0.0,0.0
20170329,0,3460,0.0,0.0
20170330,0,3460,0.0,0.0
20170331,0,3460,0.0,0.0
20170405,0,2260,0.0,0.0
20170406,0,3460,0.0,0.0
20170407,0,3460,0.0,0.0
20170410,0,3460,0.0,0.0
20170411,0,3460,0.0,0.0
20170412,0,3460,0.0,0.0
20170413,0,3460,0.001108,0.0
20170414,0,3460,0.0,0.0
20170417,0,3460,0.0,0.0
20170418,0,3460,0.0,0.0
20170419,0,3460,0.0,0.0
20170420,0,3460,0.0,0.0
20170421,0,3460,0.0,0.0
20170424,0,3460,0.0,0.0
20170425,0,3460,0.0,0.0
20170426,0,3460,0.005616,0.0
20170427,0,3460,0.0,0.0
20170428,0,3460,0.0,0.0
20170502,0,2260,0.0,0.0
20170503,0,3460,0.001588,0.0
20170504,0,3460,0.002071,0.0
20170505,0,3460,0.0,0.0
20170508,0,3460,0.0,0.0
20170509,0,3460,0.0,0.0
20170510,0,3460,0.0,0.0
20170511,0,3460,0.0,0.0
20170512,0,3460,0.0,0.0
20170515,0,3460,0.0,0.0
20170516,0,3460,0.0,0.0
20170517,0,3460,0.0,0.0
20170518,0,3460,0.0,0.0
20170519,0,3460,0.0,0.0
20170522,0,3460,0.0,0.0
20170523,0,3460,0.0,0.0
20170524,0,3460,0.0,0.0
20170525,0,3460,0.0,0.0
20170526,0,3460,0.0,0.0
20170531,0,2260,0.0,0.0
20170601,0,3460,0.0,0.0
20170602,0,3460,0.0,0.0
20170605,0,3460,0.0,0.0
20170606,0,3460,0.0,0.0
20170607,0,3460,0.0,0.0
20170608,0,3460,0.0,0.0
20170609,0,3460,0.0,0.0
20170612,0,3460,0.0,0.0
20170613,0,3460,0.0,0.0
20170614,0,3460,0.0,0.0
20170615,0,3460,0.0,0.0
20170616,0,3460,0.0,0.0
20170619,0,3460,0.0,0.0
20170620,0,3460,0.0,0.0
20170621,0,3460,0.0,0.0
20170622,0,3460,0.0,0.0
20170623,0,3460,0.0,0.0
20170626,0,3460,0.0,0.0
20170627,0,3460,0.0,0.0
20170628,0,3460,0.0,0.0
20170629,0,3460,0.0,0.0
20170630,0,3460,0.0,0.0
20170703,0,3460,0.0,0.0
20170704,0,3460,0.0,0.0
20170705,0,3460,0.0,0.0
20170706,0,3460,0.0,0.0
20170707,0,3460,0.0,0.0
20170710,0,3460,0.0,0.0
20170711,0,3460,0.0,0.0
20170712,0,3460,0.0,0.0
20170713,0,3460,0.0,0.0
20170714,0,3460,0.0,0.0
20170717,0,3460,0.0,0.0
20170718,0,3460,0.0,0.0
20170719,0,3460,0.0,0.0
20170720,0,3460,0.0,0.0
20170721,0,3460,0.0,0.0
20170724,0,3460,0.0,0.0
20170725,0,3460,0.0,0.0
20170726,0,3460,0.0,0.0
20170727,0,3460,0.0,0.0
20170728,0,3460,0.0,0.0
20170731,0,3460,0.0,0.0
20170801,0,3460,0.0,0.0
20170802,0,3460,0.0,0.0
20170803,0,3460,0.0,0.0
20170804,0,3460,0.0,0.0
20170807,0,3460,0.0,0.0
20170808,0,3460,0.0,0.0
20170809,0,3460,0.0,0.0
20170810,0,3460,0.0,0.0
20170811,0,3460,0.0,0.0
20170814,0,3460,0.0,0.0
20170815,0,3460,0.0,0.0
20170816,0,3460,0.0,0.0
20170817,0,3460,0.0,0.0
20170818,0,3460,0.0,0.0
20170821,0,3460,0.0,0.0
20170822,0,3460,0.0,0.0
20170823,0,3460,0.0,0.0
20170824,0,3460,0.0,0.0
20170825,0,3460,0.0,0.0
20170828,0,3460,0.0,0.0
20170829,0,3460,0.0,0.0
20170830,0,3460,0.0,0.0
20170831,0,3460,0.0,0.0
20170901,0,3460,0.0,0.0
20170904,0,3460,0.0,0.0
20170905,0,3460,0.0,0.0
20170906,0,3460,0.0,0.0
20170907,0,3460,0.0,0.0
20170908,0,3460,0.0,0.0
20170911,0,3460,0.0,0.0
20170912,0,3460,0.0,0.0
20170913,0,3460,0.0,0.0
20170914,0,3460,0.0,0.0
20170915,0,3460,0.0,0.0
20170918,0,3460,0.0,0.0
20170919,0,3460,0.0,0.0
20170920,0,3460,0.0,0.0
20170921,0,3460,0.0,0.0
20170922,0,3460,0.0,0.0
20170925,0,3460,0.0,0.0
20170926,0,3460,0.0,0.0
20170927,0,3460,0.0,0.0
20170928,0,3460,0.0,0.0
20170929,0,3460,0.003064,0.0
20171009,0,2260,0.0,0.0
20171010,0,3460,0.0,0.0
20171011,0,3460,0.0,0.0
20171012,0,3460,0.0,0.0
20171013,0,3460,0.0,0.0
20171016,0,3460,0.0,0.0
20171017,0,3460,0.0,0.0
20171018,0,3460,0.0,0.0
20171019,0,3460,0.0,0.0
20171020,0,3460,0.0,0.0
20171023,0,3460,0.0,0.0
20171024,0,3460,0.0,0.0
20171025,0,3460,0.0,0.0
20171026,0,3460,0.0,0.0
20171027,0,3460,0.0,0.0
20171030,0,3460,0.0,0.0
20171031,0,3460,0.0,0.0
20171101,0,3460,0.0,0.0
20171102,0,3460,0.0,0.0
20171103,0,3460,0.0,0.0
20171106,0,3460,0.0,0.0
20171107,0,3460,0.0,0.0
20171108,0,3460,0.0,0.0
20171109,0,3460,0.0,0.0
20171110,0,3460,0.0,0.0
20171113,0,3460,0.0,0.0
20171114,0,3460,0.0,0.0
20171115,0,3460,0.0,0.0
20171116,0,3460,0.0,0.0
20171117,0,3460,0.0,0.0
20171120,0,3460,0.0,0.0
20171121,0,3460,0.0,0.0
20171122,0,3460,0.0,0.0
20171123,0,3460,0.0,0.0
20171124,0,3460,0.0,0.0
20171127,0,3460,0.0,0.0
20171128,0,3460,0.0,0.0
20171129,0,3460,0.0,0.0
20171130,0,3460,0.0,0.0
20171201,0,3460,0.0,0.0
20171204,0,3460,0.0,0.0
20171205,0,3460,0.0,0.0
20171206,0,3460,0.0,0.0
20171207,0,3460,0.0,0.0
20171208,0,3460,0.0,0.0
20171211,0,3460,0.0,0.0
20171212,0,3460,0.0,0.0
20171213,0,3460,0.0,0.0
20171214,0,3460,0.0,0.0
20171215,0,3460,0.0,0.0
20171218,0,3460,0.0,0.0
20171219,0,3460,0.0,0.0
20171220,0,3460,0.0,0.0
20171221,0,3460,0.0,0.0
20171222,0,3460,0.0,0.0
20171225,0,3460,0.0,0.0
20171226,0,3460,0.0,0.0
20171227,0,3460,0.0,0.0
20171228,0,3460,0.0,0.0
20171229,0,3460,0.0,0.0
20180102,0,2260,0.0,0.0
20180103,0,3460,0.0,0.0
20180104,0,3460,0.0,0.0
20180105,0,3460,0.0,0.0
20180108,0,3460,0.001421,0.0
20180109,0,3460,0.0,0.0
20180110,0,3460,0.0,0.0
20180111,0,3460,0.0,0.0
20180112,0,3460,0.0,0.0
20180115,0,3460,0.0,0.0
20180116,0,3460,0.0,0.0
20180117,0,3460,0.0,0.0
20180118,0,3460,0.0,0.0
20180119,0,3460,0.0,0.0
20180122,0,3460,0.0,0.0
20180123,0,3460,0.0,0.0
20180124,0,3460,0.0,0.0
20180125,0,3460,0.0,0.0
20180126,0,3460,0.0,0.0
20180129,0,3460,0.0,0.0
20180130,0,3460,0.0,0.0
20180131,0,3460,0.0,0.0
20180201,0,3460,0.0,0.0
20180202,0,3460,0.0,0.0
20180205,0,3460,0.0,0.0
20180206,0,3460,0.0,0.0
20180207,0,3460,0.0,0.0
20180208,0,3460,0.0,0.0
20180209,0,3460,0.0,0.0
20180212,0,3460,0.0,0.0
20180213,0,3460,0.0,0.0
20180214,0,3460,0.001002,0.0
20180222,0,2260,0.0,0.0
20180223,0,3460,0.0,0.0
20180226,0,3460,0.0,0.0
20180227,0,3460,0.0,0.0
20180228,0,3460,0.0,0.0
20180301,0,3460,0.0,0.0
20180302,0,3460,0.0,0.0
20180305,0,3460,0.0,0.0
20180306,0,3460,0.0,0.0
20180307,0,3460,0.0,0.0
20180308,0,3460,0.0,0.0
20180309,0,3460,0.0,0.0
20180312,0,3460,0.0,0.0
20180313,0,3460,0.0,0.0
20180314,0,3460,0.0,0.0
20180315,0,3460,0.0,0.0
20180316,0,3460,0.0,0.0
20180319,0,3460,0.0,0.0
20180320,0,3460,0.0,0.0
20180321,0,3460,0.0,0.0
20180322,0,3460,0.0,0.0
20180323,0,3460,0.0,0.0
20180326,0,3460,0.0,0.0
20180327,0,3460,0.0,0.0
20180328,0,3460,0.0,0.0
20180329,0,3460,0.0,0.0
20180330,0,3460,0.0,0.0
20180402,0,3460,0.0,0.0
20180403,0,3460,0.0,0.0
20180404,0,3460,0.0,0.0
20180409,0,2260,0.0,0.0
20180410,0,3460,0.0,0.0
20180411,0,3460,0.0,0.0
20180412,0,3460,0.0,0.0
20180413,0,3460,0.0,0.0
20180416,0,3460,0.0,0.0
20180417,0,3460,0.0,0.0
20180418,0,3460,0.0,0.0
20180419,0,3460,0.0,0.0
20180420,0,3460,0.0,0.0
20180423,0,3460,0.0,0.0
20180424,0,3460,0.0,0.0
20180425,0,3460,0.0,0.0
20180426,0,3460,0.0,0.0
20180427,0,3460,0.0,0.0
20180502,0,2260,0.0,0.0
20180503,0,3460,0.0,0.0
20180504,0,3460,0.0,0.0
20180507,0,3460,0.0,0.0
20180508,0,3460,0.0,0.0
20180509,0,3460,0.0,0.0
20180510,0,3460,0.0,0.0
20180511,0,3460,0.0,0.0
20180514,0,3460,0.0,0.0
20180515,0,3460,0.0,0.0
20180516,0,3460,0.0,0.0
20180517,0,3460,0.0,0.0
20180518,0,3460,0.0,0.0
20180521,0,3460,0.0,0.0
20180522,0,3460,0.003016,0.0
20180523,0,3460,0.0,0.0
20180524,0,3460,0.0,0.0
20180525,0,3460,0.0,0.0
20180528,0,3460,0.0,0.0
20180529,0,3460,0.002124,0.0
20180530,0,3460,0.0,0.0
20180531,0,3460,0.0,0.0
20180601,0,3460,0.0,0.0
20180604,0,3460,0.0,0.0
20180605,0,3460,0.0,0.0
20180606,0,3460,0.0,0.0
20180607,0,3460,0.0,0.0
20180608,0,3460,0.0,0.0
20180611,0,3460,0.0,0.0
20180612,0,3460,0.0,0.0
20180613,0,3460,0.0,0.0
20180614,0,3460,0.0,0.0
20180615,0,3460,0.0,0.0
20180619,0,2260,0.0,0.0
20180620,0,3460,0.0,0.0
20180621,0,3460,0.004365,0.0
20180622,0,3460,0.0,0.0
20180625,0,3460,0.0,0.0
20180626,0,3460,0.0,0.0
20180627,0,3460,0.0,0.0
20180628,0,3460,0.0,0.0
20180629,0,3460,0.0,0.0
20180702,0,3460,0.0,0.0
20180703,0,3460,0.0,0.0
20180704,0,3460,0.0,0.0
20180705,0,3460,0.0,0.0
20180706,0,3460,0.0,0.0
20180709,0,3460,0.0,0.0
20180710,0,3460,0.0,0.0
20180711,0,3460,0.0,0.0
20180712,0,3460,0.0,0.0
20180713,0,3460,0.0,0.0
20180716,0,3460,0.0,0.0
20180717,0,3460,0.0,0.0
20180718,0,3460,0.0,0.0
20180719,0,3460,0.0,0.0
20180720,0,3460,0.0,0.0
20180723,0,3460,0.001197,0.0
20180724,0,3460,0.0,0.0
20180725,0,3460,0.0,0.0
20180726,0,3460,0.0,0.0
20180727,0,3460,0.0,0.0
20180730,0,3460,0.0,0.0
20180731,0,3460,0.0,0.0
20180801,0,3460,0.0,0.0
20180802,0,3460,0.0,0.0
20180803,0,3460,0.0,0.0
20180806,0,3460,0.0,0.0
20180807,0,3460,0.0,0.0
20180808,0,3460,0.0,0.0
20180809,0,3460,0.0,0.0
20180810,0,3460,0.0,0.0
20180813,0,3460,0.0,0.0
20180814,0,3460,0.0,0.0
20180815,0,3460,0.0,0.0
20180816,0,3460,0.0,0.0
20180817,0,3460,0.0,0.0
20180820,0,3460,0.0,0.0
20180821,0,3460,0.0,0.0
20180822,0,3460,0.0,0.0
20180823,0,3460,0.0,0.0
20180824,0,3460,0.0,0.0
20180827,0,3460,0.0,0.0
20180828,0,3460,0.0,0.0
20180829,0,3460,0.002299,0.0
20180830,0,3460,0.0,0.0
20180831,0,3460,0.0,0.0
20180903,0,3460,0.0,0.0
20180904,0,3460,0.0,0.0
20180905,0,3460,0.001012,0.0
20180906,0,3460,0.0,0.0
20180907,0,3460,0.0,0.0
20180910,0,3460,0.0,0.0
20180911,0,3460,0.0,0.0
20180912,0,3460,0.0,0.0
20180913,0,3460,0.0,0.0
20180914,0,3460,0.0,0.0
20180917,0,3460,0.0,0.0
20180918,0,3460,0.0,0.0
20180919,0,3460,0.0,0.0
20180920,0,3460,0.0,0.0
20180921,0,3460,0.0,0.0
20180925,0,2260,0.0,0.0
20180926,0,3460,0.0,0.0
20180927,0,3460,0.0,0.0
20180928,0,3460,0.0,0.0
20181008,0,2260,0.0,0.0
20181009,0,3460,0.0,0.0
20181010,0,3460,0.0,0.0
20181011,0,3460,0.0,0.0
20181012,0,3460,0.0,0.0
20181015,0,3460,0.0,0.0
20181016,0,3460,0.0,0.0
20181017,0,3460,0.0,0.0
20181018,0,3460,0.0,0.0
20181019,0,3460,0.0,0.0
20181022,0,3460,0.0,0.0
20181023,0,3460,0.0,0.0
20181024,0,3460,0.0,0.0
20181025,0,3460,0.0,0.0
20181026,0,3460,0.0,0.0
20181029,0,3460,0.0,0.0
20181030,0,3460,0.0,0.0
20181031,0,3460,0.0,0.0
20181101,0,3460,0.0,0.0
20181102,0,3460,0.0,0.0
20181105,0,3460,0.0,0.0
20181106,0,3460,0.0,0.0
20181107,0,3460,0.0,0.0
20181108,0,3460,0.0,0.0
20181109,0,3460,0.003018,0.0
20181112,0,3460,0.0,0.0
20181113,0,3460,0.0,0.0
20181114,0,3460,0.0,0.0
20181115,0,3460,0.0,0.0
20181116,0,3460,0.0,0.0
20181119,0,3460,0.0,0.0
20181120,0,3460,0.0,0.0
20181121,0,3460,0.0,0.0
20181122,0,3460,0.0,0.0
20181123,0,3460,0.0,0.0
20181126,0,3460,0.0,0.0
20181127,0,3460,0.0,0.0
20181128,0,3460,0.0,0.0
20181129,0,3460,0.0,0.0
20181130,0,3460,0.0,0.0
20181203,0,3460,0.0,0.0
20181204,0,3460,0.0,0.0
20181205,0,3460,0.0,0.0
20181206,0,3460,0.0,0.0
20181207,0,3460,0.0,0.0
20181210,0,3460,0.0,0.0
20181211,0,3460,0.0,0.0
20181212,0,3460,0.0,0.0
20181213,0,3460,0.0,0.0
20181214,0,3460,0.0,0.0
20181217,0,3460,0.0,0.0
20181218,0,3460,0.0,0.0
20181219,0,3460,0.0,0.0
20181220,0,3460,0.0,0.0
20181221,0,3460,0.0,0.0
20181224,0,3460,0.0,0.0
20181225,0,3460,0.0,0.0
20181226,0,3460,0.0,0.0
20181227,0,3460,0.0,0.0
20181228,0,3460,0.0,0.0
20190102,0,2260,0.0,0.0
20190103,0,3460,0.0,0.0
20190104,0,3460,0.0,0.0
20190107,0,3460,0.0,0.0
20190108,0,3460,0.0,0.0
20190109,0,3460,0.0,0.0
20190110,0,3460,0.0,0.0
20190111,0,3460,0.0,0.0
20190114,0,3460,0.0,0.0
20190115,0,3460,0.0,0.0
20190116,0,3460,0.0,0.0
20190117,0,3460,0.0,0.0
20190118,0,3460,0.0,0.0
20190121,0,3460,0.0,0.0
20190122,0,3460,0.0,0.0
20190123,0,3460,0.0,0.0
20190124,0,3460,0.0,0.0
20190125,0,3460,0.0,0.0
20190128,0,3460,0.0,0.0
20190129,0,3460,0.0,0.0
20190130,0,3460,0.001014,0.0
20190131,0,3460,0.0,0.0
20190201,0,3460,0.0,0.0
20190211,0,2260,0.0,0.0
20190212,0,3460,0.0,0.0
20190213,0,3460,0.0,0.0
20190214,0,3460,0.0,0.0
20190215,0,3460,0.0,0.0
20190218,0,3460,0.0,0.0
20190219,0,3460,0.0,0.0
20190220,1,3460,0.015945,0.00028901734104046245
20190221,0,3460,0.0,0.0
20190222,0,3460,0.0,0.0
20190225,0,3460,0.0,0.0
20190226,0,3460,0.0,0.0
20190227,0,3460,0.0,0.0
20190228,0,3460,0.0,0.0
20190301,0,3460,0.0,0.0
20190304,0,3460,0.0,0.0
20190305,0,3460,0.0,0.0
20190306,0,3460,0.0,0.0
20190307,0,3460,0.0,0.0
20190308,0,3460,0.0,0.0
20190311,0,3460,0.0,0.0
20190312,0,3460,0.0,0.0
20190313,0,3460,0.0,0.0
20190314,0,3460,0.0,0.0
20190315,0,3460,0.0,0.0
20190318,0,3460,0.0,0.0
20190319,0,3460,0.0,0.0
20190320,0,3460,0.0,0.0
20190321,0,3460,0.0,0.0
20190322,0,3460,0.0,0.0
20190325,0,3460,0.0,0.0
20190326,0,3460,0.0,0.0
20190327,0,3460,0.0,0.0
20190328,0,3460,0.001305,0.0
20190329,0,3460,0.001105,0.0
20190401,0,3460,0.0,0.0
20190402,0,3460,0.0,0.0
20190403,0,3460,0.0,0.0
20190404,0,3460,0.0,0.0
20190408,0,2260,0.0,0.0
20190409,0,3460,0.0,0.0
20190410,0,3460,0.0,0.0
20190411,0,3460,0.0,0.0
20190412,0,3460,0.0,0.0
20190415,0,3460,0.0,0.0
20190416,0,3460,0.0,0.0
20190417,0,3460,0.0,0.0
20190418,0,3460,0.0,0.0
20190419,0,3460,0.0,0.0
20190422,0,3460,0.0,0.0
20190423,0,3460,0.0,0.0
20190424,0,3460,0.0,0.0
20190425,0,3460,0.0,0.0
20190426,0,3460,0.0,0.0
20190429,0,3460,0.0,0.0
20190430,0,3460,0.0,0.0
20190506,0,2260,0.004363,0.0
20190507,0,3460,0.0,0.0
20190508,0,3460,0.0,0.0
20190509,0,3460,0.0,0.0
20190510,0,3460,0.0,0.0
20190513,0,3460,0.0,0.0
20190514,0,3460,0.0,0.0
20190515,0,3460,0.0,0.0
20190516,0,3460,0.0,0.0
20190517,0,3460,0.0,0.0
20190520,0,3460,0.0,0.0
20190521,0,3460,0.0,0.0
20190522,0,3460,0.0,0.0
20190523,0,3460,0.0,0.0
20190524,0,3460,0.004727,0.0
20190527,0,3460,0.0,0.0
20190528,0,3460,0.0,0.0
20190529,0,3460,0.0,0.0
20190530,0,3460,0.0,0.0
20190531,0,3460,0.0,0.0
20190603,0,3460,0.0,0.0
20190604,0,3460,0.0,0.0
20190605,0,3460,0.0,0.0
20190606,0,3460,0.0,0.0
20190610,0,2260,0.001426,0.0
20190611,0,3460,0.0,0.0
20190612,0,3460,0.0,0.0
20190613,0,3460,0.0,0.0
20190614,0,3460,0.0,0.0
20190617,0,3460,0.0,0.0
20190618,0,3460,0.0,0.0
20190619,0,3460,0.0,0.0
20190620,0,3460,0.0,0.0
20190621,0,3460,0.0,0.0
20190624,0,3460,0.001745,0.0
20190625,0,3460,0.0,0.0
20190626,0,3460,0.0,0.0
20190627,0,3460,0.0,0.0
20190628,0,3460,0.0,0.0
20190701,0,3460,0.0,0.0
20190702,0,3460,0.0,0.0
20190703,0,3460,0.0,0.0
20190704,0,3460,0.0,0.0
20190705,0,3460,0.0,0.0
20190708,0,3460,0.0,0.0
20190709,0,3460,0.0,0.0
20190710,0,3460,0.0,0.0
20190711,0,3460,0.0,0.0
20190712,0,3460,0.0,0.0
20190715,0,3460,0.0,0.0
20190716,0,3460,0.0,0.0
20190717,0,3460,0.0,0.0
20190718,0,3460,0.0,0.0
20190719,0,3460,0.0,0.0
20190722,0,3460,0.0,0.0
20190723,0,3460,0.0,0.0
20190724,0,3460,0.0,0.0
20190725,0,3460,0.002323,0.0
20190726,0,3460,0.0,0.0
20190729,0,3460,0.0,0.0
20190730,0,3460,0.0,0.0
20190731,0,3460,0.0,0.0
20190801,0,3460,0.0,0.0
20190802,0,3460,0.0,0.0
20190805,0,3460,0.0,0.0
20190806,0,3460,0.004381,0.0
20190807,0,3460,0.0,0.0
20190808,0,3460,0.0,0.0
20190809,0,3460,0.0,0.0
20190812,0,3460,0.0,0.0
20190813,0,3460,0.0,0.0
20190814,0,3460,0.0,0.0
20190815,0,3460,0.0,0.0
20190816,0,3460,0.0,0.0
20190819,0,3460,0.0,0.0
20190820,0,3460,0.0,0.0
20190821,0,3460,0.0,0.0
20190822,0,3460,0.0,0.0
20190823,0,3460,0.0,0.0
20190826,0,3460,0.006433,0.0
20190827,0,3460,0.0,0.0
20190828,0,3460,0.0,0.0
20190829,0,3460,0.0,0.0
20190830,0,3460,0.0,0.0
20190902,0,3460,0.0,0.0
20190903,0,3460,0.0,0.0
20190904,0,3460,0.0,0.0
20190905,0,3460,0.0,0.0
20190906,0,3460,0.0,0.0
20190909,0,3460,0.0,0.0
20190910,0,3460,0.0,0.0
20190911,0,3460,0.0,0.0
20190912,0,3460,0.0,0.0
20190916,0,2260,0.0,0.0
20190917,0,3460,0.0,0.0
20190918,0,3460,0.0,0.0
20190919,0,3460,0.0,0.0
20190920,0,3460,0.0,0.0
20190923,0,3460,0.0,0.0
20190924,0,3460,0.0,0.0
20190925,0,3460,0.0,0.0
20190926,0,3460,0.0,0.0
20190927,0,3460,0.0,0.0
20190930,0,3460,0.0,0.0
20191008,0,2260,0.0,0.0
20191009,0,3460,0.0,0.0
20191010,0,3460,0.0,0.0
20191011,0,3460,0.0,0.0
20191014,0,3460,0.0,0.0
20191015,0,3460,0.0,0.0
20191016,0,3460,0.0,0.0
20191017,0,3460,0.0,0.0
20191018,0,3460,0.0,0.0
20191021,0,3460,0.0,0.0
20191022,0,3460,0.0,0.0
20191023,0,3460,0.0,0.0
20191024,0,3460,0.001245,0.0
20191025,0,3460,0.0,0.0
20191028,0,3460,0.0,0.0
20191029,0,3460,0.0,0.0
20191030,0,3460,0.0,0.0
20191031,0,3460,0.0,0.0
20191101,0,3460,0.0,0.0
20191104,0,3460,0.0,0.0
20191105,0,3460,0.0,0.0
20191106,0,3460,0.0,0.0
20191107,0,3460,0.0,0.0
20191108,0,3460,0.0,0.0
20191111,0,3460,0.0,0.0
20191112,0,3460,0.003025,0.0
20191113,0,3460,0.0,0.0
20191114,0,3460,0.0,0.0
20191115,0,3460,0.0,0.0
20191118,0,3460,0.0,0.0
20191119,0,3460,0.0,0.0
20191120,0,3460,0.0,0.0
20191121,0,3460,0.0,0.0
20191122,0,3460,0.0,0.0
20191125,0,3460,0.0,0.0
20191126,0,3460,0.0,0.0
20191127,0,3460,0.0,0.0
20191128,0,3460,0.0,0.0
20191129,0,3460,0.0,0.0
20191202,0,3460,0.0,0.0
20191203,0,3460,0.0,0.0
20191204,0,3460,0.0,0.0
20191205,0,3460,0.001297,0.0
20191206,0,3460,0.0,0.0
20191209,0,3460,0.002324,0.0
20191210,0,3460,0.0,0.0
20191211,0,3460,0.0,0.0
20191212,0,3460,0.0,0.0
20191213,0,3460,0.002522,0.0
20191216,0,3460,0.0,0.0
20191217,0,3460,0.0,0.0
20191218,0,3460,0.0,0.0
20191219,0,3460,0.0,0.0
20191220,0,3460,0.0,0.0
20191223,0,3460,0.0,0.0
20191224,0,3460,0.0,0.0
20191225,0,3460,0.0,0.0
20191226,0,3460,0.0,0.0
20191227,0,3460,0.0,0.0
20191230,0,3460,0.0,0.0
20191231,0,3460,0.0,0.0
20200102,0,3460,0.0,0.0
20200103,0,3460,0.0,0.0
20200106,0,3460,0.0,0.0
20200107,0,3460,0.0,0.0
20200108,0,3460,0.0,0.0
20200109,0,3460,0.0,0.0
20200110,0,3460,0.001882,0.0
20200113,0,3460,0.0,0.0
20200114,0,3460,0.0,0.0
20200115,0,3460,0.0,0.0
20200116,0,3460,0.0,0.0
20200117,0,3460,0.0,0.0
20200120,0,3460,0.0,0.0
20200121,0,3460,0.0,0.0
20200122,0,3460,0.0,0.0
20200123,0,3460,0.0,0.0
20200203,0,2260,0.0,0.0
20200204,0,2260,0.0,0.0
20200205,0,2260,0.0,0.0
20200206,0,2260,0.001527,0.0
20200207,0,2260,0.0,0.0
20200210,0,2260,0.0,0.0
20200211,0,2260,0.0,0.0
20200212,0,2260,0.0,0.0
20200213,0,2260,0.0,0.0
20200214,0,2260,0.0,0.0
20200217,0,2260,0.0,0.0
20200218,0,2260,0.0,0.0
20200219,0,2260,0.0,0.0
20200220,0,2260,0.0,0.0
20200221,0,2260,0.0,0.0
20200224,0,2260,0.0,0.0
20200225,0,2260,0.0,0.0
20200226,0,2260,0.0,0.0
20200227,0,2260,0.0,0.0
20200228,0,2260,0.0,0.0
20200302,0,2260,0.0,0.0
20200303,0,2260,0.0,0.0
20200304,0,2260,0.0,0.0
20200305,0,2260,0.0,0.0
20200306,0,2260,0.0,0.0
20200309,0,2260,0.0,0.0
20200310,0,2260,0.0,0.0
20200311,0,2260,0.0,0.0
20200312,0,2260,0.0,0.0
20200313,0,2260,0.0,0.0
20200316,0,2260,0.0,0.0
20200317,0,2260,0.0,0.0
20200318,0,2260,0.0,0.0
20200319,0,2260,0.002132,0.0
20200320,0,2260,0.0,0.0
20200323,0,2260,0.0,0.0
20200324,0,2260,0.0,0.0
20200325,0,2260,0.0,0.0
20200326,0,2260,0.0,0.0
20200327,0,2260,0.0,0.0
20200330,0,2260,0.0,0.0
20200331,0,2260,0.0,0.0
20200401,0,2260,0.0,0.0
20200402,0,2260,0.001887,0.0
20200403,0,2260,0.0,0.0
20200407,0,2260,0.0,0.0
20200408,0,2260,0.0,0.0
20200409,0,2260,0.0,0.0
20200410,0,2260,0.0,0.0
20200413,0,2260,0.0,0.0
20200414,0,2260,0.0,0.0
20200415,0,2260,0.0,0.0
20200416,0,2260,0.004394,0.0
20200417,0,2260,0.0,0.0
20200420,0,2260,0.0,0.0
20200421,0,2260,0.008399,0.0
20200422,0,2260,0.0,0.0
20200423,0,2260,0.002295,0.0
20200424,0,2260,0.00236,0.0
20200427,0,2260,0.0,0.0
20200428,0,2260,0.0,0.0
20200429,0,2260,0.0,0.0
20200430,0,2260,0.0,0.0
20200506,0,2260,0.0,0.0
20200507,0,3460,0.0,0.0
20200508,0,3460,0.0,0.0
20200511,0,3460,0.0,0.0
20200512,0,3460,0.0,0.0
20200513,0,3460,0.0,0.0
20200514,0,3460,0.0,0.0
20200515,0,3460,0.0,0.0
20200518,0,3460,0.002001,0.0
20200519,0,3460,0.003966,0.0
20200520,0,3460,0.0,0.0
20200521,0,3460,0.0,0.0
20200522,0,3460,0.009514,0.0
20200525,0,3460,0.003525,0.0
20200526,0,3460,0.0,0.0
20200527,0,3460,0.0,0.0
20200528,0,3460,0.0,0.0
20200529,0,3460,0.0,0.0
20200601,0,3460,0.0,0.0
20200602,0,3460,0.0,0.0
20200603,0,3460,0.0,0.0
20200604,0,3460,0.0,0.0
20200605,0,3460,0.0,0.0
20200608,0,3460,0.0,0.0
20200609,0,3460,0.0,0.0
20200610,0,3460,0.0,0.0
20200611,0,3460,0.0,0.0
20200612,0,3460,0.0,0.0
20200615,0,3460,0.0,0.0
20200616,0,3460,0.0,0.0
20200617,0,3460,0.0,0.0
20200618,0,3460,0.0,0.0
20200619,0,3460,0.0,0.0
20200622,0,3460,0.002458,0.0
20200623,0,3460,0.0,0.0
20200624,0,3460,0.0,0.0
20200629,0,2260,0.0,0.0
20200630,0,3460,0.0,0.0
20200701,0,3460,0.0,0.0
20200702,0,3460,0.0,0.0
20200703,0,3460,0.0,0.0
20200706,0,3460,0.0,0.0
20200707,0,3460,0.0,0.0
20200708,0,3460,0.0,0.0
20200709,0,3460,0.0,0.0
20200710,0,3460,0.0,0.0
20200713,0,3460,0.001104,0.0
20200714,0,3460,0.0,0.0
20200715,0,3460,0.0,0.0
20200716,0,3460,0.0,0.0
20200717,0,3460,0.0,0.0
20200720,0,3460,0.0,0.0
20200721,0,3460,0.0,0.0
20200722,0,3460,0.0,0.0
20200723,0,3460,0.0,0.0
20200724,0,3460,0.0,0.0
20200727,0,3460,0.0,0.0
20200728,0,3460,0.0,0.0
20200729,0,3460,0.0,0.0
20200730,0,3460,0.0,0.0
20200731,0,3460,0.002926,0.0
20200803,0,3460,0.0,0.0
20200804,0,3460,0.0,0.0
20200805,0,3460,0.0,0.0
20200806,0,3460,0.0,0.0
20200807,0,3460,0.0,0.0
20200810,0,3460,0.0,0.0
20200811,0,3460,0.0,0.0
20200812,0,3460,0.0,0.0
20200813,0,3460,0.0,0.0
20200814,0,3460,0.0,0.0
20200817,0,3460,0.0,0.0
20200818,0,3460,0.0,0.0
20200819,0,3460,0.0,0.0
20200820,0,3460,0.0,0.0
20200821,0,3460,0.001103,0.0
20200824,1,3460,0.01134,0.00028901734104046245
20200825,0,3460,0.0,0.0
20200826,0,3460,0.0,0.0
20200827,0,3460,0.0,0.0
20200828,0,3460,0.0,0.0
20200831,0,3460,0.0,0.0
20200901,0,3460,0.0,0.0
20200902,0,3460,0.0,0.0
20200903,0,3460,0.005686,0.0
20200904,0,3460,0.0,0.0
20200907,0,3460,0.0,0.0
20200908,0,3460,0.0,0.0
20200909,0,3460,0.0,0.0
20200910,0,3460,0.0,0.0
20200911,0,3460,0.0,0.0
20200914,0,3460,0.001055,0.0
20200915,0,3460,0.0,0.0
20200916,0,3460,0.0,0.0
20200917,0,3460,0.0,0.0
20200918,0,3460,0.001494,0.0
20200921,0,3460,0.0,0.0
20200922,0,3460,0.0,0.0
20200923,0,3460,0.0,0.0
20200924,0,3460,0.0,0.0
20200925,0,3460,0.0,0.0
20200928,0,3460,0.0,0.0
20200929,0,3460,0.0,0.0
20200930,0,3460,0.0,0.0
20201009,0,2260,0.0,0.0
20201012,0,3460,0.0,0.0
20201013,0,3460,0.0,0.0
20201014,0,3460,0.0,0.0
20201015,0,3460,0.0,0.0
20201016,0,3460,0.001382,0.0
20201019,0,3460,0.0,0.0
20201020,0,3460,0.0,0.0
20201021,0,3460,0.0,0.0
20201022,0,3460,0.001345,0.0
20201023,0,3460,0.0,0.0
20201026,0,3460,0.002315,0.0
20201027,0,3460,0.005025,0.0
20201028,0,3460,0.0,0.0
20201029,0,3460,0.0,0.0
20201030,0,3460,0.0,0.0
20201102,0,3460,0.0,0.0
20201103,0,3460,0.0,0.0
20201104,0,3460,0.0,0.0
20201105,0,3460,0.0,0.0
20201106,0,3460,0.0,0.0
20201109,0,3460,0.004872,0.0
20201110,0,3460,0.0,0.0
20201111,0,3460,0.0,0.0
20201112,0,3460,0.0,0.0
20201113,0,3460,0.0,0.0
20201116,0,3460,0.0,0.0
20201117,0,3460,0.0,0.0
20201118,0,3460,0.0,0.0
20201119,0,3460,0.002408,0.0
20201120,0,3460,0.002953,0.0
20201123,0,3460,0.0,0.0
20201124,0,3460,0.0,0.0
20201125,0,3460,0.0,0.0
20201126,0,3460,0.0,0.0
20201127,0,3460,0.0,0.0
20201130,0,3460,0.0,0.0
20201201,0,3460,0.0,0.0
20201202,0,3460,0.0,0.0
20201203,0,3460,0.0,0.0
20201204,0,3460,0.0,0.0
20201207,0,3460,0.0,0.0
20201208,0,3460,0.0,0.0
20201209,0,3460,0.0,0.0
20201210,0,3460,0.0,0.0
20201211,0,3460,0.0,0.0
20201214,0,3460,0.0,0.0
20201215,0,3460,0.0,0.0
20201216,0,3460,0.005778,0.0
20201217,0,3460,0.0,0.0
20201218,0,3460,0.0,0.0
20201221,0,3460,0.0,0.0
20201222,1,3460,0.011772,0.00028901734104046245
20201223,0,3460,0.002315,0.0
20201224,0,3460,0.00143,0.0
20201225,0,3460,0.0,0.0
20201228,0,3460,0.0,0.0
20201229,0,3460,0.0,0.0
20201230,0,3460,0.0,0.0
20201231,0,3460,0.0,0.0
20210104,0,2260,0.0,0.0
20210105,0,3460,0.0,0.0
20210106,0,3460,0.0,0.0
20210107,0,3460,0.0,0.0
20210108,0,3460,0.0,0.0
20210111,0,3460,0.002716,0.0
20210112,0,3460,0.001069,0.0
20210113,0,3460,0.0,0.0
20210114,0,3460,0.0,0.0
20210115,0,3460,0.0,0.0
20210118,0,3460,0.0,0.0
20210119,0,3460,0.0,0.0
20210120,0,3460,0.0,0.0
20210121,0,3460,0.00124,0.0
20210122,0,3460,0.0,0.0
20210125,0,3460,0.0,0.0
20210126,0,3460,0.0,0.0
20210127,0,3460,0.0,0.0
20210128,0,3460,0.0,0.0
20210129,0,3460,0.0,0.0
20210201,0,3460,0.0,0.0
20210202,0,3460,0.0,0.0
20210203,0,3460,0.0,0.0
20210204,0,3460,0.0,0.0
20210205,0,3460,0.0,0.0
20210208,0,3460,0.0,0.0
20210209,0,3460,0.005409,0.0
20210210,0,3460,0.0,0.0
20210218,0,2260,0.0,0.0
20210219,0,3460,0.009441,0.0
20210222,0,3460,0.004766,0.0
20210223,0,3460,0.0,0.0
20210224,0,3460,0.0,0.0
20210225,0,3460,0.0,0.0
20210226,1,3460,0.011749,0.00028901734104046245
20210301,0,3460,0.0,0.0
20210302,0,3460,0.0,0.0
20210303,0,3460,0.0,0.0
20210304,0,3460,0.0,0.0
20210305,0,3460,0.0,0.0
20210308,0,3460,0.0,0.0
20210309,0,3460,0.0,0.0
20210310,0,3460,0.0,0.0
20210311,0,3460,0.0,0.0
20210312,0,3460,0.0,0.0
20210315,0,3460,0.0,0.0
20210316,0,3460,0.001983,0.0
20210317,0,3460,0.0,0.0
20210318,0,3460,0.0,0.0
20210319,0,3460,0.0,0.0
20210322,0,3460,0.0,0.0
20210323,0,3460,0.003471,0.0
20210324,0,3460,0.007717,0.0
20210325,0,3460,0.001776,0.0
20210326,0,3460,0.0,0.0
20210329,0,3460,0.0,0.0
20210330,0,3460,0.0,0.0
20210331,0,3460,0.0,0.0
20210401,0,3460,0.0,0.0
20210402,0,3460,0.0,0.0
20210406,0,2260,0.0,0.0
20210407,0,3460,0.001395,0.0
20210408,0,3460,0.005773,0.0
20210409,0,3460,0.00604,0.0
20210412,1,3460,0.010039,0.00028901734104046245
20210413,0,3460,0.001702,0.0
20210414,0,3460,0.004437,0.0
20210415,0,3460,0.001808,0.0
20210416,0,3460,0.00146,0.0
20210419,0,3460,0.004474,0.0
20210420,0,3460,0.002511,0.0
20210421,0,3460,0.002315,0.0
20210422,0,3460,0.00162,0.0
20210423,0,3460,0.002681,0.0
20210426,0,3460,0.009804,0.0
20210427,0,3460,0.0,0.0
20210428,0,3460,0.0,0.0
20210429,0,3460,0.0,0.0
20210430,0,3460,0.0,0.0
20210506,0,2260,0.0,0.0
20210507,0,3460,0.001037,0.0
20210510,0,3460,0.0,0.0
20210511,0,3460,0.0,0.0
20210512,0,3460,0.001257,0.0
20210513,1,3460,0.012911,0.00028901734104046245
20210514,0,3460,0.0,0.0
20210517,0,3460,0.0,0.0
20210518,0,3460,0.0,0.0
20210519,0,3460,0.0,0.0
20210520,0,3460,0.0,0.0
20210521,0,3460,0.0,0.0
20210524,0,3460,0.001486,0.0
20210525,0,3460,0.001861,0.0
20210526,0,3460,0.0,0.0
20210527,0,3460,0.0,0.0
20210528,0,3460,0.0,0.0
20210531,0,3460,0.0,0.0
20210601,0,3460,0.0,0.0
20210602,0,3460,0.0,0.0
20210603,0,3460,0.0,0.0
20210604,0,3460,0.0,0.0
20210607,0,3460,0.0,0.0
20210608,0,3460,0.0,0.0
20210609,0,3460,0.0,0.0
20210610,0,3460,0.0,0.0
20210611,0,3460,0.0,0.0
20210615,0,2260,0.0,0.0
20210616,0,3460,0.0,0.0
20210617,0,3460,0.0,0.0
20210618,0,3460,0.0,0.0
20210621,0,3460,0.0,0.0
20210622,0,3460,0.0,0.0
20210623,0,3460,0.0,0.0
20210624,0,3460,0.0,0.0
20210625,0,3460,0.0,0.0
20210628,0,3460,0.0,0.0
20210629,0,3460,0.0,0.0
20210630,0,3460,0.0,0.0
20210701,0,3460,0.0,0.0
20210702,0,3460,0.0,0.0
20210705,0,3460,0.0,0.0
20210706,0,3460,0.0,0.0
20210707,0,3460,0.0,0.0
20210708,0,3460,0.0,0.0
20210709,0,3460,0.0,0.0
20210712,0,3460,0.0,0.0
20210713,0,3460,0.0,0.0
20210714,0,3460,0.0,0.0
20210715,0,3460,0.0,0.0
20210716,0,3460,0.0,0.0
20210719,0,3460,0.0,0.0
20210720,0,3460,0.0,0.0
20210721,0,3460,0.0,0.0
20210722,0,3460,0.0,0.0
20210723,0,3460,0.0,0.0
20210726,0,3460,0.00305,0.0
20210727,0,3460,0.0,0.0
20210728,0,3460,0.0,0.0
20210729,0,3460,0.0,0.0
20210730,0,3460,0.0,0.0
20210802,0,3460,0.0,0.0
20210803,0,3460,0.0,0.0
20210804,0,3460,0.0,0.0
20210805,0,3460,0.0,0.0
20210806,0,3460,0.0,0.0
20210809,0,3460,0.0,0.0
20210810,0,3460,0.0,0.0
20210811,0,3460,0.0,0.0
20210812,0,3460,0.0,0.0
20210813,0,3460,0.0,0.0
20210816,0,3460,0.0,0.0
20210817,0,3460,0.0,0.0
20210818,0,3460,0.0,0.0
20210819,0,3460,0.0,0.0
20210820,0,3460,0.0,0.0
20210823,0,3460,0.0,0.0
20210824,0,3460,0.0,0.0
20210825,0,3460,0.00144,0.0
20210826,0,3460,0.001284,0.0
20210827,0,3460,0.001668,0.0
20210830,0,3460,0.0,0.0
20210831,0,3460,0.0,0.0
20210901,0,3460,0.0,0.0
20210902,0,3460,0.0,0.0
20210903,0,3460,0.006958,0.0
20210906,0,3460,0.0,0.0
20210907,0,3460,0.001552,0.0
20210908,0,3460,0.006276,0.0
20210909,0,3460,0.001047,0.0
20210910,0,3460,0.0,0.0
20210913,0,3460,0.0,0.0
20210914,0,3460,0.001882,0.0
20210915,0,3460,0.0,0.0
20210916,0,3460,0.0,0.0
20210917,0,3460,0.0,0.0
20210922,0,2260,0.0,0.0
20210923,0,3460,0.002402,0.0
20210924,0,3460,0.0,0.0
20210927,0,3460,0.0,0.0
20210928,0,3460,0.0,0.0
20210929,0,3460,0.0,0.0
20210930,0,3460,0.0,0.0
20211008,0,2260,0.0,0.0
20211011,0,3460,0.0,0.0
20211012,0,3460,0.0,0.0
20211013,0,3460,0.0,0.0
20211014,0,3460,0.0,0.0
20211015,0,3460,0.0,0.0
20211018,0,3460,0.001182,0.0
20211019,0,3460,0.001379,0.0
20211020,0,3460,0.004375,0.0
20211021,1,3460,0.016921,0.00028901734104046245
20211022,0,3460,0.003081,0.0
20211025,0,3460,0.0,0.0
20211026,0,3460,0.0,0.0
20211027,0,3460,0.0,0.0
20211028,0,3460,0.0,0.0
20211029,0,3460,0.0,0.0
20211101,0,3460,0.0,0.0
20211102,0,3460,0.0,0.0
20211103,0,3460,0.0,0.0
20211104,0,3460,0.001156,0.0
20211105,0,3460,0.0,0.0
20211108,0,3460,0.0,0.0
20211109,0,3460,0.0,0.0
20211110,0,3460,0.0,0.0
20211111,0,3460,0.0,0.0
20211112,0,3460,0.0,0.0
20211115,0,3460,0.002499,0.0
20211116,0,3460,0.0,0.0
20211117,0,3460,0.0,0.0
20211118,0,3460,0.0,0.0
20211119,0,3460,0.0,0.0
20211122,0,3460,0.0,0.0
20211123,0,3460,0.0,0.0
20211124,0,3460,0.0,0.0
20211125,0,3460,0.0,0.0
20211126,0,3460,0.0,0.0
20211129,0,3460,0.0,0.0
20211130,0,3460,0.0,0.0
20211201,0,3460,0.0,0.0
20211202,0,3460,0.0,0.0
20211203,0,3460,0.0,0.0
20211206,0,3460,0.0,0.0
20211207,0,3460,0.0,0.0
20211208,0,3460,0.0,0.0
20211209,0,3460,0.0,0.0
20211210,0,3460,0.0,0.0
20211213,0,3460,0.0,0.0
20211214,0,3460,0.0,0.0
20211215,0,3460,0.0,0.0
20211216,0,3460,0.0,0.0
20211217,0,3460,0.0,0.0
20211220,0,3460,0.002488,0.0
20211221,0,3460,0.0,0.0
20211222,0,3460,0.0,0.0
20211223,0,3460,0.001362,0.0
20211224,0,3460,0.0,0.0
20211227,0,3460,0.003968,0.0
20211228,0,3460,0.0,0.0
20211229,0,3460,0.0,0.0
20211230,0,3460,0.0,0.0
20211231,0,3460,0.0,0.0
20220104,0,2260,0.0,0.0
20220105,0,3460,0.0,0.0
20220106,0,3460,0.0,0.0
20220107,0,3460,0.0,0.0
20220110,0,3460,0.0,0.0
20220111,0,3460,0.0,0.0
20220112,0,3460,0.0,0.0
20220113,0,3460,0.0,0.0
20220114,0,3460,0.0,0.0
20220117,0,3460,0.0,0.0
20220118,0,3460,0.0,0.0
20220119,0,3460,0.0,0.0
20220120,0,3460,0.006554,0.0
20220121,0,3460,0.0,0.0
20220124,0,3460,0.0,0.0
20220125,0,3460,0.0,0.0
20220126,0,3460,0.0,0.0
20220127,0,3460,0.002317,0.0
20220128,0,3460,0.001133,0.0
20220207,0,2260,0.0,0.0
20220208,0,3460,0.0,0.0
20220209,0,3460,0.0,0.0
20220210,0,3460,0.0,0.0
20220211,0,3460,0.0,0.0
20220214,0,3460,0.001036,0.0
20220215,0,3460,0.001759,0.0
20220216,0,3460,0.0,0.0
20220217,0,3460,0.0,0.0
20220218,0,3460,0.004469,0.0
20220221,0,3460,0.001418,0.0
20220222,0,3460,0.005786,0.0
20220223,0,3460,0.0,0.0
20220224,0,3460,0.0,0.0
20220225,0,3460,0.0,0.0
20220228,0,3460,0.0,0.0
20220301,0,3460,0.0,0.0
20220302,0,3460,0.0,0.0
20220303,0,3460,0.0,0.0
20220304,0,3460,0.0,0.0
20220307,0,3460,0.0,0.0
20220308,0,3460,0.0,0.0
20220309,0,3460,0.0,0.0
20220310,0,3460,0.0,0.0
20220311,0,3460,0.0,0.0
20220314,0,3460,0.006369,0.0
20220315,0,3460,0.0,0.0
20220316,0,3460,0.005673,0.0
20220317,0,3460,0.0,0.0
20220318,0,3460,0.0,0.0
20220321,0,3460,0.0,0.0
20220322,0,3460,0.0,0.0
20220323,0,3460,0.0,0.0
20220324,0,3460,0.0,0.0
20220325,0,3460,0.001119,0.0
20220328,0,3460,0.0,0.0
20220329,0,3460,0.0,0.0
20220330,0,3460,0.001714,0.0
20220331,0,3460,0.0,0.0
20220401,0,3460,0.0,0.0
20220406,0,2260,0.0,0.0
20220407,0,3460,0.0,0.0
20220408,0,3460,0.0,0.0
20220411,0,3460,0.0,0.0
20220412,0,3460,0.0,0.0
20220413,0,3460,0.0,0.0
20220414,0,3460,0.0,0.0
20220415,0,3460,0.0,0.0
20220418,0,3460,0.0,0.0
20220419,0,3460,0.0,0.0
20220420,0,3460,0.0,0.0
20220421,0,3460,0.00154,0.0
20220422,0,3460,0.002862,0.0
20220425,1,3460,0.013904,0.00028901734104046245
20220426,0,3460,0.0,0.0
20220427,0,3460,0.0,0.0
20220428,0,3460,0.0,0.0
20220429,0,3460,0.0,0.0
20220505,0,2260,0.0,0.0
20220506,0,3460,0.0,0.0
20220509,0,3460,0.0,0.0
20220510,0,3460,0.0,0.0
20220511,0,3460,0.0,0.0
20220512,0,3460,0.0,0.0
20220513,0,3460,0.0,0.0
20220516,0,3460,0.0,0.0
20220517,0,3460,0.0,0.0
20220518,0,3460,0.0,0.0
20220519,0,3460,0.0,0.0
20220520,0,3460,0.0,0.0
20220523,0,3460,0.001171,0.0
20220524,0,3460,0.0,0.0
20220525,0,3460,0.001935,0.0
20220526,0,3460,0.0,0.0
20220527,0,3460,0.0,0.0
20220530,0,3460,0.0,0.0
20220531,0,3460,0.0,0.0
20220601,0,3460,0.0,0.0
20220602,0,3460,0.0,0.0
20220606,0,2260,0.0,0.0
20220607,0,3460,0.0,0.0
20220608,0,3460,0.0,0.0
20220609,0,3460,0.0,0.0
20220610,0,3460,0.0,0.0
20220613,0,3460,0.0,0.0
20220614,0,3460,0.0,0.0
20220615,0,3460,0.0,0.0
20220616,0,3460,0.0,0.0
20220617,0,3460,0.0,0.0
20220620,0,3460,0.0,0.0
20220621,0,3460,0.0,0.0
20220622,0,3460,0.0,0.0
20220623,0,3460,0.0,0.0
20220624,0,3460,0.003051,0.0
20220627,0,3460,0.0,0.0
20220628,0,3460,0.0,0.0
20220629,0,3460,0.0,0.0
20220630,0,3460,0.0,0.0
20220701,0,3460,0.0,0.0
20220704,0,3460,0.0,0.0
20220705,0,3460,0.0,0.0
20220706,0,3460,0.0,0.0
20220707,0,3460,0.0,0.0
20220708,0,3460,0.0,0.0
20220711,0,3460,0.0,0.0
20220712,0,3460,0.0,0.0
20220713,0,3460,0.0,0.0
20220714,0,3460,0.0,0.0
20220715,0,3460,0.0,0.0
20220718,0,3460,0.0,0.0
20220719,0,3460,0.0,0.0
20220720,0,3460,0.0,0.0
20220721,0,3460,0.0,0.0
20220722,0,3460,0.0,0.0
20220725,0,3460,0.00754,0.0
20220726,0,3460,0.0,0.0
20220727,0,3460,0.0,0.0
20220728,0,3460,0.0,0.0
20220729,0,3460,0.0,0.0
20220801,0,3460,0.0,0.0
20220802,0,3460,0.0,0.0
20220803,0,3460,0.0,0.0
20220804,0,3460,0.0,0.0
20220805,0,3460,0.0,0.0
20220808,0,3460,0.0,0.0
20220809,0,3460,0.0,0.0
20220810,0,3460,0.001092,0.0
20220811,0,3460,0.0,0.0
20220812,0,3460,0.0,0.0
20220815,0,3460,0.0,0.0
20220816,0,3460,0.003344,0.0
20220817,0,3460,0.0,0.0
20220818,0,3460,0.0,0.0
20220819,0,3460,0.0,0.0
20220822,0,3460,0.001624,0.0
20220823,0,3460,0.0,0.0
20220824,0,3460,0.002634,0.0
20220825,0,3460,0.0,0.0
20220826,0,3460,0.0,0.0
20220829,0,3460,0.0,0.0
20220830,0,3460,0.0,0.0
20220831,0,3460,0.0,0.0
20220901,0,3460,0.0,0.0
20220902,0,3460,0.0,0.0
20220905,0,3460,0.0,0.0
20220906,0,3460,0.0,0.0
20220907,0,3460,0.0,0.0
20220908,0,3460,0.0,0.0
20220909,0,3460,0.0,0.0
20220913,0,2260,0.0,0.0
20220914,0,3460,0.001148,0.0
20220915,0,3460,0.0,0.0
20220916,0,3460,0.0,0.0
20220919,0,3460,0.0,0.0
20220920,0,3460,0.001559,0.0
20220921,0,3460,0.0,0.0
20220922,0,3460,0.002813,0.0
20220923,0,3460,0.0,0.0
20220927,0,3460,0.0,0.0
20220928,0,3460,0.0,0.0
20220929,0,3460,0.0,0.0
20220930,0,3460,0.0,0.0
20221010,1,3460,0.060329,0.00028901734104046245
20221011,0,3460,0.0,0.0
20221012,0,3460,0.001209,0.0
20221013,0,3460,0.0,0.0
20221014,0,3460,0.0,0.0
20221017,0,3460,0.0,0.0
20221018,0,3460,0.0,0.0
20221019,0,3460,0.0,0.0
20221020,0,3460,0.003821,0.0
20221021,0,3460,0.0,0.0
20221024,0,3460,0.0,0.0
20221025,0,3460,0.002617,0.0
20221026,0,3460,0.0,0.0
20221027,0,3460,0.0,0.0
20221028,0,3460,0.0,0.0
20221031,0,3460,0.0,0.0
20221101,0,3460,0.0,0.0
20221102,0,3460,0.0,0.0
20221103,0,3460,0.0,0.0
20221104,0,3460,0.0,0.0
20221107,0,3460,0.0,0.0
20221108,0,3460,0.0,0.0
20221109,0,3460,0.0,0.0
20221110,0,3460,0.0,0.0
20221111,0,3460,0.0,0.0
20221114,0,3460,0.0,0.0
20221115,0,3460,0.0,0.0
20221116,0,3460,0.0,0.0
20221117,0,3460,0.0,0.0
20221118,0,3460,0.0,0.0
20221121,0,3460,0.0,0.0
20221122,0,3460,0.0,0.0
20221123,0,3460,0.0,0.0
20221124,0,3460,0.0,0.0
20221125,0,3460,0.0,0.0
20221128,0,3460,0.0,0.0
20221129,0,3460,0.0,0.0
20221130,0,3460,0.0,0.0
20221201,0,3460,0.0,0.0
20221202,0,3460,0.0,0.0
20221205,0,3460,0.0,0.0
20221206,0,3460,0.0,0.0
20221207,0,3460,0.0,0.0
20221208,0,3460,0.0,0.0
20221209,0,3460,0.0,0.0
20221212,0,3460,0.0,0.0
20221213,0,3460,0.001111,0.0
20221214,0,3460,0.0,0.0
20221215,0,3460,0.0,0.0
20221216,0,3460,0.0,0.0
20221219,0,3460,0.002469,0.0
20221220,0,3460,0.0,0.0
20221221,0,3460,0.0,0.0
20221222,0,3460,0.001986,0.0
20221223,0,3460,0.0,0.0
20221226,0,3460,0.001545,0.0
20221227,0,3460,0.0,0.0
20221228,0,3460,0.0,0.0
20221229,0,3460,0.0,0.0
20221230,0,3460,0.0,0.0
20230103,0,3460,0.001569,0.0
20230104,0,3460,0.0,0.0
20230105,0,3460,0.0,0.0
20230106,0,3460,0.0,0.0
20230109,0,3460,0.0,0.0
20230110,0,3460,0.0,0.0
20230111,0,3460,0.0,0.0
20230112,0,3460,0.0,0.0
20230113,0,3460,0.001575,0.0
20230116,0,3460,0.0,0.0
20230117,0,3460,0.0,0.0
20230118,0,3460,0.0,0.0
20230119,0,3460,0.0,0.0
20230120,0,3460,0.001895,0.0
20230130,0,3460,0.006659,0.0
20230131,0,3460,0.0,0.0
20230201,0,3460,0.0,0.0
20230202,0,3460,0.0,0.0
20230203,0,3460,0.0,0.0
20230206,0,3460,0.0,0.0
20230207,0,3460,0.0,0.0
20230208,0,3460,0.0,0.0
20230209,0,3460,0.0,0.0
20230210,0,3460,0.0,0.0
20230213,0,3460,0.0,0.0
20230214,0,3460,0.0,0.0
20230215,0,3460,0.0,0.0
20230216,0,3460,0.0,0.0
20230217,0,3460,0.0,0.0
20230220,0,3460,0.0,0.0
20230221,0,3460,0.0,0.0
20230222,0,3460,0.0,0.0
20230223,0,3460,0.0,0.0
20230224,0,3460,0.0,0.0
20230227,0,3460,0.0,0.0
20230228,0,3460,0.0,0.0
20230301,0,3460,0.0,0.0
20230302,0,3460,0.0,0.0
20230303,0,3460,0.0,0.0
20230306,0,3460,0.0,0.0
20230307,0,3460,0.0,0.0
20230308,0,3460,0.0,0.0
20230309,0,3460,0.0,0.0
20230310,0,3460,0.0,0.0
20230313,0,3460,0.0,0.0
20230314,0,3460,0.0,0.0
20230315,0,3460,0.0,0.0
20230316,0,3460,0.002872,0.0
20230317,0,3460,0.0,0.0
20230320,0,3460,0.0,0.0
20230321,0,3460,0.0,0.0
20230322,0,3460,0.0,0.0
20230323,0,3460,0.0,0.0
20230324,0,3460,0.0,0.0
20230327,0,3460,0.002967,0.0
20230328,0,3460,0.0,0.0
20230329,0,3460,0.0,0.0
20230330,0,3460,0.0,0.0
20230331,0,3460,0.0,0.0
20230403,0,3460,0.0,0.0
20230404,0,3460,0.0,0.0
20230406,0,3460,0.0,0.0
20230407,0,3460,0.0,0.0
20230410,0,3460,0.0,0.0
20230411,0,3460,0.001947,0.0
20230412,0,3460,0.0,0.0
20230413,0,3460,0.0,0.0
20230414,0,3460,0.0,0.0
20230417,0,3460,0.001411,0.0
20230418,0,3460,0.0,0.0
20230419,0,3460,0.0,0.0
20230420,0,3460,0.002165,0.0
20230421,0,3460,0.00158,0.0
20230424,0,3460,0.0,0.0
20230425,0,3460,0.0,0.0
20230426,0,3460,0.0,0.0
20230427,0,3460,0.0,0.0
20230428,0,3460,0.0,0.0
20230504,0,3460,0.003969,0.0
20230505,0,3460,0.0,0.0
20230508,0,3460,0.0,0.0
20230509,0,3460,0.0,0.0
20230510,0,3460,0.0,0.0
20230511,0,3460,0.001403,0.0
20230512,0,3460,0.0,0.0
20230515,0,3460,0.003798,0.0
20230516,0,3460,0.0,0.0
20230517,0,3460,0.0,0.0
20230518,0,3460,0.0,0.0
20230519,0,3460,0.0,0.0
20230522,0,3460,0.0,0.0
20230523,0,3460,0.0,0.0
20230524,0,3460,0.004466,0.0
20230525,0,3460,0.002992,0.0
20230526,0,3460,0.0,0.0
20230529,0,3460,0.0,0.0
20230530,0,3460,0.0,0.0
20230531,0,3460,0.0,0.0
20230601,0,3460,0.0,0.0
20230602,0,3460,0.0,0.0
20230605,0,3460,0.0,0.0
20230606,0,3460,0.0,0.0
20230607,0,3460,0.004464,0.0
20230608,0,3460,0.0,0.0
20230609,0,3460,0.0,0.0
20230703,0,3460,0.0,0.0
20230704,0,3460,0.0,0.0
20230705,0,3460,0.0,0.0
20230706,0,3460,0.0,0.0
20230707,0,3460,0.0,0.0
20230710,0,3460,0.0,0.0
20230711,0,3460,0.0,0.0
20230712,1,3460,0.01129,0.00028901734104046245
20230713,0,3460,0.0,0.0
20230714,0,3460,0.0,0.0
20230717,0,3460,0.0,0.0
20230718,0,3460,0.0,0.0
20230719,0,3460,0.0,0.0
20230720,0,3460,0.0,0.0
20230721,0,3460,0.0,0.0
20230724,0,3460,0.0,0.0
20230725,0,3460,0.002483,0.0
20230726,0,3460,0.0,0.0
20230727,0,3460,0.0,0.0
20230728,0,3460,0.0,0.0
20230731,0,3460,0.0,0.0
20230801,0,3460,0.0,0.0
20230802,0,3460,0.0,0.0
20230803,0,3460,0.0,0.0
20230804,0,3460,0.0,0.0
20230807,0,3460,0.0,0.0
20230808,0,3460,0.0,0.0
20230809,0,3460,0.0,0.0
20230810,0,3460,0.0,0.0
20230811,0,3460,0.0,0.0
20230814,0,3460,0.0,0.0
20230815,0,3460,0.0,0.0
20230816,0,3460,0.0,0.0
20230817,0,3460,0.001159,0.0
20230818,0,3460,0.0,0.0
20230821,0,3460,0.0,0.0
20230822,0,3460,0.0,0.0
20230823,0,3460,0.0,0.0
20230824,0,3460,0.0,0.0
20230825,0,3460,0.0,0.0
20230828,0,3460,0.0,0.0
20230829,0,3460,0.0,0.0
20230830,0,3460,0.0,0.0
20230831,0,3460,0.0,0.0
20230901,0,3460,0.0,0.0
20230904,0,3460,0.0,0.0
20230905,0,3460,0.0,0.0
20230906,0,3460,0.0,0.0
20230907,0,3460,0.0,0.0
20230908,0,3460,0.0,0.0
20230911,0,3460,0.0,0.0
20230912,0,3460,0.00108,0.0
20230913,0,3460,0.0,0.0
20230914,0,3460,0.0,0.0
20230915,0,3460,0.0,0.0
20230918,0,3460,0.0,0.0
20230919,0,3460,0.0,0.0
20230920,0,3460,0.0,0.0
20230921,0,3460,0.0,0.0
20230922,0,3460,0.005052,0.0
20230925,0,3460,0.002314,0.0
20230926,0,3460,0.0,0.0
20230927,0,3460,0.0,0.0
20230928,0,3460,0.0,0.0
20231009,0,3460,0.0,0.0
20231010,0,3460,0.0,0.0
20231011,0,3460,0.0,0.0
20231012,0,3460,0.0,0.0
20231013,0,3460,0.0,0.0
20231016,0,3460,0.0,0.0
20231017,0,3460,0.0,0.0
20231018,0,3460,0.0,0.0
20231019,0,3460,0.0,0.0
20231020,0,3460,0.0,0.0
20231023,0,3460,0.001655,0.0
20231024,0,3460,0.001122,0.0
20231025,0,3460,0.004504,0.0
20231026,0,3460,0.0,0.0
20231027,0,3460,0.0,0.0
20231030,0,3460,0.0,0.0
20231031,0,3460,0.0,0.0
20231101,0,3460,0.0,0.0
20231102,0,3460,0.0,0.0
20231103,0,3460,0.0,0.0
20231106,0,3460,0.0,0.0
20231107,0,3460,0.0,0.0
20231108,0,3460,0.0,0.0
20231109,0,3460,0.0,0.0
20231110,0,3460,0.0,0.0
20231113,0,3460,0.0,0.0
20231114,0,3460,0.0,0.0
20231115,0,3460,0.0,0.0
20231116,0,3460,0.0,0.0
20231117,0,3460,0.0,0.0
20231120,0,3460,0.0,0.0
20231121,0,3460,0.0,0.0
20231122,0,3460,0.0,0.0
20231123,0,3460,0.0,0.0
20231124,0,3460,0.0,0.0
20231127,0,3460,0.0,0.0
20231128,0,3460,0.0,0.0
20231129,0,3460,0.0,0.0
20231130,0,3460,0.00113,0.0
20231201,0,3460,0.0,0.0
20231204,0,3460,0.0,0.0
20231205,0,3460,0.004519,0.0
20231206,0,3460,0.005163,0.0
20231207,0,3460,0.001497,0.0
20231208,0,3460,0.00217,0.0
20231211,0,3460,0.0,0.0
20231212,0,3460,0.0,0.0
20231213,0,3460,0.0,0.0
20231214,0,3460,0.0,0.0
20231215,0,3460,0.0,0.0
20231218,0,3460,0.001924,0.0
20231219,0,3460,0.0,0.0
20231220,0,3460,0.002646,0.0
20231221,0,3460,0.0,0.0
20231222,0,3460,0.00252,0.0
20231225,0,3460,0.0,0.0
20231226,0,3460,0.0,0.0
20231227,0,3460,0.0,0.0
20231228,0,3460,0.0,0.0
20231229,0,3460,0.0,0.0
20240102,0,6920,0.004457,0.0
20240103,0,3460,0.0,0.0
20240104,0,3460,0.00106,0.0
20240105,0,3460,0.0,0.0
20240108,0,3460,0.0,0.0
20240109,0,3460,0.001425,0.0
20240110,0,3460,0.0,0.0
20240111,0,3460,0.0,0.0
20240112,0,3460,0.0,0.0
20240115,0,3460,0.0,0.0
20240116,1,3460,0.033026,0.00028901734104046245
20240117,0,3460,0.0,0.0
20240118,0,3460,0.0,0.0
20240119,0,3460,0.0,0.0
20240122,0,3460,0.0,0.0
20240123,0,3460,0.0,0.0
20240124,0,3460,0.0,0.0
20240125,0,3460,0.0,0.0
20240126,0,3460,0.0,0.0
20240129,0,3460,0.0,0.0
20240130,0,3460,0.0,0.0
20240131,0,3460,0.0,0.0
20240201,0,3460,0.0,0.0
20240202,0,3460,0.001082,0.0
20240205,0,3460,0.0,0.0
20240206,0,3460,0.001711,0.0
20240207,0,3460,0.001154,0.0
20240208,0,3460,0.006261,0.0
20240219,0,3460,0.001781,0.0
20240220,0,3460,0.0,0.0
20240221,0,3460,0.0,0.0
20240222,0,3460,0.0,0.0
20240223,0,3460,0.001064,0.0
20240226,0,3460,0.0,0.0
20240227,0,3460,0.0,0.0
20240228,0,3460,0.0,0.0
20240229,0,3460,0.0,0.0
20240301,0,3460,0.0,0.0
20240304,0,3460,0.0,0.0
20240305,0,3460,0.0,0.0
20240306,0,3460,0.0,0.0
20240307,0,3460,0.0,0.0
20240308,0,3460,0.0,0.0
20240311,0,3460,0.0,0.0
20240312,0,3460,0.0,0.0
20240313,0,3460,0.0,0.0
20240314,0,3460,0.0,0.0
20240315,0,3460,0.0,0.0
20240318,0,3460,0.004665,0.0
20240319,0,3460,0.002157,0.0
20240320,0,3460,0.001243,0.0
20240321,0,3460,0.002395,0.0
20240322,0,3460,0.007727,0.0
20240325,0,3460,0.003725,0.0
20240326,0,3460,0.0,0.0
20240327,0,3460,0.0,0.0
20240328,0,3460,0.0,0.0
20240329,0,3460,0.0,0.0
20240401,0,3460,0.001063,0.0
20240402,0,3460,0.0,0.0
20240403,0,3460,0.0,0.0
20240408,0,3460,0.0,0.0
20240409,0,3460,0.0,0.0
20240410,0,3460,0.0,0.0
20240411,0,3460,0.0,0.0
20240412,0,3460,0.0,0.0
20240415,0,3460,0.0,0.0
20240416,0,3460,0.0,0.0
20240417,0,3460,0.0,0.0
20240418,0,3460,0.0,0.0
20240419,0,3460,0.0,0.0
20240422,0,3460,0.0,0.0
20240423,0,3460,0.003431,0.0
20240424,0,3460,0.0,0.0
20240425,0,3460,0.0,0.0
20240426,0,3460,0.0,0.0
20240429,0,3460,0.0,0.0
20240430,0,3460,0.0,0.0
20240506,0,3460,0.0,0.0
20240507,0,3460,0.0,0.0
20240508,0,3460,0.0,0.0
20240509,0,3460,0.0,0.0
20240510,0,3460,0.0,0.0
20240513,0,3460,0.0,0.0
20240514,0,3460,0.0,0.0
20240515,0,3460,0.0,0.0
20240516,0,3460,0.0,0.0
20240517,0,3460,0.0,0.0
20240520,0,3460,0.0,0.0
20240521,0,3460,0.006541,0.0
20240522,0,3460,0.0,0.0
20240523,0,3460,0.0,0.0
20240524,0,3460,0.0,0.0
20240527,0,3460,0.002366,0.0
20240528,0,3460,0.0,0.0
20240529,0,3460,0.0,0.0
20240530,0,3460,0.0,0.0
20240531,0,3460,0.0,0.0
20240603,0,3460,0.0,0.0
20240604,0,3460,0.0,0.0
20240605,0,3460,0.0,0.0
20240606,0,3460,0.0,0.0
20240607,0,3460,0.0,0.0
20240611,0,3460,0.0,0.0
20240612,0,3460,0.0,0.0
20240613,0,3460,0.0,0.0
20240614,0,3460,0.0,0.0
20240617,0,3460,0.001069,0.0
20240618,0,3460,0.0,0.0
20240619,0,3460,0.002005,0.0
20240620,0,3460,0.0,0.0
20240621,0,3460,0.002558,0.0
20240624,0,3460,0.003311,0.0
20240625,0,3460,0.0,0.0
20240626,0,3460,0.0,0.0
20240627,0,3460,0.0,0.0
20240628,0,3460,0.0,0.0
20240701,0,3460,0.0,0.0
20240702,0,3460,0.0,0.0
20240703,0,3460,0.0,0.0
20240704,0,3460,0.0,0.0
20240705,0,3460,0.0,0.0
20240708,0,3460,0.0,0.0
20240709,0,3460,0.0,0.0
20240710,0,3460,0.0,0.0
20240711,0,3460,0.0,0.0
20240712,0,3460,0.0,0.0
20240715,0,3460,0.0,0.0
20240716,0,3460,0.0,0.0
20240717,0,3460,0.0,0.0
20240718,0,3460,0.0,0.0
20240719,0,3460,0.0,0.0
20240722,0,3460,0.002075,0.0
20240723,0,3460,0.004759,0.0
20240724,0,3460,0.0,0.0
20240725,0,3460,0.00282,0.0
20240726,0,3460,0.0,0.0
20240729,0,3460,0.0,0.0
20240730,0,3460,0.0,0.0
20240731,0,3460,0.0,0.0
20240801,0,3460,0.0,0.0
20240802,0,3460,0.0,0.0
20240805,0,3460,0.0,0.0
20240806,0,3460,0.0,0.0
20240807,0,3460,0.0,0.0
20240808,0,3460,0.0,0.0
20240809,0,3460,0.0,0.0
20240812,0,3460,0.0,0.0
20240813,0,3460,0.0,0.0
20240814,0,3460,0.0,0.0
20240815,0,3460,0.0,0.0
20240816,0,3460,0.0,0.0
20240819,0,3460,0.0,0.0
20240820,0,3460,0.0,0.0
20240821,0,3460,0.0,0.0
20240822,0,3460,0.0,0.0
20240823,0,3460,0.0,0.0
20240826,0,3460,0.001825,0.0
20240827,0,3460,0.0,0.0
20240828,0,3460,0.0,0.0
20240829,0,3460,0.0,0.0
20240830,0,3460,0.0,0.0
20240902,0,3460,0.0,0.0
20240903,0,3460,0.0,0.0
20240904,0,3460,0.0,0.0
20240905,0,3460,0.0,0.0
20240906,0,3460,0.0,0.0
20240909,0,3460,0.0,0.0
20240910,0,3460,0.0,0.0
20240911,0,3460,0.0,0.0
20240912,0,3460,0.0,0.0
20240913,0,3460,0.0,0.0
20240918,0,3460,0.0,0.0
20240919,0,3460,0.0,0.0
20240920,0,3460,0.001853,0.0
20240923,0,3460,0.0,0.0
20240924,0,3460,0.003798,0.0
20240925,0,3460,0.0,0.0
20240926,0,3460,0.0,0.0
20240927,0,3460,0.0,0.0
20240930,0,3460,0.004739,0.0
20241008,0,3460,0.0,0.0
20241009,0,3460,0.0,0.0
20241010,0,3460,0.0,0.0
20241011,0,3460,0.0,0.0
20241014,0,3460,0.0,0.0
20241015,0,3460,0.0,0.0
20241016,0,3460,0.0,0.0
20241017,0,3460,0.0,0.0
20241018,0,3460,0.0,0.0
20241021,0,3460,0.0,0.0
20241022,0,3460,0.0,0.0
20241023,0,3460,0.0,0.0
20241024,0,3460,0.004577,0.0
20241025,0,3460,0.008216,0.0
20241028,0,3460,0.0,0.0
20241029,0,3460,0.0,0.0
20241030,0,3460,0.0,0.0
20241031,0,3460,0.0,0.0
20241101,0,3460,0.0,0.0
20241104,0,3460,0.0,0.0
20241105,0,3460,0.0,0.0
20241106,0,3460,0.0,0.0
20241107,0,3460,0.0,0.0
20241108,0,3460,0.003395,0.0
20241111,0,3460,0.0,0.0
20241112,0,3460,0.0,0.0
20241113,0,3460,0.0,0.0
20241114,0,3460,0.0,0.0
20241115,0,3460,0.0,0.0
20241118,0,3460,0.0,0.0
20241119,0,3460,0.0,0.0
20241120,0,3460,0.0,0.0
20241121,0,3460,0.0,0.0
20241122,0,3460,0.0,0.0
20241125,0,3460,0.0,0.0
20241126,0,3460,0.0,0.0
20241127,0,3460,0.0,0.0
20241128,0,3460,0.0,0.0
20241129,0,3460,0.0,0.0
20241202,0,3460,0.0,0.0
20241203,0,3460,0.0,0.0
20241204,0,3460,0.0,0.0
20241205,0,3460,0.0,0.0
20241206,0,3460,0.0,0.0
20241209,0,3460,0.0,0.0
20241210,0,3460,0.0,0.0
20241211,0,3460,0.0,0.0
20241212,0,3460,0.0,0.0
20241213,0,3460,0.0,0.0
20241216,0,3460,0.0,0.0
20241217,0,3460,0.0,0.0
20241218,0,3460,0.00427,0.0
20241219,0,3460,0.001792,0.0
20241220,0,3460,0.0,0.0
20241223,0,3460,0.0,0.0
20241224,0,3460,0.001148,0.0
20241225,0,3460,0.0,0.0
20241226,0,3460,0.0,0.0
20241227,0,3460,0.001973,0.0
20241230,0,3460,0.0,0.0
20241231,0,3460,0.0,0.0
20250102,0,6920,0.0,0.0
20250103,0,3460,0.0,0.0
20250106,0,3460,0.0,0.0
20250107,0,3460,0.0,0.0
20250108,0,3460,0.0,0.0
20250109,0,3460,0.0,0.0
20250110,0,3460,0.0,0.0
20250113,0,3460,0.0,0.0
20250114,0,3460,0.001026,0.0
20250115,0,3460,0.0,0.0
20250116,0,3460,0.0,0.0
20250117,0,3460,0.0,0.0
20250120,0,3460,0.0,0.0
20250121,0,3460,0.0,0.0
20250122,0,3460,0.0,0.0
20250123,0,3460,0.0,0.0
20250124,0,3460,0.0,0.0
20250127,0,3460,0.0,0.0
20250205,0,3460,0.0,0.0
20250206,0,3460,0.0,0.0
20250207,0,3460,0.0,0.0
20250210,0,3460,0.0,0.0
20250211,0,3460,0.0,0.0
20250212,0,3460,0.0,0.0
20250213,0,3460,0.0,0.0
20250214,0,3460,0.0,0.0
20250217,0,3460,0.0,0.0
20250218,0,3460,0.0,0.0
20250219,0,3460,0.0,0.0
20250220,0,3460,0.0,0.0
20250221,0,3460,0.006598,0.0
20250224,0,3460,0.0,0.0
20250225,0,3460,0.0,0.0
20250226,0,3460,0.0,0.0
20250227,0,3460,0.0,0.0
20250228,0,3460,0.0,0.0
20250303,0,3460,0.001251,0.0
20250304,0,3460,0.0,0.0
20250305,0,3460,0.0,0.0
20250306,0,3460,0.0,0.0
20250310,0,3460,0.0,0.0
20250311,0,3460,0.001658,0.0
20250312,0,3460,0.0,0.0
20250313,0,3460,0.0,0.0
20250319,0,3460,0.0,0.0
20250320,0,3460,0.007761,0.0
20250321,0,3460,0.0,0.0
20250324,0,3460,0.0,0.0
20250325,0,3460,0.005294,0.0
20250326,0,3460,0.0,0.0
20250327,0,3460,0.0,0.0
20250328,0,3460,0.0,0.0
20250331,0,3460,0.0,0.0
20250401,0,3460,0.0,0.0
20250402,0,3460,0.0,0.0
20250403,0,3460,0.0,0.0
20250407,0,3460,0.0,0.0
20250408,0,3460,0.0,0.0
20250409,0,3460,0.002662,0.0
20250410,0,3460,0.003424,0.0
20250411,0,3460,0.004436,0.0
20250414,0,3460,0.0,0.0
20250415,0,3460,0.002908,0.0
20250416,0,3460,0.0,0.0
20250417,0,3460,0.0,0.0
20250418,0,3460,0.0,0.0
20250421,0,3460,0.0,0.0
20250422,0,3460,0.004006,0.0
20250423,0,3460,0.004578,0.0
20250424,0,3460,0.00442,0.0
20250425,0,3460,0.0,0.0
20250428,0,3460,0.0,0.0
20250429,0,3460,0.0,0.0
20250430,0,3460,0.0,0.0
20250506,0,3460,0.0,0.0
20250507,0,3460,0.0,0.0
20250508,0,3460,0.0,0.0
20250509,0,3460,0.0,0.0
20250512,0,3460,0.0,0.0
20250513,0,3460,0.001169,0.0
20250514,0,3460,0.0,0.0
20250515,0,3460,0.0,0.0
20250516,0,3460,0.001173,0.0
20250519,0,3460,0.0,0.0
20250520,0,3460,0.0,0.0
20250521,0,3460,0.0,0.0
20250522,0,3460,0.0,0.0
20250523,0,3460,0.004247,0.0
20250526,0,3460,0.003135,0.0
20250527,0,3460,0.0,0.0
20250528,0,3460,0.0,0.0
20250529,0,3460,0.0,0.0
20250530,0,3460,0.0,0.0
20250603,0,3460,0.0,0.0
20250604,0,3460,0.0,0.0
20250605,0,3460,0.0,0.0
20250606,0,3460,0.001453,0.0
20250609,0,3460,0.0,0.0
20250610,0,3460,0.0,0.0
20250611,0,3460,0.0,0.0
20250612,0,3460,0.0,0.0
20250613,0,3460,0.0,0.0
20250616,0,3460,0.0,0.0
20250618,0,3460,0.0,0.0
20250619,0,3460,0.0,0.0
20250620,0,3460,0.0,0.0
20250623,0,3460,0.002878,0.0
20250624,0,3460,0.0,0.0
20250625,0,3460,0.0,0.0
20250626,0,3460,0.0,0.0
20250627,0,3460,0.0,0.0
20250630,0,3460,0.0,0.0
20250701,0,3460,0.0,0.0
20250702,0,3460,0.0,0.0
20250703,0,3460,0.0,0.0
20250704,0,3460,0.0,0.0
20250707,0,3460,0.0,0.0
20250708,0,3460,0.002469,0.0
20250709,0,3460,0.0,0.0
20250710,0,3460,0.0,0.0
20250711,0,3460,0.0,0.0
20250714,0,3460,0.0,0.0
20250715,0,3460,0.0,0.0
20250716,0,3460,0.0,0.0
20250717,0,3460,0.0,0.0
20250718,0,3460,0.0,0.0
20250721,0,3460,0.0,0.0
20250723,0,3460,0.001674,0.0
20250724,0,3460,0.00198,0.0
20250728,0,3460,0.009484,0.0
20250729,0,3460,0.0,0.0
20250730,0,3460,0.0,0.0
20250731,0,3460,0.0,0.0
20250801,0,3460,0.0,0.0
20250804,0,3460,0.0,0.0
20250805,0,3460,0.001225,0.0
20250806,0,3460,0.0,0.0
20250807,0,3460,0.0,0.0
20250808,0,3460,0.0,0.0
20250811,0,3460,0.0,0.0
20250812,0,3460,0.0,0.0
20250813,0,3460,0.0,0.0
20250814,0,3460,0.0,0.0
20250815,0,3460,0.0,0.0
20250818,0,3460,0.0,0.0
20250819,0,3460,0.0,0.0
20250820,0,3460,0.0,0.0
20250821,0,3460,0.001116,0.0
20250822,0,3460,0.0,0.0
20250825,0,3460,0.001988,0.0
20250826,0,3460,0.0,0.0
20250827,0,3460,0.0,0.0
20250828,0,3460,0.0,0.0
20250829,0,3460,0.0,0.0
20250902,0,3460,0.0,0.0
20250903,0,3460,0.0,0.0
20250904,0,3460,0.0,0.0
20250905,0,3460,0.0,0.0
20250908,0,3460,0.0,0.0
20250909,0,3460,0.0,0.0
20250910,0,3460,0.0,0.0
20250911,0,3460,0.0,0.0
20250912,0,3460,0.0,0.0
20250915,0,3460,0.0,0.0
20250916,0,3460,0.0,0.0
20250917,0,3460,0.0,0.0
20250918,0,3460,0.001873,0.0
20250919,0,3460,0.0,0.0
20250922,0,3460,0.0,0.0
20250923,0,3460,0.003807,0.0
20250924,0,3460,0.00199,0.0
20250925,0,3460,0.0,0.0
20250926,0,3460,0.0,0.0
20250929,0,3460,0.0,0.0
20250930,0,3460,0.0,0.0
20251009,0,3460,0.0,0.0
20251010,0,3460,0.0,0.0
20251013,0,3460,0.0,0.0
20251014,0,3460,0.0,0.0
20251015,0,3460,0.0,0.0
20251016,0,3460,0.0,0.0
20251017,0,3460,0.0,0.0
20251020,0,3460,0.0,0.0
20251021,0,3460,0.0,0.0
20251022,0,3460,0.0,0.0
20251023,0,3460,0.0,0.0
20251024,0,3460,0.0,0.0
20251027,0,3460,0.0,0.0
20251028,0,3460,0.0,0.0
20251029,0,3460,0.0,0.0
20251030,0,3460,0.0,0.0
20251031,0,3460,0.0,0.0
20251103,0,3460,0.0,0.0
20251104,0,3460,0.0,0.0
20251105,0,3460,0.0,0.0
20251106,0,3460,0.0,0.0
20251107,0,3460,0.0,0.0
20251110,0,3460,0.006147,0.0
20251111,0,3460,0.0,0.0
20251112,0,3460,0.003379,0.0
20251113,0,3460,0.0,0.0
20251114,0,3460,0.0,0.0
20251117,0,3460,0.0,0.0
20251118,0,3460,0.0,0.0
20251119,0,3460,0.0,0.0
20251120,0,3460,0.0,0.0
20251121,0,3460,0.0,0.0
20251124,0,3460,0.0,0.0
20251125,0,3460,0.0,0.0
20251126,0,3460,0.0,0.0
20251127,0,3460,0.0,0.0
20251128,0,3460,0.0,0.0
20251201,0,3460,0.0,0.0
20251202,0,3460,0.0,0.0
20251203,0,3460,0.0,0.0
20251204,0,3460,0.0,0.0
20251205,0,3460,0.0,0.0
20251208,0,3460,0.0,0.0
20251209,0,3460,0.0,0.0
20251210,0,3460,0.0,0.0
20251211,0,3460,0.0,0.0
20251212,0,3460,0.0,0.0
20251215,0,3460,0.0,0.0
20251216,0,3460,0.0,0.0
20251217,0,3460,0.0,0.0
20251218,0,3460,0.0,0.0
20251219,0,3460,0.0,0.0
20251222,0,3460,0.0,0.0
20251223,0,3460,0.0,0.0
20251224,0,3460,0.0,0.0
20251225,0,3460,0.0,0.0
20251226,0,3460,0.0,0.0
20251229,0,3460,0.0,0.0
20251230,0,3460,0.0,0.0
20251231,0,3460,0.0,0.0
20260105,0,3460,0.0,0.0
20260106,0,3460,0.0,0.0
20260107,0,3460,0.0,0.0
20260108,0,3460,0.00134,0.0
20260109,0,3460,0.001204,0.0
20260112,0,3460,0.0,0.0
20260113,0,3460,0.0,0.0
20260114,0,3460,0.001082,0.0
20260115,0,3460,0.0,0.0
20260116,0,3460,0.0,0.0
20260119,0,3460,0.0,0.0
20260120,0,3460,0.0,0.0
20260121,0,3460,0.0,0.0
20260122,0,3460,0.0,0.0
20260123,0,3460,0.0,0.0
20260126,0,3460,0.0,0.0
20260127,0,3460,0.0,0.0
20260128,0,3460,0.0,0.0
20260129,0,3460,0.0,0.0
20260130,0,3460,0.003972,0.0
20260202,0,3460,0.0,0.0
20260203,0,3460,0.0,0.0
20260204,0,3460,0.0,0.0
20260205,0,3460,0.0,0.0
20260206,0,3460,0.0,0.0
20260209,0,3460,0.0,0.0
20260210,0,3460,0.0,0.0
20260211,0,3460,0.0,0.0
20260212,0,3460,0.004891,0.0
20260213,0,3460,0.00375,0.0
20260224,0,3460,0.003053,0.0
20260225,0,3460,0.0,0.0
20260226,0,3460,0.0,0.0
20260227,0,3460,0.0,0.0
20260303,0,3460,0.0,0.0
20260304,0,3460,0.0,0.0
20260305,0,3460,0.0,0.0
20260306,0,3460,0.0,0.0
20260310,0,3460,0.0,0.0
20260311,0,3460,0.0,0.0
20260312,0,3460,0.0,0.0
20260313,0,3460,0.0,0.0
20260316,0,3460,0.0,0.0
20260317,0,3460,0.0,0.0
20260318,0,3460,0.0,0.0
20260319,0,3460,0.0,0.0
20260320,0,3460,0.0,0.0
20260324,0,3460,0.0,0.0
20260325,0,3460,0.003347,0.0
20260326,0,3460,0.0,0.0
20260327,0,3460,0.0,0.0
20260401,0,3460,0.0,0.0
20260402,0,3460,0.0,0.0
20260403,0,3460,0.0,0.0
20260407,0,3460,0.0,0.0
20260409,0,3460,0.0,0.0
20260410,0,3460,0.0,0.0
20260414,0,3460,0.0,0.0
20260415,0,3460,0.0,0.0
20260416,0,3460,0.0,0.0
20260420,0,3460,0.0,0.0
20260421,0,3460,0.0,0.0
20260422,0,3460,0.001462,0.0
20260423,1,3460,0.011153,0.00028901734104046245
20260424,0,3460,0.004399,0.0
20260427,0,3460,0.0,0.0
20260428,0,3460,0.0,0.0
20260429,0,3460,0.0,0.0
20260430,0,3460,0.0,0.0
20260506,0,3460,0.0,0.0
20260507,0,3460,0.0,0.0
20260511,0,3460,0.0,0.0
20260512,0,3460,0.0,0.0
20260513,0,3460,0.0,0.0
20260514,0,3460,0.0,0.0
20260515,0,3460,0.0,0.0
20260518,0,3460,0.0,0.0
20260522,0,3460,0.0,0.0
20260525,0,3460,0.0,0.0
20260526,0,3460,0.0,0.0
20260527,0,3460,0.0,0.0
20260528,0,3460,0.0,0.0
20260601,0,3460,0.0,0.0
20260602,0,3460,0.0,0.0
20260603,0,3460,0.0,0.0
20260609,0,3460,0.0,0.0
20260610,0,3460,0.0,0.0
20260611,0,3460,0.0,0.0
20260612,0,3460,0.0,0.0
20260616,0,3460,0.0,0.0
20260617,0,3460,0.0,0.0
20260618,0,3460,0.0,0.0
20260622,0,3460,0.0,0.0
20260623,0,3460,0.0,0.0
20260624,0,3460,0.0,0.0
20260625,0,3460,0.0,0.0
20260626,0,3460,0.0,0.0
20260629,0,3460,0.0,0.0
20260630,0,3460,0.0,0.0
20260701,0,3460,0.0,0.0
20260702,0,3460,0.0,0.0
20260703,0,3460,0.0,0.0
20260706,0,3460,0.0,0.0
20260707,0,3460,0.0,0.0
20260708,0,3460,0.0,0.0
20260710,0,3460,0.0,0.0
20260713,0,3460,0.0,0.0
20260714,0,3460,0.0,0.0
20260715,0,3460,0.0,0.0
20260716,0,3460,0.0,0.0
20260717,0,3460,0.0,0.0
20260721,0,3460,0.0,0.0
20260723,0,3460,0.007344,0.0
20260724,0,3460,0.002237,0.0
20260727,0,3460,0.003217,0.0
20260728,0,3460,0.0,0.0
20260729,0,3460,0.0,0.0
20260730,0,3460,0.0,0.0
20260731,0,3460,0.0,0.0
20260803,0,3460,0.0,0.0
20260805,0,3460,0.0,0.0
20260806,0,3460,0.0,0.0
20260807,0,3460,0.0,0.0
20260810,0,3460,0.004755,0.0
20260811,0,3460,0.0,0.0
