clearing_day,market,product,contract,tdate,bartime,mask,open,high,low,close,volume,value,vwap,market_cn,year
20150105,XDCE,A,A1601,20150105,09:01,5,0,4401.0,0,4399.0,6,264680,4411.33,大商所,2015
20150112,XDCE,A,A1601,20150109,21:01,5,0,4450.0,0,4450.0,13,578380,4449.08,大商所,2015
20150114,XDCE,A,A1605,20150113,21:05,5,0,4416.0,0,4416.0,1,44160,4416.0,大商所,2015
20150120,XDCE,A,A1601,20150119,21:01,5,0,4400.0,0,4376.0,5,219970,4399.4,大商所,2015
20150120,XDCE,A,A1605,20150120,09:20,5,0,4400.0,0,4400.0,1,44000,4400.0,大商所,2015
20150120,XDCE,J,J1509,20150119,21:01,5,0,1059.0,0,1059.0,16,1694700,1059.19,大商所,2015
20150121,XDCE,Y,Y1601,20150120,21:06,5,0,5784.0,0,5784.0,1,57840,5784.0,大商所,2015
20150123,XDCE,Y,Y1601,20150122,21:10,5,0,5742.0,0,5742.0,1,57420,5742.0,大商所,2015
20150128,XDCE,CS,CS1601,20150128,14:51,5,0,2720.0,0,2720.0,2,54400,2720.0,大商所,2015
20160707,XDCE,J,J1705,20160706,21:22,5,0,982.0,0,982.0,1,98200,982.0,大商所,2016
20160708,XDCE,J,J1705,20160707,21:24,5,0,987.5,0,987.5,1,98750,987.5,大商所,2016
20160712,XDCE,J,J1705,20160711,21:02,5,0,999.0,0,999.0,3,299500,998.333,大商所,2016
20160712,XDCE,V,V1705,20160712,09:01,5,0,5150.0,0,5150.0,5,128750,5150.0,大商所,2016
20160713,XDCE,J,J1705,20160712,21:03,5,0,1045.0,0,1045.0,10,1046350,1046.35,大商所,2016
20160719,XDCE,J,J1705,20160718,21:03,5,0,1002.5,0,989.0,18,1800700,1000.39,大商所,2016
20160720,XDCE,A,A1705,20160719,21:01,5,0,3852.0,0,3852.0,4,154050,3851.25,大商所,2016
20160721,XDCE,PP,PP1705,20160721,09:01,5,0,7000.0,0,6985.0,67,2340065,6985.27,大商所,2016
20160721,XDCE,V,V1701,20160721,09:01,5,0,5280.0,0,5280.0,143,3759950,5258.67,大商所,2016
20160725,XDCE,J,J1705,20160722,21:16,5,0,1006.0,0,1006.0,1,100600,1006.0,大商所,2016
20160728,XDCE,J,J1705,20160727,21:07,5,0,1035.5,0,1035.5,3,311150,1037.17,大商所,2016
20160729,XDCE,J,J1705,20160728,21:06,5,0,1046.0,0,1046.0,5,522150,1044.3,大商所,2016
20160804,XDCE,J,J1705,20160803,21:11,5,0,1102.0,0,1102.0,1,110200,1102.0,大商所,2016
20160808,XDCE,JM,JM1701,20160805,21:01,5,0,830.0,0,828.5,316,15710460,828.611,大商所,2016
20160810,XDCE,V,V1705,20160810,09:01,5,0,5470.0,0,5470.0,11,301425,5480.45,大商所,2016
20160826,XDCE,JM,JM1705,20160825,21:01,5,0,889.0,0,889.0,19,1011030,886.868,大商所,2016
20160901,XDCE,V,V1705,20160901,09:01,5,0,5325.0,0,5320.0,7,186325,5323.57,大商所,2016
20160902,XDCE,M,M1609,20160902,09:05,5,0,3104.0,0,3104.0,12,371700,3097.5,大商所,2016
20160908,XDCE,Y,Y1609,20160908,14:33,5,0,6138.0,0,6138.0,2,122760,6138.0,大商所,2016
20160920,XDCE,PP,PP1709,20160920,09:01,5,0,6638.0,0,6638.0,16,530150,6626.88,大商所,2016
20160921,XDCE,J,J1709,20160920,21:20,5,0,1128.5,0,1128.5,1,112850,1128.5,大商所,2016
20160922,XDCE,I,I1709,20160921,21:01,5,0,362.0,0,362.0,33,1194150,361.864,大商所,2016
20160922,XDCE,PP,PP1709,20160922,09:01,5,0,6686.0,0,6685.0,37,1234345,6672.14,大商所,2016
20160929,XDCE,J,J1709,20160928,21:27,5,0,1170.5,0,1170.5,1,117050,1170.5,大商所,2016
20160930,XDCE,J,J1709,20160929,21:46,5,0,1181.0,0,1181.0,1,118100,1181.0,大商所,2016
20160930,XDCE,PP,PP1709,20160930,09:01,5,0,6743.0,0,6735.0,11,370745,6740.82,大商所,2016
20160930,XDCE,Y,Y1709,20160929,21:01,5,0,6420.0,0,6420.0,2,128400,6420.0,大商所,2016
20161011,XDCE,J,J1709,20161010,21:32,5,0,1175.0,0,1175.0,4,469850,1174.62,大商所,2016
20161014,XDCE,J,J1709,20161013,21:07,5,0,1249.5,0,1249.5,1,124950,1249.5,大商所,2016
20161014,XDCE,V,V1705,20161014,09:01,5,0,5945.0,0,5935.0,23,682675,5936.3,大商所,2016
20161020,XDCE,JM,JM1709,20161019,21:23,5,0,1028.0,0,1028.0,8,494040,1029.25,大商所,2016
20161024,XDCE,JM,JM1709,20161021,21:06,5,0,1045.0,0,1045.0,2,125370,1044.75,大商所,2016
20161025,XDCE,JM,JM1709,20161024,21:11,5,0,1045.5,0,1045.5,2,125460,1045.5,大商所,2016
20161031,XDCE,JM,JM1709,20161028,21:06,5,0,1078.0,0,1078.0,1,64680,1078.0,大商所,2016
20161102,XDCE,J,J1709,20161101,21:03,5,0,1519.5,0,1519.5,1,151950,1519.5,大商所,2016
20161102,XDCE,JM,JM1709,20161101,21:07,5,0,1088.0,0,1088.0,2,130560,1088.0,大商所,2016
20161103,XDCE,JM,JM1709,20161102,21:08,5,0,1087.5,0,1087.5,2,130500,1087.5,大商所,2016
20161110,XDCE,JM,JM1709,20161109,21:04,5,0,1324.0,0,1324.0,1,79440,1324.0,大商所,2016
20161111,XDCE,J,J1709,20161110,21:10,5,0,1783.0,0,1783.0,2,356600,1783.0,大商所,2016
20161115,XDCE,J,J1709,20161114,21:04,5,0,1830.0,0,1830.0,1,183000,1830.0,大商所,2016
20161115,XDCE,JM,JM1709,20161114,21:08,5,0,1436.0,0,1428.5,2,171870,1432.25,大商所,2016
20161209,XDCE,A,A1709,20161208,21:02,5,0,4204.0,0,4204.0,1,42040,4204.0,大商所,2016
20161212,XDCE,A,A1709,20161209,21:05,5,0,4191.0,0,4191.0,1,41910,4191.0,大商所,2016
20170105,XDCE,A,A1709,20170104,21:01,5,0,4209.0,0,4209.0,4,168340,4208.5,大商所,2017
20170112,XDCE,Y,Y1701,20170112,10:34,5,0,6870.0,0,6870.0,10,686860,6868.6,大商所,2017
20170118,XDCE,JM,JM1801,20170117,21:16,5,0,1048.0,0,1048.0,1,62880,1048.0,大商所,2017
20170118,XDCE,Y,Y1801,20170117,21:08,5,0,7168.0,0,7168.0,9,645600,7173.33,大商所,2017
20170124,XDCE,Y,Y1801,20170123,21:07,5,0,7146.0,0,7146.0,30,2142940,7143.13,大商所,2017
20170125,XDCE,V,V1801,20170125,09:59,5,0,6500.0,0,6500.0,2,64975,6497.5,大商所,2017
20170210,XDCE,PP,PP1801,20170210,09:15,5,0,9206.0,0,9206.0,1,46030,9206.0,大商所,2017
20170215,XDCE,CS,CS1801,20170215,09:01,5,0,2033.0,0,2031.0,41,832990,2031.68,大商所,2017
20170302,XDCE,J,J1801,20170301,21:06,5,0,1699.0,0,1699.0,1,169900,1699.0,大商所,2017
20170302,XDCE,V,V1801,20170302,09:01,5,0,6515.0,0,6515.0,2,65050,6505.0,大商所,2017
20170307,XDCE,V,V1801,20170307,09:07,5,0,6750.0,0,6750.0,6,202500,6750.0,大商所,2017
20170314,XDCE,PP,PP1801,20170314,09:02,5,0,8417.0,0,8417.0,1,42085,8417.0,大商所,2017
20170314,XDCE,V,V1801,20170314,09:09,5,0,6485.0,0,6485.0,2,64825,6482.5,大商所,2017
20170315,XDCE,J,J1801,20170314,21:12,5,0,1668.0,0,1668.0,2,333650,1668.25,大商所,2017
20170315,XDCE,JM,JM1801,20170314,21:04,5,0,1186.0,0,1185.5,7,497970,1185.64,大商所,2017
20170322,XDCE,A,A1801,20170321,21:01,5,0,3905.0,0,3905.0,15,585690,3904.6,大商所,2017
20170323,XDCE,PP,PP1801,20170323,09:03,5,0,8348.0,0,8334.0,9,375540,8345.33,大商所,2017
20170327,XDCE,J,J1801,20170324,21:21,5,0,1624.5,0,1624.5,1,162450,1624.5,大商所,2017
20170414,XDCE,J,J1801,20170413,21:02,5,0,1583.0,0,1583.0,4,634250,1585.62,大商所,2017
20170418,XDCE,JM,JM1801,20170417,21:02,5,0,1076.0,0,1075.5,4,258150,1075.62,大商所,2017
20170419,XDCE,J,J1801,20170418,21:01,5,0,1500.0,0,1486.5,21,3129000,1490.0,大商所,2017
20170419,XDCE,JM,JM1801,20170418,21:01,5,0,1041.0,0,1033.5,18,1117080,1034.33,大商所,2017
20170420,XDCE,PP,PP1801,20170420,09:01,5,0,7578.0,0,7573.0,13,492310,7574.0,大商所,2017
20170426,XDCE,J,J1801,20170425,21:01,5,0,1508.5,0,1502.5,5,752650,1505.3,大商所,2017
20170426,XDCE,JM,JM1801,20170425,21:02,5,0,1048.0,0,1048.0,2,125730,1047.75,大商所,2017
20170428,XDCE,JM,JM1801,20170427,21:01,5,0,1084.0,0,1084.0,2,129750,1081.25,大商所,2017
20170509,XDCE,M,M1705,20170508,21:17,5,0,2859.0,0,2859.0,12,343080,2859.0,大商所,2017
20170515,XDCE,Y,Y1705,20170515,14:25,5,0,5838.0,0,5838.0,27,1576260,5838.0,大商所,2017
20170523,XDCE,Y,Y1805,20170522,21:17,5,0,6288.0,0,6288.0,1,62880,6288.0,大商所,2017
20170524,XDCE,P,P1805,20170523,21:01,5,0,5310.0,0,5310.0,4,212320,5308.0,大商所,2017
20170525,XDCE,L,L1805,20170525,09:36,5,0,9145.0,0,9145.0,2,91450,9145.0,大商所,2017
20170526,XDCE,L,L1805,20170526,09:13,5,0,9025.0,0,9025.0,8,361000,9025.0,大商所,2017
20170601,XDCE,J,J1805,20170531,21:01,5,0,1283.0,0,1276.5,14,1793300,1280.93,大商所,2017
20170601,XDCE,P,P1805,20170531,21:07,5,0,5106.0,0,5106.0,1,51060,5106.0,大商所,2017
20170602,XDCE,J,J1805,20170601,21:08,5,0,1279.0,0,1279.0,1,127900,1279.0,大商所,2017
20170608,XDCE,A,A1805,20170607,21:03,5,0,3875.0,0,3874.0,5,193710,3874.2,大商所,2017
20170612,XDCE,PP,PP1805,20170612,09:06,5,0,7846.0,0,7846.0,21,823625,7844.05,大商所,2017
20170613,XDCE,L,L1805,20170613,09:01,5,0,8885.0,0,8885.0,19,842825,8871.84,大商所,2017
20170613,XDCE,Y,Y1805,20170612,21:11,5,0,6084.0,0,6084.0,11,669040,6082.18,大商所,2017
20170615,XDCE,P,P1805,20170614,21:03,5,0,5172.0,0,5172.0,3,155060,5168.67,大商所,2017
20170615,XDCE,Y,Y1805,20170614,21:03,5,0,6092.0,0,6092.0,3,182700,6090.0,大商所,2017
20170621,XDCE,V,V1805,20170621,09:03,5,0,5665.0,0,5665.0,1,28325,5665.0,大商所,2017
20170622,XDCE,CS,CS1805,20170622,09:01,5,0,2045.0,0,2045.0,8,163710,2046.38,大商所,2017
20170622,XDCE,Y,Y1805,20170621,21:06,5,0,6070.0,0,6070.0,2,121360,6068.0,大商所,2017
20170623,XDCE,JM,JM1805,20170622,21:31,5,0,987.0,0,982.5,5,295200,984.0,大商所,2017
20170623,XDCE,PP,PP1805,20170623,09:03,5,0,7669.0,0,7669.0,3,114905,7660.33,大商所,2017
20170626,XDCE,Y,Y1805,20170623,21:04,5,0,6016.0,0,6016.0,8,481220,6015.25,大商所,2017
20170627,XDCE,J,J1805,20170626,21:29,5,0,1492.5,0,1492.5,1,149250,1492.5,大商所,2017
20170627,XDCE,P,P1805,20170626,21:01,5,0,5156.0,0,5156.0,18,928860,5160.33,大商所,2017
20170628,XDCE,JM,JM1805,20170627,21:01,5,0,984.0,0,984.0,2,118440,987.0,大商所,2017
20170703,XDCE,V,V1805,20170703,09:13,5,0,6075.0,0,6075.0,2,60750,6075.0,大商所,2017
20170705,XDCE,V,V1805,20170705,09:01,5,0,6030.0,0,6030.0,12,360800,6013.33,大商所,2017
20170706,XDCE,J,J1805,20170705,21:04,5,0,1617.5,0,1617.5,3,485250,1617.5,大商所,2017
20170707,XDCE,L,L1805,20170707,09:01,5,0,8805.0,0,8795.0,13,572275,8804.23,大商所,2017
20170712,XDCE,J,J1805,20170711,21:07,5,0,1693.0,0,1693.0,1,169300,1693.0,大商所,2017
20170718,XDCE,P,P1805,20170717,21:01,5,0,5376.0,0,5376.0,4,215040,5376.0,大商所,2017
20170718,XDCE,Y,Y1805,20170717,21:01,5,0,6292.0,0,6292.0,3,188720,6290.67,大商所,2017
20170731,XDCE,CS,CS1805,20170731,09:01,5,0,1998.0,0,1996.0,20,399730,1998.65,大商所,2017
20170803,XDCE,A,A1805,20170802,21:01,5,0,3889.0,0,3888.0,3,116640,3888.0,大商所,2017
20170808,XDCE,V,V1805,20170808,09:02,5,0,7100.0,0,7100.0,3,106325,7088.33,大商所,2017
20170809,XDCE,JM,JM1805,20170808,21:03,5,0,1227.0,0,1225.0,3,220740,1226.33,大商所,2017
20170815,XDCE,CS,CS1805,20170815,09:01,5,0,2043.0,0,2043.0,2,40890,2044.5,大商所,2017
20170905,XDCE,L,L1709,20170905,09:07,5,0,10120.0,0,10120.0,40,2024000,10120.0,大商所,2017
20170908,XDCE,JM,JM1805,20170907,21:01,5,0,1317.5,0,1316.0,21,1658970,1316.64,大商所,2017
20170918,XDCE,L,L1809,20170918,09:59,5,0,9810.0,0,9810.0,1,49050,9810.0,大商所,2017
20170919,XDCE,P,P1809,20170918,21:02,5,0,5600.0,0,5600.0,3,168180,5606.0,大商所,2017
20170920,XDCE,L,L1809,20170920,10:40,5,0,9605.0,0,9605.0,2,96050,9605.0,大商所,2017
20170920,XDCE,V,V1809,20170920,09:03,5,0,6690.0,0,6690.0,13,434850,6690.0,大商所,2017
20170921,XDCE,A,A1805,20170920,21:01,5,0,3833.0,0,3829.0,68,2603320,3828.41,大商所,2017
20170921,XDCE,L,L1809,20170921,09:08,5,0,9600.0,0,9600.0,1,48000,9600.0,大商所,2017
20170921,XDCE,V,V1809,20170921,09:03,5,0,6605.0,0,6605.0,2,66050,6605.0,大商所,2017
20170925,XDCE,L,L1809,20170925,09:34,5,0,9440.0,0,9440.0,1,47200,9440.0,大商所,2017
20170925,XDCE,PP,PP1809,20170925,09:42,5,0,8600.0,0,8600.0,9,388450,8632.22,大商所,2017
20170927,XDCE,L,L1809,20170927,10:14,5,0,9555.0,0,9555.0,2,95550,9555.0,大商所,2017
20171012,XDCE,CS,CS1809,20171012,09:26,5,0,2074.0,0,2074.0,1,20740,2074.0,大商所,2017
20171013,XDCE,A,A1809,20171012,21:38,5,0,3878.0,0,3878.0,3,116340,3878.0,大商所,2017
20171013,XDCE,Y,Y1809,20171012,21:03,5,0,6256.0,0,6256.0,2,125120,6256.0,大商所,2017
20171017,XDCE,M,M1809,20171016,21:01,5,0,2810.0,0,2810.0,4,112370,2809.25,大商所,2017
20171018,XDCE,JM,JM1809,20171017,21:33,5,0,1116.5,0,1116.5,1,66990,1116.5,大商所,2017
20171018,XDCE,V,V1809,20171018,09:04,5,0,6235.0,0,6235.0,1,31175,6235.0,大商所,2017
20171019,XDCE,JM,JM1809,20171018,21:04,5,0,1139.5,0,1139.5,7,478590,1139.5,大商所,2017
20171020,XDCE,L,L1809,20171020,09:13,5,0,9570.0,0,9570.0,1,47850,9570.0,大商所,2017
20171024,XDCE,L,L1809,20171024,09:10,5,0,9825.0,0,9825.0,1,49125,9825.0,大商所,2017
20171026,XDCE,PP,PP1809,20171026,09:17,5,0,9118.0,0,9118.0,1,45590,9118.0,大商所,2017
20171101,XDCE,P,P1809,20171031,21:01,5,0,5652.0,0,5652.0,4,226260,5656.5,大商所,2017
20171102,XDCE,JM,JM1809,20171101,21:18,5,0,1103.0,0,1103.0,1,66180,1103.0,大商所,2017
20171107,XDCE,J,J1809,20171106,21:01,5,0,1877.0,0,1863.5,5,934750,1869.5,大商所,2017
20171113,XDCE,J,J1809,20171110,21:03,5,0,1875.5,0,1871.0,4,749250,1873.12,大商所,2017
20171113,XDCE,JM,JM1809,20171110,21:03,5,0,1221.0,0,1221.0,2,146520,1221.0,大商所,2017
20171116,XDCE,CS,CS1809,20171116,09:01,5,0,2145.0,0,2145.0,4,85830,2145.75,大商所,2017
20171116,XDCE,JM,JM1809,20171115,21:08,5,0,1161.5,0,1161.0,3,209040,1161.33,大商所,2017
20171117,XDCE,L,L1809,20171117,09:04,5,0,9495.0,0,9485.0,2,94900,9490.0,大商所,2017
20171120,XDCE,JM,JM1809,20171117,21:02,5,0,1171.0,0,1170.5,3,210690,1170.5,大商所,2017
20171120,XDCE,V,V1809,20171120,09:01,5,0,6200.0,0,6195.0,15,464900,6198.67,大商所,2017
20171121,XDCE,PP,PP1809,20171121,09:01,5,0,9224.0,0,9224.0,9,414850,9218.89,大商所,2017
20171127,XDCE,JM,JM1809,20171124,21:01,5,0,1278.5,0,1278.5,10,769020,1281.7,大商所,2017
20171128,XDCE,Y,Y1809,20171127,21:02,5,0,6192.0,0,6192.0,4,247680,6192.0,大商所,2017
20171130,XDCE,A,A1809,20171129,21:13,5,0,3832.0,0,3832.0,4,153280,3832.0,大商所,2017
20171130,XDCE,J,J1809,20171129,21:01,5,0,2028.0,0,2027.0,7,1420700,2029.57,大商所,2017
20171205,XDCE,J,J1809,20171204,21:03,5,0,2088.0,0,2088.0,1,208800,2088.0,大商所,2017
20171211,XDCE,J,J1809,20171208,21:01,5,0,1978.0,0,1978.0,3,593400,1978.0,大商所,2017
20171212,XDCE,J,J1809,20171211,21:02,5,0,2002.0,0,2002.0,20,4005900,2002.95,大商所,2017
20171214,XDCE,J,J1809,20171213,21:03,5,0,1965.0,0,1964.5,3,589450,1964.83,大商所,2017
20171222,XDCE,A,A1809,20171221,21:03,5,0,3690.0,0,3690.0,1,36900,3690.0,大商所,2017
20171222,XDCE,PP,PP1809,20171222,09:01,5,0,9184.0,0,9184.0,22,1009895,9180.86,大商所,2017
20171226,XDCE,A,A1809,20171225,21:01,5,0,3700.0,0,3695.0,7,258840,3697.71,大商所,2017
20180103,XDCE,A,A1809,20180102,21:01,5,0,3712.0,0,3707.0,23,852760,3707.65,大商所,2018
20180103,XDCE,V,V1801,20180103,10:46,5,0,6620.0,0,6620.0,6,198600,6620.0,大商所,2018
20180105,XDCE,CS,CS1809,20180105,09:01,5,0,2190.0,0,2189.0,36,788320,2189.78,大商所,2018
20180105,XDCE,J,J1809,20180104,21:02,5,0,1989.0,0,1989.0,8,1592450,1990.56,大商所,2018
20180109,XDCE,Y,Y1801,20180109,13:55,5,0,5422.0,0,5422.0,20,1084400,5422.0,大商所,2018
20180116,XDCE,Y,Y1901,20180115,21:04,5,0,5998.0,0,5998.0,15,901100,6007.33,大商所,2018
20180117,XDCE,V,V1901,20180117,09:28,5,0,6615.0,0,6610.0,2,66125,6612.5,大商所,2018
20180118,XDCE,J,J1809,20180117,21:01,5,0,1915.0,0,1915.0,2,382700,1913.5,大商所,2018
20180119,XDCE,JM,JM1901,20180118,22:37,5,0,1234.0,0,1234.0,1,74040,1234.0,大商所,2018
20180122,XDCE,JM,JM1901,20180119,22:09,5,0,1253.0,0,1253.0,2,150090,1250.75,大商所,2018
20180122,XDCE,P,P1901,20180119,21:37,5,0,5230.0,0,5230.0,1,52300,5230.0,大商所,2018
20180123,XDCE,J,J1809,20180122,21:02,5,0,1943.0,0,1942.5,10,1942850,1942.85,大商所,2018
20180124,XDCE,JM,JM1901,20180124,09:30,5,0,1242.5,0,1242.5,1,74550,1242.5,大商所,2018
20180125,XDCE,P,P1901,20180124,21:01,5,0,5298.0,0,5298.0,2,105960,5298.0,大商所,2018
20180125,XDCE,Y,Y1901,20180124,21:50,5,0,6016.0,0,6016.0,1,60160,6016.0,大商所,2018
20180126,XDCE,J,J1901,20180125,21:17,5,0,1953.5,0,1953.5,1,195350,1953.5,大商所,2018
20180126,XDCE,JM,JM1901,20180126,09:11,5,0,1241.0,0,1241.0,1,74460,1241.0,大商所,2018
20180201,XDCE,B,B1901,20180201,10:13,5,0,3120.0,0,3120.0,10,312000,3120.0,大商所,2018
20180202,XDCE,A,A1901,20180201,21:01,5,0,3638.0,0,3638.0,3,109180,3639.33,大商所,2018
20180205,XDCE,PP,PP1901,20180205,09:14,5,0,9261.0,0,9261.0,1,46305,9261.0,大商所,2018
20180212,XDCE,J,J1901,20180209,21:51,5,0,1976.0,0,1976.0,1,197600,1976.0,大商所,2018
20180212,XDCE,PP,PP1901,20180212,11:29,5,0,9105.0,0,9105.0,1,45525,9105.0,大商所,2018
20180223,XDCE,A,A1901,20180222,21:13,5,0,3755.0,0,3755.0,3,112650,3755.0,大商所,2018
20180223,XDCE,JM,JM1901,20180222,21:30,5,0,1281.5,0,1281.5,2,153690,1280.75,大商所,2018
20180226,XDCE,B,B1805,20180223,21:02,5,0,3364.0,0,3364.0,4,134410,3360.25,大商所,2018
20180226,XDCE,JM,JM1901,20180223,22:08,5,0,1290.0,0,1290.0,1,77400,1290.0,大商所,2018
20180228,XDCE,P,P1901,20180227,21:01,5,0,5264.0,0,5264.0,2,105280,5264.0,大商所,2018
20180301,XDCE,JM,JM1901,20180228,22:15,5,0,1297.0,0,1297.0,1,77820,1297.0,大商所,2018
20180302,XDCE,B,B1805,20180301,21:01,5,0,3404.0,0,3404.0,18,610490,3391.61,大商所,2018
20180302,XDCE,B,B1809,20180301,21:01,5,0,3475.0,0,3475.0,10,346550,3465.5,大商所,2018
20180302,XDCE,JM,JM1901,20180301,23:04,5,0,1283.0,0,1283.0,1,76980,1283.0,大商所,2018
20180305,XDCE,J,J1901,20180302,21:10,5,0,2055.5,0,2055.5,1,205550,2055.5,大商所,2018
20180305,XDCE,L,L1901,20180305,09:06,5,0,9445.0,0,9445.0,4,188900,9445.0,大商所,2018
20180306,XDCE,JM,JM1901,20180306,10:00,5,0,1279.0,0,1279.0,1,76740,1279.0,大商所,2018
20180306,XDCE,PP,PP1901,20180306,09:14,5,0,9250.0,0,9250.0,2,92510,9251.0,大商所,2018
20180308,XDCE,B,B1809,20180307,21:01,5,0,3422.0,0,3422.0,10,342720,3427.2,大商所,2018
20180308,XDCE,PP,PP1901,20180308,10:42,5,0,9184.0,0,9183.0,3,137755,9183.67,大商所,2018
20180309,XDCE,A,A1901,20180308,21:37,5,0,3811.0,0,3811.0,2,76210,3810.5,大商所,2018
20180312,XDCE,Y,Y1901,20180309,21:01,5,0,5952.0,0,5952.0,7,416460,5949.43,大商所,2018
20180315,XDCE,L,L1901,20180315,09:01,5,0,9325.0,0,9320.0,7,326450,9327.14,大商所,2018
20180315,XDCE,PP,PP1901,20180315,09:50,5,0,9065.0,0,9065.0,1,45325,9065.0,大商所,2018
20180319,XDCE,L,L1901,20180319,09:01,5,0,9260.0,0,9250.0,8,370400,9260.0,大商所,2018
20180320,XDCE,A,A1901,20180319,21:04,5,0,3820.0,0,3820.0,1,38200,3820.0,大商所,2018
20180320,XDCE,PP,PP1901,20180320,09:13,5,0,8861.0,0,8855.0,3,133080,8872.0,大商所,2018
20180322,XDCE,J,J1901,20180321,21:12,5,0,1810.0,0,1810.0,1,181000,1810.0,大商所,2018
20180326,XDCE,L,L1901,20180326,09:01,5,0,9100.0,0,9080.0,72,3271625,9087.85,大商所,2018
20180328,XDCE,J,J1901,20180327,21:04,5,0,1715.5,0,1715.5,3,514600,1715.33,大商所,2018
20180329,XDCE,JD,JD1901,20180329,09:01,5,0,3770.0,0,3761.0,7,263710,3767.29,大商所,2018
20180418,XDCE,B,B1901,20180417,21:06,5,0,3677.0,0,3677.0,12,443140,3692.83,大商所,2018
20180420,XDCE,V,V1901,20180420,09:01,5,0,6590.0,0,6590.0,32,1055400,6596.25,大商所,2018
20180423,XDCE,A,A1901,20180420,21:01,5,0,3950.0,0,3941.0,39,1537890,3943.31,大商所,2018
20180425,XDCE,B,B1901,20180424,21:01,5,0,3618.0,0,3618.0,7,253910,3627.29,大商所,2018
20180425,XDCE,JM,JM1901,20180424,21:01,5,0,1140.0,0,1140.0,3,205410,1141.17,大商所,2018
20180426,XDCE,J,J1901,20180425,21:02,5,0,1875.0,0,1875.0,1,187500,1875.0,大商所,2018
20180502,XDCE,Y,Y1805,20180502,09:01,5,0,5488.0,0,5488.0,36,1982940,5508.17,大商所,2018
20180504,XDCE,A,A1901,20180503,21:02,5,0,3920.0,0,3919.0,16,627040,3919.0,大商所,2018
20180504,XDCE,Y,Y1805,20180503,21:05,5,0,5546.0,0,5546.0,1,55460,5546.0,大商所,2018
20180508,XDCE,A,A1901,20180507,21:01,5,0,3921.0,0,3921.0,5,196170,3923.4,大商所,2018
20180514,XDCE,J,J1805,20180514,09:03,5,0,1945.0,0,1945.0,2,386450,1932.25,大商所,2018
20180516,XDCE,Y,Y1905,20180515,21:06,5,0,6028.0,0,6028.0,19,1149820,6051.68,大商所,2018
20180517,XDCE,L,L1905,20180517,09:07,5,0,9330.0,0,9325.0,3,139900,9326.67,大商所,2018
20180517,XDCE,PP,PP1905,20180517,09:28,5,0,9184.0,0,9184.0,1,45920,9184.0,大商所,2018
20180524,XDCE,A,A1905,20180523,21:26,5,0,3783.0,0,3783.0,1,37830,3783.0,大商所,2018
20180525,XDCE,A,A1905,20180524,21:08,5,0,3816.0,0,3816.0,1,38160,3816.0,大商所,2018
20180529,XDCE,JM,JM1905,20180529,10:00,5,0,1178.0,0,1178.0,2,141360,1178.0,大商所,2018
20180529,XDCE,PP,PP1905,20180529,13:31,5,0,8982.0,0,8982.0,2,89820,8982.0,大商所,2018
20180530,XDCE,P,P1905,20180529,21:03,5,0,5240.0,0,5240.0,1,52400,5240.0,大商所,2018
20180531,XDCE,A,A1905,20180530,21:35,5,0,3847.0,0,3847.0,1,38470,3847.0,大商所,2018
20180601,XDCE,V,V1905,20180601,09:49,5,0,6525.0,0,6525.0,1,32625,6525.0,大商所,2018
20180604,XDCE,A,A1905,20180604,09:02,5,0,3855.0,0,3855.0,1,38550,3855.0,大商所,2018
20180604,XDCE,Y,Y1905,20180601,21:04,5,0,6112.0,0,6112.0,6,366600,6110.0,大商所,2018
20180605,XDCE,P,P1905,20180604,21:06,5,0,5326.0,0,5326.0,27,1438800,5328.89,大商所,2018
20180608,XDCE,PP,PP1905,20180608,09:03,5,0,9221.0,0,9221.0,2,92210,9221.0,大商所,2018
20180611,XDCE,J,J1905,20180611,09:15,5,0,1948.0,0,1946.0,3,584000,1946.67,大商所,2018
20180614,XDCE,C,C1905,20180614,09:01,5,0,1881.0,0,1880.0,156,2932770,1879.98,大商所,2018
20180615,XDCE,B,B1901,20180614,21:01,5,0,3421.0,0,3418.0,197,6735620,3419.1,大商所,2018
20180620,XDCE,PP,PP1901,20180620,09:01,5,0,9139.0,0,9137.0,57,2602175,9130.44,大商所,2018
20180621,XDCE,C,C1905,20180621,09:01,5,0,1888.0,0,1886.0,29,547320,1887.31,大商所,2018
20180622,XDCE,I,I1905,20180621,21:01,5,0,462.0,0,461.5,35,1618200,462.343,大商所,2018
20180626,XDCE,A,A1901,20180625,21:01,5,0,3750.0,0,3747.0,77,2885730,3747.7,大商所,2018
20180703,XDCE,A,A1905,20180702,21:01,5,0,3849.0,0,3849.0,4,154040,3851.0,大商所,2018
20180703,XDCE,B,B1905,20180702,21:04,5,0,3385.0,0,3385.0,1,33850,3385.0,大商所,2018
20180703,XDCE,J,J1905,20180702,21:03,5,0,1909.0,0,1909.0,1,190900,1909.0,大商所,2018
20180703,XDCE,P,P1905,20180702,21:03,5,0,5058.0,0,5058.0,13,657640,5058.77,大商所,2018
20180703,XDCE,PP,PP1905,20180703,11:21,5,0,9125.0,0,9125.0,2,91200,9120.0,大商所,2018
20180704,XDCE,PP,PP1905,20180704,10:00,5,0,9140.0,0,9140.0,1,45700,9140.0,大商所,2018
20180711,XDCE,B,B1901,20180710,21:01,5,0,3522.0,0,3517.0,26,914710,3518.11,大商所,2018
20180711,XDCE,I,I1903,20180710,22:44,5,0,462.0,0,462.0,1,46200,462.0,大商所,2018
20180711,XDCE,JM,JM1905,20180710,21:05,5,0,1110.0,0,1110.0,1,66600,1110.0,大商所,2018
20180713,XDCE,JM,JM1905,20180712,21:32,5,0,1114.0,0,1114.0,2,133680,1114.0,大商所,2018
20180717,XDCE,JM,JM1905,20180716,21:09,5,0,1102.0,0,1102.0,2,132240,1102.0,大商所,2018
20180718,XDCE,P,P1905,20180717,21:01,5,0,4846.0,0,4846.0,2,96920,4846.0,大商所,2018
20180719,XDCE,JM,JM1905,20180718,21:07,5,0,1102.5,0,1102.5,3,198420,1102.33,大商所,2018
20180720,XDCE,JM,JM1905,20180719,21:10,5,0,1125.0,0,1125.0,1,67500,1125.0,大商所,2018
20180724,XDCE,C,C1811,20180724,09:01,5,0,1806.0,0,1806.0,8,144420,1805.25,大商所,2018
20180725,XDCE,V,V1905,20180725,09:02,5,0,6750.0,0,6750.0,1,33750,6750.0,大商所,2018
20180726,XDCE,JM,JM1905,20180725,21:21,5,0,1145.5,0,1145.5,3,206610,1147.83,大商所,2018
20180726,XDCE,V,V1905,20180726,09:11,5,0,6755.0,0,6755.0,1,33775,6755.0,大商所,2018
20180731,XDCE,I,I1903,20180730,22:38,5,0,490.5,0,490.5,1,49050,490.5,大商所,2018
20180801,XDCE,JM,JM1905,20180731,21:25,5,0,1194.5,0,1194.5,3,215010,1194.5,大商所,2018
20180801,XDCE,PP,PP1905,20180801,09:14,5,0,9500.0,0,9500.0,20,948865,9488.65,大商所,2018
20180802,XDCE,PP,PP1905,20180802,09:20,5,0,9470.0,0,9470.0,10,473500,9470.0,大商所,2018
20180810,XDCE,JM,JM1905,20180809,21:30,5,0,1252.5,0,1252.5,2,150300,1252.5,大商所,2018
20180814,XDCE,J,J1905,20180813,21:04,5,0,2378.5,0,2375.0,11,2614700,2377.0,大商所,2018
20180815,XDCE,V,V1905,20180815,09:01,5,0,7275.0,0,7265.0,7,254325,7266.43,大商所,2018
20180817,XDCE,JM,JM1905,20180816,21:03,5,0,1254.0,0,1253.5,11,827370,1253.59,大商所,2018
20180822,XDCE,JM,JM1905,20180821,21:01,5,0,1272.5,0,1272.5,3,228750,1270.83,大商所,2018
20180829,XDCE,JM,JM1905,20180828,21:01,5,0,1260.0,0,1258.0,23,1735500,1257.61,大商所,2018
20180829,XDCE,P,P1809,20180828,21:01,5,0,4710.0,0,4702.0,13,611880,4706.77,大商所,2018
20180830,XDCE,J,J1905,20180829,21:01,5,0,2466.5,0,2466.0,20,4932750,2466.38,大商所,2018
20180831,XDCE,B,B1809,20180830,21:35,5,0,3329.0,0,3329.0,33,1098570,3329.0,大商所,2018
20180903,XDCE,C,C1903,20180903,09:01,5,0,1943.0,0,1942.0,19,369040,1942.32,大商所,2018
20180904,XDCE,I,I1907,20180903,21:10,5,0,492.5,0,492.5,10,492500,492.5,大商所,2018
20180907,XDCE,C,C1811,20180907,09:01,5,0,1885.0,0,1885.0,14,263890,1884.93,大商所,2018
20180910,XDCE,B,B1811,20180910,11:15,5,0,3666.0,0,3666.0,59,2162940,3666.0,大商所,2018
20180910,XDCE,M,M1907,20180907,21:02,5,0,2756.0,0,2756.0,8,220460,2755.75,大商所,2018
20180912,XDCE,I,I1907,20180911,21:06,5,0,507.0,0,507.0,2,101450,507.25,大商所,2018
20180913,XDCE,M,M1903,20180912,21:02,5,0,2992.0,0,2992.0,12,359040,2992.0,大商所,2018
20180914,XDCE,B,B1811,20180914,14:36,5,0,3601.0,0,3600.0,2,72010,3600.5,大商所,2018
20180918,XDCE,L,L1909,20180918,09:10,5,0,9185.0,0,9185.0,20,919100,9191.0,大商所,2018
20180920,XDCE,M,M1811,20180919,21:01,5,0,3342.0,0,3340.0,135,4510870,3341.39,大商所,2018
20180921,XDCE,M,M1903,20180920,21:02,5,0,2997.0,0,2997.0,3,89910,2997.0,大商所,2018
20180921,XDCE,Y,Y1909,20180920,21:01,5,0,5746.0,0,5744.0,9,517240,5747.11,大商所,2018
20180927,XDCE,J,J1909,20180926,22:41,5,0,2135.0,0,2134.5,2,426950,2134.75,大商所,2018
20180927,XDCE,PP,PP1909,20180927,09:36,5,0,9450.0,0,9450.0,4,189000,9450.0,大商所,2018
20181008,XDCE,C,C1811,20181008,09:03,5,0,1821.0,0,1821.0,1,18210,1821.0,大商所,2018
20181008,XDCE,V,V1909,20181008,09:01,5,0,6630.0,0,6630.0,3,99450,6630.0,大商所,2018
20181009,XDCE,PP,PP1909,20181009,09:01,5,0,9660.0,0,9660.0,5,240940,9637.6,大商所,2018
20181010,XDCE,P,P1909,20181009,21:06,5,0,5042.0,0,5042.0,1,50420,5042.0,大商所,2018
20181012,XDCE,I,I1907,20181011,21:07,5,0,512.0,0,512.0,1,51200,512.0,大商所,2018
20181012,XDCE,I,I1909,20181011,21:01,5,0,512.0,0,512.0,2,102200,511.0,大商所,2018
20181015,XDCE,JM,JM1905,20181012,21:01,5,0,1290.5,0,1290.5,14,1083210,1289.54,大商所,2018
20181015,XDCE,P,P1909,20181012,21:08,5,0,5048.0,0,5048.0,29,1464120,5048.69,大商所,2018
20181017,XDCE,B,B1907,20181017,14:07,5,0,3403.0,0,3403.0,1,34030,3403.0,大商所,2018
20181017,XDCE,C,C1811,20181017,09:01,5,0,1811.0,0,1811.0,56,1013580,1809.96,大商所,2018
20181018,XDCE,P,P1909,20181017,21:02,5,0,5088.0,0,5088.0,3,152600,5086.67,大商所,2018
20181019,XDCE,B,B1909,20181018,21:01,5,0,3318.0,0,3315.0,8,265210,3315.12,大商所,2018
20181023,XDCE,M,M1811,20181022,21:03,5,0,3502.0,0,3502.0,5,175130,3502.6,大商所,2018
20181029,XDCE,L,L1909,20181029,09:02,5,0,8990.0,0,8990.0,2,89800,8980.0,大商所,2018
20181030,XDCE,B,B1903,20181030,14:05,5,0,3427.0,0,3427.0,63,2165650,3437.54,大商所,2018
20181030,XDCE,L,L1909,20181030,09:01,5,0,8895.0,0,8895.0,3,133425,8895.0,大商所,2018
20181031,XDCE,M,M1811,20181030,21:14,5,0,3459.0,0,3459.0,2,68990,3449.5,大商所,2018
20181101,XDCE,A,A1909,20181031,21:23,5,0,3773.0,0,3773.0,2,75430,3771.5,大商所,2018
20181101,XDCE,L,L1909,20181101,09:02,5,0,8760.0,0,8760.0,13,571400,8790.77,大商所,2018
20181106,XDCE,PP,PP1909,20181106,09:16,5,0,9060.0,0,9060.0,10,453000,9060.0,大商所,2018
20181108,XDCE,CS,CS1909,20181108,09:01,5,0,2514.0,0,2512.0,45,1130940,2513.2,大商所,2018
20181108,XDCE,Y,Y1909,20181107,21:01,5,0,5732.0,0,5732.0,23,1318220,5731.39,大商所,2018
20181109,XDCE,J,J1909,20181108,21:01,5,0,2020.5,0,2020.5,2,405350,2026.75,大商所,2018
20181109,XDCE,V,V1909,20181109,09:01,5,0,6200.0,0,6200.0,3,93050,6203.33,大商所,2018
20181112,XDCE,B,B1903,20181112,14:39,5,0,3330.0,0,3330.0,1168,38948320,3334.62,大商所,2018
20181112,XDCE,B,B1909,20181109,21:44,5,0,3212.0,0,3212.0,2,64240,3212.0,大商所,2018
20181113,XDCE,B,B1903,20181113,10:34,5,0,3272.0,0,3272.0,1,32720,3272.0,大商所,2018
20181119,XDCE,B,B1909,20181116,21:02,5,0,3248.0,0,3248.0,2,64960,3248.0,大商所,2018
20181122,XDCE,PP,PP1909,20181122,09:01,5,0,8446.0,0,8446.0,9,380100,8446.67,大商所,2018
20181123,XDCE,I,I1907,20181122,21:13,5,0,473.5,0,473.5,20,947000,473.5,大商所,2018
20181126,XDCE,B,B1903,20181126,14:51,5,0,3137.0,0,3137.0,99,3104700,3136.06,大商所,2018
20181127,XDCE,B,B1909,20181126,21:04,5,0,3126.0,0,3121.0,3,93680,3122.67,大商所,2018
20181128,XDCE,M,M1911,20181127,21:41,5,0,2731.0,0,2731.0,5,136550,2731.0,大商所,2018
20181129,XDCE,B,B1903,20181128,21:47,5,0,3140.0,0,3140.0,233,7410700,3180.56,大商所,2018
20181130,XDCE,B,B1903,20181129,23:25,5,0,3149.0,0,3149.0,89,2802610,3149.0,大商所,2018
20181203,XDCE,B,B1903,20181130,21:57,5,0,3316.0,0,3316.0,1,33160,3316.0,大商所,2018
20181204,XDCE,C,C1911,20181204,09:02,5,0,1955.0,0,1953.0,4,78180,1954.5,大商所,2018
20181205,XDCE,M,M1907,20181204,21:01,5,0,2683.0,0,2683.0,3,80500,2683.33,大商所,2018
20181206,XDCE,C,C1907,20181206,09:01,5,0,1899.0,0,1894.0,20,379500,1897.5,大商所,2018
20181206,XDCE,C,C1911,20181206,09:02,5,0,1931.0,0,1931.0,10,193100,1931.0,大商所,2018
20181207,XDCE,B,B1907,20181207,11:13,5,0,3106.0,0,3106.0,1,31060,3106.0,大商所,2018
20181210,XDCE,B,B1907,20181207,23:08,5,0,3208.0,0,3208.0,1,32080,3208.0,大商所,2018
20181210,XDCE,C,C1911,20181210,09:01,5,0,1911.0,0,1911.0,2,38230,1911.5,大商所,2018
20181211,XDCE,M,M1907,20181210,21:05,5,0,2687.0,0,2687.0,1,26870,2687.0,大商所,2018
20181214,XDCE,CS,CS1909,20181214,09:01,5,0,2367.0,0,2365.0,32,757190,2366.22,大商所,2018
20181217,XDCE,I,I1911,20181214,21:21,5,0,463.0,0,463.0,1,46300,463.0,大商所,2018
20181218,XDCE,M,M1911,20181217,21:40,5,0,2706.0,0,2706.0,2,54130,2706.5,大商所,2018
20181221,XDCE,B,B1911,20181221,15:00,5,0,3040.0,0,3040.0,4,121600,3040.0,大商所,2018
20181224,XDCE,B,B1907,20181221,22:10,5,0,3039.0,0,3039.0,1,30390,3039.0,大商所,2018
20181226,XDCE,I,I1907,20181225,21:14,5,0,476.0,0,476.0,4,190400,476.0,大商所,2018
20181226,XDCE,M,M1907,20181225,21:10,5,0,2630.0,0,2630.0,1,26300,2630.0,大商所,2018
20181227,XDCE,I,I1907,20181226,21:11,5,0,479.5,0,479.5,1,47950,479.5,大商所,2018
20181227,XDCE,I,I1911,20181226,21:02,5,0,463.5,0,463.5,2,92700,463.5,大商所,2018
20190102,XDCE,I,I1907,20190102,09:01,5,0,480.0,0,479.0,3,143850,479.5,大商所,2019
20190103,XDCE,JD,JD1909,20190103,09:02,5,0,3934.0,0,3928.0,80,3138190,3922.74,大商所,2019
20190104,XDCE,C,C1907,20190104,09:01,5,0,1893.0,0,1891.0,23,434980,1891.22,大商所,2019
20190104,XDCE,C,C1911,20190104,09:03,5,0,1916.0,0,1916.0,25,478990,1915.96,大商所,2019
20190107,XDCE,C,C1911,20190107,09:03,5,0,1914.0,0,1914.0,40,766190,1915.47,大商所,2019
20190111,XDCE,B,B1907,20190110,21:15,5,0,3091.0,0,3091.0,5,154550,3091.0,大商所,2019
20190111,XDCE,I,I1907,20190110,21:04,5,0,493.0,0,493.0,2,98600,493.0,大商所,2019
20190111,XDCE,M,M1911,20190110,21:45,5,0,2711.0,0,2711.0,2,54220,2711.0,大商所,2019
20190114,XDCE,B,B1911,20190114,10:31,5,0,3014.0,0,3014.0,3,90420,3014.0,大商所,2019
20190115,XDCE,CS,CS1909,20190115,09:01,5,0,2295.0,0,2294.0,9,206540,2294.89,大商所,2019
20190115,XDCE,I,I1911,20190114,21:05,5,0,475.0,0,474.5,91,4314150,474.082,大商所,2019
20190116,XDCE,M,M1911,20190115,21:06,5,0,2628.0,0,2628.0,1,26280,2628.0,大商所,2019
20190116,XDCE,Y,Y2001,20190115,21:02,5,0,5690.0,0,5690.0,55,3132840,5696.07,大商所,2019
20190117,XDCE,JM,JM2001,20190116,21:33,5,0,1280.5,0,1280.5,1,76830,1280.5,大商所,2019
20190118,XDCE,I,I1907,20190117,21:23,5,0,505.5,0,505.5,1,50550,505.5,大商所,2019
20190118,XDCE,M,M1911,20190117,21:04,5,0,2606.0,0,2606.0,1,26060,2606.0,大商所,2019
20190118,XDCE,M,M2001,20190117,21:01,5,0,2649.0,0,2649.0,53,1402470,2646.17,大商所,2019
20190118,XDCE,Y,Y2001,20190117,21:08,5,0,5674.0,0,5674.0,1,56740,5674.0,大商所,2019
20190121,XDCE,I,I1911,20190118,21:27,5,0,505.0,0,505.0,1,50500,505.0,大商所,2019
20190121,XDCE,JM,JM2001,20190118,21:23,5,0,1293.5,0,1293.5,1,77610,1293.5,大商所,2019
20190122,XDCE,B,B2001,20190122,14:52,5,0,3044.0,0,3044.0,1,30440,3044.0,大商所,2019
20190122,XDCE,L,L2001,20190122,09:08,5,0,8430.0,0,8430.0,1,42150,8430.0,大商所,2019
20190122,XDCE,V,V2001,20190122,09:17,5,0,6330.0,0,6305.0,20,631325,6313.25,大商所,2019
20190123,XDCE,JM,JM2001,20190122,21:37,5,0,1272.0,0,1272.0,2,152640,1272.0,大商所,2019
20190124,XDCE,A,A1909,20190123,21:01,5,0,3445.0,0,3445.0,42,1445720,3442.19,大商所,2019
20190124,XDCE,B,B1907,20190123,23:10,5,0,3010.0,0,3010.0,215,6471500,3010.0,大商所,2019
20190124,XDCE,JM,JM2001,20190123,21:22,5,0,1286.0,0,1286.0,2,154320,1286.0,大商所,2019
20190125,XDCE,M,M1907,20190124,21:01,5,0,2606.0,0,2605.0,11,286690,2606.27,大商所,2019
20190128,XDCE,I,I2001,20190125,21:01,5,0,496.0,0,495.5,5,247950,495.9,大商所,2019
20190128,XDCE,V,V2001,20190128,09:02,5,0,6375.0,0,6375.0,1,31875,6375.0,大商所,2019
20190129,XDCE,I,I1911,20190128,21:01,5,0,513.0,0,513.0,4,205450,513.625,大商所,2019
20190130,XDCE,J,J2001,20190129,21:14,5,0,1909.5,0,1909.5,1,190950,1909.5,大商所,2019
20190131,XDCE,C,C1911,20190131,09:09,5,0,1918.0,0,1918.0,1,19180,1918.0,大商所,2019
20190131,XDCE,M,M1907,20190130,21:03,5,0,2570.0,0,2570.0,1,25700,2570.0,大商所,2019
20190201,XDCE,JM,JM2001,20190201,09:04,5,0,1322.0,0,1322.0,2,158640,1322.0,大商所,2019
20190201,XDCE,M,M1907,20190131,21:03,5,0,2596.0,0,2596.0,1,25960,2596.0,大商所,2019
20190212,XDCE,JM,JM2001,20190212,09:42,5,0,1337.0,0,1337.0,1,80220,1337.0,大商所,2019
20190212,XDCE,M,M1907,20190211,21:01,5,0,2625.0,0,2620.0,9,236050,2622.78,大商所,2019
20190213,XDCE,B,B1907,20190213,09:09,5,0,3068.0,0,3068.0,1501,46159440,3075.25,大商所,2019
20190214,XDCE,B,B2001,20190214,10:52,5,0,3140.0,0,3140.0,1,31400,3140.0,大商所,2019
20190214,XDCE,JM,JM2001,20190214,09:06,5,0,1325.5,0,1324.0,4,318030,1325.12,大商所,2019
20190214,XDCE,Y,Y2001,20190213,21:04,5,0,5908.0,0,5908.0,1,59080,5908.0,大商所,2019
20190219,XDCE,B,B1911,20190219,10:37,5,0,3067.0,0,3067.0,147,4507380,3066.24,大商所,2019
20190219,XDCE,P,P2001,20190218,21:14,5,0,4876.0,0,4876.0,4,195040,4876.0,大商所,2019
20190221,XDCE,B,B1907,20190220,21:36,5,0,3083.0,0,3018.0,6,183070,3051.17,大商所,2019
20190221,XDCE,I,I1911,20190220,21:03,5,0,574.5,0,574.5,2,114900,574.5,大商所,2019
20190222,XDCE,JM,JM2001,20190222,14:45,5,0,1349.0,0,1349.0,4,323760,1349.0,大商所,2019
20190222,XDCE,M,M1911,20190221,21:08,5,0,2638.0,0,2638.0,12,316560,2638.0,大商所,2019
20190225,XDCE,B,B1907,20190222,22:50,5,0,3017.0,0,3017.0,203,6146510,3027.84,大商所,2019
20190225,XDCE,I,I1911,20190222,21:01,5,0,572.0,0,572.0,22,1260650,573.023,大商所,2019
20190225,XDCE,JM,JM2001,20190222,21:16,5,0,1341.5,0,1341.5,1,80490,1341.5,大商所,2019
20190227,XDCE,B,B1907,20190226,23:12,5,0,2980.0,0,2980.0,4,119200,2980.0,大商所,2019
20190228,XDCE,CS,CS2001,20190228,09:14,5,0,2308.0,0,2308.0,1,23080,2308.0,大商所,2019
20190228,XDCE,JM,JM2001,20190227,21:12,5,0,1355.0,0,1355.0,1,81300,1355.0,大商所,2019
20190301,XDCE,B,B1907,20190301,13:35,5,0,3000.0,0,3000.0,1,30000,3000.0,大商所,2019
20190301,XDCE,C,C1911,20190301,09:04,5,0,1863.0,0,1863.0,10,186700,1867.0,大商所,2019
20190301,XDCE,V,V2001,20190301,09:01,5,0,6335.0,0,6330.0,6,190125,6337.5,大商所,2019
20190306,XDCE,JM,JM2001,20190305,21:47,5,0,1338.5,0,1338.5,1,80310,1338.5,大商所,2019
20190308,XDCE,C,C1907,20190308,09:01,5,0,1853.0,0,1853.0,117,2164790,1850.25,大商所,2019
20190308,XDCE,CS,CS2001,20190308,09:03,5,0,2346.0,0,2346.0,4,93840,2346.0,大商所,2019
20190312,XDCE,J,J2001,20190311,21:04,5,0,1867.5,0,1867.5,2,373450,1867.25,大商所,2019
20190314,XDCE,V,V2001,20190314,09:02,5,0,6425.0,0,6425.0,1,32125,6425.0,大商所,2019
20190315,XDCE,I,I1911,20190314,21:05,5,0,563.5,0,563.5,3,169050,563.5,大商所,2019
20190318,XDCE,JM,JM2001,20190315,22:56,5,0,1295.0,0,1295.0,1,77700,1295.0,大商所,2019
20190321,XDCE,JM,JM2001,20190320,21:25,5,0,1278.0,0,1278.0,1,76680,1278.0,大商所,2019
20190321,XDCE,Y,Y2001,20190320,21:03,5,0,5832.0,0,5832.0,5,291600,5832.0,大商所,2019
20190322,XDCE,I,I1911,20190321,21:01,5,0,548.5,0,548.5,3,164650,548.833,大商所,2019
20190322,XDCE,I,I2003,20190321,21:05,5,0,521.5,0,521.5,1,52150,521.5,大商所,2019
20190325,XDCE,B,B2001,20190322,21:49,5,0,3076.0,0,3076.0,5,154120,3082.4,大商所,2019
20190325,XDCE,JM,JM2001,20190322,21:10,5,0,1291.5,0,1291.5,4,310110,1292.12,大商所,2019
20190327,XDCE,B,B1907,20190327,09:06,5,0,3017.0,0,3017.0,6,180960,3016.0,大商所,2019
20190328,XDCE,A,A2001,20190327,21:01,5,0,3384.0,0,3384.0,3,101520,3384.0,大商所,2019
20190329,XDCE,B,B1907,20190329,14:54,5,0,2921.0,0,2921.0,1,29210,2921.0,大商所,2019
20190329,XDCE,JM,JM2001,20190328,21:01,5,0,1281.5,0,1281.5,9,693000,1283.33,大商所,2019
20190401,XDCE,JM,JM2001,20190329,21:04,5,0,1289.5,0,1289.5,3,232140,1289.67,大商所,2019
20190401,XDCE,PP,PP2001,20190329,21:04,5,0,8132.0,0,8132.0,1,40660,8132.0,大商所,2019
20190402,XDCE,I,I2003,20190401,21:30,5,0,551.0,0,551.0,1,55100,551.0,大商所,2019
20190403,XDCE,I,I2003,20190402,21:07,5,0,561.0,0,561.0,1,56100,561.0,大商所,2019
20190403,XDCE,M,M1911,20190402,21:05,5,0,2657.0,0,2657.0,1,26570,2657.0,大商所,2019
20190409,XDCE,PP,PP2001,20190408,21:01,5,0,8528.0,0,8526.0,51,2173480,8523.45,大商所,2019
20190410,XDCE,JM,JM2001,20190409,21:02,5,0,1301.5,0,1301.5,1,78090,1301.5,大商所,2019
20190411,XDCE,EG,EG2001,20190410,21:09,5,0,5096.0,0,5096.0,3,152880,5096.0,大商所,2019
20190415,XDCE,M,M1911,20190412,21:01,5,0,2631.0,0,2631.0,4,105250,2631.25,大商所,2019
20190418,XDCE,B,B1911,20190418,09:07,5,0,2970.0,0,2970.0,1,29700,2970.0,大商所,2019
20190418,XDCE,C,C1907,20190417,21:01,5,0,1887.0,0,1886.0,765,14433070,1886.68,大商所,2019
20190422,XDCE,B,B1911,20190419,21:14,5,0,2931.0,0,2931.0,45,1318880,2930.84,大商所,2019
20190422,XDCE,JM,JM2001,20190419,21:20,5,0,1306.0,0,1306.0,4,313440,1306.0,大商所,2019
20190423,XDCE,B,B1911,20190422,21:15,5,0,2969.0,0,2969.0,37,1098530,2969.0,大商所,2019
20190423,XDCE,EG,EG2001,20190422,21:01,5,0,4938.0,0,4938.0,4,197380,4934.5,大商所,2019
20190423,XDCE,I,I2003,20190422,21:09,5,0,570.0,0,570.0,50,2843850,568.77,大商所,2019
20190423,XDCE,J,J2001,20190422,21:01,5,0,1998.0,0,1995.0,16,3192150,1995.09,大商所,2019
20190423,XDCE,JM,JM2001,20190422,21:24,5,0,1308.0,0,1308.0,9,705420,1306.33,大商所,2019
20190425,XDCE,B,B1911,20190424,22:38,5,0,2970.0,0,2970.0,1,29700,2970.0,大商所,2019
20190425,XDCE,I,I1911,20190424,21:18,5,0,596.5,0,596.5,2,119300,596.5,大商所,2019
20190425,XDCE,PP,PP1905,20190424,21:01,5,0,8824.0,0,8824.0,4,176480,8824.0,大商所,2019
20190426,XDCE,B,B1911,20190425,21:13,5,0,2926.0,0,2926.0,20,585200,2926.0,大商所,2019
20190426,XDCE,M,M1911,20190425,21:04,5,0,2591.0,0,2590.0,8,207270,2590.88,大商所,2019
20190426,XDCE,M,M2003,20190425,21:28,5,0,2647.0,0,2647.0,1,26470,2647.0,大商所,2019
20190429,XDCE,M,M2003,20190426,21:11,5,0,2649.0,0,2649.0,4,105970,2649.25,大商所,2019
20190430,XDCE,B,B1911,20190429,22:05,5,0,2944.0,0,2944.0,1,29440,2944.0,大商所,2019
20190507,XDCE,EG,EG2001,20190506,21:01,5,0,4802.0,0,4802.0,3,144050,4801.67,大商所,2019
20190507,XDCE,M,M2003,20190506,21:06,5,0,2650.0,0,2650.0,1,26500,2650.0,大商所,2019
20190509,XDCE,I,I1911,20190508,21:01,5,0,612.5,0,612.5,4,246200,615.5,大商所,2019
20190509,XDCE,M,M2003,20190508,21:12,5,0,2678.0,0,2678.0,1,26780,2678.0,大商所,2019
20190513,XDCE,B,B2001,20190510,21:09,5,0,3005.0,0,3005.0,2,60100,3005.0,大商所,2019
20190514,XDCE,B,B1911,20190514,11:18,5,0,2977.0,0,2977.0,5,148850,2977.0,大商所,2019
20190514,XDCE,C,C1911,20190513,21:01,5,0,1965.0,0,1965.0,3,59030,1967.67,大商所,2019
20190517,XDCE,B,B2001,20190516,21:24,5,0,3049.0,0,3049.0,2,60980,3049.0,大商所,2019
20190517,XDCE,CS,CS2001,20190516,21:01,5,0,2458.0,0,2457.0,4,98290,2457.25,大商所,2019
20190517,XDCE,M,M1911,20190516,21:01,5,0,2757.0,0,2757.0,4,110200,2755.0,大商所,2019
20190521,XDCE,C,C2003,20190520,21:01,5,0,2077.0,0,2077.0,59,1224340,2075.15,大商所,2019
20190521,XDCE,I,I2003,20190520,21:04,5,0,627.0,0,627.0,1,62700,627.0,大商所,2019
20190522,XDCE,I,I1911,20190521,21:01,5,0,690.5,0,690.5,6,414300,690.5,大商所,2019
20190522,XDCE,I,I2003,20190521,21:02,5,0,637.5,0,637.5,2,127500,637.5,大商所,2019
20190522,XDCE,J,J2005,20190521,21:02,5,0,2043.0,0,2043.0,62,12658950,2041.77,大商所,2019
20190523,XDCE,B,B2005,20190522,21:03,5,0,2999.0,0,2998.0,3,89960,2998.67,大商所,2019
20190524,XDCE,B,B2001,20190523,21:35,5,0,3008.0,0,3008.0,1,30080,3008.0,大商所,2019
20190527,XDCE,C,C1911,20190524,21:01,5,0,2012.0,0,2012.0,8,160900,2011.25,大商所,2019
20190527,XDCE,V,V2005,20190524,21:15,5,0,6555.0,0,6555.0,1,32775,6555.0,大商所,2019
20190528,XDCE,I,I1911,20190527,21:01,5,0,735.0,0,735.0,6,440800,734.667,大商所,2019
20190529,XDCE,B,B2001,20190528,21:12,5,0,3096.0,0,3096.0,1,30960,3096.0,大商所,2019
20190529,XDCE,I,I2003,20190528,21:04,5,0,673.0,0,673.0,1,67300,673.0,大商所,2019
20190531,XDCE,I,I2003,20190530,21:11,5,0,651.0,0,651.0,2,130200,651.0,大商所,2019
20190603,XDCE,M,M1911,20190531,21:02,5,0,2946.0,0,2946.0,2,58920,2946.0,大商所,2019
20190604,XDCE,P,P2005,20190603,21:08,5,0,4720.0,0,4720.0,1,47200,4720.0,大商所,2019
20190604,XDCE,Y,Y2005,20190603,21:03,5,0,5656.0,0,5656.0,2,113140,5657.0,大商所,2019
20190606,XDCE,A,A2005,20190605,21:02,5,0,3593.0,0,3593.0,1,35930,3593.0,大商所,2019
20190606,XDCE,V,V2005,20190605,21:03,5,0,6335.0,0,6330.0,2,63325,6332.5,大商所,2019
20190611,XDCE,M,M1911,20190610,21:01,5,0,2898.0,0,2898.0,24,694800,2895.0,大商所,2019
20190612,XDCE,C,C1907,20190611,21:01,5,0,1921.0,0,1921.0,2,38410,1920.5,大商所,2019
20190613,XDCE,I,I2003,20190612,21:38,5,0,667.0,0,667.0,1,66700,667.0,大商所,2019
20190613,XDCE,M,M1911,20190612,21:11,5,0,2935.0,0,2934.0,14,410780,2934.14,大商所,2019
20190614,XDCE,PP,PP2005,20190613,21:03,5,0,7592.0,0,7592.0,2,75920,7592.0,大商所,2019
20190620,XDCE,I,I2003,20190619,21:17,5,0,659.0,0,659.0,4,265550,663.875,大商所,2019
20190620,XDCE,M,M1911,20190619,21:02,5,0,2913.0,0,2913.0,1,29130,2913.0,大商所,2019
20190621,XDCE,PP,PP2005,20190620,21:02,5,0,7752.0,0,7752.0,5,193760,7750.4,大商所,2019
20190624,XDCE,B,B2001,20190621,21:46,5,0,3199.0,0,3199.0,3,95970,3199.0,大商所,2019
20190624,XDCE,M,M1911,20190621,21:01,5,0,2903.0,0,2903.0,2,58210,2910.5,大商所,2019
20190625,XDCE,B,B2005,20190624,21:10,5,0,3102.0,0,3102.0,1,31020,3102.0,大商所,2019
20190625,XDCE,CS,CS2005,20190624,21:04,5,0,2482.0,0,2482.0,39,967240,2480.1,大商所,2019
20190625,XDCE,M,M1911,20190624,21:05,5,0,2955.0,0,2955.0,1,29550,2955.0,大商所,2019
20190627,XDCE,L,L2005,20190626,21:01,5,0,7660.0,0,7650.0,36,1378100,7656.11,大商所,2019
20190627,XDCE,M,M1911,20190626,21:03,5,0,2914.0,0,2914.0,4,116600,2915.0,大商所,2019
20190628,XDCE,I,I2003,20190627,21:07,5,0,693.5,0,693.5,1,69350,693.5,大商所,2019
20190701,XDCE,M,M1911,20190628,21:03,5,0,2928.0,0,2928.0,12,351300,2927.5,大商所,2019
20190701,XDCE,P,P2005,20190628,21:01,5,0,4684.0,0,4684.0,6,281080,4684.67,大商所,2019
20190701,XDCE,Y,Y2005,20190628,21:03,5,0,5658.0,0,5658.0,1,56580,5658.0,大商所,2019
20190704,XDCE,I,I2003,20190703,21:01,5,0,756.5,0,756.5,2,151600,758.0,大商所,2019
20190705,XDCE,B,B2001,20190704,21:53,5,0,3115.0,0,3115.0,2,62300,3115.0,大商所,2019
20190705,XDCE,EG,EG2005,20190704,21:23,5,0,4642.0,0,4642.0,3,139320,4644.0,大商所,2019
20190709,XDCE,PP,PP2005,20190708,21:03,5,0,8052.0,0,8052.0,7,281840,8052.57,大商所,2019
20190709,XDCE,V,V2005,20190709,09:01,5,0,6585.0,0,6585.0,1,32925,6585.0,大商所,2019
20190712,XDCE,M,M1911,20190711,21:01,5,0,2831.0,0,2830.0,2209,62500550,2829.36,大商所,2019
20190718,XDCE,I,I2007,20190717,21:02,5,0,672.5,0,672.5,2,134500,672.5,大商所,2019
20190719,XDCE,I,I2003,20190718,21:03,5,0,721.5,0,721.5,2,144300,721.5,大商所,2019
20190724,XDCE,I,I2003,20190723,21:17,5,0,703.0,0,701.0,7,492100,703.0,大商所,2019
20190724,XDCE,I,I2007,20190723,21:01,5,0,648.5,0,648.5,3,194550,648.5,大商所,2019
20190724,XDCE,V,V2005,20190723,21:34,5,0,6505.0,0,6505.0,2,65050,6505.0,大商所,2019
20190725,XDCE,I,I2003,20190724,21:13,5,0,689.0,0,688.5,2,137750,688.75,大商所,2019
20190729,XDCE,I,I2003,20190726,21:09,5,0,704.0,0,704.0,2,141300,706.5,大商所,2019
20190731,XDCE,A,A2005,20190730,21:06,5,0,3524.0,0,3524.0,2,70470,3523.5,大商所,2019
20190801,XDCE,EG,EG2005,20190731,21:07,5,0,4478.0,0,4478.0,2,89620,4481.0,大商所,2019
20190801,XDCE,I,I2007,20190731,21:04,5,0,642.0,0,642.0,1,64200,642.0,大商所,2019
20190805,XDCE,EG,EG2005,20190802,21:13,5,0,4472.0,0,4472.0,24,1072800,4470.0,大商所,2019
20190806,XDCE,B,B2005,20190805,21:03,5,0,3091.0,0,3091.0,2,61950,3097.5,大商所,2019
20190806,XDCE,L,L2005,20190805,21:01,5,0,7390.0,0,7380.0,45,1661125,7382.78,大商所,2019
20190807,XDCE,CS,CS2005,20190806,21:06,5,0,2434.0,0,2434.0,2,48680,2434.0,大商所,2019
20190808,XDCE,B,B2005,20190807,21:04,5,0,3115.0,0,3115.0,2,62310,3115.5,大商所,2019
20190812,XDCE,B,B2001,20190809,21:02,5,0,3270.0,0,3270.0,4,130740,3268.5,大商所,2019
20190812,XDCE,P,P2005,20190809,21:01,5,0,4976.0,0,4970.0,13,646460,4972.77,大商所,2019
20190813,XDCE,B,B2005,20190812,21:07,5,0,3144.0,0,3144.0,2,62900,3145.0,大商所,2019
20190815,XDCE,C,C2003,20190814,21:02,5,0,1935.0,0,1935.0,1,19350,1935.0,大商所,2019
20190816,XDCE,EG,EG2005,20190815,21:02,5,0,4532.0,0,4530.0,28,1267630,4527.25,大商所,2019
20190816,XDCE,L,L2005,20190815,21:01,5,0,7455.0,0,7445.0,42,1564150,7448.33,大商所,2019
20190819,XDCE,M,M2007,20190819,10:13,5,0,2726.0,0,2726.0,1,27260,2726.0,大商所,2019
20190820,XDCE,I,I2003,20190819,21:40,5,0,583.0,0,583.0,1,58300,583.0,大商所,2019
20190821,XDCE,CS,CS2005,20190820,21:01,5,0,2347.0,0,2347.0,5,117350,2347.0,大商所,2019
20190821,XDCE,V,V2005,20190820,21:03,5,0,6545.0,0,6545.0,2,65450,6545.0,大商所,2019
20190822,XDCE,I,I1911,20190821,21:01,5,0,635.0,0,632.5,56,3546650,633.33,大商所,2019
20190822,XDCE,I,I2003,20190821,21:04,5,0,552.5,0,552.5,5,276200,552.4,大商所,2019
20190826,XDCE,I,I2007,20190823,21:11,5,0,549.0,0,549.0,1,54900,549.0,大商所,2019
20190827,XDCE,M,M2007,20190826,21:21,5,0,2777.0,0,2777.0,1,27770,2777.0,大商所,2019
20190828,XDCE,JM,JM2005,20190827,21:01,5,0,1250.0,0,1245.5,38,2843700,1247.24,大商所,2019
20190829,XDCE,I,I2007,20190828,21:11,5,0,532.0,0,532.0,1,53200,532.0,大商所,2019
20190903,XDCE,P,P1909,20190903,09:10,5,0,4758.0,0,4758.0,5,237900,4758.0,大商所,2019
20190903,XDCE,RR,RR2005,20190902,21:02,5,0,3579.0,0,3579.0,1,35790,3579.0,大商所,2019
20190904,XDCE,M,M2007,20190903,21:03,5,0,2790.0,0,2790.0,8,223220,2790.25,大商所,2019
20190905,XDCE,M,M2007,20190904,21:04,5,0,2785.0,0,2785.0,4,111400,2785.0,大商所,2019
20190910,XDCE,M,M2007,20190909,21:14,5,0,2756.0,0,2756.0,5,137800,2756.0,大商所,2019
20190911,XDCE,I,I2007,20190910,21:12,5,0,559.5,0,559.5,1,55950,559.5,大商所,2019
20190912,XDCE,I,I2003,20190911,21:11,5,0,613.5,0,613.5,125,7644600,611.568,大商所,2019
20190918,XDCE,I,I2007,20190917,21:03,5,0,563.0,0,563.0,7,394300,563.286,大商所,2019
20190918,XDCE,P,P2009,20190917,21:03,5,0,5240.0,0,5240.0,6,315600,5260.0,大商所,2019
20190919,XDCE,A,A2009,20190918,21:11,5,0,3698.0,0,3698.0,2,73960,3698.0,大商所,2019
20190919,XDCE,B,B2001,20190918,21:01,5,0,3252.0,0,3252.0,13,422440,3249.54,大商所,2019
20190923,XDCE,B,B2005,20190920,21:24,5,0,3163.0,0,3163.0,2,63260,3163.0,大商所,2019
20190923,XDCE,M,M2007,20190920,21:16,5,0,2769.0,0,2769.0,5,138450,2769.0,大商所,2019
20190924,XDCE,C,C2003,20190923,21:01,5,0,1878.0,0,1878.0,8,150270,1878.38,大商所,2019
20190924,XDCE,CS,CS2005,20190923,21:01,5,0,2307.0,0,2306.0,7,161450,2306.43,大商所,2019
20190924,XDCE,M,M2007,20190924,09:09,5,0,2771.0,0,2771.0,2,55420,2771.0,大商所,2019
20190925,XDCE,M,M2007,20190924,21:05,5,0,2773.0,0,2773.0,1,27730,2773.0,大商所,2019
20190927,XDCE,C,C2007,20190926,21:01,5,0,1939.0,0,1939.0,3,58190,1939.67,大商所,2019
20190927,XDCE,CS,CS2009,20190927,09:01,5,0,2348.0,0,2346.0,2,46940,2347.0,大商所,2019
20190927,XDCE,JM,JM2009,20190926,21:13,5,0,1168.0,0,1168.0,2,140160,1168.0,大商所,2019
20190930,XDCE,B,B2005,20190927,21:04,5,0,3143.0,0,3143.0,1,31430,3143.0,大商所,2019
20190930,XDCE,C,C2003,20190927,21:01,5,0,1855.0,0,1855.0,15,278300,1855.33,大商所,2019
20190930,XDCE,C,C2007,20190927,21:01,5,0,1932.0,0,1932.0,7,135370,1933.86,大商所,2019
20190930,XDCE,CS,CS2009,20190927,22:30,5,0,2344.0,0,2344.0,1,23440,2344.0,大商所,2019
20191010,XDCE,I,I2007,20191009,21:03,5,0,537.5,0,537.5,5,268950,537.9,大商所,2019
20191010,XDCE,J,J2009,20191009,21:07,5,0,1775.0,0,1775.0,2,355000,1775.0,大商所,2019
20191010,XDCE,JM,JM2009,20191009,21:23,5,0,1160.0,0,1160.0,1,69600,1160.0,大商所,2019
20191010,XDCE,V,V2009,20191009,21:01,5,0,6235.0,0,6235.0,96,2992950,6235.31,大商所,2019
20191010,XDCE,Y,Y2009,20191009,21:01,5,0,6112.0,0,6112.0,7,428840,6126.29,大商所,2019
20191011,XDCE,A,A2009,20191010,21:10,5,0,3738.0,0,3738.0,2,74790,3739.5,大商所,2019
20191011,XDCE,C,C2007,20191010,21:02,5,0,1938.0,0,1938.0,6,116280,1938.0,大商所,2019
20191011,XDCE,J,J2009,20191010,21:03,5,0,1779.0,0,1779.0,1,177900,1779.0,大商所,2019
20191011,XDCE,P,P2009,20191010,21:04,5,0,5134.0,0,5134.0,1,51340,5134.0,大商所,2019
20191014,XDCE,EB,EB2009,20191011,21:04,5,0,7678.0,0,7678.0,1,38390,7678.0,大商所,2019
20191014,XDCE,J,J2009,20191011,21:10,5,0,1788.0,0,1788.0,3,536400,1788.0,大商所,2019
20191015,XDCE,M,M2007,20191014,21:01,5,0,2899.0,0,2899.0,12,347600,2896.67,大商所,2019
20191015,XDCE,P,P2009,20191014,21:01,5,0,5026.0,0,5026.0,6,301720,5028.67,大商所,2019
20191016,XDCE,I,I2007,20191015,21:08,5,0,548.0,0,548.0,1,54800,548.0,大商所,2019
20191016,XDCE,J,J2009,20191015,21:03,5,0,1743.0,0,1743.0,2,348700,1743.5,大商所,2019
20191017,XDCE,A,A2009,20191016,21:01,5,0,3768.0,0,3768.0,4,150660,3766.5,大商所,2019
20191017,XDCE,C,C2007,20191016,21:02,5,0,1947.0,0,1947.0,1,19470,1947.0,大商所,2019
20191018,XDCE,CS,CS2009,20191017,21:04,5,0,2350.0,0,2350.0,2,47000,2350.0,大商所,2019
20191021,XDCE,C,C1911,20191018,21:01,5,0,1825.0,0,1825.0,9,164120,1823.56,大商所,2019
20191022,XDCE,I,I2003,20191021,21:01,5,0,576.5,0,576.5,5,288400,576.8,大商所,2019
20191022,XDCE,PP,PP2009,20191021,21:04,5,0,7545.0,0,7545.0,3,113090,7539.33,大商所,2019
20191023,XDCE,I,I2003,20191022,21:02,5,0,580.0,0,580.0,11,638000,580.0,大商所,2019
20191023,XDCE,V,V2009,20191022,21:02,5,0,6205.0,0,6205.0,1,31025,6205.0,大商所,2019
20191024,XDCE,A,A2009,20191023,21:01,5,0,3746.0,0,3741.0,39,1460790,3745.61,大商所,2019
20191025,XDCE,B,B2005,20191024,21:02,5,0,3288.0,0,3288.0,1,32880,3288.0,大商所,2019
20191025,XDCE,J,J2009,20191024,21:13,5,0,1731.5,0,1731.5,1,173150,1731.5,大商所,2019
20191028,XDCE,B,B2009,20191025,21:47,5,0,3322.0,0,3322.0,1,33220,3322.0,大商所,2019
20191028,XDCE,EG,EG2009,20191025,21:16,5,0,4523.0,0,4523.0,1,45230,4523.0,大商所,2019
20191029,XDCE,C,C2003,20191028,21:01,5,0,1873.0,0,1873.0,33,617970,1872.64,大商所,2019
20191030,XDCE,I,I2003,20191029,21:01,5,0,585.5,0,585.5,13,761000,585.385,大商所,2019
20191031,XDCE,C,C2007,20191030,21:01,5,0,1971.0,0,1966.0,39,768420,1970.31,大商所,2019
20191031,XDCE,V,V2009,20191030,21:01,5,0,6215.0,0,6215.0,12,372900,6215.0,大商所,2019
20191101,XDCE,B,B2009,20191031,22:14,5,0,3321.0,0,3321.0,1,33210,3321.0,大商所,2019
20191101,XDCE,C,C1911,20191031,21:02,5,0,1838.0,0,1838.0,1,18380,1838.0,大商所,2019
20191101,XDCE,C,C2003,20191031,21:01,5,0,1901.0,0,1899.0,102,1937510,1899.52,大商所,2019
20191104,XDCE,B,B2005,20191101,21:23,5,0,3269.0,0,3268.0,12,391900,3265.83,大商所,2019
20191104,XDCE,M,M2007,20191101,21:01,5,0,2890.0,0,2889.0,7,202190,2888.43,大商所,2019
20191105,XDCE,M,M2007,20191104,21:11,5,0,2882.0,0,2882.0,3,86460,2882.0,大商所,2019
20191107,XDCE,A,A2009,20191106,21:01,5,0,3775.0,0,3775.0,2,75500,3775.0,大商所,2019
20191107,XDCE,M,M2007,20191106,21:03,5,0,2850.0,0,2850.0,1,28500,2850.0,大商所,2019
20191108,XDCE,P,P2009,20191107,21:01,5,0,5338.0,0,5330.0,15,799980,5333.2,大商所,2019
20191111,XDCE,B,B2005,20191108,21:09,5,0,3242.0,0,3242.0,2,64840,3242.0,大商所,2019
20191112,XDCE,B,B2005,20191111,21:06,5,0,3216.0,0,3214.0,2,64300,3215.0,大商所,2019
20191112,XDCE,EG,EG2009,20191111,22:41,5,0,4449.0,0,4449.0,1,44490,4449.0,大商所,2019
20191113,XDCE,V,V2009,20191112,21:01,5,0,6270.0,0,6260.0,15,470325,6271.0,大商所,2019
20191115,XDCE,J,J2009,20191114,21:03,5,0,1691.5,0,1691.0,2,338250,1691.25,大商所,2019
20191115,XDCE,PP,PP2009,20191114,21:12,5,0,7476.0,0,7476.0,1,37380,7476.0,大商所,2019
20191119,XDCE,B,B2005,20191118,21:01,5,0,3195.0,0,3195.0,2,63940,3197.0,大商所,2019
20191119,XDCE,I,I2007,20191118,21:04,5,0,558.5,0,558.5,10,558500,558.5,大商所,2019
20191119,XDCE,PP,PP2009,20191118,21:02,5,0,7424.0,0,7424.0,3,111330,7422.0,大商所,2019
20191119,XDCE,V,V2009,20191118,21:03,5,0,6240.0,0,6240.0,321,10022675,6244.66,大商所,2019
20191120,XDCE,C,C2007,20191119,21:19,5,0,1962.0,0,1961.0,23,451040,1961.04,大商所,2019
20191121,XDCE,B,B2005,20191120,21:03,5,0,3212.0,0,3212.0,1,32120,3212.0,大商所,2019
20191121,XDCE,PP,PP2009,20191120,21:04,5,0,7376.0,0,7376.0,5,184395,7375.8,大商所,2019
20191122,XDCE,B,B2005,20191121,21:02,5,0,3208.0,0,3208.0,14,449150,3208.21,大商所,2019
20191122,XDCE,M,M2007,20191121,21:10,5,0,2788.0,0,2788.0,1,27880,2788.0,大商所,2019
20191125,XDCE,JM,JM2009,20191122,21:03,5,0,1141.0,0,1141.0,13,890280,1141.38,大商所,2019
20191126,XDCE,A,A2009,20191125,21:04,5,0,3770.0,0,3770.0,2,75380,3769.0,大商所,2019
20191126,XDCE,C,C2009,20191125,21:01,5,0,1978.0,0,1978.0,19,375690,1977.32,大商所,2019
20191126,XDCE,C,C2011,20191125,21:01,5,0,1990.0,0,1990.0,3,59690,1989.67,大商所,2019
20191126,XDCE,EG,EG2009,20191125,21:02,5,0,4483.0,0,4483.0,2,89660,4483.0,大商所,2019
20191127,XDCE,B,B2005,20191126,21:06,5,0,3182.0,0,3180.0,9,286260,3180.67,大商所,2019
20191127,XDCE,I,I2007,20191126,21:05,5,0,581.5,0,578.5,37,2144750,579.662,大商所,2019
20191129,XDCE,RR,RR2005,20191128,21:06,5,0,3497.0,0,3497.0,11,384870,3498.82,大商所,2019
20191203,XDCE,B,B2009,20191202,21:12,5,0,3197.0,0,3197.0,1,31970,3197.0,大商所,2019
20191203,XDCE,CS,CS2009,20191202,21:05,5,0,2314.0,0,2314.0,3,69420,2314.0,大商所,2019
20191203,XDCE,PP,PP2009,20191202,21:01,5,0,7481.0,0,7481.0,16,598310,7478.88,大商所,2019
20191205,XDCE,M,M2007,20191204,21:07,5,0,2740.0,0,2740.0,3,82200,2740.0,大商所,2019
20191209,XDCE,J,J2009,20191206,21:03,5,0,1774.5,0,1774.5,1,177450,1774.5,大商所,2019
20191212,XDCE,C,C2007,20191211,21:14,5,0,1929.0,0,1929.0,1,19290,1929.0,大商所,2019
20191212,XDCE,I,I2007,20191211,21:11,5,0,634.0,0,634.0,1,63400,634.0,大商所,2019
20191212,XDCE,I,I2011,20191211,21:01,5,0,595.0,0,595.0,11,654800,595.273,大商所,2019
20191212,XDCE,L,L2009,20191211,21:01,5,0,7215.0,0,7215.0,45,1623350,7214.89,大商所,2019
20191212,XDCE,M,M2007,20191211,21:15,5,0,2807.0,0,2807.0,1,28070,2807.0,大商所,2019
20191212,XDCE,V,V2009,20191211,21:01,5,0,6545.0,0,6545.0,5,163600,6544.0,大商所,2019
20191213,XDCE,B,B2009,20191212,21:44,5,0,3249.0,0,3248.0,2,64970,3248.5,大商所,2019
20191213,XDCE,I,I2007,20191212,21:03,5,0,627.5,0,627.5,6,376500,627.5,大商所,2019
20191213,XDCE,M,M2007,20191212,22:09,5,0,2778.0,0,2778.0,10,277800,2778.0,大商所,2019
20191213,XDCE,V,V2009,20191212,21:01,5,0,6465.0,0,6465.0,15,484725,6463.0,大商所,2019
20191217,XDCE,B,B2009,20191216,21:04,5,0,3266.0,0,3266.0,1,32660,3266.0,大商所,2019
20191217,XDCE,C,C2007,20191216,21:01,5,0,1920.0,0,1919.0,16,307230,1920.19,大商所,2019
20191217,XDCE,M,M2007,20191216,21:35,5,0,2781.0,0,2781.0,1,27810,2781.0,大商所,2019
20191217,XDCE,M,M2011,20191216,21:12,5,0,2822.0,0,2822.0,1,28220,2822.0,大商所,2019
20191218,XDCE,M,M2007,20191217,21:02,5,0,2778.0,0,2778.0,1,27780,2778.0,大商所,2019
20191220,XDCE,M,M2007,20191219,21:04,5,0,2769.0,0,2769.0,39,1079570,2768.13,大商所,2019
20191220,XDCE,V,V2009,20191219,21:01,5,0,6530.0,0,6520.0,32,1044000,6525.0,大商所,2019
20191223,XDCE,B,B2009,20191223,09:29,5,0,3278.0,0,3278.0,1,32780,3278.0,大商所,2019
20191226,XDCE,M,M2007,20191225,22:35,5,0,2770.0,0,2770.0,1,27700,2770.0,大商所,2019
20191226,XDCE,V,V2009,20191225,22:31,5,0,6430.0,0,6430.0,401,12892975,6430.41,大商所,2019
20191227,XDCE,C,C2007,20191226,21:01,5,0,1944.0,0,1944.0,35,680130,1943.23,大商所,2019
20191230,XDCE,EG,EG2009,20191227,21:01,5,0,4612.0,0,4612.0,22,1013960,4608.91,大商所,2019
20191230,XDCE,J,J2009,20191227,21:01,5,0,1822.0,0,1822.0,86,15623450,1816.68,大商所,2019
20200102,XDCE,EG,EG2001,20200102,09:07,5,0,4800.0,0,4754.0,33,1582640,4795.88,大商所,2020
20200103,XDCE,I,I2007,20200102,21:04,5,0,632.0,0,632.0,1,63200,632.0,大商所,2020
20200108,XDCE,EB,EB2009,20200107,21:06,5,0,7317.0,0,7317.0,8,292460,7311.5,大商所,2020
20200110,XDCE,V,V2009,20200109,21:01,5,0,6475.0,0,6470.0,43,1391675,6472.91,大商所,2020
20200113,XDCE,I,I2007,20200110,21:13,5,0,633.5,0,633.5,1,63350,633.5,大商所,2020
20200116,XDCE,A,A2101,20200115,21:03,5,0,3910.0,0,3908.0,21,821070,3909.86,大商所,2020
20200116,XDCE,M,M2011,20200115,21:05,5,0,2800.0,0,2800.0,2,56000,2800.0,大商所,2020
20200117,XDCE,I,I2011,20200116,21:02,5,0,593.5,0,593.5,4,237400,593.5,大商所,2020
20200117,XDCE,L,L2101,20200116,21:04,5,0,7370.0,0,7370.0,4,147300,7365.0,大商所,2020
20200120,XDCE,J,J2101,20200117,21:01,5,0,1796.0,0,1796.0,2,359250,1796.25,大商所,2020
20200121,XDCE,M,M2007,20200120,21:01,5,0,2716.0,0,2716.0,3,81460,2715.33,大商所,2020
20200122,XDCE,EB,EB2009,20200121,21:01,5,0,7400.0,0,7397.0,5,185035,7401.4,大商所,2020
20200122,XDCE,J,J2101,20200121,21:39,5,0,1788.0,0,1788.0,1,178800,1788.0,大商所,2020
20200122,XDCE,M,M2007,20200121,21:01,5,0,2739.0,0,2732.0,64,1750100,2734.53,大商所,2020
20200122,XDCE,M,M2011,20200121,21:01,5,0,2805.0,0,2805.0,7,196710,2810.14,大商所,2020
20200122,XDCE,V,V2009,20200121,21:03,5,0,6440.0,0,6440.0,5,161000,6440.0,大商所,2020
20200122,XDCE,Y,Y2101,20200121,21:14,5,0,6438.0,0,6438.0,5,321900,6438.0,大商所,2020
20200203,XDCE,I,I2007,20200203,09:03,5,0,582.0,0,582.0,10,610200,610.2,大商所,2020
20200205,XDCE,JM,JM2101,20200205,09:05,5,0,1133.0,0,1133.0,1,67980,1133.0,大商所,2020
20200207,XDCE,C,C2007,20200207,09:01,5,0,1960.0,0,1960.0,146,2860180,1959.03,大商所,2020
20200207,XDCE,I,I2007,20200207,09:03,5,0,587.0,0,587.0,88,5163850,586.801,大商所,2020
20200207,XDCE,V,V2101,20200207,09:02,5,0,6245.0,0,6245.0,1,31225,6245.0,大商所,2020
20200210,XDCE,I,I2011,20200210,09:01,5,0,565.5,0,565.5,6,339400,565.667,大商所,2020
20200210,XDCE,JM,JM2101,20200210,09:20,5,0,1164.5,0,1164.5,1,69870,1164.5,大商所,2020
20200211,XDCE,JM,JM2101,20200211,11:29,5,0,1170.0,0,1170.0,1,70200,1170.0,大商所,2020
20200211,XDCE,M,M2011,20200211,09:05,5,0,2771.0,0,2769.0,230,6369500,2769.35,大商所,2020
20200212,XDCE,JM,JM2101,20200212,09:24,5,0,1182.0,0,1182.0,1,70920,1182.0,大商所,2020
20200213,XDCE,I,I2007,20200213,09:02,5,0,615.5,0,615.5,10,615900,615.9,大商所,2020
20200214,XDCE,L,L2101,20200214,09:01,5,0,7030.0,0,7030.0,2,70375,7037.5,大商所,2020
20200219,XDCE,B,B2007,20200219,09:11,5,0,3091.0,0,3091.0,2,61820,3091.0,大商所,2020
20200220,XDCE,B,B2101,20200220,13:37,5,0,3222.0,0,3221.0,3,96830,3227.67,大商所,2020
20200221,XDCE,C,C2011,20200221,09:02,5,0,1973.0,0,1973.0,7,138110,1973.0,大商所,2020
20200221,XDCE,C,C2101,20200221,09:01,5,0,1986.0,0,1985.0,20,397150,1985.75,大商所,2020
20200226,XDCE,C,C2007,20200226,09:01,5,0,1941.0,0,1940.0,87,1688410,1940.7,大商所,2020
20200302,XDCE,V,V2101,20200302,09:01,5,0,6260.0,0,6260.0,9,282475,6277.22,大商所,2020
20200306,XDCE,JM,JM2101,20200306,14:23,5,0,1199.0,0,1199.0,3,215820,1199.0,大商所,2020
20200312,XDCE,J,J2101,20200312,09:06,5,0,1786.5,0,1786.5,4,714150,1785.38,大商所,2020
20200317,XDCE,V,V2101,20200317,09:01,5,0,6250.0,0,6250.0,256,7994725,6245.88,大商所,2020
20200319,XDCE,C,C2011,20200319,09:01,5,0,2010.0,0,2009.0,50,1004740,2009.48,大商所,2020
20200320,XDCE,C,C2011,20200320,09:01,5,0,2016.0,0,2014.0,29,584080,2014.07,大商所,2020
20200326,XDCE,B,B2007,20200326,09:01,5,0,3200.0,0,3193.0,7,224060,3200.86,大商所,2020
20200326,XDCE,I,I2011,20200326,09:07,5,0,579.0,0,579.0,1,57900,579.0,大商所,2020
20200326,XDCE,J,J2101,20200326,09:08,5,0,1711.5,0,1708.5,8,1372100,1715.12,大商所,2020
20200330,XDCE,B,B2007,20200330,09:01,5,0,3227.0,0,3227.0,30,963690,3212.3,大商所,2020
20200401,XDCE,B,B2007,20200401,09:02,5,0,3196.0,0,3196.0,2,63880,3194.0,大商所,2020
20200401,XDCE,JM,JM2101,20200401,09:02,5,0,1096.0,0,1095.0,6,395010,1097.25,大商所,2020
20200402,XDCE,B,B2007,20200402,09:01,5,0,3067.0,0,3064.0,14,429610,3068.64,大商所,2020
20200402,XDCE,I,I2103,20200402,09:02,5,0,508.5,0,508.5,1,50850,508.5,大商所,2020
20200402,XDCE,J,J2101,20200402,09:01,5,0,1567.0,0,1561.5,17,2660550,1565.03,大商所,2020
20200403,XDCE,B,B2007,20200403,09:01,5,0,3090.0,0,3090.0,9,278520,3094.67,大商所,2020
20200408,XDCE,B,B2007,20200408,09:01,5,0,3087.0,0,3053.0,40,1230000,3075.0,大商所,2020
20200408,XDCE,C,C2011,20200408,09:01,5,0,2047.0,0,2045.0,26,531940,2045.92,大商所,2020
20200408,XDCE,C,C2103,20200408,09:02,5,0,2078.0,0,2078.0,6,124680,2078.0,大商所,2020
20200408,XDCE,M,M2011,20200408,09:01,5,0,2816.0,0,2816.0,91,2562470,2815.9,大商所,2020
20200410,XDCE,C,C2011,20200410,09:01,5,0,2059.0,0,2057.0,50,1028970,2057.94,大商所,2020
20200410,XDCE,M,M2011,20200410,09:01,5,0,2854.0,0,2849.0,51,1454720,2852.39,大商所,2020
20200413,XDCE,C,C2011,20200413,09:01,5,0,2060.0,0,2060.0,27,555990,2059.22,大商所,2020
20200414,XDCE,I,I2007,20200414,09:01,5,0,636.0,0,635.0,34,2158750,634.926,大商所,2020
20200415,XDCE,M,M2011,20200415,09:01,5,0,2834.0,0,2832.0,26,736320,2832.0,大商所,2020
20200416,XDCE,C,C2103,20200416,09:01,5,0,2101.0,0,2101.0,81,1707360,2107.85,大商所,2020
20200416,XDCE,JM,JM2101,20200416,09:06,5,0,1088.0,0,1088.0,1,65280,1088.0,大商所,2020
20200421,XDCE,I,I2011,20200421,09:01,5,0,593.5,0,589.5,16,950050,593.781,大商所,2020
20200424,XDCE,B,B2007,20200424,09:01,5,0,3027.0,0,3026.0,34,1028750,3025.74,大商所,2020
20200428,XDCE,C,C2011,20200428,09:01,5,0,2112.0,0,2111.0,49,1034630,2111.49,大商所,2020
20200428,XDCE,M,M2011,20200428,09:01,5,0,2801.0,0,2799.0,43,1203880,2799.72,大商所,2020
20200429,XDCE,C,C2103,20200429,09:05,5,0,2127.0,0,2126.0,2,42530,2126.5,大商所,2020
20200507,XDCE,M,M2011,20200506,21:01,5,0,2785.0,0,2785.0,47,1309830,2786.87,大商所,2020
20200507,XDCE,P,P2005,20200507,09:04,5,0,4374.0,0,4374.0,20,874800,4374.0,大商所,2020
20200508,XDCE,C,C2011,20200507,21:02,5,0,2085.0,0,2085.0,4,83400,2085.0,大商所,2020
20200508,XDCE,V,V2005,20200507,21:34,5,0,5665.0,0,5665.0,1,28325,5665.0,大商所,2020
20200511,XDCE,I,I2103,20200508,21:04,5,0,569.0,0,569.0,3,170700,569.0,大商所,2020
20200511,XDCE,M,M2103,20200508,21:15,5,0,2789.0,0,2789.0,2,55760,2788.0,大商所,2020
20200512,XDCE,EB,EB2101,20200511,21:01,5,0,5683.0,0,5673.0,5,141980,5679.2,大商所,2020
20200513,XDCE,C,C2007,20200512,21:01,5,0,2021.0,0,2021.0,10,202010,2020.1,大商所,2020
20200513,XDCE,I,I2103,20200512,21:11,5,0,571.5,0,571.5,1,57150,571.5,大商所,2020
20200515,XDCE,I,I2011,20200514,21:17,5,0,623.0,0,623.0,1,62300,623.0,大商所,2020
20200518,XDCE,M,M2011,20200515,21:01,5,0,2739.0,0,2739.0,20,547570,2737.85,大商所,2020
20200518,XDCE,P,P2005,20200515,21:13,5,0,4596.0,0,4596.0,30,1378800,4596.0,大商所,2020
20200519,XDCE,C,C2007,20200518,21:01,5,0,2015.0,0,2015.0,13,262030,2015.62,大商所,2020
20200519,XDCE,I,I2103,20200518,21:09,5,0,608.0,0,608.0,1,60800,608.0,大商所,2020
20200519,XDCE,M,M2103,20200518,21:04,5,0,2727.0,0,2727.0,4,109080,2727.0,大商所,2020
20200520,XDCE,L,L2105,20200519,21:01,5,0,6450.0,0,6450.0,25,809750,6478.0,大商所,2020
20200520,XDCE,P,P2105,20200519,21:09,5,0,4836.0,0,4836.0,1,48360,4836.0,大商所,2020
20200522,XDCE,I,I2103,20200521,21:22,5,0,637.0,0,637.0,1,63700,637.0,大商所,2020
20200522,XDCE,PG,PG2012,20200521,21:01,5,0,3404.0,0,3403.0,21,1428580,3401.38,大商所,2020
20200522,XDCE,V,V2105,20200521,21:04,5,0,5940.0,0,5940.0,5,148500,5940.0,大商所,2020
20200525,XDCE,M,M2011,20200522,21:01,5,0,2795.0,0,2793.0,50,1395650,2791.3,大商所,2020
20200525,XDCE,PG,PG2012,20200522,21:01,5,0,3393.0,0,3386.0,34,2304740,3389.32,大商所,2020
20200526,XDCE,C,C2103,20200525,21:01,5,0,2102.0,0,2102.0,4,84170,2104.25,大商所,2020
20200526,XDCE,JM,JM2105,20200525,21:12,5,0,1070.0,0,1070.0,3,192780,1071.0,大商所,2020
20200527,XDCE,C,C2007,20200526,21:02,5,0,2015.0,0,2013.0,2,40280,2014.0,大商所,2020
20200527,XDCE,JM,JM2105,20200526,21:06,5,0,1061.5,0,1061.5,1,63690,1061.5,大商所,2020
20200528,XDCE,J,J2105,20200527,21:13,5,0,1727.5,0,1727.5,1,172750,1727.5,大商所,2020
20200529,XDCE,J,J2105,20200528,21:04,5,0,1722.5,0,1722.5,1,172250,1722.5,大商所,2020
20200529,XDCE,PP,PP2105,20200528,21:08,5,0,6856.0,0,6856.0,2,68560,6856.0,大商所,2020
20200601,XDCE,B,B2105,20200529,21:07,5,0,3080.0,0,3080.0,1,30800,3080.0,大商所,2020
20200601,XDCE,C,C2103,20200529,21:04,5,0,2134.0,0,2134.0,1,21340,2134.0,大商所,2020
20200601,XDCE,C,C2105,20200529,21:01,5,0,2155.0,0,2155.0,3,64660,2155.33,大商所,2020
20200601,XDCE,I,I2011,20200529,21:03,5,0,709.5,0,709.5,3,212850,709.5,大商所,2020
20200601,XDCE,J,J2105,20200529,21:28,5,0,1738.0,0,1738.0,2,347550,1737.75,大商所,2020
20200601,XDCE,L,L2105,20200529,21:06,5,0,6540.0,0,6540.0,1,32700,6540.0,大商所,2020
20200601,XDCE,M,M2011,20200529,21:01,5,0,2832.0,0,2832.0,35,991290,2832.26,大商所,2020
20200603,XDCE,EG,EG2105,20200603,09:13,5,0,4060.0,0,4060.0,1,40600,4060.0,大商所,2020
20200603,XDCE,M,M2011,20200602,21:01,5,0,2825.0,0,2822.0,29,819040,2824.28,大商所,2020
20200603,XDCE,PP,PP2105,20200602,21:06,5,0,7035.0,0,7035.0,1,35175,7035.0,大商所,2020
20200604,XDCE,EB,EB2105,20200603,22:10,5,0,6310.0,0,6310.0,1,31550,6310.0,大商所,2020
20200608,XDCE,C,C2103,20200605,21:13,5,0,2133.0,0,2132.0,6,127930,2132.17,大商所,2020
20200608,XDCE,J,J2105,20200605,21:32,5,0,1784.0,0,1784.0,1,178400,1784.0,大商所,2020
20200608,XDCE,V,V2105,20200605,21:14,5,0,6095.0,0,6095.0,56,1705725,6091.88,大商所,2020
20200611,XDCE,M,M2103,20200610,21:41,5,0,2782.0,0,2775.0,2,55570,2778.5,大商所,2020
20200612,XDCE,EG,EG2105,20200612,09:05,5,0,3901.0,0,3873.0,11,427720,3888.36,大商所,2020
20200612,XDCE,J,J2101,20200611,21:01,5,0,1877.0,0,1877.0,26,4875600,1875.23,大商所,2020
20200612,XDCE,J,J2105,20200611,21:02,5,0,1805.0,0,1805.0,3,541500,1805.0,大商所,2020
20200615,XDCE,EB,EB2101,20200612,21:01,5,0,5999.0,0,5999.0,28,839170,5994.07,大商所,2020
20200617,XDCE,B,B2011,20200616,22:09,5,0,3198.0,0,3198.0,2,63960,3198.0,大商所,2020
20200617,XDCE,CS,CS2101,20200616,21:01,5,0,2466.0,0,2466.0,5,123210,2464.2,大商所,2020
20200622,XDCE,L,L2105,20200619,21:02,5,0,6785.0,0,6785.0,5,169525,6781.0,大商所,2020
20200623,XDCE,V,V2105,20200622,21:09,5,0,5970.0,0,5970.0,1,29850,5970.0,大商所,2020
20200624,XDCE,B,B2009,20200623,21:01,5,0,3142.0,0,3141.0,37,1161880,3140.22,大商所,2020
20200630,XDCE,B,B2011,20200630,10:34,5,0,3169.0,0,3169.0,1,31690,3169.0,大商所,2020
20200630,XDCE,EG,EG2105,20200630,10:32,5,0,3947.0,0,3904.0,25,983530,3934.12,大商所,2020
20200630,XDCE,J,J2105,20200629,21:09,5,0,1760.0,0,1760.0,1,176000,1760.0,大商所,2020
20200701,XDCE,B,B2011,20200630,21:20,5,0,3165.0,0,3165.0,3,94990,3166.33,大商所,2020
20200702,XDCE,B,B2011,20200701,21:01,5,0,3251.0,0,3251.0,4,130020,3250.5,大商所,2020
20200702,XDCE,PG,PG2012,20200701,21:01,5,0,3554.0,0,3553.0,26,1846580,3551.11,大商所,2020
20200703,XDCE,M,M2103,20200702,21:06,5,0,2815.0,0,2815.0,3,84450,2815.0,大商所,2020
20200706,XDCE,C,C2103,20200703,21:05,5,0,2134.0,0,2134.0,2,42680,2134.0,大商所,2020
20200706,XDCE,C,C2105,20200703,21:01,5,0,2154.0,0,2154.0,4,86110,2152.75,大商所,2020
20200707,XDCE,CS,CS2105,20200706,21:06,5,0,2491.0,0,2491.0,1,24910,2491.0,大商所,2020
20200707,XDCE,I,I2011,20200706,21:01,5,0,716.0,0,716.0,3,214800,716.0,大商所,2020
20200708,XDCE,M,M2103,20200707,21:01,5,0,2819.0,0,2818.0,37,1042600,2817.84,大商所,2020
20200708,XDCE,V,V2105,20200707,21:01,5,0,6300.0,0,6270.0,7,220000,6285.71,大商所,2020
20200709,XDCE,EB,EB2105,20200708,22:23,5,0,6222.0,0,6222.0,1,31110,6222.0,大商所,2020
20200709,XDCE,PG,PG2012,20200708,21:01,5,0,3614.0,0,3612.0,38,2744660,3611.39,大商所,2020
20200710,XDCE,C,C2103,20200709,21:01,5,0,2156.0,0,2155.0,10,215620,2156.2,大商所,2020
20200710,XDCE,EG,EG2101,20200709,21:01,5,0,3764.0,0,3764.0,23,865750,3764.13,大商所,2020
20200713,XDCE,CS,CS2101,20200710,21:01,5,0,2495.0,0,2495.0,8,199600,2495.0,大商所,2020
20200713,XDCE,I,I2011,20200710,21:01,5,0,758.5,0,758.0,68,5142700,756.279,大商所,2020
20200714,XDCE,PG,PG2012,20200713,21:01,5,0,3857.0,0,3857.0,17,1310620,3854.76,大商所,2020
20200714,XDCE,V,V2105,20200713,21:07,5,0,6350.0,0,6350.0,5,158750,6350.0,大商所,2020
20200715,XDCE,B,B2101,20200714,21:03,5,0,3211.0,0,3211.0,7,224650,3209.29,大商所,2020
20200715,XDCE,CS,CS2105,20200714,21:02,5,0,2509.0,0,2509.0,3,75260,2508.67,大商所,2020
20200715,XDCE,J,J2105,20200714,21:06,5,0,1805.0,0,1805.0,1,180500,1805.0,大商所,2020
20200715,XDCE,JM,JM2105,20200714,21:10,5,0,1130.0,0,1130.0,3,203370,1129.83,大商所,2020
20200720,XDCE,B,B2101,20200717,21:09,5,0,3273.0,0,3273.0,3,98150,3271.67,大商所,2020
20200720,XDCE,L,L2105,20200717,21:01,5,0,6975.0,0,6975.0,20,698250,6982.5,大商所,2020
20200720,XDCE,M,M2011,20200717,21:01,5,0,2920.0,0,2919.0,91,2655960,2918.64,大商所,2020
20200721,XDCE,C,C2107,20200720,21:11,5,0,2187.0,0,2187.0,22,481200,2187.27,大商所,2020
20200721,XDCE,M,M2107,20200720,21:16,5,0,2737.0,0,2737.0,2,54730,2736.5,大商所,2020
20200722,XDCE,CS,CS2101,20200721,21:01,5,0,2516.0,0,2515.0,71,1785800,2515.21,大商所,2020
20200722,XDCE,L,L2105,20200721,21:01,5,0,7010.0,0,7010.0,12,420750,7012.5,大商所,2020
20200722,XDCE,PP,PP2105,20200721,21:04,5,0,7181.0,0,7180.0,11,394810,7178.36,大商所,2020
20200724,XDCE,I,I2107,20200723,21:29,5,0,688.0,0,688.0,1,68800,688.0,大商所,2020
20200724,XDCE,PG,PG2012,20200723,21:01,5,0,4039.0,0,4039.0,33,2668720,4043.51,大商所,2020
20200727,XDCE,C,C2103,20200724,21:01,5,0,2210.0,0,2210.0,4,88420,2210.5,大商所,2020
20200728,XDCE,B,B2101,20200727,21:03,5,0,3390.0,0,3389.0,9,304850,3387.22,大商所,2020
20200728,XDCE,I,I2011,20200727,21:01,5,0,770.0,0,768.5,30,2307600,769.2,大商所,2020
20200728,XDCE,I,I2103,20200727,21:25,5,0,707.5,0,707.5,4,283000,707.5,大商所,2020
20200729,XDCE,B,B2101,20200728,21:01,5,0,3308.0,0,3307.0,18,595920,3310.67,大商所,2020
20200731,XDCE,M,M2103,20200730,21:01,5,0,2758.0,0,2758.0,12,331180,2759.83,大商所,2020
20200803,XDCE,A,A2105,20200731,21:01,5,0,4337.0,0,4336.0,11,477080,4337.09,大商所,2020
20200803,XDCE,EG,EG2105,20200803,09:07,5,0,4025.0,0,4024.0,5,201210,4024.2,大商所,2020
20200803,XDCE,PP,PP2105,20200731,21:13,5,0,7240.0,0,7240.0,6,217200,7240.0,大商所,2020
20200804,XDCE,EB,EB2010,20200803,21:04,5,0,5607.0,0,5603.0,44,1230640,5593.82,大商所,2020
20200804,XDCE,EB,EB2011,20200803,21:04,5,0,5685.0,0,5685.0,9,255080,5668.44,大商所,2020
20200804,XDCE,EB,EB2012,20200803,21:04,5,0,5797.0,0,5796.0,12,346800,5780.0,大商所,2020
20200804,XDCE,L,L2010,20200803,21:01,5,0,7090.0,0,7090.0,41,1451200,7079.02,大商所,2020
20200804,XDCE,L,L2011,20200803,21:01,5,0,7105.0,0,7105.0,6,211900,7063.33,大商所,2020
20200804,XDCE,L,L2012,20200803,21:01,5,0,7020.0,0,7020.0,6,211350,7045.0,大商所,2020
20200804,XDCE,P,P2105,20200803,21:01,5,0,5564.0,0,5564.0,8,445160,5564.5,大商所,2020
20200805,XDCE,EG,EG2105,20200805,09:14,5,0,4085.0,0,4085.0,2,81700,4085.0,大商所,2020
20200805,XDCE,I,I2011,20200804,21:01,5,0,841.0,0,841.0,44,3698150,840.489,大商所,2020
20200805,XDCE,I,I2012,20200804,21:01,5,0,822.5,0,822.5,9,740250,822.5,大商所,2020
20200805,XDCE,JM,JM2010,20200804,21:04,5,0,1212.5,0,1212.5,8,581910,1212.31,大商所,2020
20200805,XDCE,JM,JM2011,20200804,21:08,5,0,1217.0,0,1217.0,5,365100,1217.0,大商所,2020
20200805,XDCE,L,L2010,20200804,21:02,5,0,7150.0,0,7150.0,2,71500,7150.0,大商所,2020
20200805,XDCE,L,L2012,20200804,21:01,5,0,7105.0,0,7105.0,3,106925,7128.33,大商所,2020
20200806,XDCE,C,C2103,20200805,21:01,5,0,2273.0,0,2273.0,6,136390,2273.17,大商所,2020
20200806,XDCE,EG,EG2010,20200805,21:01,5,0,3887.0,0,3882.0,69,2678760,3882.26,大商所,2020
20200806,XDCE,I,I2012,20200805,21:02,5,0,826.0,0,826.0,1,82600,826.0,大商所,2020
20200806,XDCE,JM,JM2011,20200805,21:16,5,0,1231.0,0,1229.5,7,516930,1230.79,大商所,2020
20200807,XDCE,EB,EB2010,20200806,21:02,5,0,5659.0,0,5643.0,9,254340,5652.0,大商所,2020
20200807,XDCE,EG,EG2011,20200806,21:02,5,0,3873.0,0,3869.0,11,425990,3872.64,大商所,2020
20200807,XDCE,L,L2010,20200806,21:02,5,0,7175.0,0,7175.0,2,71750,7175.0,大商所,2020
20200807,XDCE,L,L2012,20200806,21:03,5,0,7165.0,0,7165.0,2,71650,7165.0,大商所,2020
20200807,XDCE,PP,PP2011,20200806,21:01,5,0,7593.0,0,7580.0,27,1024485,7588.78,大商所,2020
20200807,XDCE,PP,PP2012,20200806,21:01,5,0,7522.0,0,7518.0,18,677035,7522.61,大商所,2020
20200807,XDCE,V,V2010,20200806,21:01,5,0,6620.0,0,6610.0,30,990825,6605.5,大商所,2020
20200807,XDCE,V,V2011,20200806,21:01,5,0,6580.0,0,6580.0,7,229750,6564.29,大商所,2020
20200807,XDCE,V,V2012,20200806,21:01,5,0,6555.0,0,6540.0,24,784525,6537.71,大商所,2020
20200810,XDCE,I,I2012,20200807,21:01,5,0,839.0,0,839.0,3,251800,839.333,大商所,2020
20200810,XDCE,L,L2010,20200807,21:01,5,0,7160.0,0,7160.0,4,143150,7157.5,大商所,2020
20200810,XDCE,L,L2011,20200807,21:01,5,0,7140.0,0,7140.0,2,71375,7137.5,大商所,2020
20200810,XDCE,PP,PP2010,20200807,21:01,5,0,7665.0,0,7662.0,15,574745,7663.27,大商所,2020
20200810,XDCE,PP,PP2011,20200807,21:01,5,0,7597.0,0,7597.0,10,379680,7593.6,大商所,2020
20200810,XDCE,V,V2010,20200807,21:01,5,0,6560.0,0,6560.0,31,1017025,6561.45,大商所,2020
20200810,XDCE,V,V2011,20200807,21:24,5,0,6525.0,0,6525.0,43,1401225,6517.33,大商所,2020
20200810,XDCE,V,V2012,20200807,21:01,5,0,6495.0,0,6490.0,25,811850,6494.8,大商所,2020
20200811,XDCE,C,C2103,20200810,21:01,5,0,2247.0,0,2245.0,12,269630,2246.92,大商所,2020
20200811,XDCE,EG,EG2011,20200810,21:05,5,0,3852.0,0,3848.0,18,692950,3849.72,大商所,2020
20200811,XDCE,EG,EG2012,20200810,21:08,5,0,3874.0,0,3874.0,1,38740,3874.0,大商所,2020
20200811,XDCE,J,J2105,20200810,21:09,5,0,1928.0,0,1928.0,2,385600,1928.0,大商所,2020
20200811,XDCE,JM,JM2011,20200810,21:04,5,0,1230.0,0,1230.0,5,369000,1230.0,大商所,2020
20200811,XDCE,JM,JM2105,20200810,21:07,5,0,1180.5,0,1180.5,11,779820,1181.55,大商所,2020
20200811,XDCE,PP,PP2010,20200810,21:01,5,0,7620.0,0,7600.0,14,533235,7617.64,大商所,2020
20200811,XDCE,PP,PP2011,20200810,21:01,5,0,7523.0,0,7523.0,4,150880,7544.0,大商所,2020
20200811,XDCE,V,V2010,20200810,21:01,5,0,6485.0,0,6485.0,8,259150,6478.75,大商所,2020
20200811,XDCE,V,V2011,20200810,21:11,5,0,6490.0,0,6490.0,1,32450,6490.0,大商所,2020
20200811,XDCE,V,V2012,20200810,21:01,5,0,6430.0,0,6430.0,5,160550,6422.0,大商所,2020
20200811,XDCE,Y,Y2012,20200810,21:01,5,0,6222.0,0,6222.0,3,186820,6227.33,大商所,2020
20200812,XDCE,EB,EB2010,20200811,21:01,5,0,5524.0,0,5524.0,2,55265,5526.5,大商所,2020
20200812,XDCE,EB,EB2011,20200811,21:01,5,0,5613.0,0,5613.0,3,84215,5614.33,大商所,2020
20200812,XDCE,EG,EG2010,20200811,21:01,5,0,3791.0,0,3791.0,13,491300,3779.23,大商所,2020
20200812,XDCE,EG,EG2011,20200811,21:01,5,0,3820.0,0,3820.0,9,343040,3811.56,大商所,2020
20200812,XDCE,EG,EG2012,20200811,21:07,5,0,3868.0,0,3867.0,9,348080,3867.56,大商所,2020
20200812,XDCE,J,J2010,20200811,21:01,5,0,1999.5,0,1994.5,74,14768800,1995.78,大商所,2020
20200812,XDCE,J,J2011,20200811,21:01,5,0,1990.0,0,1990.0,12,2388500,1990.42,大商所,2020
20200812,XDCE,PP,PP2010,20200811,21:01,5,0,7673.0,0,7661.0,41,1571965,7668.12,大商所,2020
20200812,XDCE,PP,PP2011,20200811,21:01,5,0,7605.0,0,7605.0,19,723720,7618.1,大商所,2020
20200812,XDCE,PP,PP2012,20200811,21:01,5,0,7564.0,0,7553.0,18,680140,7557.11,大商所,2020
20200812,XDCE,V,V2010,20200811,21:01,5,0,6520.0,0,6520.0,6,195375,6512.5,大商所,2020
20200812,XDCE,V,V2011,20200811,21:09,5,0,6510.0,0,6510.0,1,32550,6510.0,大商所,2020
20200812,XDCE,V,V2105,20200811,21:01,5,0,6380.0,0,6380.0,19,604725,6365.53,大商所,2020
20200813,XDCE,C,C2103,20200812,21:03,5,0,2246.0,0,2246.0,1,22460,2246.0,大商所,2020
20200813,XDCE,CS,CS2011,20200812,21:04,5,0,2564.0,0,2564.0,1,25640,2564.0,大商所,2020
20200813,XDCE,JM,JM2010,20200812,21:04,5,0,1215.0,0,1215.0,2,145800,1215.0,大商所,2020
20200813,XDCE,JM,JM2012,20200812,21:03,5,0,1220.5,0,1220.5,2,146460,1220.5,大商所,2020
20200813,XDCE,L,L2010,20200812,21:01,5,0,7030.0,0,7030.0,15,528075,7041.0,大商所,2020
20200813,XDCE,PP,PP2010,20200812,21:01,5,0,7599.0,0,7599.0,7,265545,7587.0,大商所,2020
20200813,XDCE,PP,PP2011,20200812,21:03,5,0,7510.0,0,7510.0,54,2028170,7511.74,大商所,2020
20200813,XDCE,PP,PP2012,20200812,21:01,5,0,7497.0,0,7497.0,6,224630,7487.67,大商所,2020
20200814,XDCE,A,A2105,20200813,21:01,5,0,4290.0,0,4288.0,10,428880,4288.8,大商所,2020
20200814,XDCE,C,C2103,20200813,21:01,5,0,2254.0,0,2254.0,20,450430,2252.15,大商所,2020
20200814,XDCE,CS,CS2105,20200813,21:01,5,0,2658.0,0,2650.0,14,371270,2651.93,大商所,2020
20200814,XDCE,J,J2010,20200813,21:01,5,0,1988.0,0,1986.5,8,1589400,1986.75,大商所,2020
20200814,XDCE,J,J2011,20200813,21:04,5,0,1979.0,0,1979.0,2,395800,1979.0,大商所,2020
20200814,XDCE,JM,JM2010,20200813,21:04,5,0,1203.0,0,1203.0,1,72180,1203.0,大商所,2020
20200814,XDCE,JM,JM2011,20200813,21:14,5,0,1207.0,0,1207.0,1,72420,1207.0,大商所,2020
20200814,XDCE,JM,JM2105,20200814,09:08,5,0,1166.5,0,1166.5,1,69990,1166.5,大商所,2020
20200814,XDCE,PP,PP2011,20200813,21:01,5,0,7499.0,0,7499.0,25,936515,7492.12,大商所,2020
20200814,XDCE,PP,PP2012,20200813,21:01,5,0,7471.0,0,7459.0,56,2090515,7466.12,大商所,2020
20200814,XDCE,V,V2010,20200813,21:04,5,0,6505.0,0,6505.0,10,325250,6505.0,大商所,2020
20200814,XDCE,V,V2011,20200813,21:09,5,0,6480.0,0,6480.0,1,32400,6480.0,大商所,2020
20200814,XDCE,Y,Y2011,20200813,21:01,5,0,6446.0,0,6432.0,21,1353420,6444.86,大商所,2020
20200814,XDCE,Y,Y2012,20200813,21:02,5,0,6420.0,0,6420.0,6,385200,6420.0,大商所,2020
20200817,XDCE,J,J2010,20200814,21:01,5,0,1990.0,0,1990.0,6,1192650,1987.75,大商所,2020
20200817,XDCE,J,J2011,20200814,21:03,5,0,1980.5,0,1980.5,3,594150,1980.5,大商所,2020
20200817,XDCE,JM,JM2011,20200814,21:05,5,0,1213.0,0,1213.0,6,436710,1213.08,大商所,2020
20200817,XDCE,PP,PP2010,20200814,21:01,5,0,7615.0,0,7594.0,22,836505,7604.59,大商所,2020
20200817,XDCE,PP,PP2011,20200814,21:01,5,0,7540.0,0,7540.0,4,150920,7546.0,大商所,2020
20200817,XDCE,PP,PP2012,20200814,21:01,5,0,7524.0,0,7504.0,7,263030,7515.14,大商所,2020
20200817,XDCE,V,V2010,20200814,21:24,5,0,6540.0,0,6540.0,1,32700,6540.0,大商所,2020
20200818,XDCE,EB,EB2010,20200817,21:01,5,0,5435.0,0,5432.0,17,461920,5434.35,大商所,2020
20200818,XDCE,EB,EB2011,20200817,21:01,5,0,5543.0,0,5543.0,7,194160,5547.43,大商所,2020
20200818,XDCE,EG,EG2011,20200817,21:02,5,0,3904.0,0,3904.0,1,39040,3904.0,大商所,2020
20200818,XDCE,JM,JM2011,20200817,21:11,5,0,1218.0,0,1218.0,1,73080,1218.0,大商所,2020
20200818,XDCE,JM,JM2105,20200817,21:11,5,0,1175.0,0,1175.0,4,282000,1175.0,大商所,2020
20200818,XDCE,L,L2010,20200817,21:07,5,0,7095.0,0,7095.0,1,35475,7095.0,大商所,2020
20200818,XDCE,L,L2012,20200817,21:09,5,0,7085.0,0,7085.0,1,35425,7085.0,大商所,2020
20200818,XDCE,M,M2107,20200817,21:10,5,0,2771.0,0,2771.0,1,27710,2771.0,大商所,2020
20200818,XDCE,PP,PP2011,20200817,21:03,5,0,7581.0,0,7581.0,2,75770,7577.0,大商所,2020
20200818,XDCE,V,V2010,20200817,21:01,5,0,6635.0,0,6630.0,45,1492350,6632.67,大商所,2020
20200819,XDCE,EG,EG2010,20200818,21:01,5,0,3861.0,0,3857.0,150,5779600,3853.07,大商所,2020
20200819,XDCE,EG,EG2011,20200818,21:07,5,0,3895.0,0,3895.0,1,38950,3895.0,大商所,2020
20200819,XDCE,EG,EG2105,20200818,21:06,5,0,4122.0,0,4122.0,1,41220,4122.0,大商所,2020
20200819,XDCE,L,L2010,20200818,21:01,5,0,7210.0,0,7200.0,35,1259300,7196.0,大商所,2020
20200819,XDCE,L,L2011,20200818,21:01,5,0,7215.0,0,7215.0,26,936175,7201.35,大商所,2020
20200819,XDCE,L,L2012,20200818,21:01,5,0,7200.0,0,7190.0,12,431300,7188.33,大商所,2020
20200819,XDCE,L,L2105,20200818,21:01,5,0,7150.0,0,7150.0,12,428400,7140.0,大商所,2020
20200819,XDCE,M,M2011,20200818,21:01,5,0,2895.0,0,2893.0,134,3876610,2892.99,大商所,2020
20200819,XDCE,M,M2103,20200818,21:01,5,0,2788.0,0,2787.0,4,111490,2787.25,大商所,2020
20200819,XDCE,PP,PP2010,20200818,21:01,5,0,7737.0,0,7734.0,18,696000,7733.33,大商所,2020
20200819,XDCE,PP,PP2011,20200818,21:01,5,0,7708.0,0,7698.0,11,423495,7699.91,大商所,2020
20200819,XDCE,PP,PP2012,20200818,21:01,5,0,7689.0,0,7689.0,8,307365,7684.12,大商所,2020
20200820,XDCE,EG,EG2010,20200819,21:03,5,0,3812.0,0,3812.0,1,38120,3812.0,大商所,2020
20200820,XDCE,EG,EG2011,20200819,21:06,5,0,3848.0,0,3844.0,10,384720,3847.2,大商所,2020
20200820,XDCE,EG,EG2012,20200819,21:03,5,0,3894.0,0,3894.0,1,38940,3894.0,大商所,2020
20200820,XDCE,J,J2010,20200819,21:01,5,0,2001.0,0,1998.5,29,5800300,2000.1,大商所,2020
20200820,XDCE,J,J2011,20200819,21:01,5,0,2004.0,0,2003.5,4,802050,2005.12,大商所,2020
20200820,XDCE,J,J2105,20200819,21:01,5,0,1925.0,0,1925.0,2,385600,1928.0,大商所,2020
20200820,XDCE,JM,JM2010,20200819,21:02,5,0,1199.5,0,1199.5,1,71970,1199.5,大商所,2020
20200820,XDCE,JM,JM2011,20200819,21:03,5,0,1210.5,0,1210.5,8,581430,1211.31,大商所,2020
20200820,XDCE,JM,JM2012,20200819,21:02,5,0,1209.5,0,1209.5,1,72570,1209.5,大商所,2020
20200820,XDCE,L,L2011,20200819,21:01,5,0,7125.0,0,7125.0,12,427725,7128.75,大商所,2020
20200820,XDCE,L,L2012,20200819,21:01,5,0,7130.0,0,7130.0,10,356425,7128.5,大商所,2020
20200820,XDCE,PP,PP2010,20200819,21:01,5,0,7677.0,0,7677.0,177,6791365,7673.86,大商所,2020
20200820,XDCE,PP,PP2011,20200819,21:01,5,0,7658.0,0,7655.0,135,5166475,7654.04,大商所,2020
20200820,XDCE,PP,PP2012,20200819,21:01,5,0,7635.0,0,7635.0,22,838420,7622.0,大商所,2020
20200820,XDCE,V,V2010,20200819,21:07,5,0,6690.0,0,6690.0,4,133800,6690.0,大商所,2020
20200820,XDCE,V,V2012,20200819,21:02,5,0,6650.0,0,6650.0,1,33250,6650.0,大商所,2020
20200821,XDCE,A,A2105,20200820,21:02,5,0,4541.0,0,4541.0,3,136230,4541.0,大商所,2020
20200821,XDCE,C,C2103,20200820,21:01,5,0,2341.0,0,2341.0,39,912230,2339.05,大商所,2020
20200821,XDCE,EG,EG2010,20200820,21:04,5,0,3783.0,0,3783.0,8,302470,3780.88,大商所,2020
20200821,XDCE,EG,EG2012,20200820,21:13,5,0,3853.0,0,3850.0,43,1655670,3850.39,大商所,2020
20200821,XDCE,EG,EG2105,20200820,21:11,5,0,4026.0,0,4026.0,2,80520,4026.0,大商所,2020
20200821,XDCE,JM,JM2010,20200820,21:02,5,0,1210.5,0,1210.5,62,4487340,1206.27,大商所,2020
20200821,XDCE,JM,JM2011,20200820,21:02,5,0,1220.0,0,1220.0,44,3208290,1215.26,大商所,2020
20200821,XDCE,L,L2010,20200820,21:01,5,0,7225.0,0,7215.0,52,1877625,7221.64,大商所,2020
20200821,XDCE,L,L2011,20200820,21:01,5,0,7250.0,0,7245.0,9,326675,7259.44,大商所,2020
20200821,XDCE,M,M2107,20200820,21:02,5,0,2759.0,0,2759.0,6,165850,2764.17,大商所,2020
20200821,XDCE,PP,PP2010,20200820,21:01,5,0,7734.0,0,7724.0,64,2474640,7733.25,大商所,2020
20200821,XDCE,PP,PP2011,20200820,21:02,5,0,7714.0,0,7704.0,5,192705,7708.2,大商所,2020
20200821,XDCE,PP,PP2012,20200820,21:01,5,0,7714.0,0,7703.0,18,694215,7713.5,大商所,2020
20200821,XDCE,V,V2010,20200820,21:01,5,0,6700.0,0,6695.0,31,1039550,6706.77,大商所,2020
20200821,XDCE,V,V2011,20200820,21:02,5,0,6695.0,0,6685.0,22,735500,6686.36,大商所,2020
20200821,XDCE,V,V2012,20200820,21:01,5,0,6675.0,0,6660.0,28,933525,6668.04,大商所,2020
20200824,XDCE,B,B2105,20200821,21:02,5,0,3219.0,0,3219.0,6,193050,3217.5,大商所,2020
20200824,XDCE,C,C2107,20200821,21:01,5,0,2367.0,0,2367.0,24,568220,2367.58,大商所,2020
20200824,XDCE,EB,EB2011,20200821,21:04,5,0,5472.0,0,5472.0,1,27360,5472.0,大商所,2020
20200824,XDCE,EG,EG2012,20200821,21:05,5,0,3850.0,0,3850.0,1,38500,3850.0,大商所,2020
20200824,XDCE,J,J2010,20200821,21:01,5,0,1964.5,0,1962.0,8,1570550,1963.19,大商所,2020
20200824,XDCE,J,J2011,20200821,21:01,5,0,1943.5,0,1941.0,3,582650,1942.17,大商所,2020
20200824,XDCE,JM,JM2105,20200821,21:11,5,0,1165.0,0,1165.0,1,69900,1165.0,大商所,2020
20200824,XDCE,V,V2010,20200821,21:01,5,0,6650.0,0,6650.0,8,266300,6657.5,大商所,2020
20200824,XDCE,V,V2011,20200821,21:01,5,0,6640.0,0,6640.0,3,99700,6646.67,大商所,2020
20200825,XDCE,C,C2107,20200824,21:02,5,0,2330.0,0,2330.0,14,326200,2330.0,大商所,2020
20200825,XDCE,EG,EG2012,20200824,21:01,5,0,3843.0,0,3841.0,6,230590,3843.17,大商所,2020
20200825,XDCE,JM,JM2010,20200824,21:03,5,0,1214.5,0,1214.5,1,72870,1214.5,大商所,2020
20200825,XDCE,L,L2010,20200824,21:01,5,0,7110.0,0,7110.0,24,850950,7091.25,大商所,2020
20200825,XDCE,L,L2011,20200824,21:01,5,0,7130.0,0,7130.0,24,853350,7111.25,大商所,2020
20200825,XDCE,PP,PP2011,20200824,21:04,5,0,7690.0,0,7690.0,1,38450,7690.0,大商所,2020
20200826,XDCE,EB,EB2010,20200825,21:03,5,0,5442.0,0,5442.0,7,190465,5441.86,大商所,2020
20200826,XDCE,EB,EB2011,20200825,21:04,5,0,5525.0,0,5525.0,1,27625,5525.0,大商所,2020
20200826,XDCE,EG,EG2010,20200825,21:01,5,0,3813.0,0,3800.0,64,2434860,3804.47,大商所,2020
20200826,XDCE,EG,EG2012,20200825,21:01,5,0,3876.0,0,3876.0,7,271280,3875.43,大商所,2020
20200826,XDCE,L,L2010,20200825,21:01,5,0,7205.0,0,7175.0,80,2874850,7187.12,大商所,2020
20200826,XDCE,L,L2011,20200825,21:01,5,0,7200.0,0,7200.0,19,684600,7206.32,大商所,2020
20200826,XDCE,L,L2012,20200825,21:01,5,0,7230.0,0,7215.0,12,433475,7224.58,大商所,2020
20200826,XDCE,L,L2105,20200825,21:01,5,0,7220.0,0,7205.0,24,864950,7207.92,大商所,2020
20200826,XDCE,PP,PP2010,20200825,21:01,5,0,7789.0,0,7778.0,38,1479715,7787.97,大商所,2020
20200826,XDCE,PP,PP2011,20200825,21:01,5,0,7758.0,0,7758.0,7,272070,7773.43,大商所,2020
20200827,XDCE,B,B2101,20200826,21:01,5,0,3420.0,0,3420.0,6,205160,3419.33,大商所,2020
20200827,XDCE,C,C2103,20200826,21:01,5,0,2323.0,0,2323.0,6,139380,2323.0,大商所,2020
20200827,XDCE,EB,EB2010,20200826,21:05,5,0,5369.0,0,5369.0,1,26845,5369.0,大商所,2020
20200827,XDCE,EG,EG2010,20200826,21:01,5,0,3812.0,0,3811.0,27,1028300,3808.52,大商所,2020
20200827,XDCE,EG,EG2011,20200826,21:01,5,0,3846.0,0,3846.0,25,960560,3842.24,大商所,2020
20200827,XDCE,L,L2011,20200826,21:01,5,0,7240.0,0,7240.0,4,144800,7240.0,大商所,2020
20200827,XDCE,L,L2012,20200826,21:01,5,0,7270.0,0,7270.0,24,871250,7260.42,大商所,2020
20200827,XDCE,PP,PP2011,20200826,21:02,5,0,7790.0,0,7785.0,2,77875,7787.5,大商所,2020
20200828,XDCE,C,C2107,20200827,21:01,5,0,2321.0,0,2321.0,32,743580,2323.69,大商所,2020
20200828,XDCE,JM,JM2010,20200827,21:01,5,0,1233.0,0,1233.0,7,517260,1231.57,大商所,2020
20200828,XDCE,JM,JM2011,20200827,21:01,5,0,1232.5,0,1232.5,8,591360,1232.0,大商所,2020
20200828,XDCE,L,L2012,20200827,21:03,5,0,7350.0,0,7350.0,2,73500,7350.0,大商所,2020
20200828,XDCE,PP,PP2011,20200827,21:01,5,0,7876.0,0,7875.0,3,118040,7869.33,大商所,2020
20200831,XDCE,C,C2011,20200828,21:01,5,0,2244.0,0,2243.0,73,1637520,2243.18,大商所,2020
20200831,XDCE,C,C2103,20200828,21:01,5,0,2289.0,0,2289.0,22,503920,2290.55,大商所,2020
20200831,XDCE,C,C2107,20200828,21:03,5,0,2326.0,0,2326.0,1,23260,2326.0,大商所,2020
20200831,XDCE,EB,EB2010,20200828,21:01,5,0,5439.0,0,5439.0,3,81545,5436.33,大商所,2020
20200831,XDCE,EB,EB2011,20200828,21:02,5,0,5532.0,0,5532.0,11,304245,5531.73,大商所,2020
20200831,XDCE,EG,EG2010,20200828,21:01,5,0,3836.0,0,3831.0,56,2146730,3833.45,大商所,2020
20200831,XDCE,EG,EG2011,20200828,21:01,5,0,3873.0,0,3868.0,58,2244320,3869.52,大商所,2020
20200831,XDCE,EG,EG2012,20200828,21:01,5,0,3912.0,0,3912.0,15,586720,3911.47,大商所,2020
20200831,XDCE,I,I2107,20200828,21:08,5,0,742.5,0,742.5,2,148500,742.5,大商所,2020
20200831,XDCE,L,L2012,20200828,21:01,5,0,7345.0,0,7345.0,24,880325,7336.04,大商所,2020
20200831,XDCE,PP,PP2011,20200828,21:02,5,0,7853.0,0,7853.0,4,157025,7851.25,大商所,2020
20200901,XDCE,EB,EB2010,20200831,21:03,5,0,5466.0,0,5456.0,3,81940,5462.67,大商所,2020
20200901,XDCE,EB,EB2011,20200831,21:02,5,0,5585.0,0,5580.0,3,83750,5583.33,大商所,2020
20200901,XDCE,EB,EB2012,20200831,21:02,5,0,5670.0,0,5665.0,3,85025,5668.33,大商所,2020
20200901,XDCE,EG,EG2011,20200831,21:01,5,0,3970.0,0,3970.0,41,1624180,3961.41,大商所,2020
20200901,XDCE,L,L2011,20200831,21:01,5,0,7455.0,0,7440.0,21,782200,7449.52,大商所,2020
20200901,XDCE,M,M2103,20200831,21:01,5,0,2859.0,0,2857.0,20,571460,2857.3,大商所,2020
20200901,XDCE,M,M2107,20200831,21:31,5,0,2829.0,0,2828.0,5,141420,2828.4,大商所,2020
20200901,XDCE,PP,PP2011,20200831,21:01,5,0,7940.0,0,7940.0,5,199030,7961.2,大商所,2020
20200902,XDCE,B,B2009,20200902,09:22,5,0,3449.0,0,3449.0,2,68980,3449.0,大商所,2020
20200902,XDCE,EB,EB2011,20200901,21:01,5,0,5598.0,0,5598.0,45,1259190,5596.4,大商所,2020
20200902,XDCE,EB,EB2012,20200901,21:01,5,0,5702.0,0,5702.0,25,709390,5675.12,大商所,2020
20200902,XDCE,EG,EG2011,20200901,21:02,5,0,4010.0,0,4000.0,53,2122370,4004.47,大商所,2020
20200902,XDCE,EG,EG2102,20200901,21:11,5,0,4110.0,0,4110.0,2,82200,4110.0,大商所,2020
20200902,XDCE,I,I2104,20200901,21:04,5,0,796.5,0,796.5,3,238950,796.5,大商所,2020
20200902,XDCE,J,J2103,20200901,21:36,5,0,1955.0,0,1955.0,10,1955350,1955.35,大商所,2020
20200902,XDCE,PP,PP2010,20200901,21:01,5,0,8012.0,0,8001.0,102,4080620,8001.22,大商所,2020
20200902,XDCE,PP,PP2011,20200901,21:02,5,0,7997.0,0,7997.0,14,558975,7985.36,大商所,2020
20200902,XDCE,PP,PP2102,20200901,21:01,5,0,7921.0,0,7921.0,11,434470,7899.45,大商所,2020
20200902,XDCE,V,V2011,20200901,21:01,5,0,6725.0,0,6725.0,7,235225,6720.71,大商所,2020
20200902,XDCE,V,V2103,20200901,21:13,5,0,6630.0,0,6630.0,1,33150,6630.0,大商所,2020
20200902,XDCE,V,V2104,20200902,10:53,5,0,6645.0,0,6645.0,1,33225,6645.0,大商所,2020
20200902,XDCE,Y,Y2011,20200901,21:01,5,0,6686.0,0,6676.0,20,1336120,6680.6,大商所,2020
20200902,XDCE,Y,Y2012,20200901,21:01,5,0,6668.0,0,6668.0,4,267560,6689.0,大商所,2020
20200903,XDCE,A,A2105,20200902,21:01,5,0,4478.0,0,4478.0,5,223760,4475.2,大商所,2020
20200903,XDCE,C,C2107,20200902,21:01,5,0,2350.0,0,2347.0,25,586800,2347.2,大商所,2020
20200903,XDCE,EG,EG2011,20200902,21:02,5,0,3991.0,0,3991.0,8,319280,3991.0,大商所,2020
20200903,XDCE,EG,EG2012,20200902,21:01,5,0,4020.0,0,4020.0,25,1007010,4028.04,大商所,2020
20200903,XDCE,J,J2103,20200902,21:16,5,0,1979.0,0,1979.0,12,2374800,1979.0,大商所,2020
20200903,XDCE,JM,JM2103,20200902,21:19,5,0,1251.5,0,1251.5,2,150180,1251.5,大商所,2020
20200903,XDCE,M,M2107,20200902,21:05,5,0,2816.0,0,2815.0,10,281510,2815.1,大商所,2020
20200903,XDCE,PP,PP2103,20200902,21:08,5,0,7976.0,0,7976.0,2,79735,7973.5,大商所,2020
20200903,XDCE,PP,PP2104,20200903,09:34,5,0,7957.0,0,7957.0,9,358065,7957.0,大商所,2020
20200903,XDCE,V,V2010,20200902,21:01,5,0,6775.0,0,6775.0,44,1490800,6776.36,大商所,2020
20200903,XDCE,V,V2102,20200902,21:16,5,0,6665.0,0,6665.0,14,466550,6665.0,大商所,2020
20200903,XDCE,V,V2104,20200902,21:39,5,0,6605.0,0,6605.0,2,66050,6605.0,大商所,2020
20200904,XDCE,B,B2107,20200904,13:41,5,0,3403.0,0,3403.0,2,68390,3419.5,大商所,2020
20200904,XDCE,C,C2107,20200903,21:01,5,0,2352.0,0,2352.0,75,1763100,2350.8,大商所,2020
20200904,XDCE,EB,EB2010,20200903,21:01,5,0,5416.0,0,5416.0,2,54255,5425.5,大商所,2020
20200904,XDCE,EB,EB2012,20200903,21:02,5,0,5616.0,0,5616.0,1,28080,5616.0,大商所,2020
20200904,XDCE,EG,EG2011,20200903,21:02,5,0,3965.0,0,3949.0,31,1227240,3958.84,大商所,2020
20200904,XDCE,EG,EG2102,20200903,21:01,5,0,4089.0,0,4089.0,13,531640,4089.54,大商所,2020
20200904,XDCE,EG,EG2103,20200903,21:05,5,0,4116.0,0,4116.0,3,123420,4114.0,大商所,2020
20200904,XDCE,J,J2102,20200903,21:01,5,0,2029.5,0,2029.5,7,1420950,2029.93,大商所,2020
20200904,XDCE,J,J2104,20200903,21:12,5,0,1993.0,0,1992.5,21,4185250,1992.98,大商所,2020
20200904,XDCE,L,L2102,20200903,21:01,5,0,7615.0,0,7615.0,52,1979050,7611.73,大商所,2020
20200904,XDCE,L,L2103,20200903,21:16,5,0,7605.0,0,7605.0,5,190125,7605.0,大商所,2020
20200904,XDCE,L,L2104,20200903,21:29,5,0,7615.0,0,7615.0,5,190275,7611.0,大商所,2020
20200904,XDCE,M,M2009,20200903,21:35,5,0,2917.0,0,2917.0,9,262530,2917.0,大商所,2020
20200904,XDCE,M,M2107,20200903,21:01,5,0,2840.0,0,2840.0,9,255080,2834.22,大商所,2020
20200904,XDCE,PP,PP2102,20200903,21:04,5,0,7988.0,0,7988.0,5,199650,7986.0,大商所,2020
20200904,XDCE,PP,PP2103,20200903,21:17,5,0,7939.0,0,7939.0,12,476340,7939.0,大商所,2020
20200904,XDCE,V,V2010,20200903,21:01,5,0,6760.0,0,6715.0,86,2891275,6723.9,大商所,2020
20200904,XDCE,V,V2012,20200903,21:01,5,0,6720.0,0,6680.0,67,2246975,6707.39,大商所,2020
20200904,XDCE,V,V2102,20200903,21:10,5,0,6640.0,0,6640.0,2,66400,6640.0,大商所,2020
20200904,XDCE,V,V2103,20200903,21:28,5,0,6590.0,0,6590.0,2,65900,6590.0,大商所,2020
20200904,XDCE,Y,Y2012,20200903,21:01,5,0,6786.0,0,6786.0,13,882580,6789.08,大商所,2020
20200907,XDCE,C,C2103,20200904,21:01,5,0,2334.0,0,2334.0,129,3008540,2332.2,大商所,2020
20200907,XDCE,EB,EB2010,20200904,21:01,5,0,5445.0,0,5445.0,2,54395,5439.5,大商所,2020
20200907,XDCE,EB,EB2011,20200904,21:01,5,0,5550.0,0,5550.0,71,1965700,5537.18,大商所,2020
20200907,XDCE,EB,EB2012,20200904,21:01,5,0,5651.0,0,5651.0,7,197170,5633.43,大商所,2020
20200907,XDCE,I,I2103,20200904,21:01,5,0,819.5,0,819.5,15,1224350,816.233,大商所,2020
20200907,XDCE,I,I2104,20200904,21:02,5,0,801.0,0,801.0,1,80100,801.0,大商所,2020
20200907,XDCE,J,J2010,20200904,21:03,5,0,2002.5,0,2002.5,1,200250,2002.5,大商所,2020
20200907,XDCE,P,P2102,20200904,21:01,5,0,5822.0,0,5822.0,19,1106020,5821.16,大商所,2020
20200907,XDCE,V,V2103,20200904,21:06,5,0,6525.0,0,6525.0,1,32625,6525.0,大商所,2020
20200907,XDCE,Y,Y2012,20200904,21:01,5,0,6730.0,0,6730.0,5,336460,6729.2,大商所,2020
20200908,XDCE,EG,EG2105,20200907,21:01,5,0,4132.0,0,4132.0,13,537050,4131.15,大商所,2020
20200908,XDCE,I,I2104,20200907,21:09,5,0,797.5,0,797.5,1,79750,797.5,大商所,2020
20200908,XDCE,JM,JM2012,20200908,09:06,5,0,1276.0,0,1276.0,1,76560,1276.0,大商所,2020
20200908,XDCE,JM,JM2102,20200907,21:01,5,0,1268.0,0,1268.0,11,836880,1268.0,大商所,2020
20200908,XDCE,JM,JM2103,20200907,21:16,5,0,1250.5,0,1250.5,1,75030,1250.5,大商所,2020
20200908,XDCE,L,L2102,20200907,21:01,5,0,7560.0,0,7555.0,26,982300,7556.15,大商所,2020
20200908,XDCE,L,L2103,20200907,21:03,5,0,7515.0,0,7515.0,5,187875,7515.0,大商所,2020
20200908,XDCE,M,M2107,20200907,21:03,5,0,2873.0,0,2873.0,12,344760,2873.0,大商所,2020
20200908,XDCE,V,V2102,20200907,21:01,5,0,6550.0,0,6550.0,11,360200,6549.09,大商所,2020
20200908,XDCE,V,V2103,20200907,21:11,5,0,6480.0,0,6480.0,80,2591750,6479.38,大商所,2020
20200908,XDCE,Y,Y2011,20200907,21:01,5,0,6756.0,0,6756.0,18,1216280,6757.11,大商所,2020
20200908,XDCE,Y,Y2108,20200907,21:47,5,0,6600.0,0,6600.0,1,66000,6600.0,大商所,2020
20200909,XDCE,EB,EB2011,20200908,21:01,5,0,5430.0,0,5430.0,33,895665,5428.27,大商所,2020
20200909,XDCE,EB,EB2012,20200908,21:01,5,0,5523.0,0,5515.0,20,552075,5520.75,大商所,2020
20200909,XDCE,EG,EG2102,20200908,21:02,5,0,4059.0,0,4059.0,28,1135610,4055.75,大商所,2020
20200909,XDCE,EG,EG2103,20200908,21:06,5,0,4076.0,0,4076.0,5,203800,4076.0,大商所,2020
20200909,XDCE,I,I2104,20200908,21:02,5,0,781.5,0,781.5,14,1094100,781.5,大商所,2020
20200909,XDCE,J,J2103,20200908,21:11,5,0,1957.0,0,1957.0,1,195700,1957.0,大商所,2020
20200909,XDCE,J,J2104,20200908,21:03,5,0,1943.0,0,1943.0,8,1554600,1943.25,大商所,2020
20200909,XDCE,JM,JM2102,20200908,21:01,5,0,1253.5,0,1252.5,30,2253870,1252.15,大商所,2020
20200909,XDCE,JM,JM2103,20200908,21:04,5,0,1238.0,0,1238.0,1,74280,1238.0,大商所,2020
20200909,XDCE,JM,JM2104,20200908,21:13,5,0,1225.5,0,1225.5,1,73530,1225.5,大商所,2020
20200909,XDCE,M,M2107,20200908,21:01,5,0,2865.0,0,2865.0,192,5485360,2856.96,大商所,2020
20200909,XDCE,M,M2108,20200908,21:07,5,0,2903.0,0,2903.0,7,203240,2903.43,大商所,2020
20200910,XDCE,B,B2105,20200909,21:05,5,0,3431.0,0,3431.0,1,34310,3431.0,大商所,2020
20200910,XDCE,C,C2103,20200909,21:01,5,0,2366.0,0,2366.0,85,2008900,2363.41,大商所,2020
20200910,XDCE,EB,EB2010,20200909,21:11,5,0,5321.0,0,5321.0,2,53210,5321.0,大商所,2020
20200910,XDCE,EB,EB2011,20200909,21:01,5,0,5409.0,0,5405.0,13,352195,5418.39,大商所,2020
20200910,XDCE,EB,EB2012,20200909,21:02,5,0,5506.0,0,5506.0,2,55055,5505.5,大商所,2020
20200910,XDCE,EG,EG2102,20200909,21:02,5,0,4035.0,0,4035.0,164,6616370,4034.37,大商所,2020
20200910,XDCE,EG,EG2103,20200909,21:12,5,0,4061.0,0,4060.0,31,1258850,4060.81,大商所,2020
20200910,XDCE,I,I2104,20200909,21:01,5,0,783.0,0,782.0,34,2659200,782.118,大商所,2020
20200910,XDCE,J,J2012,20200909,21:07,5,0,2003.0,0,2003.0,25,5007550,2003.02,大商所,2020
20200910,XDCE,J,J2102,20200909,21:01,5,0,1984.5,0,1982.0,62,12278650,1980.43,大商所,2020
20200910,XDCE,J,J2103,20200909,21:12,5,0,1969.0,0,1969.0,1,196900,1969.0,大商所,2020
20200910,XDCE,JM,JM2102,20200909,21:01,5,0,1249.0,0,1249.0,12,898560,1248.0,大商所,2020
20200910,XDCE,JM,JM2104,20200909,21:11,5,0,1225.5,0,1225.5,1,73530,1225.5,大商所,2020
20200910,XDCE,L,L2103,20200909,21:10,5,0,7455.0,0,7455.0,1,37275,7455.0,大商所,2020
20200910,XDCE,M,M2108,20200909,21:01,5,0,2905.0,0,2905.0,7,204040,2914.86,大商所,2020
20200910,XDCE,P,P2102,20200909,21:01,5,0,5840.0,0,5838.0,33,1925400,5834.55,大商所,2020
20200910,XDCE,PG,PG2102,20200909,21:11,5,0,3661.0,0,3657.0,7,512340,3659.57,大商所,2020
20200910,XDCE,PP,PP2103,20200909,21:04,5,0,7679.0,0,7676.0,12,460650,7677.5,大商所,2020
20200910,XDCE,PP,PP2104,20200909,21:01,5,0,7669.0,0,7669.0,4,153510,7675.5,大商所,2020
20200910,XDCE,V,V2102,20200909,21:01,5,0,6475.0,0,6475.0,46,1486125,6461.41,大商所,2020
20200910,XDCE,V,V2103,20200909,21:08,5,0,6425.0,0,6425.0,4,128500,6425.0,大商所,2020
20200910,XDCE,V,V2104,20200909,21:02,5,0,6430.0,0,6430.0,2,64300,6430.0,大商所,2020
20200910,XDCE,Y,Y2011,20200909,21:01,5,0,6792.0,0,6792.0,28,1900260,6786.64,大商所,2020
20200910,XDCE,Y,Y2107,20200909,21:01,5,0,6620.0,0,6620.0,4,264720,6618.0,大商所,2020
20200911,XDCE,C,C2103,20200910,21:01,5,0,2393.0,0,2390.0,8,191320,2391.5,大商所,2020
20200911,XDCE,EG,EG2102,20200910,21:01,5,0,3965.0,0,3963.0,7,277490,3964.14,大商所,2020
20200911,XDCE,EG,EG2103,20200910,21:06,5,0,3993.0,0,3993.0,2,79880,3994.0,大商所,2020
20200911,XDCE,J,J2102,20200910,21:01,5,0,1954.0,0,1950.0,47,9171200,1951.32,大商所,2020
20200911,XDCE,J,J2103,20200910,21:01,5,0,1936.5,0,1936.5,3,580850,1936.17,大商所,2020
20200911,XDCE,JM,JM2102,20200910,21:01,5,0,1243.5,0,1243.5,25,1860990,1240.66,大商所,2020
20200911,XDCE,JM,JM2103,20200910,21:11,5,0,1229.5,0,1229.5,33,2434410,1229.5,大商所,2020
20200911,XDCE,L,L2104,20200911,13:42,5,0,7290.0,0,7290.0,12,437400,7290.0,大商所,2020
20200911,XDCE,M,M2107,20200910,21:01,5,0,2870.0,0,2870.0,76,2179670,2867.99,大商所,2020
20200911,XDCE,M,M2108,20200910,21:17,5,0,2911.0,0,2911.0,1,29110,2911.0,大商所,2020
20200911,XDCE,PG,PG2101,20200910,21:01,5,0,3612.0,0,3605.0,146,10509900,3599.28,大商所,2020
20200911,XDCE,PP,PP2104,20200911,13:35,5,0,7553.0,0,7553.0,6,226590,7553.0,大商所,2020
20200911,XDCE,V,V2012,20200910,22:25,5,0,6670.0,0,6670.0,1,33350,6670.0,大商所,2020
20200911,XDCE,V,V2102,20200910,21:01,5,0,6580.0,0,6565.0,35,1152200,6584.0,大商所,2020
20200911,XDCE,V,V2104,20200911,10:50,5,0,6500.0,0,6500.0,1,32500,6500.0,大商所,2020
20200911,XDCE,Y,Y2011,20200910,21:01,5,0,6792.0,0,6782.0,36,2443580,6787.72,大商所,2020
20200914,XDCE,EB,EB2011,20200911,21:02,5,0,5462.0,0,5462.0,1,27310,5462.0,大商所,2020
20200914,XDCE,EB,EB2012,20200911,21:03,5,0,5577.0,0,5577.0,21,584340,5565.14,大商所,2020
20200914,XDCE,EG,EG2102,20200911,21:01,5,0,3962.0,0,3962.0,76,3008510,3958.57,大商所,2020
20200914,XDCE,I,I2107,20200911,22:54,5,0,750.5,0,750.5,1,75050,750.5,大商所,2020
20200914,XDCE,L,L2104,20200914,09:26,5,0,7315.0,0,7315.0,1,36575,7315.0,大商所,2020
20200914,XDCE,M,M2107,20200911,21:01,5,0,2904.0,0,2904.0,18,523100,2906.11,大商所,2020
20200914,XDCE,M,M2108,20200911,21:05,5,0,2952.0,0,2952.0,5,147520,2950.4,大商所,2020
20200914,XDCE,P,P2102,20200911,21:01,5,0,5838.0,0,5836.0,93,5427780,5836.32,大商所,2020
20200914,XDCE,P,P2103,20200911,21:03,5,0,5822.0,0,5816.0,3,174540,5818.0,大商所,2020
20200914,XDCE,PG,PG2101,20200911,21:01,5,0,3566.0,0,3560.0,90,6415540,3564.19,大商所,2020
20200914,XDCE,PP,PP2010,20200911,21:37,5,0,7849.0,0,7849.0,2,78490,7849.0,大商所,2020
20200914,XDCE,PP,PP2011,20200911,21:05,5,0,7817.0,0,7804.0,4,156155,7807.75,大商所,2020
20200914,XDCE,V,V2102,20200911,21:01,5,0,6570.0,0,6570.0,28,918725,6562.32,大商所,2020
20200914,XDCE,V,V2103,20200911,21:15,5,0,6510.0,0,6510.0,11,358050,6510.0,大商所,2020
20200914,XDCE,V,V2104,20200914,09:10,5,0,6485.0,0,6485.0,2,64850,6485.0,大商所,2020
20200914,XDCE,Y,Y2011,20200911,21:01,5,0,6820.0,0,6818.0,31,2112060,6813.1,大商所,2020
20200914,XDCE,Y,Y2107,20200911,21:01,5,0,6606.0,0,6604.0,15,991680,6611.2,大商所,2020
20200915,XDCE,EB,EB2011,20200914,21:02,5,0,5550.0,0,5550.0,15,415545,5540.6,大商所,2020
20200915,XDCE,EB,EB2012,20200914,21:02,5,0,5633.0,0,5632.0,8,225160,5629.0,大商所,2020
20200915,XDCE,EG,EG2010,20200914,21:01,5,0,3918.0,0,3905.0,83,3251840,3917.88,大商所,2020
20200915,XDCE,EG,EG2012,20200914,21:02,5,0,3996.0,0,3996.0,1,39960,3996.0,大商所,2020
20200915,XDCE,EG,EG2102,20200914,21:01,5,0,4039.0,0,4039.0,7,283870,4055.29,大商所,2020
20200915,XDCE,EG,EG2103,20200914,21:09,5,0,4073.0,0,4073.0,25,1018250,4073.0,大商所,2020
20200915,XDCE,EG,EG2105,20200914,21:01,5,0,4111.0,0,4104.0,66,2715650,4114.62,大商所,2020
20200915,XDCE,J,J2103,20200914,21:01,5,0,1963.5,0,1961.0,25,4904750,1961.9,大商所,2020
20200915,XDCE,JM,JM2012,20200915,10:31,5,0,1262.5,0,1260.5,19,1437780,1261.21,大商所,2020
20200915,XDCE,JM,JM2102,20200914,21:01,5,0,1253.0,0,1253.0,8,601980,1254.12,大商所,2020
20200915,XDCE,L,L2011,20200914,21:01,5,0,7410.0,0,7410.0,8,296400,7410.0,大商所,2020
20200915,XDCE,L,L2102,20200914,21:01,5,0,7360.0,0,7335.0,46,1689700,7346.52,大商所,2020
20200915,XDCE,M,M2108,20200914,21:01,5,0,2983.0,0,2983.0,3,89490,2983.0,大商所,2020
20200915,XDCE,PP,PP2010,20200914,21:05,5,0,7858.0,0,7858.0,3,117885,7859.0,大商所,2020
20200915,XDCE,V,V2103,20200914,21:03,5,0,6435.0,0,6435.0,10,321925,6438.5,大商所,2020
20200915,XDCE,Y,Y2107,20200914,21:02,5,0,6766.0,0,6764.0,7,473600,6765.71,大商所,2020
20200916,XDCE,C,C2103,20200915,21:01,5,0,2425.0,0,2425.0,11,266750,2425.0,大商所,2020
20200916,XDCE,EG,EG2103,20200915,21:07,5,0,4081.0,0,4081.0,4,163210,4080.25,大商所,2020
20200916,XDCE,I,I2104,20200915,21:02,5,0,778.0,0,776.0,17,1321200,777.176,大商所,2020
20200916,XDCE,JM,JM2104,20200915,21:12,5,0,1231.0,0,1231.0,10,738570,1230.95,大商所,2020
20200916,XDCE,M,M2108,20200915,21:03,5,0,2978.0,0,2978.0,1,29780,2978.0,大商所,2020
20200916,XDCE,P,P2103,20200915,21:01,5,0,6062.0,0,6056.0,37,2241040,6056.86,大商所,2020
20200916,XDCE,PP,PP2011,20200915,21:01,5,0,7789.0,0,7789.0,10,389930,7798.6,大商所,2020
20200917,XDCE,C,C2107,20200916,21:01,5,0,2470.0,0,2470.0,35,863920,2468.34,大商所,2020
20200917,XDCE,EB,EB2011,20200916,21:01,5,0,5564.0,0,5555.0,59,1639090,5556.24,大商所,2020
20200917,XDCE,EB,EB2012,20200916,21:02,5,0,5669.0,0,5659.0,13,367975,5661.15,大商所,2020
20200917,XDCE,I,I2104,20200916,21:01,5,0,749.0,0,748.5,29,2173000,749.31,大商所,2020
20200917,XDCE,I,I2107,20200916,21:56,5,0,709.5,0,709.5,1,70950,709.5,大商所,2020
20200917,XDCE,J,J2104,20200916,21:02,5,0,1875.0,0,1875.0,6,1124900,1874.83,大商所,2020
20200917,XDCE,JM,JM2102,20200916,21:01,5,0,1244.0,0,1243.0,26,1936890,1241.6,大商所,2020
20200917,XDCE,JM,JM2104,20200916,21:07,5,0,1216.0,0,1216.0,2,146010,1216.75,大商所,2020
20200917,XDCE,JM,JM2105,20200916,21:01,5,0,1196.0,0,1196.0,6,430680,1196.33,大商所,2020
20200917,XDCE,P,P2102,20200916,21:01,5,0,6108.0,0,6090.0,280,17070480,6096.6,大商所,2020
20200917,XDCE,P,P2103,20200916,21:01,5,0,6070.0,0,6058.0,16,969780,6061.12,大商所,2020
20200917,XDCE,P,P2107,20200916,21:49,5,0,5996.0,0,5996.0,42,2529060,6021.57,大商所,2020
20200917,XDCE,PG,PG2101,20200916,21:01,5,0,3635.0,0,3631.0,37,2686160,3629.95,大商所,2020
20200917,XDCE,Y,Y2107,20200916,21:01,5,0,6798.0,0,6798.0,19,1291220,6795.9,大商所,2020
20200917,XDCE,Y,Y2108,20200916,21:15,5,0,6768.0,0,6768.0,50,3384000,6768.0,大商所,2020
20200918,XDCE,EB,EB2011,20200917,21:02,5,0,5542.0,0,5542.0,24,664505,5537.54,大商所,2020
20200918,XDCE,EB,EB2012,20200917,21:03,5,0,5644.0,0,5643.0,7,197465,5641.86,大商所,2020
20200918,XDCE,I,I2104,20200917,21:01,5,0,746.0,0,746.0,8,596750,745.938,大商所,2020
20200918,XDCE,I,I2107,20200917,21:44,5,0,709.5,0,709.5,1,70950,709.5,大商所,2020
20200918,XDCE,JM,JM2012,20200917,22:14,5,0,1261.5,0,1261.5,622,47120100,1262.6,大商所,2020
20200918,XDCE,L,L2102,20200917,21:01,5,0,7300.0,0,7295.0,51,1859925,7293.82,大商所,2020
20200918,XDCE,PP,PP2104,20200918,09:12,5,0,7615.0,0,7615.0,2,76150,7615.0,大商所,2020
20200918,XDCE,PP,PP2105,20200917,21:01,5,0,7545.0,0,7545.0,33,1244780,7544.12,大商所,2020
20200918,XDCE,V,V2103,20200917,21:25,5,0,6565.0,0,6565.0,1,32825,6565.0,大商所,2020
20200921,XDCE,EG,EG2103,20200918,21:04,5,0,3956.0,0,3956.0,1,39560,3956.0,大商所,2020
20200921,XDCE,EG,EG2104,20200921,09:01,5,0,4000.0,0,3995.0,3,120040,4001.33,大商所,2020
20200921,XDCE,EG,EG2105,20200918,21:04,5,0,4032.0,0,4032.0,11,443400,4030.91,大商所,2020
20200921,XDCE,J,J2104,20200918,21:05,5,0,1910.5,0,1910.5,1,191050,1910.5,大商所,2020
20200921,XDCE,P,P2103,20200918,21:02,5,0,6310.0,0,6306.0,90,5673820,6304.24,大商所,2020
20200922,XDCE,EB,EB2012,20200921,21:02,5,0,5608.0,0,5608.0,2,56090,5609.0,大商所,2020
20200922,XDCE,I,I2107,20200921,21:56,5,0,691.0,0,691.0,1,69100,691.0,大商所,2020
20200922,XDCE,J,J2104,20200921,21:12,5,0,1882.0,0,1882.0,42,7903200,1881.71,大商所,2020
20200922,XDCE,JM,JM2102,20200921,21:01,5,0,1264.0,0,1263.5,33,2499960,1262.61,大商所,2020
20200922,XDCE,JM,JM2103,20200921,21:06,5,0,1248.0,0,1248.0,3,224640,1248.0,大商所,2020
20200922,XDCE,L,L2102,20200921,21:01,5,0,7365.0,0,7365.0,88,3243725,7372.1,大商所,2020
20200922,XDCE,M,M2107,20200921,21:02,5,0,2932.0,0,2932.0,72,2109660,2930.08,大商所,2020
20200922,XDCE,M,M2108,20200921,21:02,5,0,2963.0,0,2963.0,12,355350,2961.25,大商所,2020
20200922,XDCE,P,P2103,20200921,21:01,5,0,6362.0,0,6334.0,94,5957740,6338.02,大商所,2020
20200922,XDCE,PP,PP2103,20200921,21:03,5,0,7681.0,0,7681.0,2,76790,7679.0,大商所,2020
20200922,XDCE,PP,PP2104,20200922,14:55,5,0,7542.0,0,7542.0,4,150840,7542.0,大商所,2020
20200922,XDCE,V,V2102,20200921,21:01,5,0,6660.0,0,6655.0,26,865975,6661.35,大商所,2020
20200922,XDCE,Y,Y2107,20200921,21:01,5,0,7124.0,0,7112.0,59,4196240,7112.27,大商所,2020
20200923,XDCE,EB,EB2011,20200922,21:02,5,0,5505.0,0,5501.0,9,247530,5500.67,大商所,2020
20200923,XDCE,EG,EG2103,20200922,21:05,5,0,3857.0,0,3857.0,1,38570,3857.0,大商所,2020
20200923,XDCE,EG,EG2104,20200922,21:14,5,0,3906.0,0,3906.0,2,78100,3905.0,大商所,2020
20200923,XDCE,I,I2107,20200923,10:31,5,0,685.5,0,685.5,1,68550,685.5,大商所,2020
20200923,XDCE,J,J2104,20200922,21:07,5,0,1902.5,0,1902.5,6,1141500,1902.5,大商所,2020
20200923,XDCE,J,J2105,20200922,21:01,5,0,1872.0,0,1868.5,10,1869650,1869.65,大商所,2020
20200923,XDCE,M,M2108,20200922,21:01,5,0,2959.0,0,2954.0,22,650370,2956.23,大商所,2020
20200923,XDCE,P,P2103,20200922,21:01,5,0,6142.0,0,6140.0,54,3314380,6137.74,大商所,2020
20200923,XDCE,PP,PP2105,20200922,21:01,5,0,7534.0,0,7531.0,95,3572735,7521.55,大商所,2020
20200923,XDCE,V,V2103,20200922,21:06,5,0,6550.0,0,6550.0,1,32750,6550.0,大商所,2020
20200923,XDCE,Y,Y2107,20200922,21:01,5,0,6980.0,0,6978.0,100,6970380,6970.38,大商所,2020
20200923,XDCE,Y,Y2108,20200922,21:03,5,0,6942.0,0,6936.0,5,347000,6940.0,大商所,2020
20200924,XDCE,EB,EB2011,20200923,21:01,5,0,5472.0,0,5472.0,17,464505,5464.77,大商所,2020
20200924,XDCE,EB,EB2012,20200923,21:04,5,0,5567.0,0,5566.0,12,333755,5562.58,大商所,2020
20200924,XDCE,I,I2104,20200923,21:01,5,0,722.5,0,721.5,3,216600,722.0,大商所,2020
20200924,XDCE,JM,JM2103,20200923,21:06,5,0,1258.0,0,1256.0,29,2188230,1257.6,大商所,2020
20200924,XDCE,JM,JM2105,20200923,21:09,5,0,1202.0,0,1202.0,1,72120,1202.0,大商所,2020
20200924,XDCE,P,P2103,20200923,21:01,5,0,5928.0,0,5924.0,75,4433560,5911.41,大商所,2020
20200924,XDCE,P,P2104,20200924,11:06,5,0,5798.0,0,5798.0,1,57980,5798.0,大商所,2020
20200925,XDCE,EB,EB2011,20200924,21:01,5,0,5364.0,0,5362.0,9,241800,5373.33,大商所,2020
20200925,XDCE,EB,EB2012,20200924,21:06,5,0,5468.0,0,5468.0,10,273385,5467.7,大商所,2020
20200925,XDCE,I,I2104,20200924,21:01,5,0,723.5,0,722.0,9,650950,723.278,大商所,2020
20200925,XDCE,J,J2012,20200924,21:09,5,0,1956.0,0,1956.0,1,195600,1956.0,大商所,2020
20200925,XDCE,J,J2103,20200924,21:02,5,0,1874.5,0,1874.5,2,374850,1874.25,大商所,2020
20200925,XDCE,M,M2108,20200924,21:01,5,0,2889.0,0,2889.0,8,231350,2891.88,大商所,2020
20200925,XDCE,P,P2103,20200924,21:01,5,0,5766.0,0,5764.0,239,13835380,5788.86,大商所,2020
20200925,XDCE,P,P2104,20200924,21:24,5,0,5688.0,0,5688.0,2,113740,5687.0,大商所,2020
20200925,XDCE,V,V2102,20200924,21:01,5,0,6480.0,0,6475.0,42,1361375,6482.74,大商所,2020
20200925,XDCE,Y,Y2107,20200924,21:01,5,0,6608.0,0,6598.0,112,7391700,6599.73,大商所,2020
20200925,XDCE,Y,Y2108,20200924,21:04,5,0,6580.0,0,6580.0,1,65800,6580.0,大商所,2020
20200928,XDCE,B,B2012,20200925,21:01,5,0,3641.0,0,3634.0,206,7486700,3634.32,大商所,2020
20200928,XDCE,EB,EB2011,20200925,21:01,5,0,5453.0,0,5452.0,161,4385575,5447.92,大商所,2020
20200928,XDCE,EB,EB2012,20200925,21:01,5,0,5543.0,0,5542.0,119,3287840,5525.78,大商所,2020
20200928,XDCE,EG,EG2102,20200925,21:01,5,0,3781.0,0,3781.0,39,1473460,3778.1,大商所,2020
20200928,XDCE,P,P2107,20200928,13:36,5,0,5758.0,0,5758.0,4,230180,5754.5,大商所,2020
20200928,XDCE,V,V2103,20200925,21:02,5,0,6475.0,0,6475.0,1,32375,6475.0,大商所,2020
20200928,XDCE,Y,Y2107,20200925,21:01,5,0,6684.0,0,6680.0,31,2070860,6680.19,大商所,2020
20200928,XDCE,Y,Y2108,20200925,21:02,5,0,6654.0,0,6652.0,7,465660,6652.29,大商所,2020
20200929,XDCE,EB,EB2011,20200928,21:01,5,0,5496.0,0,5496.0,4,109555,5477.75,大商所,2020
20200929,XDCE,EB,EB2012,20200928,21:02,5,0,5584.0,0,5583.0,9,251245,5583.22,大商所,2020
20200929,XDCE,M,M2108,20200928,21:01,5,0,2925.0,0,2923.0,20,584730,2923.65,大商所,2020
20200929,XDCE,P,P2103,20200928,21:01,5,0,5840.0,0,5840.0,55,3210060,5836.47,大商所,2020
20200930,XDCE,B,B2105,20200929,21:03,5,0,3458.0,0,3458.0,10,345960,3459.6,大商所,2020
20200930,XDCE,EB,EB2011,20200929,21:04,5,0,5486.0,0,5483.0,12,329075,5484.58,大商所,2020
20200930,XDCE,EG,EG2104,20200930,13:59,5,0,3782.0,0,3782.0,424,16243040,3830.91,大商所,2020
20200930,XDCE,I,I2104,20200929,21:01,5,0,735.5,0,735.0,54,3975050,736.12,大商所,2020
20200930,XDCE,I,I2107,20200929,21:40,5,0,703.5,0,703.5,5,351750,703.5,大商所,2020
20200930,XDCE,J,J2012,20200929,21:11,5,0,1987.0,0,1987.0,247,49078900,1987.0,大商所,2020
20200930,XDCE,M,M2107,20200929,21:01,5,0,2863.0,0,2856.0,662,18920270,2858.05,大商所,2020
20200930,XDCE,PP,PP2102,20200929,21:01,5,0,7735.0,0,7719.0,99,3824595,7726.45,大商所,2020
20200930,XDCE,V,V2010,20200930,09:17,5,0,6670.0,0,6670.0,1,33350,6670.0,大商所,2020
20201009,XDCE,I,I2104,20201009,09:01,5,0,776.0,0,767.0,194,14971550,771.729,大商所,2020
20201009,XDCE,J,J2104,20201009,09:15,5,0,1935.5,0,1935.5,1,193550,1935.5,大商所,2020
20201009,XDCE,JM,JM2103,20201009,09:11,5,0,1268.0,0,1268.0,837,64847100,1291.26,大商所,2020
20201009,XDCE,Y,Y2107,20201009,09:01,5,0,6706.0,0,6702.0,31,2074820,6692.97,大商所,2020
20201012,XDCE,C,C2103,20201009,21:01,5,0,2539.0,0,2536.0,32,811950,2537.34,大商所,2020
20201012,XDCE,EB,EB2012,20201009,21:01,5,0,5582.0,0,5580.0,14,391615,5594.5,大商所,2020
20201012,XDCE,EB,EB2102,20201009,21:02,5,0,5661.0,0,5661.0,1,28305,5661.0,大商所,2020
20201012,XDCE,EB,EB2103,20201009,21:07,5,0,5733.0,0,5733.0,3,85960,5730.67,大商所,2020
20201012,XDCE,EG,EG2012,20201009,21:01,5,0,3758.0,0,3758.0,8,300590,3757.38,大商所,2020
20201012,XDCE,EG,EG2104,20201009,21:16,5,0,3895.0,0,3895.0,1,38950,3895.0,大商所,2020
20201012,XDCE,JM,JM2104,20201009,21:06,5,0,1263.5,0,1263.5,3,227430,1263.5,大商所,2020
20201012,XDCE,L,L2104,20201012,09:03,5,0,7375.0,0,7375.0,2,73675,7367.5,大商所,2020
20201012,XDCE,PP,PP2103,20201009,21:01,5,0,7710.0,0,7710.0,51,1966050,7710.0,大商所,2020
20201013,XDCE,CS,CS2103,20201012,21:01,5,0,2868.0,0,2863.0,29,830920,2865.24,大商所,2020
20201013,XDCE,EB,EB2102,20201012,21:02,5,0,5799.0,0,5799.0,1,28995,5799.0,大商所,2020
20201013,XDCE,EB,EB2103,20201012,21:11,5,0,5844.0,0,5844.0,5,146100,5844.0,大商所,2020
20201013,XDCE,EB,EB2104,20201012,21:11,5,0,5937.0,0,5937.0,1,29685,5937.0,大商所,2020
20201013,XDCE,L,L2102,20201012,21:01,5,0,7450.0,0,7435.0,51,1897725,7442.06,大商所,2020
20201013,XDCE,L,L2103,20201012,21:04,5,0,7400.0,0,7400.0,2,74000,7400.0,大商所,2020
20201013,XDCE,M,M2108,20201012,21:08,5,0,3032.0,0,3031.0,4,121270,3031.75,大商所,2020
20201013,XDCE,P,P2103,20201012,21:01,5,0,6156.0,0,6156.0,20,1232880,6164.4,大商所,2020
20201013,XDCE,Y,Y2108,20201012,21:04,5,0,6862.0,0,6862.0,1,68620,6862.0,大商所,2020
20201014,XDCE,EG,EG2104,20201014,11:17,5,0,4011.0,0,4011.0,1,40110,4011.0,大商所,2020
20201014,XDCE,I,I2104,20201013,21:01,5,0,762.5,0,762.5,6,457750,762.917,大商所,2020
20201014,XDCE,J,J2104,20201013,21:02,5,0,1971.5,0,1971.5,4,788450,1971.12,大商所,2020
20201014,XDCE,JM,JM2103,20201013,21:01,5,0,1311.0,0,1311.0,21,1652130,1311.21,大商所,2020
20201014,XDCE,JM,JM2104,20201013,21:07,5,0,1286.5,0,1285.5,3,231450,1285.83,大商所,2020
20201014,XDCE,JM,JM2105,20201013,21:06,5,0,1259.5,0,1259.5,6,453420,1259.5,大商所,2020
20201014,XDCE,M,M2108,20201013,21:01,5,0,2995.0,0,2994.0,7,209510,2993.0,大商所,2020
20201014,XDCE,P,P2103,20201013,21:01,5,0,6162.0,0,6158.0,151,9305120,6162.33,大商所,2020
20201015,XDCE,C,C2103,20201014,21:01,5,0,2573.0,0,2572.0,52,1337600,2572.31,大商所,2020
20201015,XDCE,EB,EB2103,20201014,21:03,5,0,6199.0,0,6199.0,13,402620,6194.15,大商所,2020
20201015,XDCE,EG,EG2012,20201014,21:01,5,0,3951.0,0,3942.0,37,1459190,3943.76,大商所,2020
20201015,XDCE,EG,EG2102,20201014,21:01,5,0,3991.0,0,3981.0,150,5979680,3986.45,大商所,2020
20201015,XDCE,EG,EG2103,20201014,21:01,5,0,4021.0,0,4021.0,24,963520,4014.67,大商所,2020
20201015,XDCE,I,I2107,20201014,22:22,5,0,712.0,0,712.0,1,71200,712.0,大商所,2020
20201015,XDCE,L,L2102,20201014,21:01,5,0,7410.0,0,7410.0,35,1294325,7396.14,大商所,2020
20201015,XDCE,PP,PP2102,20201014,21:01,5,0,7897.0,0,7895.0,175,6905690,7892.22,大商所,2020
20201015,XDCE,PP,PP2103,20201014,21:02,5,0,7838.0,0,7836.0,23,901355,7837.87,大商所,2020
20201015,XDCE,Y,Y2107,20201014,21:01,5,0,6852.0,0,6846.0,72,4931020,6848.64,大商所,2020
20201015,XDCE,Y,Y2108,20201014,21:02,5,0,6802.0,0,6802.0,1,68020,6802.0,大商所,2020
20201016,XDCE,EG,EG2012,20201015,21:02,5,0,3874.0,0,3874.0,24,929430,3872.62,大商所,2020
20201016,XDCE,EG,EG2103,20201015,21:01,5,0,3938.0,0,3938.0,27,1067160,3952.44,大商所,2020
20201016,XDCE,EG,EG2104,20201016,09:02,5,0,4007.0,0,4007.0,1,40070,4007.0,大商所,2020
20201016,XDCE,I,I2104,20201015,21:01,5,0,735.0,0,734.5,41,3008750,733.841,大商所,2020
20201016,XDCE,I,I2107,20201015,21:04,5,0,702.0,0,702.0,2,140950,704.75,大商所,2020
20201016,XDCE,J,J2102,20201015,21:01,5,0,2047.5,0,2047.0,48,9814800,2044.75,大商所,2020
20201016,XDCE,V,V2103,20201015,21:02,5,0,6620.0,0,6620.0,2,66200,6620.0,大商所,2020
20201019,XDCE,CS,CS2107,20201016,21:04,5,0,2955.0,0,2954.0,15,443250,2955.0,大商所,2020
20201019,XDCE,EB,EB2103,20201016,21:02,5,0,6185.0,0,6185.0,1,30925,6185.0,大商所,2020
20201019,XDCE,EG,EG2104,20201019,09:04,5,0,4085.0,0,4085.0,1,40850,4085.0,大商所,2020
20201019,XDCE,J,J2103,20201016,21:01,5,0,2019.5,0,2019.5,5,1011150,2022.3,大商所,2020
20201019,XDCE,L,L2010,20201019,09:36,5,0,7240.0,0,7240.0,1,36200,7240.0,大商所,2020
20201019,XDCE,L,L2011,20201016,21:10,5,0,7280.0,0,7280.0,5,182000,7280.0,大商所,2020
20201019,XDCE,PP,PP2103,20201016,21:02,5,0,7761.0,0,7761.0,1,38805,7761.0,大商所,2020
20201019,XDCE,V,V2012,20201016,21:03,5,0,6945.0,0,6945.0,1,34725,6945.0,大商所,2020
20201019,XDCE,Y,Y2108,20201016,21:01,5,0,6708.0,0,6708.0,4,268080,6702.0,大商所,2020
20201020,XDCE,B,B2105,20201019,21:02,5,0,3618.0,0,3618.0,1,36180,3618.0,大商所,2020
20201020,XDCE,B,B2107,20201020,09:11,5,0,3603.0,0,3603.0,1,36030,3603.0,大商所,2020
20201020,XDCE,EB,EB2103,20201019,21:03,5,0,6273.0,0,6267.0,6,188040,6268.0,大商所,2020
20201020,XDCE,EG,EG2012,20201019,21:02,5,0,3924.0,0,3924.0,5,196200,3924.0,大商所,2020
20201020,XDCE,EG,EG2102,20201019,21:01,5,0,3973.0,0,3965.0,48,1904240,3967.17,大商所,2020
20201020,XDCE,I,I2104,20201019,21:01,5,0,741.5,0,740.5,54,4003600,741.407,大商所,2020
20201020,XDCE,P,P2103,20201019,21:01,5,0,5732.0,0,5728.0,22,1261320,5733.27,大商所,2020
20201020,XDCE,PP,PP2103,20201019,21:14,5,0,7649.0,0,7649.0,10,382430,7648.6,大商所,2020
20201020,XDCE,PP,PP2104,20201019,21:01,5,0,7662.0,0,7662.0,4,153400,7670.0,大商所,2020
20201020,XDCE,V,V2012,20201019,21:02,5,0,6870.0,0,6870.0,1,34350,6870.0,大商所,2020
20201020,XDCE,Y,Y2109,20201019,21:01,5,0,6506.0,0,6506.0,38,2472180,6505.74,大商所,2020
20201021,XDCE,EG,EG2012,20201020,21:01,5,0,3954.0,0,3954.0,10,395820,3958.2,大商所,2020
20201021,XDCE,EG,EG2103,20201020,21:01,5,0,4024.0,0,4021.0,59,2376070,4027.24,大商所,2020
20201021,XDCE,I,I2104,20201020,21:01,5,0,745.5,0,744.0,34,2535900,745.853,大商所,2020
20201021,XDCE,JM,JM2103,20201020,21:01,5,0,1297.0,0,1297.0,3,233340,1296.33,大商所,2020
20201021,XDCE,L,L2103,20201020,21:04,5,0,7235.0,0,7230.0,70,2530900,7231.14,大商所,2020
20201021,XDCE,P,P2103,20201020,21:02,5,0,5856.0,0,5852.0,10,585180,5851.8,大商所,2020
20201021,XDCE,PP,PP2104,20201020,21:51,5,0,7674.0,0,7674.0,1,38370,7674.0,大商所,2020
20201021,XDCE,V,V2103,20201020,21:01,5,0,6605.0,0,6605.0,16,530025,6625.31,大商所,2020
20201022,XDCE,EB,EB2102,20201021,21:01,5,0,6252.0,0,6234.0,76,2371380,6240.47,大商所,2020
20201022,XDCE,EG,EG2012,20201021,21:02,5,0,3927.0,0,3927.0,10,392750,3927.5,大商所,2020
20201022,XDCE,EG,EG2102,20201021,21:01,5,0,3974.0,0,3972.0,72,2863080,3976.5,大商所,2020
20201022,XDCE,EG,EG2103,20201021,21:02,5,0,3993.0,0,3993.0,10,399090,3990.9,大商所,2020
20201022,XDCE,P,P2103,20201021,21:01,5,0,5920.0,0,5896.0,37,2195060,5932.6,大商所,2020
20201022,XDCE,PG,PG2101,20201021,21:01,5,0,3797.0,0,3785.0,108,8188760,3791.09,大商所,2020
20201022,XDCE,V,V2103,20201021,21:09,5,0,6580.0,0,6580.0,4,131600,6580.0,大商所,2020
20201023,XDCE,CS,CS2107,20201022,21:17,5,0,2927.0,0,2925.0,78,2282350,2926.09,大商所,2020
20201023,XDCE,EG,EG2012,20201022,21:01,5,0,3909.0,0,3909.0,7,273930,3913.29,大商所,2020
20201023,XDCE,I,I2107,20201023,09:53,5,0,717.0,0,717.0,3,215100,717.0,大商所,2020
20201023,XDCE,M,M2108,20201022,21:03,5,0,3076.0,0,3076.0,12,369040,3075.33,大商所,2020
20201023,XDCE,P,P2102,20201022,21:01,5,0,6092.0,0,6074.0,261,15874960,6082.36,大商所,2020
20201023,XDCE,P,P2103,20201022,21:02,5,0,6016.0,0,6016.0,4,240640,6016.0,大商所,2020
20201023,XDCE,V,V2103,20201022,21:01,5,0,6595.0,0,6595.0,55,1812075,6589.36,大商所,2020
20201023,XDCE,Y,Y2107,20201022,21:01,5,0,6800.0,0,6784.0,31,2106780,6796.06,大商所,2020
20201023,XDCE,Y,Y2108,20201022,21:02,5,0,6742.0,0,6740.0,7,472140,6744.86,大商所,2020
20201026,XDCE,JM,JM2103,20201023,21:08,5,0,1295.5,0,1295.5,3,233190,1295.5,大商所,2020
20201026,XDCE,P,P2102,20201023,21:01,5,0,6044.0,0,6042.0,257,15511180,6035.48,大商所,2020
20201026,XDCE,P,P2103,20201023,21:03,5,0,5978.0,0,5978.0,10,597580,5975.8,大商所,2020
20201026,XDCE,Y,Y2108,20201023,21:02,5,0,6718.0,0,6718.0,3,201620,6720.67,大商所,2020
20201027,XDCE,B,B2107,20201027,14:55,5,0,3606.0,0,3606.0,1,36060,3606.0,大商所,2020
20201027,XDCE,CS,CS2103,20201026,21:01,5,0,2906.0,0,2903.0,21,609860,2904.09,大商所,2020
20201027,XDCE,CS,CS2107,20201026,21:06,5,0,2935.0,0,2935.0,384,11275520,2936.33,大商所,2020
20201027,XDCE,EB,EB2103,20201026,21:05,5,0,6230.0,0,6221.0,31,964730,6224.06,大商所,2020
20201027,XDCE,EG,EG2102,20201026,21:01,5,0,3884.0,0,3883.0,71,2760080,3887.44,大商所,2020
20201027,XDCE,EG,EG2103,20201026,21:01,5,0,3908.0,0,3908.0,43,1683640,3915.44,大商所,2020
20201027,XDCE,JM,JM2103,20201026,21:04,5,0,1288.0,0,1288.0,1,77280,1288.0,大商所,2020
20201027,XDCE,M,M2108,20201026,21:04,5,0,3078.0,0,3078.0,2,61560,3078.0,大商所,2020
20201028,XDCE,B,B2103,20201027,21:05,5,0,3789.0,0,3788.0,10,378840,3788.4,大商所,2020
20201028,XDCE,B,B2105,20201027,21:03,5,0,3669.0,0,3669.0,1,36690,3669.0,大商所,2020
20201028,XDCE,CS,CS2103,20201027,21:01,5,0,2917.0,0,2912.0,46,1340280,2913.65,大商所,2020
20201028,XDCE,CS,CS2107,20201027,21:10,5,0,2948.0,0,2948.0,1,29480,2948.0,大商所,2020
20201028,XDCE,EG,EG2012,20201027,21:01,5,0,3812.0,0,3812.0,8,304640,3808.0,大商所,2020
20201028,XDCE,EG,EG2104,20201028,14:50,5,0,3911.0,0,3911.0,3,117330,3911.0,大商所,2020
20201028,XDCE,I,I2107,20201028,11:11,5,0,697.0,0,697.0,1,69700,697.0,大商所,2020
20201028,XDCE,J,J2102,20201027,21:01,5,0,2113.0,0,2109.5,137,28927000,2111.46,大商所,2020
20201028,XDCE,L,L2102,20201027,21:01,5,0,7235.0,0,7235.0,78,2819450,7229.36,大商所,2020
20201028,XDCE,M,M2108,20201027,21:01,5,0,3086.0,0,3086.0,3,92550,3085.0,大商所,2020
20201028,XDCE,P,P2103,20201027,21:02,5,0,6142.0,0,6120.0,71,4345860,6120.93,大商所,2020
20201029,XDCE,EG,EG2012,20201028,21:01,5,0,3746.0,0,3741.0,65,2452440,3772.99,大商所,2020
20201029,XDCE,PP,PP2103,20201028,21:02,5,0,7662.0,0,7662.0,10,383045,7660.9,大商所,2020
20201029,XDCE,Y,Y2108,20201028,21:01,5,0,6690.0,0,6652.0,20,1333740,6668.7,大商所,2020
20201030,XDCE,I,I2107,20201029,22:50,5,0,709.5,0,709.5,1,70950,709.5,大商所,2020
20201030,XDCE,PP,PP2103,20201029,21:01,5,0,7612.0,0,7612.0,4,152890,7644.5,大商所,2020
20201030,XDCE,Y,Y2108,20201029,21:01,5,0,6680.0,0,6668.0,10,670860,6708.6,大商所,2020
20201102,XDCE,EG,EG2103,20201030,21:01,5,0,3769.0,0,3769.0,6,226440,3774.0,大商所,2020
20201102,XDCE,EG,EG2104,20201030,21:04,5,0,3829.0,0,3829.0,7,271980,3885.43,大商所,2020
20201102,XDCE,I,I2107,20201102,09:05,5,0,711.5,0,711.5,1,71150,711.5,大商所,2020
20201102,XDCE,M,M2108,20201030,21:01,5,0,3055.0,0,3054.0,22,671050,3050.23,大商所,2020
20201102,XDCE,P,P2104,20201030,21:10,5,0,6006.0,0,6006.0,2,120120,6006.0,大商所,2020
20201102,XDCE,PG,PG2011,20201030,21:02,5,0,3880.0,0,3880.0,1,77600,3880.0,大商所,2020
20201102,XDCE,V,V2104,20201030,21:04,5,0,6680.0,0,6670.0,3,100150,6676.67,大商所,2020
20201102,XDCE,Y,Y2108,20201030,21:30,5,0,6674.0,0,6670.0,38,2534720,6670.32,大商所,2020
20201103,XDCE,EB,EB2103,20201102,21:01,5,0,6452.0,0,6446.0,34,1098155,6459.73,大商所,2020
20201103,XDCE,I,I2104,20201102,21:02,5,0,755.5,0,755.5,4,302200,755.5,大商所,2020
20201103,XDCE,J,J2103,20201102,21:01,5,0,2130.5,0,2130.5,5,1065800,2131.6,大商所,2020
20201103,XDCE,L,L2103,20201102,21:02,5,0,7360.0,0,7360.0,1,36800,7360.0,大商所,2020
20201103,XDCE,P,P2104,20201102,21:12,5,0,5886.0,0,5884.0,15,882780,5885.2,大商所,2020
20201103,XDCE,PP,PP2103,20201102,21:02,5,0,7926.0,0,7926.0,4,158530,7926.5,大商所,2020
20201103,XDCE,V,V2103,20201102,21:04,5,0,6830.0,0,6825.0,7,239025,6829.29,大商所,2020
20201103,XDCE,Y,Y2108,20201102,21:02,5,0,6640.0,0,6640.0,3,199160,6638.67,大商所,2020
20201104,XDCE,EG,EG2102,20201103,21:01,5,0,3893.0,0,3862.0,227,8765360,3861.39,大商所,2020
20201104,XDCE,EG,EG2103,20201103,21:01,5,0,3918.0,0,3886.0,35,1361870,3891.06,大商所,2020
20201104,XDCE,I,I2107,20201103,21:32,5,0,712.0,0,712.0,1,71200,712.0,大商所,2020
20201104,XDCE,M,M2108,20201103,21:01,5,0,3090.0,0,3088.0,36,1112060,3089.06,大商所,2020
20201104,XDCE,P,P2103,20201103,21:01,5,0,6208.0,0,6208.0,8,496360,6204.5,大商所,2020
20201104,XDCE,P,P2107,20201104,13:47,5,0,5856.0,0,5856.0,161,9428160,5856.0,大商所,2020
20201104,XDCE,Y,Y2108,20201103,21:07,5,0,6748.0,0,6748.0,10,674800,6748.0,大商所,2020
20201105,XDCE,EB,EB2103,20201104,21:01,5,0,6821.0,0,6821.0,4,136460,6823.0,大商所,2020
20201105,XDCE,EB,EB2105,20201104,21:01,5,0,6629.0,0,6629.0,31,1025425,6615.65,大商所,2020
20201105,XDCE,EG,EG2102,20201104,21:01,5,0,3882.0,0,3882.0,154,5971960,3877.9,大商所,2020
20201105,XDCE,EG,EG2104,20201104,21:04,5,0,3950.0,0,3947.0,318,12553760,3947.72,大商所,2020
20201105,XDCE,I,I2107,20201105,10:05,5,0,693.5,0,693.5,3,208050,693.5,大商所,2020
20201105,XDCE,M,M2108,20201104,21:10,5,0,3094.0,0,3094.0,30,928200,3094.0,大商所,2020
20201105,XDCE,V,V2012,20201105,09:24,5,0,7155.0,0,7155.0,1,35775,7155.0,大商所,2020
20201105,XDCE,V,V2104,20201104,21:03,5,0,6800.0,0,6800.0,2,68000,6800.0,大商所,2020
20201105,XDCE,Y,Y2108,20201104,21:03,5,0,6776.0,0,6776.0,3,203040,6768.0,大商所,2020
20201106,XDCE,B,B2103,20201105,21:01,5,0,3855.0,0,3855.0,6,231390,3856.5,大商所,2020
20201106,XDCE,J,J2103,20201105,21:03,5,0,2186.5,0,2182.5,5,1092550,2185.1,大商所,2020
20201106,XDCE,JM,JM2103,20201105,21:02,5,0,1271.5,0,1269.5,24,1829820,1270.71,大商所,2020
20201106,XDCE,JM,JM2104,20201105,21:03,5,0,1276.5,0,1276.5,13,996480,1277.54,大商所,2020
20201106,XDCE,L,L2103,20201105,21:03,5,0,7360.0,0,7360.0,4,147150,7357.5,大商所,2020
20201106,XDCE,PP,PP2103,20201105,21:06,5,0,7782.0,0,7770.0,3,116645,7776.33,大商所,2020
20201106,XDCE,V,V2103,20201105,21:08,5,0,6855.0,0,6855.0,10,342300,6846.0,大商所,2020
20201106,XDCE,Y,Y2108,20201105,21:13,5,0,6828.0,0,6828.0,2,136560,6828.0,大商所,2020
20201109,XDCE,I,I2107,20201106,22:01,5,0,709.0,0,709.0,3,212700,709.0,大商所,2020
20201109,XDCE,J,J2104,20201106,21:09,5,0,2210.0,0,2210.0,1,221000,2210.0,大商所,2020
20201109,XDCE,L,L2102,20201106,21:01,5,0,7395.0,0,7395.0,120,4432550,7387.58,大商所,2020
20201109,XDCE,L,L2103,20201106,21:01,5,0,7375.0,0,7360.0,29,1065675,7349.48,大商所,2020
20201109,XDCE,M,M2108,20201106,21:11,5,0,3145.0,0,3145.0,22,691900,3145.0,大商所,2020
20201109,XDCE,P,P2103,20201106,21:01,5,0,6310.0,0,6310.0,11,699700,6360.91,大商所,2020
20201109,XDCE,Y,Y2108,20201106,21:01,5,0,6822.0,0,6822.0,3,205140,6838.0,大商所,2020
20201110,XDCE,EB,EB2104,20201109,21:06,5,0,6904.0,0,6882.0,21,724625,6901.19,大商所,2020
20201110,XDCE,I,I2107,20201109,22:00,5,0,735.5,0,735.5,1,73550,735.5,大商所,2020
20201110,XDCE,JD,JD2104,20201110,09:01,5,0,3693.0,0,3690.0,3,110770,3692.33,大商所,2020
20201110,XDCE,L,L2103,20201109,21:01,5,0,7395.0,0,7395.0,21,777675,7406.43,大商所,2020
20201110,XDCE,L,L2104,20201109,21:01,5,0,7390.0,0,7380.0,18,664850,7387.22,大商所,2020
20201110,XDCE,P,P2104,20201109,21:02,5,0,6252.0,0,6252.0,5,312500,6250.0,大商所,2020
20201110,XDCE,PG,PG2102,20201109,21:01,5,0,3525.0,0,3497.0,44,3084340,3504.93,大商所,2020
20201110,XDCE,V,V2104,20201109,21:01,5,0,6995.0,0,6995.0,3,105200,7013.33,大商所,2020
20201110,XDCE,Y,Y2108,20201109,21:02,5,0,6898.0,0,6898.0,5,344900,6898.0,大商所,2020
20201111,XDCE,J,J2012,20201111,10:31,5,0,2450.0,0,2450.0,1,245000,2450.0,大商所,2020
20201111,XDCE,JM,JM2104,20201110,21:05,5,0,1283.5,0,1283.5,14,1077780,1283.07,大商所,2020
20201111,XDCE,L,L2104,20201110,21:02,5,0,7285.0,0,7285.0,2,72850,7285.0,大商所,2020
20201111,XDCE,P,P2103,20201110,21:03,5,0,6352.0,0,6350.0,5,317520,6350.4,大商所,2020
20201111,XDCE,P,P2104,20201110,21:02,5,0,6256.0,0,6256.0,5,312800,6256.0,大商所,2020
20201112,XDCE,CS,CS2103,20201111,21:01,5,0,2868.0,0,2862.0,22,630480,2865.82,大商所,2020
20201112,XDCE,EG,EG2102,20201111,21:01,5,0,3817.0,0,3813.0,89,3395850,3815.56,大商所,2020
20201112,XDCE,I,I2012,20201111,21:02,5,0,871.0,0,871.0,130,11327700,871.362,大商所,2020
20201112,XDCE,J,J2104,20201111,21:01,5,0,2200.5,0,2200.5,31,6821700,2200.55,大商所,2020
20201112,XDCE,P,P2104,20201111,21:04,5,0,6396.0,0,6396.0,12,766840,6390.33,大商所,2020
20201112,XDCE,P,P2107,20201111,22:25,5,0,6112.0,0,6112.0,1418,86626880,6109.09,大商所,2020
20201112,XDCE,PP,PP2103,20201111,21:01,5,0,7846.0,0,7844.0,61,2393440,7847.34,大商所,2020
20201112,XDCE,Y,Y2108,20201111,21:08,5,0,6986.0,0,6986.0,1,69860,6986.0,大商所,2020
20201113,XDCE,I,I2107,20201113,11:30,5,0,730.0,0,730.0,4,292000,730.0,大商所,2020
20201113,XDCE,P,P2104,20201112,21:16,5,0,6442.0,0,6442.0,5,322120,6442.4,大商所,2020
20201113,XDCE,PG,PG2103,20201112,21:01,5,0,3465.0,0,3465.0,13,902220,3470.08,大商所,2020
20201113,XDCE,V,V2103,20201112,21:01,5,0,6785.0,0,6785.0,7,237625,6789.29,大商所,2020
20201116,XDCE,EB,EB2103,20201113,21:01,5,0,7026.0,0,7026.0,20,699580,6995.8,大商所,2020
20201116,XDCE,I,I2104,20201113,21:02,5,0,778.0,0,778.0,11,855500,777.727,大商所,2020
20201116,XDCE,JM,JM2102,20201113,21:02,5,0,1354.0,0,1353.0,16,1298910,1353.03,大商所,2020
20201116,XDCE,JM,JM2103,20201113,21:05,5,0,1339.0,0,1339.0,7,561120,1336.0,大商所,2020
20201116,XDCE,JM,JM2104,20201113,21:05,5,0,1337.0,0,1337.0,1,80220,1337.0,大商所,2020
20201116,XDCE,M,M2108,20201113,21:01,5,0,3186.0,0,3186.0,7,223040,3186.29,大商所,2020
20201116,XDCE,PG,PG2104,20201113,21:02,5,0,3361.0,0,3361.0,2,134500,3362.5,大商所,2020
20201116,XDCE,PP,PP2103,20201113,21:04,5,0,8016.0,0,7996.0,11,439840,7997.09,大商所,2020
20201116,XDCE,V,V2103,20201113,21:01,5,0,6945.0,0,6940.0,24,833600,6946.67,大商所,2020
20201116,XDCE,V,V2104,20201113,21:02,5,0,6910.0,0,6910.0,3,103650,6910.0,大商所,2020
20201116,XDCE,Y,Y2108,20201113,21:06,5,0,7018.0,0,7018.0,1,70180,7018.0,大商所,2020
20201117,XDCE,I,I2104,20201116,21:01,5,0,787.0,0,785.5,145,11409400,786.855,大商所,2020
20201117,XDCE,I,I2107,20201117,11:21,5,0,751.5,0,751.5,5,375850,751.7,大商所,2020
20201117,XDCE,J,J2103,20201116,21:02,5,0,2287.5,0,2287.5,18,4118150,2287.86,大商所,2020
20201117,XDCE,JM,JM2103,20201116,21:01,5,0,1319.0,0,1319.0,13,1030830,1321.58,大商所,2020
20201117,XDCE,M,M2103,20201116,21:01,5,0,3150.0,0,3150.0,132,4156590,3148.93,大商所,2020
20201117,XDCE,P,P2104,20201116,21:02,5,0,6478.0,0,6478.0,1,64780,6478.0,大商所,2020
20201117,XDCE,PG,PG2103,20201116,21:01,5,0,3431.0,0,3417.0,16,1094260,3419.56,大商所,2020
20201117,XDCE,PG,PG2104,20201116,21:04,5,0,3394.0,0,3394.0,1,67880,3394.0,大商所,2020
20201117,XDCE,V,V2103,20201116,21:03,5,0,7000.0,0,7000.0,4,139950,6997.5,大商所,2020
20201117,XDCE,Y,Y2108,20201116,21:03,5,0,7084.0,0,7084.0,1,70840,7084.0,大商所,2020
20201118,XDCE,EB,EB2104,20201117,21:01,5,0,7008.0,0,7004.0,35,1226415,7008.09,大商所,2020
20201118,XDCE,J,J2102,20201117,21:01,5,0,2366.0,0,2363.0,71,16769900,2361.96,大商所,2020
20201118,XDCE,J,J2103,20201117,21:03,5,0,2310.5,0,2310.0,82,18952550,2311.29,大商所,2020
20201118,XDCE,L,L2102,20201117,21:01,5,0,7680.0,0,7670.0,64,2455975,7674.92,大商所,2020
20201118,XDCE,P,P2104,20201117,21:01,5,0,6562.0,0,6560.0,6,394140,6569.0,大商所,2020
20201118,XDCE,PG,PG2103,20201117,21:01,5,0,3407.0,0,3387.0,9,610920,3394.0,大商所,2020
20201118,XDCE,PP,PP2102,20201117,21:01,5,0,8217.0,0,8206.0,50,2052180,8208.72,大商所,2020
20201118,XDCE,PP,PP2103,20201117,21:01,5,0,8138.0,0,8138.0,3,121980,8132.0,大商所,2020
20201118,XDCE,Y,Y2107,20201117,21:01,5,0,7274.0,0,7270.0,89,6470760,7270.52,大商所,2020
20201118,XDCE,Y,Y2108,20201117,21:01,5,0,7184.0,0,7184.0,7,503240,7189.14,大商所,2020
20201119,XDCE,B,B2107,20201118,22:01,5,0,3775.0,0,3775.0,1,37750,3775.0,大商所,2020
20201119,XDCE,CS,CS2103,20201118,21:01,5,0,2929.0,0,2920.0,46,1345050,2924.02,大商所,2020
20201119,XDCE,EG,EG2102,20201118,21:01,5,0,3796.0,0,3792.0,64,2428710,3794.86,大商所,2020
20201119,XDCE,EG,EG2103,20201118,21:01,5,0,3818.0,0,3818.0,3,114620,3820.67,大商所,2020
20201119,XDCE,I,I2104,20201118,21:01,5,0,804.5,0,802.0,10,802750,802.75,大商所,2020
20201119,XDCE,I,I2107,20201118,22:08,5,0,770.0,0,768.5,8,615250,769.062,大商所,2020
20201119,XDCE,J,J2103,20201118,21:03,5,0,2292.0,0,2292.0,5,1144300,2288.6,大商所,2020
20201119,XDCE,JM,JM2103,20201118,21:01,5,0,1301.5,0,1301.5,32,2496600,1300.31,大商所,2020
20201119,XDCE,JM,JM2104,20201118,21:05,5,0,1305.0,0,1304.5,28,2191920,1304.71,大商所,2020
20201119,XDCE,PP,PP2103,20201118,21:01,5,0,8311.0,0,8302.0,98,4067800,8301.63,大商所,2020
20201119,XDCE,Y,Y2108,20201118,21:01,5,0,7276.0,0,7276.0,18,1309340,7274.11,大商所,2020
20201120,XDCE,EB,EB2103,20201119,21:01,5,0,6675.0,0,6660.0,25,833665,6669.32,大商所,2020
20201120,XDCE,EB,EB2104,20201119,21:01,5,0,6666.0,0,6665.0,26,866025,6661.73,大商所,2020
20201120,XDCE,EG,EG2102,20201119,21:01,5,0,3829.0,0,3824.0,20,765340,3826.7,大商所,2020
20201120,XDCE,EG,EG2103,20201119,21:02,5,0,3859.0,0,3859.0,8,308680,3858.5,大商所,2020
20201120,XDCE,I,I2107,20201120,14:10,5,0,768.5,0,768.5,2,153700,768.5,大商所,2020
20201120,XDCE,JM,JM2102,20201119,21:01,5,0,1301.5,0,1301.5,118,9198630,1299.24,大商所,2020
20201120,XDCE,JM,JM2103,20201119,21:04,5,0,1297.0,0,1296.5,64,4978590,1296.51,大商所,2020
20201120,XDCE,L,L2102,20201119,21:01,5,0,7810.0,0,7810.0,23,898150,7810.0,大商所,2020
20201120,XDCE,P,P2103,20201119,21:01,5,0,6788.0,0,6762.0,38,2576360,6779.9,大商所,2020
20201120,XDCE,PP,PP2103,20201119,21:02,5,0,8361.0,0,8361.0,5,209020,8360.8,大商所,2020
20201120,XDCE,Y,Y2108,20201119,21:02,5,0,7272.0,0,7268.0,11,799780,7270.73,大商所,2020
20201123,XDCE,CS,CS2103,20201120,21:01,5,0,2936.0,0,2934.0,211,6185410,2931.47,大商所,2020
20201123,XDCE,EG,EG2104,20201120,21:13,5,0,3905.0,0,3905.0,12,468600,3905.0,大商所,2020
20201123,XDCE,L,L2103,20201120,21:03,5,0,7645.0,0,7645.0,16,611600,7645.0,大商所,2020
20201123,XDCE,L,L2104,20201120,21:02,5,0,7635.0,0,7635.0,1,38175,7635.0,大商所,2020
20201123,XDCE,P,P2103,20201120,21:02,5,0,6616.0,0,6608.0,26,1718720,6610.46,大商所,2020
20201123,XDCE,P,P2104,20201120,21:01,5,0,6514.0,0,6514.0,8,521120,6514.0,大商所,2020
20201123,XDCE,P,P2107,20201120,21:09,5,0,6338.0,0,6338.0,1,63380,6338.0,大商所,2020
20201123,XDCE,PP,PP2102,20201120,21:01,5,0,8411.0,0,8404.0,28,1176670,8404.79,大商所,2020
20201123,XDCE,Y,Y2108,20201120,21:01,5,0,7302.0,0,7302.0,11,802540,7295.82,大商所,2020
20201124,XDCE,EB,EB2103,20201123,21:01,5,0,6881.0,0,6879.0,37,1274670,6890.11,大商所,2020
20201124,XDCE,EB,EB2104,20201123,21:01,5,0,6866.0,0,6843.0,42,1439795,6856.17,大商所,2020
20201124,XDCE,EG,EG2102,20201123,21:01,5,0,3891.0,0,3884.0,151,5869000,3886.76,大商所,2020
20201124,XDCE,RR,RR2102,20201123,21:01,5,0,3596.0,0,3596.0,26,934750,3595.19,大商所,2020
20201124,XDCE,V,V2104,20201123,21:02,5,0,6980.0,0,6980.0,4,139525,6976.25,大商所,2020
20201124,XDCE,Y,Y2108,20201123,21:01,5,0,7206.0,0,7206.0,10,722480,7224.8,大商所,2020
20201125,XDCE,I,I2104,20201124,21:01,5,0,811.5,0,811.5,4,324650,811.625,大商所,2020
20201125,XDCE,P,P2104,20201124,21:01,5,0,6450.0,0,6448.0,92,5973580,6493.02,大商所,2020
20201125,XDCE,V,V2103,20201124,21:01,5,0,6930.0,0,6930.0,9,312375,6941.67,大商所,2020
20201125,XDCE,V,V2104,20201124,21:02,5,0,6960.0,0,6960.0,6,208100,6936.67,大商所,2020
20201126,XDCE,EB,EB2104,20201125,21:01,5,0,6780.0,0,6752.0,44,1484870,6749.41,大商所,2020
20201126,XDCE,I,I2104,20201125,21:01,5,0,826.5,0,825.0,11,907950,825.409,大商所,2020
20201126,XDCE,J,J2103,20201125,21:03,5,0,2273.5,0,2273.0,7,1591350,2273.36,大商所,2020
20201126,XDCE,JM,JM2103,20201125,21:02,5,0,1390.0,0,1390.0,5,416880,1389.6,大商所,2020
20201126,XDCE,P,P2104,20201125,21:02,5,0,6516.0,0,6516.0,7,456060,6515.14,大商所,2020
20201126,XDCE,Y,Y2108,20201125,21:01,5,0,7168.0,0,7166.0,8,572660,7158.25,大商所,2020
20201127,XDCE,C,C2103,20201126,21:01,5,0,2628.0,0,2625.0,61,1601820,2625.93,大商所,2020
20201127,XDCE,J,J2103,20201126,21:02,5,0,2318.0,0,2317.0,6,1390450,2317.42,大商所,2020
20201127,XDCE,J,J2104,20201126,21:01,5,0,2298.0,0,2296.5,21,4821300,2295.86,大商所,2020
20201127,XDCE,JM,JM2103,20201126,21:08,5,0,1387.5,0,1387.5,21,1748250,1387.5,大商所,2020
20201127,XDCE,JM,JM2104,20201126,21:09,5,0,1392.5,0,1392.0,6,501240,1392.33,大商所,2020
20201130,XDCE,CS,CS2103,20201127,21:01,5,0,2920.0,0,2916.0,59,1722040,2918.71,大商所,2020
20201130,XDCE,EB,EB2103,20201127,21:01,5,0,6883.0,0,6848.0,35,1202135,6869.34,大商所,2020
20201130,XDCE,I,I2107,20201127,21:23,5,0,810.0,0,810.0,1,81000,810.0,大商所,2020
20201130,XDCE,J,J2104,20201127,21:01,5,0,2336.5,0,2333.5,8,1866350,2332.94,大商所,2020
20201130,XDCE,M,M2108,20201127,21:02,5,0,3231.0,0,3231.0,1,32310,3231.0,大商所,2020
20201130,XDCE,P,P2104,20201127,21:01,5,0,6592.0,0,6592.0,6,396300,6605.0,大商所,2020
20201201,XDCE,EG,EG2103,20201130,21:01,5,0,3886.0,0,3886.0,2,77760,3888.0,大商所,2020
20201201,XDCE,I,I2104,20201130,21:01,5,0,855.5,0,855.5,90,7722750,858.083,大商所,2020
20201201,XDCE,I,I2107,20201130,21:12,5,0,812.5,0,812.5,1,81250,812.5,大商所,2020
20201201,XDCE,J,J2104,20201130,21:01,5,0,2364.0,0,2364.0,2,473250,2366.25,大商所,2020
20201201,XDCE,JM,JM2103,20201130,21:04,5,0,1397.0,0,1397.0,8,671820,1399.62,大商所,2020
20201201,XDCE,JM,JM2104,20201130,21:01,5,0,1397.5,0,1397.5,18,1512780,1400.72,大商所,2020
20201201,XDCE,Y,Y2108,20201130,21:02,5,0,7100.0,0,7100.0,3,213000,7100.0,大商所,2020
20201202,XDCE,CS,CS2103,20201201,21:01,5,0,3004.0,0,3004.0,136,4081910,3001.4,大商所,2020
20201202,XDCE,EB,EB2104,20201201,21:01,5,0,6744.0,0,6744.0,5,168665,6746.6,大商所,2020
20201202,XDCE,I,I2104,20201201,21:01,5,0,859.5,0,859.5,45,3874150,860.922,大商所,2020
20201202,XDCE,JM,JM2102,20201201,21:01,5,0,1464.0,0,1460.5,43,3758760,1456.88,大商所,2020
20201202,XDCE,JM,JM2103,20201201,21:02,5,0,1453.0,0,1453.0,4,348660,1452.75,大商所,2020
20201202,XDCE,PP,PP2103,20201201,21:01,5,0,8335.0,0,8330.0,25,1041655,8333.24,大商所,2020
20201202,XDCE,V,V2103,20201201,21:01,5,0,7270.0,0,7265.0,23,836225,7271.52,大商所,2020
20201202,XDCE,Y,Y2108,20201201,21:02,5,0,7084.0,0,7084.0,2,141660,7083.0,大商所,2020
20201203,XDCE,EB,EB2103,20201202,21:01,5,0,6591.0,0,6585.0,111,3648905,6574.6,大商所,2020
20201203,XDCE,EB,EB2104,20201202,21:01,5,0,6613.0,0,6613.0,111,3664305,6602.35,大商所,2020
20201203,XDCE,I,I2107,20201202,21:29,5,0,839.5,0,839.5,1,83950,839.5,大商所,2020
20201203,XDCE,M,M2108,20201202,21:01,5,0,3147.0,0,3113.0,106,3313190,3125.65,大商所,2020
20201203,XDCE,PP,PP2103,20201202,21:01,5,0,8246.0,0,8246.0,23,950890,8268.61,大商所,2020
20201203,XDCE,V,V2103,20201202,21:01,5,0,7235.0,0,7230.0,13,469400,7221.54,大商所,2020
20201203,XDCE,Y,Y2108,20201202,21:01,5,0,6882.0,0,6882.0,8,551920,6899.0,大商所,2020
20201204,XDCE,EB,EB2104,20201203,21:01,5,0,6754.0,0,6741.0,85,2861260,6732.38,大商所,2020
20201207,XDCE,EB,EB2104,20201204,21:01,5,0,6685.0,0,6679.0,11,367695,6685.36,大商所,2020
20201207,XDCE,I,I2107,20201204,21:16,5,0,871.0,0,871.0,1,87100,871.0,大商所,2020
20201207,XDCE,JM,JM2104,20201204,21:01,5,0,1463.0,0,1463.0,5,437850,1459.5,大商所,2020
20201207,XDCE,PP,PP2103,20201204,21:01,5,0,8271.0,0,8256.0,65,2683860,8258.03,大商所,2020
20201207,XDCE,Y,Y2108,20201204,21:03,5,0,7138.0,0,7138.0,5,356900,7138.0,大商所,2020
20201208,XDCE,J,J2104,20201207,21:01,5,0,2463.0,0,2463.0,9,2217200,2463.56,大商所,2020
20201208,XDCE,L,L2103,20201207,21:02,5,0,7935.0,0,7925.0,39,1545825,7927.31,大商所,2020
20201208,XDCE,L,L2104,20201207,21:01,5,0,7935.0,0,7935.0,22,872675,7933.41,大商所,2020
20201208,XDCE,M,M2108,20201207,21:01,5,0,3143.0,0,3143.0,11,345710,3142.82,大商所,2020
20201208,XDCE,P,P2103,20201207,21:02,5,0,6700.0,0,6700.0,1,67000,6700.0,大商所,2020
20201208,XDCE,PP,PP2103,20201207,21:01,5,0,8381.0,0,8368.0,83,3474945,8373.36,大商所,2020
20201208,XDCE,Y,Y2108,20201207,21:14,5,0,7122.0,0,7122.0,1,71220,7122.0,大商所,2020
20201209,XDCE,CS,CS2103,20201208,21:01,5,0,2911.0,0,2907.0,119,3461210,2908.58,大商所,2020
20201209,XDCE,I,I2107,20201209,10:07,5,0,878.0,0,878.0,1,87800,878.0,大商所,2020
20201209,XDCE,J,J2104,20201208,21:01,5,0,2430.5,0,2430.5,6,1458900,2431.5,大商所,2020
20201209,XDCE,JM,JM2104,20201208,21:13,5,0,1466.0,0,1466.0,54,4749840,1466.0,大商所,2020
20201209,XDCE,L,L2104,20201208,21:03,5,0,7860.0,0,7860.0,7,275125,7860.71,大商所,2020
20201209,XDCE,PG,PG2103,20201208,21:01,5,0,3668.0,0,3668.0,5,366500,3665.0,大商所,2020
20201209,XDCE,PP,PP2103,20201208,21:01,5,0,8308.0,0,8307.0,40,1658435,8292.17,大商所,2020
20201209,XDCE,V,V2103,20201208,21:02,5,0,7515.0,0,7515.0,4,150300,7515.0,大商所,2020
20201209,XDCE,V,V2104,20201208,21:03,5,0,7500.0,0,7495.0,60,2248750,7495.83,大商所,2020
20201209,XDCE,Y,Y2108,20201208,21:01,5,0,6988.0,0,6988.0,20,1396460,6982.3,大商所,2020
20201210,XDCE,EG,EG2102,20201209,21:01,5,0,3963.0,0,3962.0,142,5618350,3956.59,大商所,2020
20201210,XDCE,EG,EG2103,20201209,21:01,5,0,3999.0,0,3998.0,29,1157140,3990.14,大商所,2020
20201210,XDCE,J,J2103,20201209,21:02,5,0,2533.5,0,2531.5,5,1265800,2531.6,大商所,2020
20201210,XDCE,M,M2107,20201209,21:01,5,0,3087.0,0,3086.0,485,14966000,3085.77,大商所,2020
20201210,XDCE,M,M2108,20201209,21:01,5,0,3139.0,0,3139.0,54,1693760,3136.59,大商所,2020
20201211,XDCE,L,L2103,20201210,21:01,5,0,7855.0,0,7845.0,4,157150,7857.5,大商所,2020
20201214,XDCE,I,I2107,20201211,21:09,5,0,964.5,0,964.5,2,193150,965.75,大商所,2020
20201214,XDCE,PG,PG2104,20201211,21:03,5,0,3655.0,0,3655.0,1,73100,3655.0,大商所,2020
20201214,XDCE,V,V2103,20201211,21:01,5,0,7985.0,0,7985.0,70,2792325,7978.07,大商所,2020
20201215,XDCE,CS,CS2103,20201214,21:01,5,0,2857.0,0,2853.0,144,4106700,2851.88,大商所,2020
20201215,XDCE,EG,EG2103,20201214,21:02,5,0,4050.0,0,4047.0,14,566670,4047.64,大商所,2020
20201216,XDCE,EB,EB2103,20201215,21:01,5,0,6981.0,0,6959.0,82,2851835,6955.69,大商所,2020
20201216,XDCE,EG,EG2102,20201215,21:01,5,0,4050.0,0,4046.0,150,6057340,4038.23,大商所,2020
20201216,XDCE,EG,EG2103,20201215,21:01,5,0,4074.0,0,4074.0,36,1464320,4067.56,大商所,2020
20201216,XDCE,JM,JM2104,20201215,21:02,5,0,1521.0,0,1521.0,1,91260,1521.0,大商所,2020
20201216,XDCE,L,L2103,20201215,21:01,5,0,7800.0,0,7800.0,5,195225,7809.0,大商所,2020
20201216,XDCE,PG,PG2103,20201215,21:01,5,0,3746.0,0,3739.0,15,1122720,3742.4,大商所,2020
20201216,XDCE,PP,PP2104,20201215,21:01,5,0,8321.0,0,8321.0,9,374400,8320.0,大商所,2020
20201217,XDCE,EG,EG2103,20201216,21:01,5,0,4057.0,0,4057.0,10,405150,4051.5,大商所,2020
20201217,XDCE,JM,JM2104,20201216,21:01,5,0,1540.0,0,1540.0,4,368850,1536.88,大商所,2020
20201217,XDCE,P,P2104,20201216,21:03,5,0,6850.0,0,6850.0,1,68500,6850.0,大商所,2020
20201217,XDCE,PP,PP2104,20201216,21:02,5,0,8290.0,0,8270.0,3863,159824700,8274.64,大商所,2020
20201218,XDCE,CS,CS2107,20201217,21:01,5,0,2943.0,0,2939.0,41,1205450,2940.12,大商所,2020
20201218,XDCE,I,I2107,20201217,21:36,5,0,1003.0,0,1003.0,2,200600,1003.0,大商所,2020
20201218,XDCE,L,L2104,20201217,21:02,5,0,7905.0,0,7905.0,28,1106700,7905.0,大商所,2020
20201218,XDCE,M,M2108,20201217,21:02,5,0,3167.0,0,3167.0,1,31670,3167.0,大商所,2020
20201218,XDCE,P,P2103,20201217,21:01,5,0,6994.0,0,6994.0,4,279640,6991.0,大商所,2020
20201221,XDCE,I,I2107,20201218,21:11,5,0,1044.0,0,1044.0,2,208800,1044.0,大商所,2020
20201221,XDCE,L,L2102,20201218,21:01,5,0,7890.0,0,7880.0,44,1734850,7885.68,大商所,2020
20201221,XDCE,L,L2104,20201218,21:04,5,0,7930.0,0,7930.0,8,317250,7931.25,大商所,2020
20201221,XDCE,PP,PP2104,20201218,21:01,5,0,8399.0,0,8392.0,20,839775,8397.75,大商所,2020
20201221,XDCE,V,V2103,20201218,21:02,5,0,7545.0,0,7545.0,8,301500,7537.5,大商所,2020
20201222,XDCE,EG,EG2102,20201221,21:01,5,0,4077.0,0,4077.0,120,4886440,4072.03,大商所,2020
20201222,XDCE,L,L2104,20201221,21:01,5,0,7805.0,0,7795.0,19,741775,7808.16,大商所,2020
20201222,XDCE,M,M2108,20201221,21:01,5,0,3300.0,0,3293.0,13,429000,3300.0,大商所,2020
20201222,XDCE,P,P2103,20201221,21:01,5,0,7046.0,0,7012.0,47,3303920,7029.62,大商所,2020
20201222,XDCE,PG,PG2104,20201221,21:01,5,0,3945.0,0,3943.0,6,474000,3950.0,大商所,2020
20201223,XDCE,JM,JM2103,20201222,21:01,5,0,1567.0,0,1560.5,26,2441040,1564.77,大商所,2020
20201223,XDCE,JM,JM2104,20201222,21:01,5,0,1586.0,0,1585.0,21,1998840,1586.38,大商所,2020
20201223,XDCE,L,L2103,20201222,21:02,5,0,7765.0,0,7765.0,2,77650,7765.0,大商所,2020
20201223,XDCE,V,V2102,20201222,21:01,5,0,7470.0,0,7460.0,105,3918225,7463.29,大商所,2020
20201223,XDCE,V,V2103,20201222,21:02,5,0,7445.0,0,7440.0,28,1041750,7441.07,大商所,2020
20201224,XDCE,EG,EG2102,20201223,21:01,5,0,4222.0,0,4131.0,445,18366660,4127.34,大商所,2020
20201224,XDCE,EG,EG2103,20201223,21:01,5,0,4174.0,0,4156.0,84,3488680,4153.19,大商所,2020
20201224,XDCE,JM,JM2103,20201223,21:02,5,0,1568.0,0,1568.0,3,282180,1567.67,大商所,2020
20201224,XDCE,L,L2103,20201223,21:01,5,0,7725.0,0,7725.0,4,154575,7728.75,大商所,2020
20201224,XDCE,L,L2104,20201223,21:04,5,0,7795.0,0,7795.0,2,77900,7790.0,大商所,2020
20201225,XDCE,P,P2104,20201224,21:01,5,0,7192.0,0,7184.0,17,1221620,7186.0,大商所,2020
20201225,XDCE,P,P2107,20201224,22:40,5,0,6544.0,0,6544.0,1,65440,6544.0,大商所,2020
20201225,XDCE,V,V2103,20201224,21:01,5,0,7390.0,0,7385.0,26,960450,7388.08,大商所,2020
20201228,XDCE,JM,JM2104,20201225,21:01,5,0,1658.5,0,1658.5,15,1491540,1657.27,大商所,2020
20201228,XDCE,L,L2102,20201225,21:01,5,0,7615.0,0,7605.0,184,6984125,7591.44,大商所,2020
20201228,XDCE,L,L2104,20201225,21:01,5,0,7700.0,0,7700.0,11,422525,7682.27,大商所,2020
20201228,XDCE,M,M2108,20201225,21:02,5,0,3352.0,0,3352.0,173,5800520,3352.9,大商所,2020
20201229,XDCE,EB,EB2103,20201228,21:01,5,0,6246.0,0,6234.0,73,2276445,6236.84,大商所,2020
20201229,XDCE,EB,EB2104,20201228,21:01,5,0,6329.0,0,6310.0,5,158090,6323.6,大商所,2020
20201229,XDCE,JM,JM2103,20201228,21:01,5,0,1653.0,0,1649.5,54,5364300,1655.65,大商所,2020
20201229,XDCE,L,L2104,20201228,21:01,5,0,7615.0,0,7615.0,15,571050,7614.0,大商所,2020
20201230,XDCE,CS,CS2107,20201229,21:01,5,0,3082.0,0,3079.0,84,2587120,3079.91,大商所,2020
20201230,XDCE,EG,EG2103,20201229,21:01,5,0,4134.0,0,4134.0,4,165320,4133.0,大商所,2020
20201230,XDCE,EG,EG2104,20201229,21:01,5,0,4169.0,0,4169.0,3,124960,4165.33,大商所,2020
20201230,XDCE,J,J2103,20201229,21:01,5,0,2886.0,0,2880.0,7,2017800,2882.57,大商所,2020
20201230,XDCE,P,P2104,20201229,21:02,5,0,7070.0,0,7070.0,26,1837300,7066.54,大商所,2020
20201230,XDCE,V,V2102,20201229,21:01,5,0,7110.0,0,7110.0,29,1030375,7106.03,大商所,2020
20201230,XDCE,V,V2103,20201229,21:02,5,0,7105.0,0,7105.0,1,35525,7105.0,大商所,2020
20201231,XDCE,EB,EB2103,20201230,21:01,5,0,6265.0,0,6263.0,6,187980,6266.0,大商所,2020
20201231,XDCE,JM,JM2103,20201230,21:01,5,0,1587.5,0,1586.5,14,1333560,1587.57,大商所,2020
20201231,XDCE,JM,JM2104,20201230,21:01,5,0,1614.5,0,1611.5,11,1064220,1612.45,大商所,2020
20201231,XDCE,PP,PP2103,20201230,21:04,5,0,7940.0,0,7940.0,8,317390,7934.75,大商所,2020
20201231,XDCE,V,V2103,20201230,21:02,5,0,7085.0,0,7085.0,1,35425,7085.0,大商所,2020
20210104,XDCE,JM,JM2104,20210104,09:01,5,0,1604.5,0,1604.5,18,1729830,1601.69,大商所,2021
20210104,XDCE,L,L2103,20210104,09:01,5,0,7690.0,0,7670.0,56,2150000,7678.57,大商所,2021
20210105,XDCE,EB,EB2104,20210104,21:01,5,0,6508.0,0,6506.0,17,552755,6503.0,大商所,2021
20210106,XDCE,CS,CS2103,20210105,21:01,5,0,3056.0,0,3056.0,49,1496650,3054.39,大商所,2021
20210106,XDCE,EG,EG2109,20210105,21:01,5,0,4544.0,0,4544.0,39,1770510,4539.77,大商所,2021
20210106,XDCE,JM,JM2104,20210105,21:01,5,0,1683.0,0,1681.5,10,1009170,1681.95,大商所,2021
20210107,XDCE,I,I2107,20210107,11:18,5,0,1017.0,0,1017.0,1,101700,1017.0,大商所,2021
20210107,XDCE,M,M2108,20210106,21:01,5,0,3583.0,0,3583.0,15,537190,3581.27,大商所,2021
20210108,XDCE,CS,CS2103,20210107,21:01,5,0,3095.0,0,3091.0,45,1391470,3092.16,大商所,2021
20210108,XDCE,EB,EB2109,20210107,21:32,5,0,6845.0,0,6845.0,1,34225,6845.0,大商所,2021
20210108,XDCE,EG,EG2109,20210107,21:02,5,0,4543.0,0,4543.0,5,227150,4543.0,大商所,2021
20210108,XDCE,J,J2104,20210107,21:01,5,0,3023.5,0,3023.0,4,1210500,3026.25,大商所,2021
20210108,XDCE,L,L2104,20210107,21:02,5,0,7600.0,0,7600.0,9,341850,7596.67,大商所,2021
20210108,XDCE,L,L2109,20210107,21:01,5,0,7560.0,0,7555.0,71,2681800,7554.37,大商所,2021
20210108,XDCE,P,P2104,20210107,21:01,5,0,7422.0,0,7422.0,3,223540,7451.33,大商所,2021
20210108,XDCE,V,V2102,20210107,21:01,5,0,7180.0,0,7165.0,183,6549600,7158.03,大商所,2021
20210111,XDCE,EG,EG2102,20210108,21:03,5,0,4366.0,0,4364.0,10,436500,4365.0,大商所,2021
20210112,XDCE,EG,EG2109,20210111,21:05,5,0,4520.0,0,4518.0,3,135580,4519.33,大商所,2021
20210112,XDCE,JM,JM2104,20210111,21:04,5,0,1760.5,0,1760.5,7,738900,1759.29,大商所,2021
20210112,XDCE,P,P2103,20210111,21:01,5,0,7502.0,0,7482.0,23,1722800,7490.44,大商所,2021
20210112,XDCE,P,P2104,20210111,21:06,5,0,7304.0,0,7304.0,1,73040,7304.0,大商所,2021
20210113,XDCE,A,A2109,20210112,21:04,5,0,5719.0,0,5719.0,2,114380,5719.0,大商所,2021
20210113,XDCE,CS,CS2101,20210113,09:09,5,0,3294.0,0,3294.0,1,32940,3294.0,大商所,2021
20210113,XDCE,I,I2107,20210113,09:45,5,0,992.5,0,992.5,2,201450,1007.25,大商所,2021
20210113,XDCE,JM,JM2104,20210112,21:01,5,0,1725.5,0,1725.5,2,206670,1722.25,大商所,2021
20210113,XDCE,JM,JM2109,20210112,21:01,5,0,1654.5,0,1654.0,4,395910,1649.62,大商所,2021
20210113,XDCE,RR,RR2105,20210112,21:01,5,0,3729.0,0,3729.0,2,74530,3726.5,大商所,2021
20210113,XDCE,Y,Y2108,20210112,21:03,5,0,7524.0,0,7524.0,5,376380,7527.6,大商所,2021
20210114,XDCE,CS,CS2103,20210113,21:01,5,0,3277.0,0,3277.0,54,1766710,3271.68,大商所,2021
20210114,XDCE,EG,EG2109,20210113,21:01,5,0,4616.0,0,4616.0,9,414880,4609.78,大商所,2021
20210114,XDCE,JM,JM2109,20210113,21:03,5,0,1574.5,0,1570.0,9,849750,1573.61,大商所,2021
20210114,XDCE,M,M2108,20210113,21:01,5,0,3761.0,0,3759.0,52,1955060,3759.73,大商所,2021
20210114,XDCE,PG,PG2109,20210114,09:02,5,0,3883.0,0,3883.0,2,155320,3883.0,大商所,2021
20210115,XDCE,I,I2107,20210115,09:07,5,0,1025.5,0,1025.5,3,307650,1025.5,大商所,2021
20210115,XDCE,JM,JM2102,20210114,21:06,5,0,1704.0,0,1704.0,1,102240,1704.0,大商所,2021
20210115,XDCE,Y,Y2108,20210114,21:03,5,0,7384.0,0,7382.0,4,295380,7384.5,大商所,2021
20210118,XDCE,L,L2102,20210115,21:03,5,0,7600.0,0,7600.0,6,228000,7600.0,大商所,2021
20210118,XDCE,PP,PP2104,20210115,21:01,5,0,8015.0,0,8015.0,44,1761370,8006.23,大商所,2021
20210118,XDCE,Y,Y2108,20210115,21:02,5,0,7306.0,0,7306.0,2,146120,7306.0,大商所,2021
20210119,XDCE,B,B2107,20210119,10:45,5,0,4171.0,0,4171.0,1,41710,4171.0,大商所,2021
20210119,XDCE,EB,EB2104,20210118,21:01,5,0,6920.0,0,6916.0,25,864560,6916.48,大商所,2021
20210119,XDCE,I,I2107,20210118,22:03,5,0,1023.5,0,1023.5,1,102350,1023.5,大商所,2021
20210120,XDCE,PG,PG2104,20210119,21:01,5,0,3800.0,0,3800.0,2,152080,3802.0,大商所,2021
20210120,XDCE,RR,RR2104,20210119,21:01,5,0,3745.0,0,3743.0,73,2730810,3740.84,大商所,2021
20210120,XDCE,Y,Y2108,20210119,21:11,5,0,7272.0,0,7268.0,52,3779380,7268.04,大商所,2021
20210121,XDCE,EB,EB2109,20210120,22:57,5,0,7019.0,0,7019.0,6,209975,6999.17,大商所,2021
20210121,XDCE,L,L2109,20210120,21:01,5,0,7640.0,0,7640.0,40,1526500,7632.5,大商所,2021
20210121,XDCE,PG,PG2104,20210120,21:01,5,0,3678.0,0,3678.0,11,809220,3678.27,大商所,2021
20210121,XDCE,PP,PP2102,20210121,09:19,5,0,8080.0,0,8080.0,21,848400,8080.0,大商所,2021
20210122,XDCE,L,L2102,20210121,21:15,5,0,7725.0,0,7725.0,12,463500,7725.0,大商所,2021
20210122,XDCE,M,M2108,20210121,21:01,5,0,3590.0,0,3589.0,27,969140,3589.41,大商所,2021
20210125,XDCE,V,V2103,20210122,21:01,5,0,7420.0,0,7420.0,10,370825,7416.5,大商所,2021
20210125,XDCE,Y,Y2108,20210122,21:01,5,0,7138.0,0,7138.0,7,500760,7153.71,大商所,2021
20210126,XDCE,EB,EB2104,20210125,21:01,5,0,6919.0,0,6919.0,35,1211575,6923.29,大商所,2021
20210126,XDCE,J,J2109,20210125,21:01,5,0,2481.0,0,2478.5,138,34159700,2475.34,大商所,2021
20210126,XDCE,JM,JM2104,20210125,21:02,5,0,1628.0,0,1628.0,1,97680,1628.0,大商所,2021
20210126,XDCE,L,L2102,20210126,09:01,5,0,7770.0,0,7770.0,8,310725,7768.12,大商所,2021
20210126,XDCE,M,M2108,20210125,21:02,5,0,3427.0,0,3427.0,1,34270,3427.0,大商所,2021
20210126,XDCE,PG,PG2104,20210125,21:01,5,0,3528.0,0,3528.0,32,2254560,3522.75,大商所,2021
20210127,XDCE,L,L2102,20210127,09:01,5,0,7810.0,0,7810.0,12,468250,7804.17,大商所,2021
20210127,XDCE,L,L2104,20210126,21:03,5,0,7805.0,0,7805.0,3,117050,7803.33,大商所,2021
20210128,XDCE,EB,EB2109,20210127,22:38,5,0,7015.0,0,7015.0,1,35075,7015.0,大商所,2021
20210128,XDCE,M,M2108,20210127,21:01,5,0,3529.0,0,3529.0,6,211610,3526.83,大商所,2021
20210128,XDCE,V,V2102,20210127,21:08,5,0,7345.0,0,7345.0,10,367250,7345.0,大商所,2021
20210129,XDCE,L,L2103,20210128,21:02,5,0,7910.0,0,7910.0,19,751150,7906.84,大商所,2021
20210129,XDCE,M,M2108,20210128,21:01,5,0,3520.0,0,3520.0,12,422200,3518.33,大商所,2021
20210129,XDCE,PP,PP2104,20210128,21:01,5,0,8269.0,0,8251.0,169,6973845,8253.07,大商所,2021
20210201,XDCE,L,L2102,20210201,10:37,5,0,7915.0,0,7915.0,1,39575,7915.0,大商所,2021
20210201,XDCE,V,V2107,20210129,21:23,5,0,7475.0,0,7475.0,1,37375,7475.0,大商所,2021
20210201,XDCE,Y,Y2108,20210129,21:02,5,0,7394.0,0,7394.0,3,221780,7392.67,大商所,2021
20210202,XDCE,B,B2104,20210201,21:01,5,0,4093.0,0,4090.0,240,9814810,4089.5,大商所,2021
20210202,XDCE,EB,EB2106,20210201,21:01,5,0,7398.0,0,7398.0,21,772060,7352.95,大商所,2021
20210202,XDCE,EG,EG2107,20210201,21:11,5,0,4597.0,0,4597.0,5,229850,4597.0,大商所,2021
20210202,XDCE,I,I2107,20210201,21:13,5,0,940.0,0,939.5,11,1033500,939.545,大商所,2021
20210202,XDCE,J,J2107,20210201,21:17,5,0,2385.0,0,2385.0,1,238500,2385.0,大商所,2021
20210202,XDCE,L,L2107,20210201,21:34,5,0,7820.0,0,7820.0,5,195500,7820.0,大商所,2021
20210202,XDCE,V,V2107,20210201,21:12,5,0,7250.0,0,7250.0,1,36250,7250.0,大商所,2021
20210203,XDCE,EG,EG2107,20210202,21:06,5,0,4683.0,0,4683.0,2,93660,4683.0,大商所,2021
20210203,XDCE,I,I2107,20210202,21:01,5,0,899.0,0,899.0,8,718450,898.062,大商所,2021
20210203,XDCE,JM,JM2107,20210202,21:09,5,0,1444.5,0,1443.5,2,173280,1444.0,大商所,2021
20210203,XDCE,L,L2106,20210202,21:03,5,0,7850.0,0,7850.0,5,196200,7848.0,大商所,2021
20210203,XDCE,PG,PG2109,20210202,21:09,5,0,3642.0,0,3638.0,8,582560,3641.0,大商所,2021
20210203,XDCE,RR,RR2105,20210202,21:04,5,0,3645.0,0,3645.0,5,182250,3645.0,大商所,2021
20210203,XDCE,V,V2107,20210202,21:11,5,0,7285.0,0,7285.0,4,145700,7285.0,大商所,2021
20210204,XDCE,EG,EG2106,20210203,21:05,5,0,4666.0,0,4663.0,6,279890,4664.83,大商所,2021
20210204,XDCE,EG,EG2107,20210203,21:07,5,0,4618.0,0,4618.0,8,369440,4618.0,大商所,2021
20210204,XDCE,I,I2108,20210203,22:56,5,0,884.5,0,884.5,2,176650,883.25,大商所,2021
20210204,XDCE,J,J2107,20210203,21:19,5,0,2362.5,0,2362.5,3,708750,2362.5,大商所,2021
20210204,XDCE,M,M2108,20210203,21:02,5,0,3445.0,0,3445.0,3,103330,3444.33,大商所,2021
20210204,XDCE,P,P2107,20210203,21:18,5,0,6226.0,0,6226.0,1,62260,6226.0,大商所,2021
20210204,XDCE,Y,Y2108,20210203,21:01,5,0,7052.0,0,7052.0,2,141260,7063.0,大商所,2021
20210205,XDCE,EB,EB2106,20210204,21:01,5,0,7470.0,0,7470.0,5,186835,7473.4,大商所,2021
20210205,XDCE,EG,EG2107,20210204,21:12,5,0,4597.0,0,4597.0,8,367560,4594.5,大商所,2021
20210205,XDCE,P,P2107,20210204,21:07,5,0,6266.0,0,6266.0,2,125300,6265.0,大商所,2021
20210205,XDCE,PP,PP2106,20210204,21:02,5,0,8271.0,0,8271.0,3,124060,8270.67,大商所,2021
20210205,XDCE,RR,RR2105,20210204,21:01,5,0,3661.0,0,3661.0,10,366090,3660.9,大商所,2021
20210205,XDCE,V,V2107,20210204,21:04,5,0,7510.0,0,7505.0,7,262725,7506.43,大商所,2021
20210205,XDCE,Y,Y2108,20210204,21:01,5,0,7144.0,0,7132.0,15,1071840,7145.6,大商所,2021
20210208,XDCE,EB,EB2109,20210208,09:06,5,0,7331.0,0,7331.0,5,183275,7331.0,大商所,2021
20210208,XDCE,EG,EG2106,20210205,21:01,5,0,4621.0,0,4621.0,27,1246640,4617.19,大商所,2021
20210208,XDCE,JM,JM2107,20210205,21:09,5,0,1467.5,0,1467.5,1,88050,1467.5,大商所,2021
20210208,XDCE,JM,JM2108,20210205,21:01,5,0,1429.0,0,1429.0,2,170490,1420.75,大商所,2021
20210209,XDCE,B,B2109,20210208,21:29,5,0,4039.0,0,4039.0,2,80780,4039.0,大商所,2021
20210209,XDCE,EB,EB2106,20210208,21:01,5,0,7491.0,0,7491.0,2,74890,7489.0,大商所,2021
20210209,XDCE,EG,EG2107,20210208,21:09,5,0,4618.0,0,4615.0,27,1246030,4614.93,大商所,2021
20210209,XDCE,J,J2107,20210208,21:01,5,0,2482.5,0,2482.5,5,1238850,2477.7,大商所,2021
20210209,XDCE,JM,JM2107,20210208,21:08,5,0,1476.5,0,1476.5,19,1682160,1475.58,大商所,2021
20210209,XDCE,P,P2107,20210208,21:02,5,0,6378.0,0,6378.0,1,63780,6378.0,大商所,2021
20210210,XDCE,EB,EB2106,20210209,21:03,5,0,7552.0,0,7552.0,1,37760,7552.0,大商所,2021
20210210,XDCE,EB,EB2109,20210209,21:48,5,0,7371.0,0,7371.0,2,73710,7371.0,大商所,2021
20210210,XDCE,EG,EG2107,20210209,21:06,5,0,4516.0,0,4494.0,16,721100,4506.88,大商所,2021
20210210,XDCE,JD,JD2108,20210210,09:01,5,0,5136.0,0,5128.0,37,1895790,5123.76,大商所,2021
20210210,XDCE,JM,JM2107,20210209,21:09,5,0,1492.5,0,1492.5,3,268800,1493.33,大商所,2021
20210210,XDCE,L,L2107,20210209,21:04,5,0,7905.0,0,7905.0,2,79050,7905.0,大商所,2021
20210210,XDCE,RR,RR2104,20210209,21:01,5,0,3647.0,0,3646.0,37,1349000,3645.95,大商所,2021
20210210,XDCE,Y,Y2108,20210209,21:03,5,0,7438.0,0,7438.0,5,371880,7437.6,大商所,2021
20210218,XDCE,JM,JM2107,20210218,09:01,5,0,1531.0,0,1531.0,16,1463820,1524.81,大商所,2021
20210218,XDCE,P,P2107,20210218,09:01,5,0,6734.0,0,6734.0,7,471120,6730.29,大商所,2021
20210219,XDCE,C,C2201,20210218,21:01,5,0,2692.0,0,2692.0,5,134640,2692.8,大商所,2021
20210219,XDCE,J,J2107,20210218,21:03,5,0,2602.0,0,2602.0,1,260200,2602.0,大商所,2021
20210219,XDCE,L,L2107,20210218,21:10,5,0,8480.0,0,8480.0,1,42400,8480.0,大商所,2021
20210219,XDCE,M,M2108,20210218,21:01,5,0,3489.0,0,3489.0,7,244290,3489.86,大商所,2021
20210219,XDCE,RR,RR2105,20210218,21:01,5,0,3648.0,0,3648.0,6,218850,3647.5,大商所,2021
20210219,XDCE,RR,RR2106,20210218,21:09,5,0,3655.0,0,3655.0,21,767160,3653.14,大商所,2021
20210219,XDCE,V,V2104,20210218,21:03,5,0,7985.0,0,7985.0,4,159700,7985.0,大商所,2021
20210222,XDCE,EG,EG2107,20210219,21:01,5,0,4857.0,0,4857.0,2,96920,4846.0,大商所,2021
20210222,XDCE,J,J2107,20210219,21:12,5,0,2542.0,0,2542.0,15,3813050,2542.03,大商所,2021
20210222,XDCE,JM,JM2107,20210219,21:01,5,0,1525.5,0,1525.5,4,366120,1525.5,大商所,2021
20210222,XDCE,JM,JM2109,20210219,21:05,5,0,1508.5,0,1508.5,4,362220,1509.25,大商所,2021
20210223,XDCE,J,J2107,20210222,21:01,5,0,2489.5,0,2489.5,3,748450,2494.83,大商所,2021
20210223,XDCE,JM,JM2107,20210222,21:04,5,0,1456.0,0,1456.0,2,174720,1456.0,大商所,2021
20210223,XDCE,Y,Y2108,20210222,21:01,5,0,7778.0,0,7778.0,5,390420,7808.4,大商所,2021
20210224,XDCE,EG,EG2107,20210223,21:02,5,0,5034.0,0,5034.0,8,402710,5033.88,大商所,2021
20210224,XDCE,J,J2107,20210223,21:09,5,0,2440.0,0,2440.0,2,488000,2440.0,大商所,2021
20210224,XDCE,JM,JM2107,20210223,21:04,5,0,1444.0,0,1444.0,2,173070,1442.25,大商所,2021
20210224,XDCE,L,L2107,20210223,21:11,5,0,8665.0,0,8665.0,1,43325,8665.0,大商所,2021
20210224,XDCE,Y,Y2108,20210223,21:03,5,0,7914.0,0,7914.0,1,79140,7914.0,大商所,2021
20210225,XDCE,JM,JM2107,20210224,21:02,5,0,1462.5,0,1462.5,1,87750,1462.5,大商所,2021
20210225,XDCE,L,L2107,20210224,21:06,5,0,8635.0,0,8635.0,4,172700,8635.0,大商所,2021
20210225,XDCE,P,P2106,20210224,21:01,5,0,7316.0,0,7316.0,5,365600,7312.0,大商所,2021
20210226,XDCE,JM,JM2107,20210225,21:06,5,0,1504.0,0,1504.0,18,1622820,1502.61,大商所,2021
20210226,XDCE,L,L2107,20210225,21:04,5,0,8755.0,0,8755.0,3,131325,8755.0,大商所,2021
20210301,XDCE,JM,JM2107,20210226,21:01,5,0,1444.0,0,1444.0,4,346830,1445.12,大商所,2021
20210301,XDCE,L,L2107,20210226,21:01,5,0,8675.0,0,8675.0,8,351600,8790.0,大商所,2021
20210302,XDCE,EG,EG2111,20210301,21:04,5,0,5088.0,0,5088.0,3,152640,5088.0,大商所,2021
20210302,XDCE,L,L2107,20210301,21:01,5,0,8680.0,0,8680.0,54,2348850,8699.44,大商所,2021
20210302,XDCE,V,V2111,20210301,21:47,5,0,7875.0,0,7875.0,9,354125,7869.44,大商所,2021
20210303,XDCE,L,L2111,20210302,21:05,5,0,8555.0,0,8555.0,4,171100,8555.0,大商所,2021
20210303,XDCE,V,V2103,20210302,21:38,5,0,8560.0,0,8530.0,38,1620250,8527.63,大商所,2021
20210303,XDCE,Y,Y2112,20210302,21:01,5,0,7734.0,0,7734.0,2,154460,7723.0,大商所,2021
20210304,XDCE,CS,CS2111,20210303,21:01,5,0,3109.0,0,3108.0,15,466330,3108.87,大商所,2021
20210304,XDCE,L,L2106,20210303,21:01,5,0,8965.0,0,8950.0,344,15406125,8957.05,大商所,2021
20210304,XDCE,L,L2111,20210303,21:01,5,0,8705.0,0,8705.0,22,957300,8702.73,大商所,2021
20210304,XDCE,P,P2111,20210303,21:18,5,0,6606.0,0,6606.0,14,924340,6602.43,大商所,2021
20210304,XDCE,V,V2110,20210303,21:03,5,0,8235.0,0,8235.0,1,41175,8235.0,大商所,2021
20210304,XDCE,Y,Y2112,20210303,21:34,5,0,7700.0,0,7700.0,1,77000,7700.0,大商所,2021
20210305,XDCE,JM,JM2108,20210304,21:14,5,0,1452.0,0,1452.0,62,5388690,1448.57,大商所,2021
20210305,XDCE,L,L2111,20210304,21:11,5,0,8575.0,0,8570.0,48,2057000,8570.83,大商所,2021
20210305,XDCE,P,P2107,20210304,21:45,5,0,7088.0,0,7084.0,2,141720,7086.0,大商所,2021
20210305,XDCE,V,V2106,20210304,21:01,5,0,8315.0,0,8300.0,37,1536550,8305.68,大商所,2021
20210308,XDCE,EG,EG2106,20210305,21:01,5,0,5573.0,0,5573.0,5,278220,5564.4,大商所,2021
20210308,XDCE,EG,EG2111,20210305,21:04,5,0,5061.0,0,5061.0,1,50610,5061.0,大商所,2021
20210308,XDCE,J,J2106,20210305,21:01,5,0,2302.0,0,2300.0,12,2759550,2299.62,大商所,2021
20210308,XDCE,J,J2107,20210305,21:12,5,0,2278.5,0,2278.5,1,227850,2278.5,大商所,2021
20210308,XDCE,L,L2106,20210305,21:01,5,0,8880.0,0,8880.0,36,1596975,8872.08,大商所,2021
20210308,XDCE,L,L2111,20210305,21:16,5,0,8675.0,0,8675.0,1,43375,8675.0,大商所,2021
20210308,XDCE,P,P2111,20210305,21:04,5,0,6726.0,0,6726.0,4,268860,6721.5,大商所,2021
20210308,XDCE,V,V2110,20210305,21:01,5,0,8210.0,0,8200.0,17,696250,8191.18,大商所,2021
20210309,XDCE,B,B2109,20210308,21:06,5,0,4239.0,0,4239.0,3,127170,4239.0,大商所,2021
20210309,XDCE,EB,EB2107,20210308,21:01,5,0,8716.0,0,8703.0,17,739880,8704.47,大商所,2021
20210309,XDCE,EG,EG2111,20210308,21:19,5,0,5091.0,0,5091.0,5,254580,5091.6,大商所,2021
20210309,XDCE,L,L2106,20210308,21:01,5,0,9090.0,0,9090.0,7,318650,9104.29,大商所,2021
20210309,XDCE,L,L2111,20210308,21:14,5,0,8845.0,0,8845.0,34,1503025,8841.32,大商所,2021
20210309,XDCE,L,L2112,20210308,21:15,5,0,8795.0,0,8795.0,1,43975,8795.0,大商所,2021
20210309,XDCE,P,P2111,20210308,21:03,5,0,6922.0,0,6922.0,1,69220,6922.0,大商所,2021
20210309,XDCE,PG,PG2109,20210308,21:25,5,0,3878.0,0,3878.0,10,779360,3896.8,大商所,2021
20210309,XDCE,PP,PP2111,20210308,21:20,5,0,8988.0,0,8988.0,7,314525,8986.43,大商所,2021
20210309,XDCE,Y,Y2112,20210308,21:01,5,0,8076.0,0,8076.0,7,565320,8076.0,大商所,2021
20210309,XDCE,Y,Y2201,20210308,21:01,5,0,7978.0,0,7978.0,4,320380,8009.5,大商所,2021
20210310,XDCE,C,C2201,20210309,21:01,5,0,2673.0,0,2671.0,63,1682850,2671.19,大商所,2021
20210310,XDCE,EB,EB2107,20210309,21:01,5,0,8355.0,0,8355.0,3,125175,8345.0,大商所,2021
20210310,XDCE,J,J2107,20210309,21:05,5,0,2219.5,0,2219.0,9,2002050,2224.5,大商所,2021
20210310,XDCE,L,L2107,20210310,09:05,5,0,8845.0,0,8845.0,4,176900,8845.0,大商所,2021
20210310,XDCE,P,P2111,20210309,21:03,5,0,6882.0,0,6882.0,1,68820,6882.0,大商所,2021
20210310,XDCE,Y,Y2112,20210309,21:01,5,0,8108.0,0,8108.0,3,243280,8109.33,大商所,2021
20210311,XDCE,EG,EG2110,20210310,21:02,5,0,5008.0,0,5008.0,14,700400,5002.86,大商所,2021
20210311,XDCE,EG,EG2111,20210310,21:03,5,0,5009.0,0,5009.0,2,100180,5009.0,大商所,2021
20210311,XDCE,L,L2106,20210310,21:01,5,0,8815.0,0,8815.0,40,1756675,8783.38,大商所,2021
20210311,XDCE,L,L2111,20210310,21:08,5,0,8665.0,0,8665.0,28,1213100,8665.0,大商所,2021
20210311,XDCE,P,P2110,20210310,21:01,5,0,6962.0,0,6944.0,11,765460,6958.73,大商所,2021
20210311,XDCE,PP,PP2111,20210310,21:04,5,0,8699.0,0,8699.0,1,43495,8699.0,大商所,2021
20210311,XDCE,V,V2111,20210310,21:22,5,0,8235.0,0,8235.0,6,246950,8231.67,大商所,2021
20210311,XDCE,Y,Y2112,20210310,21:11,5,0,8050.0,0,8050.0,23,1851500,8050.0,大商所,2021
20210311,XDCE,Y,Y2201,20210310,21:01,5,0,8022.0,0,8014.0,15,1206980,8046.53,大商所,2021
20210312,XDCE,EG,EG2111,20210311,21:03,5,0,4951.0,0,4951.0,17,843210,4960.06,大商所,2021
20210312,XDCE,L,L2106,20210311,21:01,5,0,8950.0,0,8915.0,69,3083125,8936.59,大商所,2021
20210312,XDCE,L,L2111,20210311,21:13,5,0,8740.0,0,8740.0,40,1748000,8740.0,大商所,2021
20210312,XDCE,P,P2111,20210311,21:04,5,0,7020.0,0,7020.0,1,70200,7020.0,大商所,2021
20210312,XDCE,PG,PG2109,20210311,21:56,5,0,3904.0,0,3904.0,1,78080,3904.0,大商所,2021
20210312,XDCE,PP,PP2111,20210311,21:19,5,0,8802.0,0,8802.0,1,44010,8802.0,大商所,2021
20210312,XDCE,V,V2107,20210311,21:44,5,0,8720.0,0,8720.0,2,87200,8720.0,大商所,2021
20210315,XDCE,EB,EB2107,20210312,21:03,5,0,8397.0,0,8397.0,2,83985,8398.5,大商所,2021
20210315,XDCE,EG,EG2110,20210312,21:02,5,0,4992.0,0,4992.0,7,349120,4987.43,大商所,2021
20210315,XDCE,EG,EG2111,20210312,21:18,5,0,5001.0,0,5001.0,1,50010,5001.0,大商所,2021
20210315,XDCE,J,J2108,20210315,09:26,5,0,2165.5,0,2165.5,10,2165500,2165.5,大商所,2021
20210315,XDCE,L,L2107,20210315,09:36,5,0,8970.0,0,8970.0,2,89700,8970.0,大商所,2021
20210315,XDCE,P,P2111,20210312,21:01,5,0,7084.0,0,7084.0,8,566520,7081.5,大商所,2021
20210315,XDCE,PP,PP2111,20210312,21:03,5,0,8914.0,0,8914.0,4,178280,8914.0,大商所,2021
20210315,XDCE,PP,PP2112,20210312,21:07,5,0,8907.0,0,8907.0,2,89060,8906.0,大商所,2021
20210315,XDCE,V,V2111,20210312,21:16,5,0,8545.0,0,8545.0,31,1323975,8541.77,大商所,2021
20210316,XDCE,EG,EG2110,20210315,21:01,5,0,4888.0,0,4877.0,41,1993490,4862.17,大商所,2021
20210316,XDCE,PP,PP2111,20210315,21:15,5,0,8918.0,0,8918.0,8,356725,8918.12,大商所,2021
20210317,XDCE,EG,EG2111,20210316,21:06,5,0,4891.0,0,4891.0,1,48910,4891.0,大商所,2021
20210317,XDCE,P,P2111,20210316,21:01,5,0,6962.0,0,6952.0,13,912000,7015.39,大商所,2021
20210317,XDCE,PG,PG2106,20210316,21:01,5,0,3904.0,0,3892.0,61,4748280,3892.03,大商所,2021
20210317,XDCE,Y,Y2112,20210316,21:01,5,0,8230.0,0,8230.0,8,660600,8257.5,大商所,2021
20210318,XDCE,B,B2109,20210317,21:06,5,0,4108.0,0,4108.0,11,449480,4086.18,大商所,2021
20210318,XDCE,L,L2107,20210318,13:31,5,0,8765.0,0,8760.0,5,218900,8756.0,大商所,2021
20210318,XDCE,M,M2108,20210317,21:01,5,0,3343.0,0,3340.0,37,1235600,3339.46,大商所,2021
20210318,XDCE,PP,PP2112,20210317,21:07,5,0,8801.0,0,8801.0,6,264030,8801.0,大商所,2021
20210318,XDCE,Y,Y2112,20210317,21:13,5,0,8214.0,0,8214.0,12,985560,8213.0,大商所,2021
20210319,XDCE,EG,EG2111,20210318,21:15,5,0,4936.0,0,4936.0,2,98720,4936.0,大商所,2021
20210319,XDCE,L,L2106,20210318,21:01,5,0,8755.0,0,8755.0,34,1490750,8769.12,大商所,2021
20210319,XDCE,L,L2107,20210318,21:03,5,0,8710.0,0,8710.0,1,43550,8710.0,大商所,2021
20210319,XDCE,P,P2111,20210318,21:04,5,0,6808.0,0,6808.0,2,136160,6808.0,大商所,2021
20210319,XDCE,PP,PP2112,20210318,21:24,5,0,8731.0,0,8731.0,13,567430,8729.69,大商所,2021
20210319,XDCE,V,V2106,20210318,21:01,5,0,8805.0,0,8800.0,6,265625,8854.17,大商所,2021
20210319,XDCE,V,V2112,20210318,21:24,5,0,8410.0,0,8410.0,1,42050,8410.0,大商所,2021
20210319,XDCE,Y,Y2112,20210318,21:08,5,0,8022.0,0,8022.0,1,80220,8022.0,大商所,2021
20210322,XDCE,C,C2201,20210319,21:01,5,0,2642.0,0,2637.0,26,685970,2638.35,大商所,2021
20210322,XDCE,L,L2106,20210319,21:02,5,0,8650.0,0,8650.0,3,129675,8645.0,大商所,2021
20210322,XDCE,L,L2107,20210322,13:31,5,0,8630.0,0,8630.0,5,215750,8630.0,大商所,2021
20210322,XDCE,V,V2106,20210319,21:01,5,0,8745.0,0,8745.0,6,260800,8693.33,大商所,2021
20210322,XDCE,V,V2107,20210319,21:02,5,0,8695.0,0,8695.0,1,43475,8695.0,大商所,2021
20210322,XDCE,V,V2111,20210319,21:39,5,0,8395.0,0,8395.0,1,41975,8395.0,大商所,2021
20210323,XDCE,JM,JM2108,20210322,21:14,5,0,1519.0,0,1518.5,47,4282320,1518.55,大商所,2021
20210323,XDCE,Y,Y2112,20210322,21:04,5,0,8030.0,0,8030.0,1,80300,8030.0,大商所,2021
20210324,XDCE,CS,CS2111,20210323,21:01,5,0,3167.0,0,3167.0,5,158370,3167.4,大商所,2021
20210324,XDCE,EG,EG2111,20210323,21:08,5,0,4849.0,0,4849.0,13,630370,4849.0,大商所,2021
20210324,XDCE,J,J2108,20210323,21:13,5,0,2162.5,0,2162.5,3,648750,2162.5,大商所,2021
20210324,XDCE,L,L2111,20210323,21:01,5,0,8360.0,0,8360.0,10,419350,8387.0,大商所,2021
20210324,XDCE,P,P2111,20210323,21:01,5,0,7046.0,0,7036.0,8,564660,7058.25,大商所,2021
20210325,XDCE,EB,EB2108,20210324,21:06,5,0,7979.0,0,7972.0,4,159515,7975.75,大商所,2021
20210325,XDCE,EG,EG2104,20210325,09:52,5,0,5060.0,0,5060.0,22,1115600,5070.91,大商所,2021
20210325,XDCE,EG,EG2107,20210324,21:14,5,0,4997.0,0,4997.0,4,199880,4997.0,大商所,2021
20210325,XDCE,EG,EG2111,20210324,21:01,5,0,4942.0,0,4936.0,5,246610,4932.2,大商所,2021
20210325,XDCE,EG,EG2112,20210324,21:01,5,0,4956.0,0,4944.0,5,247380,4947.6,大商所,2021
20210325,XDCE,JM,JM2107,20210324,21:01,5,0,1554.5,0,1554.0,6,559500,1554.17,大商所,2021
20210325,XDCE,L,L2111,20210324,21:01,5,0,8430.0,0,8430.0,2,84250,8425.0,大商所,2021
20210325,XDCE,PG,PG2109,20210324,22:13,5,0,3807.0,0,3807.0,1,76140,3807.0,大商所,2021
20210326,XDCE,EG,EG2106,20210325,21:01,5,0,4911.0,0,4911.0,10,489570,4895.7,大商所,2021
20210326,XDCE,EG,EG2107,20210326,10:02,5,0,4867.0,0,4867.0,13,632070,4862.08,大商所,2021
20210326,XDCE,EG,EG2111,20210325,21:07,5,0,4838.0,0,4823.0,12,579780,4831.5,大商所,2021
20210326,XDCE,I,I2107,20210325,21:23,5,0,967.5,0,967.5,5,483750,967.5,大商所,2021
20210326,XDCE,JM,JM2107,20210325,21:05,5,0,1559.0,0,1559.0,4,374520,1560.5,大商所,2021
20210326,XDCE,L,L2107,20210325,21:17,5,0,8465.0,0,8465.0,11,466575,8483.18,大商所,2021
20210326,XDCE,L,L2111,20210325,21:06,5,0,8375.0,0,8375.0,2,83750,8375.0,大商所,2021
20210326,XDCE,P,P2111,20210325,21:01,5,0,6958.0,0,6958.0,8,562800,7035.0,大商所,2021
20210326,XDCE,V,V2106,20210325,21:02,5,0,8580.0,0,8570.0,3,128625,8575.0,大商所,2021
20210326,XDCE,V,V2107,20210325,21:40,5,0,8620.0,0,8620.0,2,86200,8620.0,大商所,2021
20210326,XDCE,Y,Y2112,20210325,21:04,5,0,8162.0,0,8160.0,4,326420,8160.5,大商所,2021
20210329,XDCE,C,C2201,20210326,21:01,5,0,2647.0,0,2647.0,5,132320,2646.4,大商所,2021
20210329,XDCE,EG,EG2111,20210326,21:54,5,0,4923.0,0,4921.0,16,787520,4922.0,大商所,2021
20210329,XDCE,J,J2107,20210326,21:07,5,0,2232.0,0,2232.0,5,1115600,2231.2,大商所,2021
20210329,XDCE,P,P2111,20210326,21:02,5,0,6734.0,0,6728.0,4,269180,6729.5,大商所,2021
20210329,XDCE,Y,Y2112,20210326,21:06,5,0,7922.0,0,7914.0,10,791720,7917.2,大商所,2021
20210330,XDCE,CS,CS2111,20210329,21:01,5,0,3068.0,0,3068.0,3,92070,3069.0,大商所,2021
20210330,XDCE,EG,EG2111,20210329,21:21,5,0,4820.0,0,4820.0,3,144600,4820.0,大商所,2021
20210330,XDCE,EG,EG2112,20210329,21:14,5,0,4839.0,0,4839.0,1,48390,4839.0,大商所,2021
20210330,XDCE,P,P2111,20210329,21:01,5,0,6704.0,0,6704.0,26,1739820,6691.61,大商所,2021
20210330,XDCE,PP,PP2112,20210329,21:03,5,0,8426.0,0,8426.0,1,42130,8426.0,大商所,2021
20210330,XDCE,Y,Y2112,20210329,21:06,5,0,7870.0,0,7862.0,20,1572520,7862.6,大商所,2021
20210331,XDCE,EG,EG2106,20210330,21:02,5,0,4890.0,0,4890.0,6,293700,4895.0,大商所,2021
20210331,XDCE,EG,EG2111,20210330,22:24,5,0,4918.0,0,4918.0,2,98320,4916.0,大商所,2021
20210331,XDCE,EG,EG2112,20210330,21:20,5,0,4859.0,0,4859.0,19,923210,4859.0,大商所,2021
20210331,XDCE,I,I2112,20210330,21:12,5,0,913.0,0,913.0,1,91300,913.0,大商所,2021
20210331,XDCE,L,L2111,20210330,21:01,5,0,8410.0,0,8395.0,18,756225,8402.5,大商所,2021
20210331,XDCE,P,P2111,20210330,21:01,5,0,6488.0,0,6488.0,15,980600,6537.33,大商所,2021
20210331,XDCE,V,V2107,20210330,21:19,5,0,8585.0,0,8585.0,2,85850,8585.0,大商所,2021
20210331,XDCE,Y,Y2112,20210330,21:01,5,0,7658.0,0,7658.0,20,1537320,7686.6,大商所,2021
20210331,XDCE,Y,Y2201,20210330,21:01,5,0,7654.0,0,7654.0,34,2608780,7672.88,大商所,2021
20210401,XDCE,B,B2109,20210331,21:01,5,0,4009.0,0,4004.0,10,400650,4006.5,大商所,2021
20210401,XDCE,L,L2112,20210331,21:07,5,0,8335.0,0,8335.0,1,41675,8335.0,大商所,2021
20210402,XDCE,JM,JM2108,20210401,21:04,5,0,1639.0,0,1637.5,2,196590,1638.25,大商所,2021
20210402,XDCE,RR,RR2107,20210401,21:01,5,0,3592.0,0,3592.0,4,143760,3594.0,大商所,2021
20210402,XDCE,V,V2106,20210401,21:03,5,0,8710.0,0,8710.0,24,1043825,8698.54,大商所,2021
20210406,XDCE,EG,EG2112,20210406,09:02,5,0,4970.0,0,4970.0,18,894600,4970.0,大商所,2021
20210406,XDCE,J,J2108,20210406,09:42,5,0,2417.5,0,2417.5,114,27488150,2411.24,大商所,2021
20210406,XDCE,RR,RR2107,20210406,09:01,5,0,3602.0,0,3602.0,34,1221260,3591.94,大商所,2021
20210407,XDCE,J,J2107,20210407,09:13,5,0,2355.0,0,2355.0,4,941700,2354.25,大商所,2021
20210407,XDCE,J,J2108,20210407,09:07,5,0,2376.0,0,2376.0,1,237600,2376.0,大商所,2021
20210407,XDCE,JM,JM2107,20210406,21:07,5,0,1625.5,0,1625.5,2,195060,1625.5,大商所,2021
20210407,XDCE,PG,PG2107,20210406,21:01,5,0,3700.0,0,3700.0,16,1182440,3695.12,大商所,2021
20210407,XDCE,V,V2107,20210406,21:15,5,0,8845.0,0,8845.0,1,44225,8845.0,大商所,2021
20210408,XDCE,I,I2107,20210407,21:06,5,0,1067.5,0,1067.5,1,106750,1067.5,大商所,2021
20210408,XDCE,JM,JM2108,20210407,21:20,5,0,1636.5,0,1636.5,5,490950,1636.5,大商所,2021
20210408,XDCE,M,M2108,20210407,21:01,5,0,3537.0,0,3529.0,6,212110,3535.17,大商所,2021
20210408,XDCE,PG,PG2107,20210407,21:02,5,0,3701.0,0,3701.0,12,887860,3699.42,大商所,2021
20210409,XDCE,I,I2107,20210408,21:11,5,0,1058.5,0,1058.5,5,528950,1057.9,大商所,2021
20210409,XDCE,P,P2107,20210409,09:05,5,0,7300.0,0,7300.0,1,73000,7300.0,大商所,2021
20210409,XDCE,Y,Y2107,20210408,21:01,5,0,8340.0,0,8338.0,29,2417260,8335.38,大商所,2021
20210412,XDCE,EB,EB2108,20210409,21:01,5,0,8260.0,0,8259.0,14,576005,8228.64,大商所,2021
20210412,XDCE,EG,EG2112,20210409,21:04,5,0,4843.0,0,4843.0,2,96860,4843.0,大商所,2021
20210412,XDCE,I,I2107,20210409,21:09,5,0,1053.0,0,1053.0,1,105300,1053.0,大商所,2021
20210412,XDCE,PG,PG2107,20210409,21:01,5,0,3662.0,0,3652.0,17,1242720,3655.06,大商所,2021
20210412,XDCE,Y,Y2201,20210409,21:01,5,0,7818.0,0,7818.0,26,2035220,7827.77,大商所,2021
20210413,XDCE,EG,EG2112,20210412,21:09,5,0,4769.0,0,4769.0,9,429240,4769.33,大商所,2021
20210413,XDCE,I,I2107,20210412,21:08,5,0,1070.0,0,1070.0,1,107000,1070.0,大商所,2021
20210413,XDCE,JM,JM2106,20210412,21:01,5,0,1596.5,0,1593.0,17,1625580,1593.71,大商所,2021
20210413,XDCE,PP,PP2112,20210412,21:01,5,0,8320.0,0,8320.0,3,124620,8308.0,大商所,2021
20210413,XDCE,V,V2112,20210412,21:13,5,0,8240.0,0,8240.0,8,329600,8240.0,大商所,2021
20210414,XDCE,EG,EG2106,20210413,21:06,5,0,4859.0,0,4848.0,5,242630,4852.6,大商所,2021
20210414,XDCE,J,J2108,20210413,22:04,5,0,2418.0,0,2418.0,1,241800,2418.0,大商所,2021
20210414,XDCE,PP,PP2104,20210413,22:42,5,0,8603.0,0,8603.0,1,43015,8603.0,大商所,2021
20210414,XDCE,PP,PP2111,20210413,21:02,5,0,8297.0,0,8297.0,12,497840,8297.33,大商所,2021
20210415,XDCE,EG,EG2112,20210414,21:05,5,0,4801.0,0,4801.0,3,144030,4801.0,大商所,2021
20210415,XDCE,I,I2112,20210415,09:02,5,0,949.5,0,949.5,32,3036750,948.984,大商所,2021
20210416,XDCE,EG,EG2111,20210415,21:02,5,0,4878.0,0,4878.0,5,243900,4878.0,大商所,2021
20210416,XDCE,EG,EG2112,20210415,21:01,5,0,4900.0,0,4900.0,30,1474480,4914.93,大商所,2021
20210419,XDCE,EB,EB2108,20210416,21:01,5,0,8593.0,0,8576.0,15,642650,8568.67,大商所,2021
20210419,XDCE,EG,EG2106,20210416,21:12,5,0,4967.0,0,4967.0,4,198680,4967.0,大商所,2021
20210419,XDCE,EG,EG2112,20210416,21:08,5,0,4937.0,0,4937.0,18,888450,4935.83,大商所,2021
20210420,XDCE,B,B2108,20210419,21:01,5,0,4196.0,0,4195.0,24,1007000,4195.83,大商所,2021
20210420,XDCE,EG,EG2112,20210419,21:03,5,0,4840.0,0,4840.0,1,48400,4840.0,大商所,2021
20210420,XDCE,PP,PP2112,20210419,21:01,5,0,8424.0,0,8424.0,25,1053015,8424.12,大商所,2021
20210420,XDCE,Y,Y2107,20210419,21:01,5,0,8474.0,0,8474.0,5,423880,8477.6,大商所,2021
20210421,XDCE,PP,PP2112,20210420,21:01,5,0,8436.0,0,8436.0,56,2361675,8434.55,大商所,2021
20210422,XDCE,J,J2107,20210422,11:13,5,0,2559.5,0,2559.5,1,255950,2559.5,大商所,2021
20210422,XDCE,PP,PP2112,20210421,21:01,5,0,8201.0,0,8201.0,42,1723335,8206.36,大商所,2021
20210422,XDCE,V,V2111,20210421,21:01,5,0,8520.0,0,8520.0,5,212925,8517.0,大商所,2021
20210423,XDCE,I,I2108,20210422,21:59,5,0,1137.5,0,1137.5,1,113750,1137.5,大商所,2021
20210423,XDCE,J,J2107,20210423,13:51,5,0,2560.5,0,2557.0,4,1023150,2557.88,大商所,2021
20210423,XDCE,J,J2108,20210422,21:55,5,0,2598.0,0,2598.0,1,259800,2598.0,大商所,2021
20210423,XDCE,PP,PP2112,20210422,21:13,5,0,8262.0,0,8256.0,24,991315,8260.96,大商所,2021
20210426,XDCE,J,J2110,20210423,21:01,5,0,2591.0,0,2588.0,24,6205850,2585.77,大商所,2021
20210427,XDCE,CS,CS2111,20210426,21:01,5,0,3252.0,0,3252.0,56,1817680,3245.86,大商所,2021
20210427,XDCE,EG,EG2112,20210426,21:10,5,0,4626.0,0,4626.0,6,277470,4624.5,大商所,2021
20210427,XDCE,PP,PP2112,20210426,21:08,5,0,8316.0,0,8315.0,29,1205555,8314.17,大商所,2021
20210428,XDCE,C,C2201,20210427,21:01,5,0,2713.0,0,2713.0,173,4695170,2713.97,大商所,2021
20210428,XDCE,EG,EG2108,20210428,09:44,5,0,4672.0,0,4672.0,1,46720,4672.0,大商所,2021
20210428,XDCE,EG,EG2112,20210427,21:02,5,0,4689.0,0,4689.0,1,46890,4689.0,大商所,2021
20210428,XDCE,I,I2107,20210427,21:16,5,0,1216.0,0,1216.0,2,243200,1216.0,大商所,2021
20210429,XDCE,EG,EG2107,20210429,09:57,5,0,4712.0,0,4712.0,1,47120,4712.0,大商所,2021
20210429,XDCE,EG,EG2111,20210428,21:04,5,0,4717.0,0,4717.0,1,47170,4717.0,大商所,2021
20210429,XDCE,EG,EG2112,20210428,21:01,5,0,4730.0,0,4730.0,34,1609140,4732.77,大商所,2021
20210429,XDCE,PP,PP2112,20210428,21:02,5,0,8448.0,0,8448.0,12,506880,8448.0,大商所,2021
20210430,XDCE,EG,EG2112,20210429,21:02,5,0,4779.0,0,4779.0,57,2723130,4777.42,大商所,2021
20210430,XDCE,J,J2112,20210429,21:13,5,0,2679.5,0,2679.5,17,4555150,2679.5,大商所,2021
20210430,XDCE,PP,PP2112,20210429,21:02,5,0,8529.0,0,8529.0,22,938290,8529.91,大商所,2021
20210506,XDCE,EG,EG2112,20210506,09:10,5,0,4813.0,0,4813.0,1,48130,4813.0,大商所,2021
20210506,XDCE,J,J2110,20210506,09:01,5,0,2755.5,0,2678.0,580,156254350,2694.04,大商所,2021
20210507,XDCE,EG,EG2112,20210506,21:01,5,0,4906.0,0,4906.0,17,832790,4898.77,大商所,2021
20210507,XDCE,J,J2112,20210506,21:34,5,0,2753.0,0,2753.0,14,3854200,2753.0,大商所,2021
20210507,XDCE,JM,JM2201,20210506,21:01,5,0,1916.5,0,1910.5,4,459270,1913.62,大商所,2021
20210507,XDCE,M,M2108,20210506,21:01,5,0,3673.0,0,3669.0,169,6202880,3670.34,大商所,2021
20210507,XDCE,V,V2112,20210506,21:04,5,0,8945.0,0,8945.0,1,44725,8945.0,大商所,2021
20210510,XDCE,B,B2109,20210507,21:01,5,0,4464.0,0,4464.0,2,89360,4468.0,大商所,2021
20210510,XDCE,EG,EG2112,20210507,21:08,5,0,4954.0,0,4954.0,3,148600,4953.33,大商所,2021
20210510,XDCE,JM,JM2108,20210507,21:03,5,0,1902.0,0,1898.0,9,1026000,1900.0,大商所,2021
20210510,XDCE,PP,PP2112,20210507,21:03,5,0,8735.0,0,8735.0,5,218340,8733.6,大商所,2021
20210510,XDCE,RR,RR2108,20210507,21:01,5,0,3649.0,0,3649.0,2,72980,3649.0,大商所,2021
20210510,XDCE,V,V2201,20210507,21:01,5,0,8950.0,0,8925.0,7,312775,8936.43,大商所,2021
20210511,XDCE,EG,EG2112,20210510,21:01,5,0,5120.0,0,5120.0,8,408760,5109.5,大商所,2021
20210511,XDCE,J,J2112,20210510,21:07,5,0,2882.0,0,2882.0,1,288200,2882.0,大商所,2021
20210511,XDCE,M,M2105,20210510,21:37,5,0,3550.0,0,3550.0,5,177500,3550.0,大商所,2021
20210511,XDCE,PP,PP2112,20210510,21:18,5,0,8655.0,0,8653.0,6,259640,8654.67,大商所,2021
20210511,XDCE,PP,PP2201,20210510,21:01,5,0,8695.0,0,8688.0,44,1911080,8686.73,大商所,2021
20210511,XDCE,Y,Y2105,20210511,10:01,5,0,9050.0,0,9050.0,20,1810000,9050.0,大商所,2021
20210512,XDCE,B,B2201,20210511,21:36,5,0,4450.0,0,4450.0,1,44500,4450.0,大商所,2021
20210512,XDCE,B,B2203,20210511,22:49,5,0,4437.0,0,4437.0,5,221900,4438.0,大商所,2021
20210512,XDCE,EG,EG2112,20210511,21:05,5,0,5031.0,0,5031.0,3,150870,5029.0,大商所,2021
20210512,XDCE,J,J2112,20210511,21:01,5,0,2802.5,0,2802.5,5,1415000,2830.0,大商所,2021
20210512,XDCE,V,V2112,20210511,21:09,5,0,9005.0,0,9000.0,7,315025,9000.71,大商所,2021
20210513,XDCE,EG,EG2112,20210512,21:01,5,0,5262.0,0,5247.0,17,897290,5278.18,大商所,2021
20210513,XDCE,PP,PP2112,20210512,21:01,5,0,8856.0,0,8846.0,10,442910,8858.2,大商所,2021
20210514,XDCE,B,B2203,20210514,13:32,5,0,4306.0,0,4306.0,3,129350,4311.67,大商所,2021
20210514,XDCE,EG,EG2112,20210513,21:08,5,0,5077.0,0,5077.0,3,152310,5077.0,大商所,2021
20210514,XDCE,JM,JM2106,20210513,21:03,5,0,1846.0,0,1846.0,1,110760,1846.0,大商所,2021
20210514,XDCE,JM,JM2201,20210513,21:01,5,0,1968.0,0,1968.0,2,236760,1973.0,大商所,2021
20210514,XDCE,PG,PG2108,20210513,21:01,5,0,4054.0,0,4030.0,15,1210560,4035.2,大商所,2021
20210514,XDCE,PP,PP2112,20210513,21:22,5,0,8762.0,0,8762.0,2,87620,8762.0,大商所,2021
20210517,XDCE,EG,EG2112,20210514,21:07,5,0,5001.0,0,5001.0,2,100020,5001.0,大商所,2021
20210517,XDCE,I,I2105,20210517,10:47,5,0,1268.0,0,1268.0,1,126800,1268.0,大商所,2021
20210517,XDCE,J,J2112,20210514,21:14,5,0,2666.5,0,2661.0,12,3195200,2662.67,大商所,2021
20210518,XDCE,EG,EG2105,20210518,14:56,5,0,4962.0,0,4962.0,5,248100,4962.0,大商所,2021
20210518,XDCE,EG,EG2112,20210517,21:07,5,0,4942.0,0,4942.0,5,247020,4940.4,大商所,2021
20210518,XDCE,EG,EG2201,20210517,21:07,5,0,4976.0,0,4976.0,35,1741680,4976.23,大商所,2021
20210518,XDCE,PP,PP2112,20210517,21:02,5,0,8635.0,0,8635.0,1,43175,8635.0,大商所,2021
20210518,XDCE,V,V2110,20210517,21:01,5,0,9045.0,0,9045.0,142,6409275,9027.15,大商所,2021
20210519,XDCE,EB,EB2105,20210519,09:39,5,0,10180.0,0,10180.0,10,509000,10180.0,大商所,2021
20210519,XDCE,EG,EG2201,20210518,21:01,5,0,5053.0,0,5052.0,19,960170,5053.53,大商所,2021
20210519,XDCE,J,J2201,20210518,21:01,5,0,2673.5,0,2673.5,14,3732450,2666.04,大商所,2021
20210519,XDCE,PP,PP2112,20210518,21:07,5,0,8668.0,0,8666.0,57,2469675,8665.53,大商所,2021
20210520,XDCE,CS,CS2111,20210519,21:01,5,0,3199.0,0,3198.0,117,3742030,3198.32,大商所,2021
20210520,XDCE,EG,EG2105,20210520,14:05,5,0,4850.0,0,4850.0,10,485000,4850.0,大商所,2021
20210520,XDCE,PP,PP2112,20210519,21:02,5,0,8493.0,0,8493.0,2,84930,8493.0,大商所,2021
20210521,XDCE,EG,EG2112,20210520,21:02,5,0,4954.0,0,4954.0,5,247700,4954.0,大商所,2021
20210521,XDCE,JM,JM2108,20210520,21:02,5,0,1761.5,0,1761.5,21,2216190,1758.88,大商所,2021
20210521,XDCE,PG,PG2108,20210520,21:01,5,0,4076.0,0,4075.0,7,569680,4069.14,大商所,2021
20210521,XDCE,PP,PP2112,20210520,21:02,5,0,8378.0,0,8378.0,1,41890,8378.0,大商所,2021
20210521,XDCE,RR,RR2107,20210520,21:01,5,0,3579.0,0,3571.0,58,2073230,3574.53,大商所,2021
20210521,XDCE,RR,RR2108,20210520,21:01,5,0,3605.0,0,3601.0,31,1116610,3601.97,大商所,2021
20210524,XDCE,CS,CS2111,20210521,21:01,5,0,3174.0,0,3173.0,42,1332410,3172.41,大商所,2021
20210524,XDCE,EG,EG2112,20210521,21:05,5,0,4980.0,0,4980.0,2,99600,4980.0,大商所,2021
20210524,XDCE,PP,PP2112,20210521,21:02,5,0,8327.0,0,8327.0,2,83240,8324.0,大商所,2021
20210525,XDCE,EG,EG2108,20210524,21:23,5,0,4800.0,0,4800.0,20,960000,4800.0,大商所,2021
20210525,XDCE,L,L2112,20210524,21:01,5,0,7755.0,0,7755.0,7,271425,7755.0,大商所,2021
20210525,XDCE,PG,PG2109,20210524,21:02,5,0,4166.0,0,4166.0,10,832520,4162.6,大商所,2021
20210525,XDCE,PP,PP2108,20210525,13:54,5,0,8341.0,0,8341.0,1,41705,8341.0,大商所,2021
20210525,XDCE,V,V2112,20210524,21:02,5,0,8415.0,0,8415.0,38,1598775,8414.6,大商所,2021
20210526,XDCE,EG,EG2112,20210525,21:20,5,0,4892.0,0,4892.0,22,1076030,4891.05,大商所,2021
20210526,XDCE,L,L2110,20210525,21:01,5,0,7800.0,0,7795.0,84,3271825,7790.06,大商所,2021
20210526,XDCE,P,P2110,20210525,21:01,5,0,7476.0,0,7466.0,330,24636080,7465.48,大商所,2021
20210526,XDCE,PG,PG2109,20210525,21:01,5,0,4148.0,0,4134.0,12,995280,4147.0,大商所,2021
20210526,XDCE,PP,PP2112,20210525,21:12,5,0,8299.0,0,8299.0,12,497940,8299.0,大商所,2021
20210527,XDCE,B,B2201,20210526,21:22,5,0,4180.0,0,4180.0,1,41800,4180.0,大商所,2021
20210527,XDCE,EG,EG2107,20210527,09:09,5,0,4901.0,0,4901.0,1,49010,4901.0,大商所,2021
20210527,XDCE,EG,EG2112,20210526,21:03,5,0,4996.0,0,4995.0,8,399770,4997.12,大商所,2021
20210527,XDCE,J,J2112,20210526,21:04,5,0,2288.5,0,2288.5,1,228850,2288.5,大商所,2021
20210528,XDCE,B,B2201,20210527,21:06,5,0,4183.0,0,4183.0,2,83790,4189.5,大商所,2021
20210528,XDCE,B,B2203,20210527,21:05,5,0,4137.0,0,4137.0,1,41370,4137.0,大商所,2021
20210528,XDCE,EG,EG2110,20210527,21:01,5,0,4890.0,0,4866.0,84,4096850,4877.2,大商所,2021
20210528,XDCE,EG,EG2201,20210527,21:02,5,0,4920.0,0,4912.0,4,196640,4916.0,大商所,2021
20210528,XDCE,PP,PP2112,20210527,21:09,5,0,8274.0,0,8271.0,125,5169400,8271.04,大商所,2021
20210531,XDCE,EG,EG2112,20210528,21:07,5,0,4982.0,0,4982.0,1,49820,4982.0,大商所,2021
20210531,XDCE,J,J2112,20210528,21:12,5,0,2395.0,0,2395.0,1,239500,2395.0,大商所,2021
20210531,XDCE,PG,PG2109,20210528,21:01,5,0,4350.0,0,4327.0,32,2774620,4335.34,大商所,2021
20210531,XDCE,Y,Y2107,20210528,21:10,5,0,8990.0,0,8990.0,5,452020,9040.4,大商所,2021
20210601,XDCE,EB,EB2201,20210531,21:04,5,0,8183.0,0,8143.0,2,81630,8163.0,大商所,2021
20210601,XDCE,EG,EG2112,20210531,21:04,5,0,5041.0,0,5041.0,1,50410,5041.0,大商所,2021
20210601,XDCE,J,J2112,20210531,21:18,5,0,2435.0,0,2435.0,2,487000,2435.0,大商所,2021
20210601,XDCE,PP,PP2112,20210531,21:02,5,0,8261.0,0,8261.0,3,123915,8261.0,大商所,2021
20210602,XDCE,J,J2112,20210601,21:12,5,0,2513.0,0,2507.0,14,3514800,2510.57,大商所,2021
20210602,XDCE,PG,PG2109,20210601,21:01,5,0,4473.0,0,4460.0,41,3659240,4462.49,大商所,2021
20210602,XDCE,V,V2112,20210601,21:09,5,0,8615.0,0,8615.0,1,43075,8615.0,大商所,2021
20210603,XDCE,PG,PG2110,20210602,21:01,5,0,4383.0,0,4383.0,2,176080,4402.0,大商所,2021
20210603,XDCE,V,V2106,20210603,14:21,5,0,9280.0,0,9280.0,2,92800,9280.0,大商所,2021
20210604,XDCE,A,A2201,20210603,21:01,5,0,5942.0,0,5933.0,16,949340,5933.38,大商所,2021
20210604,XDCE,EB,EB2201,20210603,21:20,5,0,8356.0,0,8356.0,1,41780,8356.0,大商所,2021
20210604,XDCE,J,J2112,20210603,21:04,5,0,2602.0,0,2602.0,2,520400,2602.0,大商所,2021
20210604,XDCE,M,M2108,20210603,21:02,5,0,3597.0,0,3596.0,21,755090,3595.67,大商所,2021
20210604,XDCE,PP,PP2108,20210603,22:07,5,0,8355.0,0,8355.0,1,41775,8355.0,大商所,2021
20210604,XDCE,PP,PP2112,20210603,21:09,5,0,8290.0,0,8289.0,13,538510,8284.77,大商所,2021
20210604,XDCE,V,V2112,20210603,21:08,5,0,8505.0,0,8505.0,14,595350,8505.0,大商所,2021
20210607,XDCE,PG,PG2109,20210604,21:01,5,0,4388.0,0,4385.0,36,3155280,4382.33,大商所,2021
20210607,XDCE,PP,PP2112,20210604,21:02,5,0,8224.0,0,8224.0,1,41120,8224.0,大商所,2021
20210607,XDCE,V,V2112,20210604,21:02,5,0,8510.0,0,8510.0,2,85100,8510.0,大商所,2021
20210608,XDCE,PG,PG2110,20210607,21:01,5,0,4341.0,0,4341.0,3,260340,4339.0,大商所,2021
20210609,XDCE,A,A2201,20210608,21:01,5,0,5879.0,0,5866.0,96,5635270,5870.07,大商所,2021
20210609,XDCE,M,M2112,20210608,21:12,5,0,3624.0,0,3624.0,6,217440,3624.0,大商所,2021
20210610,XDCE,B,B2201,20210609,21:58,5,0,4277.0,0,4277.0,1,42770,4277.0,大商所,2021
20210610,XDCE,EB,EB2201,20210609,21:11,5,0,7965.0,0,7965.0,2,79820,7982.0,大商所,2021
20210610,XDCE,EG,EG2112,20210609,21:10,5,0,4792.0,0,4792.0,5,239600,4792.0,大商所,2021
20210610,XDCE,M,M2108,20210609,21:01,5,0,3611.0,0,3611.0,10,361160,3611.6,大商所,2021
20210611,XDCE,EG,EG2112,20210610,21:08,5,0,4816.0,0,4812.0,30,1443410,4811.37,大商所,2021
20210611,XDCE,P,P2111,20210610,21:01,5,0,7554.0,0,7554.0,13,987780,7598.31,大商所,2021
20210611,XDCE,PP,PP2112,20210610,21:02,5,0,8117.0,0,8117.0,1,40585,8117.0,大商所,2021
20210615,XDCE,EG,EG2112,20210615,09:06,5,0,4888.0,0,4888.0,3,146640,4888.0,大商所,2021
20210615,XDCE,PP,PP2112,20210615,09:01,5,0,8210.0,0,8210.0,23,942985,8199.87,大商所,2021
20210616,XDCE,EB,EB2110,20210615,21:01,5,0,8198.0,0,8198.0,4,163950,8197.5,大商所,2021
20210616,XDCE,EG,EG2112,20210615,21:04,5,0,4846.0,0,4846.0,1,48460,4846.0,大商所,2021
20210616,XDCE,PG,PG2110,20210615,21:03,5,0,4535.0,0,4535.0,4,362800,4535.0,大商所,2021
20210616,XDCE,PP,PP2112,20210615,21:10,5,0,8171.0,0,8170.0,23,939560,8170.09,大商所,2021
20210616,XDCE,V,V2112,20210615,21:04,5,0,8540.0,0,8540.0,2,85400,8540.0,大商所,2021
20210617,XDCE,EB,EB2110,20210616,21:01,5,0,8235.0,0,8228.0,7,288190,8234.0,大商所,2021
20210617,XDCE,EG,EG2112,20210616,21:06,5,0,4893.0,0,4893.0,2,97860,4893.0,大商所,2021
20210617,XDCE,EG,EG2201,20210616,21:03,5,0,4923.0,0,4923.0,2,98500,4925.0,大商所,2021
20210617,XDCE,J,J2112,20210616,21:04,5,0,2576.5,0,2576.5,2,515300,2576.5,大商所,2021
20210617,XDCE,JM,JM2110,20210616,21:01,5,0,1928.0,0,1928.0,6,692940,1924.83,大商所,2021
20210617,XDCE,PP,PP2112,20210616,21:07,5,0,8186.0,0,8186.0,10,409300,8186.0,大商所,2021
20210617,XDCE,V,V2112,20210616,21:11,5,0,8425.0,0,8425.0,6,252750,8425.0,大商所,2021
20210617,XDCE,Y,Y2107,20210616,21:22,5,0,8514.0,0,8514.0,5,425560,8511.2,大商所,2021
20210618,XDCE,EG,EG2112,20210617,21:01,5,0,4910.0,0,4910.0,6,295350,4922.5,大商所,2021
20210618,XDCE,EG,EG2201,20210617,21:02,5,0,4925.0,0,4925.0,6,296750,4945.83,大商所,2021
20210618,XDCE,J,J2112,20210617,21:13,5,0,2667.0,0,2667.0,3,800100,2667.0,大商所,2021
20210618,XDCE,L,L2112,20210617,21:03,5,0,7705.0,0,7705.0,17,654600,7701.18,大商所,2021
20210618,XDCE,PG,PG2110,20210617,21:09,5,0,4504.0,0,4504.0,4,360200,4502.5,大商所,2021
20210618,XDCE,PP,PP2112,20210617,21:02,5,0,8176.0,0,8176.0,4,163635,8181.75,大商所,2021
20210621,XDCE,EB,EB2110,20210618,21:04,5,0,8101.0,0,8101.0,11,445735,8104.27,大商所,2021
20210621,XDCE,EG,EG2112,20210618,21:04,5,0,4819.0,0,4819.0,2,96380,4819.0,大商所,2021
20210621,XDCE,I,I2110,20210618,21:02,5,0,1174.5,0,1174.5,1,117450,1174.5,大商所,2021
20210621,XDCE,PG,PG2110,20210618,21:08,5,0,4478.0,0,4472.0,2,179000,4475.0,大商所,2021
20210622,XDCE,B,B2110,20210621,21:02,5,0,4019.0,0,4012.0,29,1164300,4014.83,大商所,2021
20210622,XDCE,EG,EG2112,20210621,21:05,5,0,4734.0,0,4734.0,1,47340,4734.0,大商所,2021
20210622,XDCE,J,J2112,20210621,21:01,5,0,2515.0,0,2515.0,2,503500,2517.5,大商所,2021
20210622,XDCE,PP,PP2112,20210621,21:10,5,0,8206.0,0,8203.0,49,2009890,8203.63,大商所,2021
20210623,XDCE,EG,EG2112,20210622,21:05,5,0,4849.0,0,4849.0,1,48490,4849.0,大商所,2021
20210624,XDCE,EG,EG2112,20210623,21:01,5,0,4961.0,0,4961.0,7,347390,4962.71,大商所,2021
20210624,XDCE,M,M2112,20210623,21:03,5,0,3405.0,0,3405.0,15,510640,3404.27,大商所,2021
20210624,XDCE,V,V2112,20210623,21:04,5,0,8290.0,0,8290.0,1,41450,8290.0,大商所,2021
20210625,XDCE,EG,EG2112,20210624,21:09,5,0,4979.0,0,4979.0,17,846070,4976.88,大商所,2021
20210625,XDCE,V,V2112,20210624,21:01,5,0,8130.0,0,8130.0,15,612550,8167.33,大商所,2021
20210628,XDCE,EB,EB2201,20210625,21:29,5,0,8416.0,0,8416.0,2,84160,8416.0,大商所,2021
20210628,XDCE,EG,EG2110,20210625,21:01,5,0,5023.0,0,5011.0,135,6767910,5013.27,大商所,2021
20210628,XDCE,EG,EG2112,20210625,21:04,5,0,5044.0,0,5041.0,2,100850,5042.5,大商所,2021
20210628,XDCE,I,I2110,20210625,21:03,5,0,1150.0,0,1150.0,1,115000,1150.0,大商所,2021
20210628,XDCE,V,V2108,20210628,14:43,5,0,8770.0,0,8770.0,1,43850,8770.0,大商所,2021
20210628,XDCE,V,V2112,20210625,21:18,5,0,8275.0,0,8260.0,18,744500,8272.22,大商所,2021
20210629,XDCE,PP,PP2112,20210628,21:05,5,0,8540.0,0,8540.0,1,42700,8540.0,大商所,2021
20210629,XDCE,V,V2108,20210629,14:00,5,0,8750.0,0,8735.0,4,175025,8751.25,大商所,2021
20210629,XDCE,V,V2110,20210628,21:01,5,0,8570.0,0,8550.0,161,6899175,8570.4,大商所,2021
20210629,XDCE,V,V2112,20210628,21:10,5,0,8400.0,0,8400.0,1,42000,8400.0,大商所,2021
20210630,XDCE,EG,EG2112,20210629,21:11,5,0,4997.0,0,4997.0,4,199820,4995.5,大商所,2021
20210630,XDCE,J,J2112,20210629,21:04,5,0,2537.5,0,2537.5,2,507350,2536.75,大商所,2021
20210630,XDCE,L,L2112,20210629,21:04,5,0,8150.0,0,8150.0,1,40750,8150.0,大商所,2021
20210701,XDCE,J,J2112,20210630,21:26,5,0,2538.5,0,2538.5,2,507700,2538.5,大商所,2021
20210701,XDCE,M,M2107,20210630,22:21,5,0,3424.0,0,3424.0,66,2267840,3436.12,大商所,2021
20210701,XDCE,V,V2112,20210630,21:04,5,0,8380.0,0,8380.0,1,41900,8380.0,大商所,2021
20210702,XDCE,B,B2201,20210701,21:02,5,0,4284.0,0,4284.0,2,85680,4284.0,大商所,2021
20210702,XDCE,L,L2112,20210701,21:02,5,0,8220.0,0,8220.0,402,16502200,8210.05,大商所,2021
20210705,XDCE,EB,EB2107,20210705,10:10,5,0,9700.0,0,9700.0,200,9700000,9700.0,大商所,2021
20210705,XDCE,EG,EG2112,20210702,21:01,5,0,5125.0,0,5125.0,4,205540,5138.5,大商所,2021
20210705,XDCE,J,J2112,20210702,21:03,5,0,2524.5,0,2523.5,13,3282250,2524.81,大商所,2021
20210705,XDCE,JD,JD2111,20210705,09:01,5,0,4450.0,0,4447.0,10,444620,4446.2,大商所,2021
20210706,XDCE,PG,PG2110,20210705,21:01,5,0,5000.0,0,4975.0,10,996860,4984.3,大商所,2021
20210706,XDCE,PP,PP2205,20210706,09:01,5,0,8486.0,0,8486.0,2,84855,8485.5,大商所,2021
20210706,XDCE,V,V2112,20210705,21:10,5,0,8590.0,0,8540.0,22,940150,8546.82,大商所,2021
20210707,XDCE,B,B2201,20210706,21:31,5,0,4280.0,0,4280.0,1,42800,4280.0,大商所,2021
20210707,XDCE,EB,EB2110,20210706,21:01,5,0,8761.0,0,8734.0,99,4331855,8751.22,大商所,2021
20210707,XDCE,EG,EG2112,20210706,21:02,5,0,5150.0,0,5150.0,14,721000,5150.0,大商所,2021
20210707,XDCE,V,V2112,20210706,21:08,5,0,8565.0,0,8565.0,21,899325,8565.0,大商所,2021
20210708,XDCE,EG,EG2112,20210707,21:01,5,0,5059.0,0,5059.0,6,304220,5070.33,大商所,2021
20210708,XDCE,I,I2110,20210707,21:01,5,0,1213.0,0,1213.0,5,606000,1212.0,大商所,2021
20210708,XDCE,I,I2111,20210707,21:02,5,0,1172.5,0,1171.0,2,234350,1171.75,大商所,2021
20210708,XDCE,J,J2112,20210707,21:01,5,0,2535.0,0,2530.5,11,2785200,2532.0,大商所,2021
20210708,XDCE,PG,PG2107,20210708,09:44,5,0,4840.0,0,4840.0,1,96800,4840.0,大商所,2021
20210708,XDCE,V,V2112,20210707,21:14,5,0,8470.0,0,8470.0,27,1143000,8466.67,大商所,2021
20210708,XDCE,V,V2201,20210707,21:01,5,0,8415.0,0,8415.0,45,1891400,8406.22,大商所,2021
20210709,XDCE,EB,EB2110,20210708,21:01,5,0,8786.0,0,8746.0,116,5083900,8765.34,大商所,2021
20210709,XDCE,I,I2111,20210708,21:04,5,0,1107.0,0,1107.0,1,110700,1107.0,大商所,2021
20210709,XDCE,JD,JD2111,20210709,09:01,5,0,4460.0,0,4460.0,8,356800,4460.0,大商所,2021
20210709,XDCE,P,P2111,20210708,21:01,5,0,7324.0,0,7324.0,15,1099780,7331.87,大商所,2021
20210712,XDCE,EG,EG2112,20210709,21:01,5,0,5059.0,0,5052.0,50,2526470,5052.94,大商所,2021
20210712,XDCE,EG,EG2201,20210709,21:01,5,0,5062.0,0,5062.0,34,1721070,5061.97,大商所,2021
20210712,XDCE,J,J2112,20210709,21:07,5,0,2435.0,0,2435.0,7,1704000,2434.29,大商所,2021
20210712,XDCE,L,L2112,20210709,21:02,5,0,8245.0,0,8245.0,1,41225,8245.0,大商所,2021
20210712,XDCE,PG,PG2110,20210709,21:02,5,0,4894.0,0,4894.0,4,391440,4893.0,大商所,2021
20210712,XDCE,V,V2112,20210709,21:06,5,0,8680.0,0,8680.0,1,43400,8680.0,大商所,2021
20210713,XDCE,EG,EG2112,20210712,21:05,5,0,5045.0,0,5045.0,1,50450,5045.0,大商所,2021
20210713,XDCE,I,I2112,20210712,21:01,5,0,1088.5,0,1088.5,6,653100,1088.5,大商所,2021
20210713,XDCE,I,I2202,20210712,21:01,5,0,1031.0,0,1030.5,192,19803800,1031.45,大商所,2021
20210713,XDCE,L,L2108,20210713,09:45,5,0,8300.0,0,8300.0,1,41500,8300.0,大商所,2021
20210713,XDCE,M,M2112,20210712,21:01,5,0,3585.0,0,3585.0,17,609450,3585.0,大商所,2021
20210713,XDCE,PG,PG2110,20210712,21:01,5,0,4850.0,0,4850.0,13,1258320,4839.69,大商所,2021
20210713,XDCE,V,V2112,20210712,21:08,5,0,8700.0,0,8700.0,35,1521800,8696.0,大商所,2021
20210714,XDCE,B,B2111,20210713,21:01,5,0,4401.0,0,4401.0,6,263860,4397.67,大商所,2021
20210714,XDCE,J,J2112,20210713,21:03,5,0,2438.0,0,2438.0,6,1463050,2438.42,大商所,2021
20210714,XDCE,PG,PG2110,20210713,21:05,5,0,4907.0,0,4906.0,6,588760,4906.33,大商所,2021
20210714,XDCE,V,V2108,20210714,13:32,5,0,8930.0,0,8930.0,1,44650,8930.0,大商所,2021
20210714,XDCE,V,V2112,20210713,21:07,5,0,8705.0,0,8705.0,1,43525,8705.0,大商所,2021
20210715,XDCE,B,B2111,20210714,21:04,5,0,4436.0,0,4436.0,2,88700,4435.0,大商所,2021
20210715,XDCE,J,J2112,20210714,21:01,5,0,2457.5,0,2456.5,14,3443600,2459.71,大商所,2021
20210715,XDCE,M,M2112,20210714,21:01,5,0,3632.0,0,3629.0,5,181540,3630.8,大商所,2021
20210715,XDCE,V,V2112,20210714,21:06,5,0,8800.0,0,8800.0,8,352000,8800.0,大商所,2021
20210716,XDCE,B,B2110,20210715,21:01,5,0,4475.0,0,4475.0,10,446980,4469.8,大商所,2021
20210716,XDCE,J,J2112,20210715,21:04,5,0,2546.0,0,2546.0,4,1018400,2546.0,大商所,2021
20210716,XDCE,JD,JD2111,20210716,09:02,5,0,4486.0,0,4486.0,1,44860,4486.0,大商所,2021
20210719,XDCE,EG,EG2112,20210716,21:08,5,0,5238.0,0,5238.0,1,52380,5238.0,大商所,2021
20210719,XDCE,I,I2202,20210716,21:01,5,0,1112.0,0,1111.5,20,2221650,1110.83,大商所,2021
20210719,XDCE,J,J2112,20210716,21:04,5,0,2616.0,0,2616.0,1,261600,2616.0,大商所,2021
20210719,XDCE,L,L2112,20210716,21:03,5,0,8350.0,0,8350.0,2,83500,8350.0,大商所,2021
20210719,XDCE,M,M2112,20210716,21:01,5,0,3682.0,0,3681.0,38,1398340,3679.84,大商所,2021
20210719,XDCE,P,P2111,20210716,21:01,5,0,7858.0,0,7858.0,40,3147120,7867.8,大商所,2021
20210719,XDCE,V,V2112,20210716,21:01,5,0,9115.0,0,9115.0,9,408825,9085.0,大商所,2021
20210720,XDCE,L,L2112,20210719,21:02,5,0,8340.0,0,8325.0,2,83325,8332.5,大商所,2021
20210720,XDCE,V,V2112,20210719,21:09,5,0,9090.0,0,9090.0,12,545200,9086.67,大商所,2021
20210721,XDCE,EB,EB2201,20210720,21:01,5,0,8455.0,0,8455.0,3,126725,8448.33,大商所,2021
20210721,XDCE,I,I2110,20210720,21:01,5,0,1208.5,0,1208.5,3,363450,1211.5,大商所,2021
20210721,XDCE,I,I2111,20210720,21:02,5,0,1190.0,0,1190.0,6,713650,1189.42,大商所,2021
20210721,XDCE,PP,PP2205,20210720,21:29,5,0,8459.0,0,8459.0,1,42295,8459.0,大商所,2021
20210721,XDCE,V,V2112,20210720,21:08,5,0,9055.0,0,9055.0,5,226275,9051.0,大商所,2021
20210723,XDCE,EG,EG2112,20210722,21:02,5,0,5301.0,0,5301.0,1,53010,5301.0,大商所,2021
20210723,XDCE,I,I2112,20210722,21:02,5,0,1052.0,0,1051.5,28,2943800,1051.36,大商所,2021
20210726,XDCE,EG,EG2112,20210723,21:01,5,0,5270.0,0,5270.0,17,896050,5270.88,大商所,2021
20210726,XDCE,I,I2111,20210723,21:05,5,0,1079.5,0,1079.5,1,107950,1079.5,大商所,2021
20210726,XDCE,J,J2112,20210723,21:06,5,0,2703.5,0,2703.5,3,811250,2704.17,大商所,2021
20210726,XDCE,L,L2110,20210723,21:01,5,0,8325.0,0,8325.0,13,540650,8317.69,大商所,2021
20210726,XDCE,PP,PP2205,20210723,21:36,5,0,8460.0,0,8460.0,2,84600,8460.0,大商所,2021
20210726,XDCE,V,V2112,20210723,21:06,5,0,9080.0,0,9065.0,101,4580825,9070.94,大商所,2021
20210727,XDCE,EG,EG2112,20210726,21:02,5,0,5305.0,0,5285.0,2,105900,5295.0,大商所,2021
20210727,XDCE,I,I2110,20210726,21:01,5,0,1113.0,0,1113.0,3,333750,1112.5,大商所,2021
20210727,XDCE,I,I2111,20210726,21:02,5,0,1069.5,0,1069.5,2,214000,1070.0,大商所,2021
20210727,XDCE,I,I2112,20210726,21:01,5,0,1046.0,0,1046.0,3,313600,1045.33,大商所,2021
20210727,XDCE,PP,PP2112,20210726,21:01,5,0,8447.0,0,8446.0,16,675605,8445.06,大商所,2021
20210728,XDCE,M,M2112,20210727,21:01,5,0,3578.0,0,3578.0,69,2464930,3572.36,大商所,2021
20210729,XDCE,EG,EG2112,20210728,21:01,5,0,5262.0,0,5262.0,11,577360,5248.73,大商所,2021
20210729,XDCE,PP,PP2112,20210728,21:01,5,0,8443.0,0,8437.0,21,886245,8440.43,大商所,2021
20210802,XDCE,B,B2111,20210730,21:01,5,0,4414.0,0,4414.0,12,531380,4428.17,大商所,2021
20210803,XDCE,PG,PG2108,20210802,21:18,5,0,5122.0,0,5122.0,39,4003020,5132.08,大商所,2021
20210803,XDCE,PG,PG2111,20210802,21:01,5,0,5047.0,0,5047.0,5,504220,5042.2,大商所,2021
20210804,XDCE,I,I2111,20210803,21:01,5,0,1011.5,0,1011.5,5,505200,1010.4,大商所,2021
20210806,XDCE,B,B2112,20210805,21:01,5,0,4333.0,0,4333.0,9,389910,4332.33,大商所,2021
20210806,XDCE,EB,EB2111,20210805,21:01,5,0,8461.0,0,8396.0,49,2062950,8420.2,大商所,2021
20210806,XDCE,PG,PG2111,20210805,21:02,5,0,4864.0,0,4864.0,2,194560,4864.0,大商所,2021
20210809,XDCE,M,M2112,20210806,21:06,5,0,3569.0,0,3569.0,17,607030,3570.76,大商所,2021
20210809,XDCE,PP,PP2112,20210806,21:01,5,0,8337.0,0,8335.0,63,2622280,8324.7,大商所,2021
20210810,XDCE,PG,PG2111,20210809,21:01,5,0,4876.0,0,4870.0,18,1751920,4866.44,大商所,2021
20210812,XDCE,CS,CS2205,20210811,21:16,5,0,2985.0,0,2985.0,1,29850,2985.0,大商所,2021
20210813,XDCE,B,B2201,20210812,21:01,5,0,4343.0,0,4343.0,3,130420,4347.33,大商所,2021
20210813,XDCE,EB,EB2111,20210812,21:01,5,0,8626.0,0,8623.0,41,1767310,8621.02,大商所,2021
20210813,XDCE,JD,JD2111,20210813,09:01,5,0,4317.0,0,4312.0,134,5779410,4312.99,大商所,2021
20210813,XDCE,PG,PG2111,20210812,21:02,5,0,5160.0,0,5148.0,53,5459920,5150.87,大商所,2021
20210813,XDCE,PP,PP2205,20210812,21:01,5,0,8428.0,0,8428.0,4,168590,8429.5,大商所,2021
20210816,XDCE,I,I2206,20210813,21:01,5,0,779.0,0,779.0,3,233600,778.667,大商所,2021
20210817,XDCE,B,B2111,20210816,21:01,5,0,4531.0,0,4530.0,31,1403580,4527.68,大商所,2021
20210818,XDCE,B,B2112,20210817,21:01,5,0,4510.0,0,4510.0,2,90220,4511.0,大商所,2021
20210819,XDCE,EG,EG2112,20210818,21:01,5,0,5063.0,0,5063.0,29,1467140,5059.1,大商所,2021
20210823,XDCE,B,B2201,20210820,21:06,5,0,4356.0,0,4356.0,4,174240,4356.0,大商所,2021
20210823,XDCE,L,L2111,20210820,21:04,5,0,8150.0,0,8130.0,5,203525,8141.0,大商所,2021
20210823,XDCE,RR,RR2111,20210820,21:01,5,0,3532.0,0,3532.0,14,494440,3531.71,大商所,2021
20210824,XDCE,RR,RR2110,20210823,21:01,5,0,3508.0,0,3507.0,11,385720,3506.55,大商所,2021
20210824,XDCE,RR,RR2111,20210823,21:01,5,0,3536.0,0,3536.0,2,70730,3536.5,大商所,2021
20210825,XDCE,B,B2201,20210824,21:01,5,0,4344.0,0,4344.0,2,86940,4347.0,大商所,2021
20210825,XDCE,L,L2112,20210824,21:01,5,0,8295.0,0,8295.0,22,911925,8290.23,大商所,2021
20210827,XDCE,B,B2112,20210826,21:04,5,0,4429.0,0,4428.0,21,929790,4427.57,大商所,2021
20210901,XDCE,A,A2205,20210831,21:01,5,0,5803.0,0,5803.0,13,753800,5798.46,大商所,2021
20210901,XDCE,L,L2205,20210831,21:01,5,0,7970.0,0,7960.0,9,358875,7975.0,大商所,2021
20210902,XDCE,C,C2203,20210901,21:01,5,0,2490.0,0,2490.0,367,9128160,2487.24,大商所,2021
20210902,XDCE,I,I2112,20210901,21:03,5,0,795.0,0,795.0,3,238500,795.0,大商所,2021
20210902,XDCE,M,M2109,20210901,21:10,5,0,3694.0,0,3694.0,20,738500,3692.5,大商所,2021
20210906,XDCE,EB,EB2112,20210903,21:01,5,0,8765.0,0,8724.0,84,3670235,8738.66,大商所,2021
20210906,XDCE,EG,EG2112,20210903,21:01,5,0,5221.0,0,5212.0,56,2921640,5217.21,大商所,2021
20210906,XDCE,L,L2205,20210903,21:02,5,0,8275.0,0,8270.0,44,1820400,8274.55,大商所,2021
20210906,XDCE,PP,PP2111,20210903,21:01,5,0,8456.0,0,8438.0,140,5912465,8446.38,大商所,2021
20210908,XDCE,CS,CS2203,20210907,21:01,5,0,2832.0,0,2827.0,44,1244740,2828.95,大商所,2021
20210909,XDCE,PG,PG2205,20210908,21:27,5,0,5086.0,0,5086.0,1,101720,5086.0,大商所,2021
20210909,XDCE,V,V2112,20210908,21:01,5,0,9980.0,0,9960.0,35,1744800,9970.29,大商所,2021
20210910,XDCE,A,A2205,20210909,21:01,5,0,5896.0,0,5883.0,6,353470,5891.17,大商所,2021
20210910,XDCE,B,B2201,20210909,21:01,5,0,4360.0,0,4360.0,3,130730,4357.67,大商所,2021
20210910,XDCE,I,I2204,20210909,21:01,5,0,702.5,0,698.5,39,2727700,699.41,大商所,2021
20210913,XDCE,CS,CS2203,20210910,21:01,5,0,2819.0,0,2818.0,5,140910,2818.2,大商所,2021
20210913,XDCE,PG,PG2205,20210913,09:36,5,0,5200.0,0,5200.0,2,208000,5200.0,大商所,2021
20210914,XDCE,EG,EG2109,20210914,10:31,5,0,5540.0,0,5540.0,62,3434800,5540.0,大商所,2021
20210915,XDCE,EG,EG2112,20210914,21:01,5,0,5504.0,0,5497.0,41,2253130,5495.44,大商所,2021
20210916,XDCE,M,M2112,20210915,21:01,5,0,3696.0,0,3695.0,6,221710,3695.17,大商所,2021
20210922,XDCE,I,I2112,20210922,09:01,5,0,633.5,0,633.5,68,4273800,628.5,大商所,2021
20210922,XDCE,PP,PP2110,20210922,09:01,5,0,8947.0,0,8947.0,7,312285,8922.43,大商所,2021
20210924,XDCE,EB,EB2112,20210923,21:01,5,0,8980.0,0,8958.0,89,3993010,8973.06,大商所,2021
20210924,XDCE,I,I2112,20210923,21:01,5,0,680.5,0,674.0,26,1760350,677.058,大商所,2021
20210924,XDCE,I,I2202,20210923,21:01,5,0,666.5,0,662.5,77,5105950,663.11,大商所,2021
20210924,XDCE,L,L2205,20210923,21:01,5,0,8825.0,0,8805.0,123,5419550,8812.28,大商所,2021
20210927,XDCE,J,J2110,20210924,21:07,5,0,3987.0,0,3987.0,7,2786700,3981.0,大商所,2021
20210928,XDCE,CS,CS2205,20210927,21:01,5,0,2959.0,0,2947.0,31,915380,2952.84,大商所,2021
20210929,XDCE,A,A2205,20210928,21:05,5,0,5945.0,0,5945.0,1,59450,5945.0,大商所,2021
20210930,XDCE,A,A2205,20210929,21:01,5,0,5954.0,0,5954.0,2,119040,5952.0,大商所,2021
20210930,XDCE,B,B2201,20210929,21:02,5,0,4364.0,0,4364.0,13,567170,4362.85,大商所,2021
20210930,XDCE,EG,EG2112,20210929,21:01,5,0,6118.0,0,6103.0,17,1036410,6096.53,大商所,2021
20211008,XDCE,B,B2205,20211008,09:09,5,0,3980.0,0,3980.0,3,119400,3980.0,大商所,2021
20211008,XDCE,CS,CS2205,20211008,09:02,5,0,2990.0,0,2984.0,56,1670890,2983.73,大商所,2021
20211008,XDCE,EG,EG2110,20211008,13:40,5,0,6323.0,0,6323.0,1,63230,6323.0,大商所,2021
20211011,XDCE,EG,EG2203,20211008,21:01,5,0,6379.0,0,6379.0,5,317120,6342.4,大商所,2021
20211011,XDCE,PP,PP2203,20211008,21:01,5,0,9803.0,0,9803.0,34,1662285,9778.15,大商所,2021
20211011,XDCE,V,V2112,20211008,21:01,5,0,12735.0,0,12725.0,11,696175,12657.7,大商所,2021
20211012,XDCE,EG,EG2112,20211011,21:01,5,0,6935.0,0,6892.0,34,2346440,6901.29,大商所,2021
20211014,XDCE,EB,EB2205,20211013,21:22,5,0,9478.0,0,9478.0,1,47390,9478.0,大商所,2021
20211014,XDCE,EG,EG2203,20211013,21:02,5,0,6266.0,0,6264.0,4,250620,6265.5,大商所,2021
20211014,XDCE,V,V2203,20211013,21:01,5,0,11590.0,0,11590.0,23,1334450,11603.9,大商所,2021
20211018,XDCE,FB,FB2205,20211018,14:49,5,0,1464.0,0,1464.0,1,14640,1464.0,大商所,2021
20211018,XDCE,PP,PP2203,20211015,21:01,5,0,9597.0,0,9589.0,70,3349690,9570.54,大商所,2021
20211018,XDCE,PP,PP2204,20211015,21:01,5,0,9583.0,0,9530.0,91,4354115,9569.48,大商所,2021
20211018,XDCE,V,V2203,20211015,21:01,5,0,11160.0,0,11130.0,55,3058800,11122.9,大商所,2021
20211019,XDCE,CS,CS2205,20211018,21:01,5,0,3066.0,0,3059.0,11,336750,3061.36,大商所,2021
20211020,XDCE,B,B2205,20211019,21:09,5,0,3966.0,0,3966.0,1,39660,3966.0,大商所,2021
20211021,XDCE,EG,EG2203,20211020,21:01,5,0,6278.0,0,6271.0,18,1142650,6348.06,大商所,2021
20211021,XDCE,I,I2202,20211020,21:01,5,0,695.0,0,695.0,12,835500,696.25,大商所,2021
20211021,XDCE,PP,PP2204,20211020,21:02,5,0,9120.0,0,9120.0,3,136780,9118.67,大商所,2021
20211022,XDCE,EB,EB2202,20211021,21:02,5,0,9394.0,0,9393.0,4,187875,9393.75,大商所,2021
20211022,XDCE,EG,EG2112,20211021,21:01,5,0,6579.0,0,6574.0,180,11767620,6537.57,大商所,2021
20211022,XDCE,V,V2203,20211021,21:01,5,0,10095.0,0,10045.0,127,6323225,9957.83,大商所,2021
20211025,XDCE,B,B2205,20211022,21:02,5,0,3946.0,0,3946.0,4,158000,3950.0,大商所,2021
20211025,XDCE,P,P2203,20211022,21:01,5,0,9108.0,0,9072.0,100,9083000,9083.0,大商所,2021
20211025,XDCE,V,V2204,20211022,21:01,5,0,10055.0,0,9920.0,136,6789050,9983.9,大商所,2021
20211026,XDCE,P,P2202,20211025,21:01,5,0,9442.0,0,9418.0,394,37133000,9424.62,大商所,2021
20211027,XDCE,EG,EG2205,20211026,21:02,5,0,5872.0,0,5872.0,8,469560,5869.5,大商所,2021
20211027,XDCE,P,P2202,20211026,21:01,5,0,9496.0,0,9494.0,135,12812560,9490.78,大商所,2021
20211027,XDCE,P,P2203,20211026,21:01,5,0,9298.0,0,9296.0,41,3811260,9295.76,大商所,2021
20211028,XDCE,L,L2202,20211027,21:01,5,0,8735.0,0,8690.0,312,13587050,8709.65,大商所,2021
20211101,XDCE,EG,EG2204,20211029,21:18,5,0,5420.0,0,5420.0,3,162460,5415.33,大商所,2021
20211101,XDCE,PP,PP2204,20211029,21:01,5,0,8665.0,0,8665.0,42,1818670,8660.33,大商所,2021
20211101,XDCE,PP,PP2206,20211029,21:06,5,0,8703.0,0,8700.0,33,1435840,8702.06,大商所,2021
20211102,XDCE,EG,EG2203,20211101,21:01,5,0,5664.0,0,5658.0,15,847740,5651.6,大商所,2021
20211103,XDCE,EG,EG2111,20211103,14:31,5,0,5690.0,0,5690.0,1,56900,5690.0,大商所,2021
20211103,XDCE,L,L2111,20211102,22:38,5,0,8620.0,0,8620.0,2,86170,8617.0,大商所,2021
20211103,XDCE,L,L2203,20211102,21:01,5,0,8736.0,0,8733.0,18,784635,8718.17,大商所,2021
20211103,XDCE,L,L2204,20211102,21:01,5,0,8693.0,0,8693.0,12,521295,8688.25,大商所,2021
20211103,XDCE,PP,PP2206,20211102,21:02,5,0,8584.0,0,8584.0,1,42920,8584.0,大商所,2021
20211103,XDCE,V,V2204,20211102,21:01,5,0,8570.0,0,8570.0,26,1109775,8536.73,大商所,2021
20211104,XDCE,EG,EG2203,20211103,21:01,5,0,5560.0,0,5545.0,9,502550,5583.89,大商所,2021
20211104,XDCE,EG,EG2204,20211103,21:05,5,0,5476.0,0,5476.0,8,437760,5472.0,大商所,2021
20211104,XDCE,L,L2203,20211103,21:01,5,0,8870.0,0,8857.0,40,1771270,8856.35,大商所,2021
20211105,XDCE,CS,CS2209,20211104,21:15,5,0,3188.0,0,3188.0,7,223040,3186.29,大商所,2021
20211105,XDCE,EG,EG2203,20211104,21:01,5,0,5572.0,0,5572.0,36,1999150,5553.19,大商所,2021
20211105,XDCE,L,L2203,20211104,21:01,5,0,8786.0,0,8776.0,35,1534770,8770.11,大商所,2021
20211105,XDCE,PP,PP2206,20211104,21:01,5,0,8535.0,0,8535.0,7,297560,8501.71,大商所,2021
20211108,XDCE,EG,EG2203,20211105,21:02,5,0,5328.0,0,5328.0,1,53280,5328.0,大商所,2021
20211108,XDCE,EG,EG2204,20211105,21:02,5,0,5314.0,0,5314.0,5,265550,5311.0,大商所,2021
20211108,XDCE,L,L2203,20211105,21:01,5,0,8946.0,0,8928.0,69,3083840,8938.67,大商所,2021
20211108,XDCE,PG,PG2202,20211105,21:01,5,0,4727.0,0,4705.0,66,6221380,4713.17,大商所,2021
20211108,XDCE,PP,PP2203,20211105,21:01,5,0,8593.0,0,8580.0,27,1159625,8589.82,大商所,2021
20211108,XDCE,PP,PP2206,20211105,21:03,5,0,8536.0,0,8525.0,9,383980,8532.89,大商所,2021
20211109,XDCE,EB,EB2202,20211108,21:01,5,0,9015.0,0,8985.0,25,1124345,8994.76,大商所,2021
20211109,XDCE,EG,EG2203,20211108,21:01,5,0,5377.0,0,5377.0,11,591770,5379.73,大商所,2021
20211109,XDCE,EG,EG2204,20211108,21:05,5,0,5329.0,0,5319.0,5,266350,5327.0,大商所,2021
20211109,XDCE,I,I2204,20211108,21:01,5,0,568.5,0,567.5,15,855050,570.033,大商所,2021
20211109,XDCE,L,L2203,20211108,21:01,5,0,8884.0,0,8863.0,38,1686550,8876.58,大商所,2021
20211109,XDCE,P,P2203,20211108,21:01,5,0,8798.0,0,8784.0,14,1229260,8780.43,大商所,2021
20211109,XDCE,PP,PP2203,20211108,21:01,5,0,8521.0,0,8521.0,89,3792090,8521.55,大商所,2021
20211109,XDCE,PP,PP2204,20211108,21:01,5,0,8542.0,0,8528.0,51,2176765,8536.33,大商所,2021
20211109,XDCE,PP,PP2206,20211108,21:02,5,0,8494.0,0,8494.0,1,42470,8494.0,大商所,2021
20211109,XDCE,V,V2203,20211108,21:01,5,0,8300.0,0,8300.0,6,250630,8354.33,大商所,2021
20211109,XDCE,V,V2204,20211108,21:01,5,0,8335.0,0,8324.0,8,334070,8351.75,大商所,2021
20211110,XDCE,EG,EG2203,20211109,21:02,5,0,5275.0,0,5275.0,1,52750,5275.0,大商所,2021
20211110,XDCE,L,L2203,20211109,21:01,5,0,8877.0,0,8866.0,43,1905210,8861.44,大商所,2021
20211110,XDCE,P,P2203,20211109,21:01,5,0,8538.0,0,8534.0,47,4016500,8545.75,大商所,2021
20211110,XDCE,PP,PP2204,20211109,21:01,5,0,8561.0,0,8561.0,62,2652345,8555.95,大商所,2021
20211110,XDCE,PP,PP2206,20211109,21:02,5,0,8505.0,0,8505.0,4,170050,8502.5,大商所,2021
20211110,XDCE,PP,PP2209,20211109,21:09,5,0,8451.0,0,8451.0,2,84510,8451.0,大商所,2021
20211110,XDCE,V,V2112,20211109,21:02,5,0,9060.0,0,9050.0,10,453040,9060.8,大商所,2021
20211110,XDCE,V,V2202,20211109,21:01,5,0,8535.0,0,8529.0,135,5760120,8533.51,大商所,2021
20211110,XDCE,V,V2204,20211109,21:01,5,0,8514.0,0,8475.0,31,1315455,8486.81,大商所,2021
20211111,XDCE,L,L2204,20211110,21:01,5,0,8883.0,0,8883.0,13,576710,8872.46,大商所,2021
20211111,XDCE,PP,PP2206,20211110,21:05,5,0,8474.0,0,8474.0,1,42370,8474.0,大商所,2021
20211111,XDCE,V,V2204,20211110,21:01,5,0,8798.0,0,8792.0,20,876050,8760.5,大商所,2021
20211112,XDCE,EG,EG2203,20211111,21:01,5,0,5284.0,0,5282.0,23,1221490,5310.83,大商所,2021
20211112,XDCE,PP,PP2206,20211111,21:02,5,0,8551.0,0,8551.0,2,85455,8545.5,大商所,2021
20211112,XDCE,V,V2203,20211111,21:01,5,0,8890.0,0,8890.0,77,3422950,8890.78,大商所,2021
20211115,XDCE,B,B2205,20211112,21:06,5,0,3811.0,0,3811.0,2,76230,3811.5,大商所,2021
20211115,XDCE,EG,EG2203,20211112,21:01,5,0,5041.0,0,5039.0,16,806500,5040.62,大商所,2021
20211115,XDCE,L,L2204,20211112,21:01,5,0,8922.0,0,8894.0,12,535135,8918.92,大商所,2021
20211115,XDCE,PP,PP2203,20211112,21:01,5,0,8597.0,0,8584.0,57,2448695,8591.91,大商所,2021
20211115,XDCE,PP,PP2204,20211112,21:01,5,0,8592.0,0,8577.0,30,1286885,8579.23,大商所,2021
20211115,XDCE,V,V2203,20211112,21:01,5,0,8475.0,0,8475.0,28,1186920,8478.0,大商所,2021
20211115,XDCE,V,V2204,20211112,21:01,5,0,8511.0,0,8469.0,45,1908495,8482.2,大商所,2021
20211116,XDCE,EG,EG2112,20211115,22:22,5,0,5100.0,0,5100.0,3,153000,5100.0,大商所,2021
20211116,XDCE,EG,EG2204,20211115,21:02,5,0,5057.0,0,5057.0,12,606520,5054.33,大商所,2021
20211116,XDCE,P,P2202,20211115,21:01,5,0,9290.0,0,9276.0,185,17165960,9278.9,大商所,2021
20211116,XDCE,PP,PP2204,20211115,21:01,5,0,8336.0,0,8331.0,82,3421070,8344.07,大商所,2021
20211116,XDCE,PP,PP2206,20211115,21:01,5,0,8299.0,0,8299.0,5,207485,8299.4,大商所,2021
20211116,XDCE,V,V2203,20211115,21:01,5,0,8332.0,0,8305.0,40,1677560,8387.8,大商所,2021
20211116,XDCE,V,V2204,20211115,21:01,5,0,8314.0,0,8314.0,18,753025,8366.94,大商所,2021
20211117,XDCE,EB,EB2202,20211116,21:01,5,0,8496.0,0,8465.0,73,3094930,8479.26,大商所,2021
20211117,XDCE,EB,EB2203,20211116,21:02,5,0,8454.0,0,8454.0,1,42270,8454.0,大商所,2021
20211117,XDCE,EG,EG2204,20211116,21:01,5,0,5114.0,0,5092.0,38,1941490,5109.18,大商所,2021
20211117,XDCE,PP,PP2204,20211116,21:01,5,0,8262.0,0,8259.0,55,2271600,8260.36,大商所,2021
20211117,XDCE,V,V2112,20211116,21:50,5,0,8941.0,0,8941.0,2,89410,8941.0,大商所,2021
20211117,XDCE,V,V2204,20211116,21:01,5,0,8199.0,0,8182.0,49,2003570,8177.84,大商所,2021
20211118,XDCE,EB,EB2203,20211117,21:01,5,0,8215.0,0,8215.0,24,988810,8240.08,大商所,2021
20211118,XDCE,EG,EG2202,20211117,21:01,5,0,5099.0,0,5099.0,92,4675610,5082.19,大商所,2021
20211118,XDCE,L,L2204,20211117,21:01,5,0,8588.0,0,8587.0,55,2361275,8586.45,大商所,2021
20211118,XDCE,V,V2203,20211117,21:01,5,0,8154.0,0,8136.0,38,1546240,8138.1,大商所,2021
20211119,XDCE,EG,EG2204,20211118,21:06,5,0,4916.0,0,4916.0,8,393320,4916.5,大商所,2021
20211119,XDCE,L,L2202,20211118,21:01,5,0,8643.0,0,8637.0,153,6602855,8631.18,大商所,2021
20211119,XDCE,L,L2204,20211118,21:01,5,0,8576.0,0,8576.0,19,813570,8563.9,大商所,2021
20211119,XDCE,PP,PP2202,20211118,21:01,5,0,8315.0,0,8314.0,83,3445600,8302.65,大商所,2021
20211119,XDCE,PP,PP2206,20211118,21:01,5,0,8245.0,0,8245.0,7,288050,8230.0,大商所,2021
20211119,XDCE,V,V2112,20211118,22:29,5,0,9261.0,0,9261.0,1,46305,9261.0,大商所,2021
20211122,XDCE,EG,EG2203,20211119,21:01,5,0,4919.0,0,4919.0,68,3415020,5022.09,大商所,2021
20211122,XDCE,EG,EG2204,20211119,21:01,5,0,4921.0,0,4921.0,6,300660,5011.0,大商所,2021
20211123,XDCE,EG,EG2204,20211122,21:01,5,0,5114.0,0,5101.0,31,1580680,5098.97,大商所,2021
20211123,XDCE,L,L2112,20211122,21:08,5,0,8780.0,0,8780.0,3,131700,8780.0,大商所,2021
20211123,XDCE,L,L2203,20211122,21:01,5,0,8652.0,0,8645.0,58,2507100,8645.17,大商所,2021
20211123,XDCE,PP,PP2112,20211122,22:29,5,0,8190.0,0,8190.0,2,81900,8190.0,大商所,2021
20211123,XDCE,PP,PP2203,20211122,21:01,5,0,8226.0,0,8226.0,14,575545,8222.07,大商所,2021
20211123,XDCE,PP,PP2206,20211122,21:01,5,0,8170.0,0,8170.0,2,81675,8167.5,大商所,2021
20211124,XDCE,EG,EG2203,20211123,21:02,5,0,5148.0,0,5148.0,1,51480,5148.0,大商所,2021
20211124,XDCE,I,I2112,20211123,21:32,5,0,586.5,0,586.0,3,175900,586.333,大商所,2021
20211124,XDCE,I,I2204,20211123,21:01,5,0,593.5,0,593.5,10,593100,593.1,大商所,2021
20211124,XDCE,L,L2203,20211123,21:01,5,0,8849.0,0,8847.0,78,3446370,8836.85,大商所,2021
20211124,XDCE,L,L2204,20211123,21:01,5,0,8798.0,0,8798.0,46,2022945,8795.41,大商所,2021
20211124,XDCE,PG,PG2205,20211123,21:02,5,0,4548.0,0,4548.0,4,363220,4540.25,大商所,2021
20211124,XDCE,PP,PP2203,20211123,21:01,5,0,8274.0,0,8274.0,27,1115515,8263.07,大商所,2021
20211124,XDCE,PP,PP2206,20211123,21:02,5,0,8223.0,0,8215.0,2,82190,8219.0,大商所,2021
20211124,XDCE,V,V2203,20211123,21:01,5,0,8665.0,0,8660.0,11,476175,8657.73,大商所,2021
20211125,XDCE,EG,EG2203,20211124,21:01,5,0,5173.0,0,5173.0,18,931840,5176.89,大商所,2021
20211125,XDCE,L,L2203,20211124,21:01,5,0,8846.0,0,8842.0,48,2117110,8821.29,大商所,2021
20211125,XDCE,PP,PP2112,20211124,21:15,5,0,8401.0,0,8399.0,148,6209260,8390.89,大商所,2021
20211125,XDCE,PP,PP2204,20211124,21:01,5,0,8392.0,0,8375.0,70,2933845,8382.41,大商所,2021
20211125,XDCE,PP,PP2206,20211124,21:01,5,0,8325.0,0,8325.0,13,541380,8328.92,大商所,2021
20211125,XDCE,RR,RR2203,20211124,21:02,5,0,3474.0,0,3474.0,1,34740,3474.0,大商所,2021
20211125,XDCE,V,V2204,20211124,21:01,5,0,8890.0,0,8890.0,39,1726610,8854.41,大商所,2021
20211126,XDCE,EB,EB2203,20211125,21:01,5,0,8086.0,0,8083.0,29,1172160,8083.86,大商所,2021
20211126,XDCE,FB,FB2205,20211126,14:01,5,0,1371.0,0,1371.0,1,13710,1371.0,大商所,2021
20211126,XDCE,L,L2204,20211125,21:01,5,0,8800.0,0,8780.0,45,1977505,8788.91,大商所,2021
20211126,XDCE,PG,PG2205,20211125,21:09,5,0,4727.0,0,4727.0,2,189080,4727.0,大商所,2021
20211126,XDCE,PP,PP2204,20211125,21:01,5,0,8303.0,0,8289.0,80,3318925,8297.31,大商所,2021
20211126,XDCE,PP,PP2206,20211125,21:01,5,0,8255.0,0,8247.0,11,453725,8249.55,大商所,2021
20211129,XDCE,EG,EG2204,20211126,21:01,5,0,4892.0,0,4892.0,31,1516660,4892.45,大商所,2021
20211130,XDCE,EB,EB2205,20211129,21:13,5,0,7852.0,0,7852.0,2,78360,7836.0,大商所,2021
20211130,XDCE,EG,EG2203,20211129,21:02,5,0,4945.0,0,4945.0,1,49450,4945.0,大商所,2021
20211130,XDCE,L,L2203,20211129,21:01,5,0,8532.0,0,8524.0,44,1874390,8519.95,大商所,2021
20211130,XDCE,L,L2204,20211129,21:01,5,0,8514.0,0,8493.0,25,1062930,8503.44,大商所,2021
20211130,XDCE,V,V2203,20211129,21:01,5,0,8636.0,0,8621.0,28,1208245,8630.32,大商所,2021
20211130,XDCE,V,V2204,20211129,21:01,5,0,8640.0,0,8618.0,25,1078700,8629.6,大商所,2021
20211201,XDCE,L,L2203,20211130,21:01,5,0,8399.0,0,8399.0,16,670200,8377.5,大商所,2021
20211201,XDCE,PP,PP2203,20211130,21:01,5,0,8007.0,0,8005.0,60,2398400,7994.67,大商所,2021
20211201,XDCE,V,V2203,20211130,21:01,5,0,8496.0,0,8496.0,91,3845630,8451.93,大商所,2021
20211202,XDCE,EG,EG2203,20211201,21:02,5,0,5003.0,0,5003.0,3,150090,5003.0,大商所,2021
20211202,XDCE,EG,EG2204,20211201,21:02,5,0,5012.0,0,5007.0,8,400430,5005.38,大商所,2021
20211202,XDCE,PP,PP2112,20211202,14:58,5,0,8000.0,0,8000.0,7,280000,8000.0,大商所,2021
20211202,XDCE,PP,PP2206,20211201,21:01,5,0,8098.0,0,8098.0,7,283275,8093.57,大商所,2021
20211202,XDCE,V,V2203,20211201,21:01,5,0,8545.0,0,8545.0,49,2090515,8532.71,大商所,2021
20211202,XDCE,V,V2204,20211201,21:01,5,0,8543.0,0,8539.0,34,1450905,8534.74,大商所,2021
20211203,XDCE,PP,PP2206,20211202,21:01,5,0,7915.0,0,7915.0,13,514530,7915.85,大商所,2021
20211203,XDCE,V,V2203,20211202,21:01,5,0,8173.0,0,8139.0,34,1389180,8171.65,大商所,2021
20211206,XDCE,EG,EG2204,20211203,21:02,5,0,4825.0,0,4825.0,11,531210,4829.18,大商所,2021
20211206,XDCE,L,L2203,20211203,21:01,5,0,8400.0,0,8400.0,13,546365,8405.61,大商所,2021
20211206,XDCE,P,P2203,20211203,21:01,5,0,8918.0,0,8896.0,26,2316260,8908.69,大商所,2021
20211206,XDCE,PP,PP2206,20211203,21:01,5,0,7901.0,0,7894.0,28,1105880,7899.14,大商所,2021
20211207,XDCE,EG,EG2203,20211206,21:01,5,0,4803.0,0,4803.0,56,2686340,4797.04,大商所,2021
20211207,XDCE,L,L2203,20211206,21:01,5,0,8549.0,0,8546.0,5,213845,8553.8,大商所,2021
20211207,XDCE,L,L2204,20211206,21:01,5,0,8520.0,0,8518.0,33,1405280,8516.85,大商所,2021
20211207,XDCE,P,P2203,20211206,21:01,5,0,8944.0,0,8936.0,26,2322600,8933.08,大商所,2021
20211207,XDCE,V,V2203,20211206,21:01,5,0,8520.0,0,8517.0,52,2211635,8506.29,大商所,2021
20211207,XDCE,V,V2204,20211206,21:01,5,0,8511.0,0,8503.0,151,6417930,8500.57,大商所,2021
20211208,XDCE,EG,EG2203,20211207,21:01,5,0,4898.0,0,4887.0,20,979550,4897.75,大商所,2021
20211208,XDCE,JD,JD2206,20211208,09:04,5,0,4114.0,0,4114.0,1,41140,4114.0,大商所,2021
20211208,XDCE,P,P2203,20211207,21:01,5,0,9120.0,0,9096.0,66,6011640,9108.55,大商所,2021
20211209,XDCE,B,B2205,20211208,21:03,5,0,3824.0,0,3820.0,2,76440,3822.0,大商所,2021
20211209,XDCE,L,L2203,20211208,21:03,5,0,8403.0,0,8398.0,8,336020,8400.5,大商所,2021
20211209,XDCE,L,L2204,20211208,21:01,5,0,8363.0,0,8363.0,70,2924215,8354.9,大商所,2021
20211209,XDCE,PG,PG2112,20211209,14:33,5,0,4357.0,0,4357.0,1,87140,4357.0,大商所,2021
20211210,XDCE,EB,EB2204,20211209,21:03,5,0,7934.0,0,7934.0,2,79255,7925.5,大商所,2021
20211210,XDCE,L,L2203,20211209,21:03,5,0,8366.0,0,8366.0,20,836585,8365.85,大商所,2021
20211210,XDCE,L,L2204,20211209,21:01,5,0,8349.0,0,8348.0,26,1084890,8345.31,大商所,2021
20211213,XDCE,EG,EG2203,20211210,21:01,5,0,4811.0,0,4809.0,80,3847530,4809.41,大商所,2021
20211213,XDCE,L,L2203,20211210,21:01,5,0,8220.0,0,8185.0,39,1598830,8199.13,大商所,2021
20211213,XDCE,L,L2204,20211210,21:01,5,0,8195.0,0,8167.0,176,7192610,8173.42,大商所,2021
20211213,XDCE,V,V2203,20211210,21:01,5,0,8222.0,0,8185.0,64,2628950,8215.47,大商所,2021
20211214,XDCE,V,V2203,20211213,21:01,5,0,8255.0,0,8254.0,38,1565290,8238.37,大商所,2021
20211214,XDCE,V,V2204,20211213,21:01,5,0,8270.0,0,8270.0,223,9184835,8237.52,大商所,2021
20220901,XDCE,M,M2301,20220901,09:38,6,20220901,0.0,0,3.0,51240000,14,8200.0,大商所,2022
