clearing_day,market,product,contract,session,tdate,bartime,gap,vol,vwap,mask,is_continuation,market_cn,year
20150120,XDCE,A,A1601,N,20150119,21:01,2,5,4399.4,5,0,大商所,2015
20150120,XDCE,A,A1605,N,20150119,21:01,2,2,4413.0,15,0,大商所,2015
20150120,XDCE,J,J1509,N,20150119,21:01,2,16,1059.19,5,0,大商所,2015
20160712,XDCE,J,J1705,N,20160711,21:02,3,3,998.333,5,0,大商所,2016
20160712,XDCE,V,V1705,D,20160712,09:01,2,5,5150.0,5,0,大商所,2016
20160728,XDCE,J,J1705,N,20160727,21:06,7,2,1040.0,15,0,大商所,2016
20160920,XDCE,PP,PP1709,D,20160920,09:01,2,16,6626.88,5,0,大商所,2016
20161031,XDCE,JM,JM1709,N,20161028,21:01,2,1,1085.5,15,0,大商所,2016
20170124,XDCE,Y,Y1801,N,20170123,21:01,2,2,7134.0,15,0,大商所,2017
20170322,XDCE,A,A1801,N,20170321,21:01,2,15,3904.6,5,0,大商所,2017
20170621,XDCE,V,V1805,D,20170621,09:01,2,1,5665.0,15,0,大商所,2017
20170707,XDCE,A,A1805,N,20170706,21:12,13,1,3890.0,15,0,大商所,2017
20170707,XDCE,L,L1805,D,20170707,09:01,2,13,8804.23,5,0,大商所,2017
20171024,XDCE,L,L1809,D,20171024,09:09,10,7,9817.86,15,0,大商所,2017
20171127,XDCE,A,A1809,N,20171124,21:01,2,32,3870.06,15,0,大商所,2017
20171127,XDCE,JM,JM1809,N,20171124,21:01,2,10,1281.7,5,0,大商所,2017
20180117,XDCE,A,A1901,N,20180116,21:01,2,2,3740.0,15,0,大商所,2018
20180117,XDCE,V,V1901,D,20180117,09:12,13,1,6630.0,15,0,大商所,2018
20180202,XDCE,A,A1901,N,20180201,21:01,2,3,3639.33,5,0,大商所,2018
20180202,XDCE,J,J1901,N,20180201,21:15,16,1,1912.5,15,0,大商所,2018
20180202,XDCE,JM,JM1901,N,20180201,21:19,20,1,1251.0,15,0,大商所,2018
20180315,XDCE,L,L1901,D,20180315,09:01,2,7,9327.14,5,0,大商所,2018
20180315,XDCE,PP,PP1901,D,20180315,09:09,10,1,9055.0,15,0,大商所,2018
20180420,XDCE,V,V1901,D,20180420,09:01,2,32,6596.25,5,0,大商所,2018
20180528,XDCE,A,A1905,N,20180525,21:01,2,1,3800.0,15,0,大商所,2018
20180702,XDCE,A,A1905,N,20180629,21:01,2,6,3845.0,15,0,大商所,2018
20180702,XDCE,B,B1905,N,20180629,21:04,5,1,3386.0,15,0,大商所,2018
20180718,XDCE,P,P1905,N,20180717,21:01,2,2,4846.0,5,0,大商所,2018
20180803,XDCE,PP,PP1905,D,20180803,09:08,9,2,9585.5,15,0,大商所,2018
20180906,XDCE,B,B1811,N,20180905,21:48,49,886,3594.0,15,0,大商所,2018
20180906,XDCE,B,B1903,N,20180905,21:39,40,976,3360.0,15,0,大商所,2018
20180925,XDCE,B,B1903,D,20180925,09:15,16,846,3446.0,15,0,大商所,2018
20180925,XDCE,B,B1907,D,20180925,09:30,31,856,3309.0,15,0,大商所,2018
20181018,XDCE,B,B1903,N,20181017,22:04,65,1696,3672.0,15,0,大商所,2018
20181018,XDCE,B,B1907,N,20181017,22:00,61,1254,3361.0,15,0,大商所,2018
20181018,XDCE,P,P1909,N,20181017,21:01,2,7,5084.0,15,0,大商所,2018
20181105,XDCE,B,B1907,N,20181102,22:08,69,1316,3244.0,15,0,大商所,2018
20181121,XDCE,B,B1903,N,20181120,21:08,9,472,3260.0,15,0,大商所,2018
20181121,XDCE,B,B1907,N,20181120,22:28,89,1670,3258.0,15,0,大商所,2018
20181121,XDCE,B,B1911,N,20181120,22:30,91,1076,3393.0,15,0,大商所,2018
20181207,XDCE,B,B1903,N,20181206,21:12,13,770,3181.0,15,0,大商所,2018
20181207,XDCE,B,B1907,N,20181206,22:34,95,1556,3190.0,15,0,大商所,2018
20181207,XDCE,B,B1911,N,20181206,22:40,101,1994,3202.0,15,0,大商所,2018
20181225,XDCE,B,B1911,N,20181224,22:40,101,212,3133.0,15,0,大商所,2018
20190114,XDCE,B,B1907,N,20190111,21:53,54,980,3007.0,15,0,大商所,2019
20190114,XDCE,B,B1911,N,20190111,23:07,128,324,3080.0,15,0,大商所,2019
20190130,XDCE,B,B1907,D,20190130,09:52,52,125,3028.0,15,0,大商所,2019
20190130,XDCE,J,J2001,N,20190129,21:07,8,3,1914.83,15,0,大商所,2019
20190130,XDCE,JM,JM2001,N,20190129,21:31,32,2,1270.25,15,0,大商所,2019
20190222,XDCE,B,B1907,N,20190221,21:29,30,101,3018.0,15,0,大商所,2019
20190222,XDCE,EG,EG2001,D,20190222,09:48,49,2,5221.0,15,0,大商所,2019
20190222,XDCE,JM,JM2001,N,20190221,21:09,10,1,1339.5,15,0,大商所,2019
20190222,XDCE,M,M1911,N,20190221,21:01,2,7,2638.0,15,0,大商所,2019
20190312,XDCE,J,J2001,N,20190311,21:01,2,1,1865.0,15,0,大商所,2019
20190328,XDCE,A,A2001,N,20190327,21:01,2,3,3384.0,5,0,大商所,2019
20190507,XDCE,EG,EG2001,N,20190506,21:01,2,3,4801.67,5,0,大商所,2019
20190507,XDCE,M,M2003,N,20190506,21:01,2,2,2647.0,15,0,大商所,2019
20190523,XDCE,B,B2005,N,20190522,21:01,2,1,2999.0,15,0,大商所,2019
20190611,XDCE,M,M1911,N,20190610,21:01,2,24,2895.0,5,0,大商所,2019
20190627,XDCE,L,L2005,N,20190626,21:01,2,36,7656.11,5,0,大商所,2019
20190627,XDCE,M,M1911,N,20190626,21:03,4,4,2915.0,5,0,大商所,2019
20190731,XDCE,A,A2005,N,20190730,21:02,3,1,3519.0,15,0,大商所,2019
20190731,XDCE,CS,CS2005,N,20190730,21:01,2,1,2432.0,15,0,大商所,2019
20190731,XDCE,EG,EG2005,N,20190730,21:02,3,1,4465.0,15,0,大商所,2019
20190816,XDCE,EG,EG2005,N,20190815,21:01,2,2,4532.0,15,0,大商所,2019
20190816,XDCE,L,L2005,N,20190815,21:01,2,42,7448.33,5,0,大商所,2019
20190903,XDCE,P,P1909,N,20190902,21:07,8,37,4726.0,15,0,大商所,2019
20190903,XDCE,RR,RR2005,N,20190902,21:01,2,1,3576.0,15,0,大商所,2019
20191015,XDCE,M,M2007,N,20191014,21:01,2,12,2896.67,5,0,大商所,2019
20191015,XDCE,P,P2009,N,20191014,21:01,2,6,5028.67,5,0,大商所,2019
20191015,XDCE,RR,RR2009,D,20191015,09:38,38,15,3575.0,15,0,大商所,2019
20191015,XDCE,V,V2009,N,20191014,21:01,2,10,6270.0,15,0,大商所,2019
20191031,XDCE,B,B2005,N,20191030,21:01,2,1,3271.0,15,0,大商所,2019
20191031,XDCE,C,C2007,N,20191030,21:01,2,39,1970.31,5,0,大商所,2019
20191031,XDCE,JM,JM2009,N,20191030,21:17,18,1,1152.5,15,0,大商所,2019
20191031,XDCE,V,V2009,N,20191030,21:01,2,12,6215.0,5,0,大商所,2019
20191220,XDCE,M,M2007,N,20191219,21:01,2,1,2768.0,15,0,大商所,2019
20191220,XDCE,V,V2009,N,20191219,21:01,2,32,6525.0,5,0,大商所,2019
20200108,XDCE,EB,EB2009,N,20200107,21:04,5,1,7321.0,15,0,大商所,2020
20200203,XDCE,I,I2007,D,20200203,09:03,4,10,610.2,5,0,大商所,2020
20200219,XDCE,B,B2007,D,20200219,09:05,6,1,3091.0,15,0,大商所,2020
20200306,XDCE,JM,JM2101,D,20200306,14:22,188,2,1197.5,15,0,大商所,2020
20200410,XDCE,C,C2011,D,20200410,09:01,2,50,2057.94,5,0,大商所,2020
20200410,XDCE,M,M2011,D,20200410,09:01,2,51,2852.39,5,0,大商所,2020
20200428,XDCE,C,C2011,D,20200428,09:01,2,49,2111.49,5,0,大商所,2020
20200428,XDCE,M,M2011,D,20200428,09:01,2,43,2799.72,5,0,大商所,2020
20200519,XDCE,C,C2007,N,20200518,21:01,2,13,2015.62,5,0,大商所,2020
20200519,XDCE,I,I2103,N,20200518,21:04,5,2,608.0,15,0,大商所,2020
20200519,XDCE,JM,JM2005,D,20200519,15:00,225,101,1234.5,15,0,大商所,2020
20200519,XDCE,M,M2103,N,20200518,21:01,2,1,2731.0,15,0,大商所,2020
20200519,XDCE,Y,Y2005,D,20200519,15:00,225,76,5396.0,15,0,大商所,2020
20200604,XDCE,B,B2105,N,20200603,21:05,6,1,3089.0,15,0,大商所,2020
20200604,XDCE,EB,EB2105,N,20200603,21:18,19,5,6371.0,15,0,大商所,2020
20200622,XDCE,L,L2105,N,20200619,21:02,3,5,6781.0,5,0,大商所,2020
20200710,XDCE,C,C2103,N,20200709,21:01,2,10,2156.2,5,0,大商所,2020
20200710,XDCE,EG,EG2101,N,20200709,21:01,2,23,3764.13,5,0,大商所,2020
20200710,XDCE,JM,JM2105,N,20200709,21:13,14,1,1129.5,15,0,大商所,2020
20200728,XDCE,B,B2101,N,20200727,21:01,2,3,3389.33,15,0,大商所,2020
20200728,XDCE,I,I2011,N,20200727,21:01,2,30,769.2,5,0,大商所,2020
20200728,XDCE,I,I2103,N,20200727,21:21,22,1,709.0,15,0,大商所,2020
20200813,XDCE,C,C2103,N,20200812,21:01,2,2,2250.0,15,0,大商所,2020
20200813,XDCE,CS,CS2011,N,20200812,21:01,2,2,2570.0,15,0,大商所,2020
20200813,XDCE,EG,EG2105,N,20200812,21:01,2,1,4039.0,15,0,大商所,2020
20200813,XDCE,JM,JM2010,N,20200812,21:01,2,4,1217.88,15,0,大商所,2020
20200813,XDCE,JM,JM2012,N,20200812,21:01,2,3,1222.5,15,0,大商所,2020
20200813,XDCE,L,L2010,N,20200812,21:01,2,15,7041.0,5,0,大商所,2020
20200813,XDCE,PP,PP2010,N,20200812,21:01,2,7,7587.0,5,0,大商所,2020
20200813,XDCE,PP,PP2011,N,20200812,21:01,2,1,7515.0,15,0,大商所,2020
20200813,XDCE,PP,PP2012,N,20200812,21:01,2,6,7487.67,5,0,大商所,2020
20200831,XDCE,C,C2011,N,20200828,21:01,2,73,2243.18,5,0,大商所,2020
20200831,XDCE,C,C2103,N,20200828,21:01,2,22,2290.55,5,0,大商所,2020
20200831,XDCE,C,C2107,N,20200828,21:01,2,29,2326.0,15,0,大商所,2020
20200831,XDCE,EB,EB2010,N,20200828,21:01,2,3,5436.33,5,0,大商所,2020
20200831,XDCE,EB,EB2011,N,20200828,21:01,2,1,5517.0,15,0,大商所,2020
20200831,XDCE,EG,EG2010,N,20200828,21:01,2,56,3833.45,5,0,大商所,2020
20200831,XDCE,EG,EG2011,N,20200828,21:01,2,58,3869.52,5,0,大商所,2020
20200831,XDCE,EG,EG2012,N,20200828,21:01,2,15,3911.47,5,0,大商所,2020
20200831,XDCE,I,I2107,N,20200828,21:01,2,2,743.5,15,0,大商所,2020
20200831,XDCE,L,L2012,N,20200828,21:01,2,24,7336.04,5,0,大商所,2020
20200831,XDCE,PP,PP2011,N,20200828,21:01,2,4,7862.5,15,0,大商所,2020
20200916,XDCE,C,C2103,N,20200915,21:01,2,11,2425.0,5,0,大商所,2020
20200916,XDCE,EG,EG2103,N,20200915,21:01,2,8,4087.25,15,0,大商所,2020
20200916,XDCE,I,I2104,N,20200915,21:01,2,2,778.0,15,0,大商所,2020
20200916,XDCE,JM,JM2104,N,20200915,21:01,2,5,1224.5,15,0,大商所,2020
20200916,XDCE,M,M2108,N,20200915,21:01,2,10,2981.0,15,0,大商所,2020
20200916,XDCE,P,P2103,N,20200915,21:01,2,37,6056.86,5,0,大商所,2020
20200916,XDCE,PP,PP2010,N,20200915,21:01,2,9,7846.0,15,0,大商所,2020
20200916,XDCE,PP,PP2011,N,20200915,21:01,2,10,7798.6,5,0,大商所,2020
20200916,XDCE,Y,Y2108,N,20200915,21:46,47,36,6718.0,15,0,大商所,2020
20201012,XDCE,C,C2103,N,20201009,21:01,2,32,2537.34,5,0,大商所,2020
20201012,XDCE,EB,EB2012,N,20201009,21:01,2,14,5594.5,5,0,大商所,2020
20201012,XDCE,EB,EB2102,N,20201009,21:01,2,6,5677.83,15,0,大商所,2020
20201012,XDCE,EB,EB2103,N,20201009,21:01,2,1,5723.0,15,0,大商所,2020
20201012,XDCE,EG,EG2012,N,20201009,21:01,2,8,3757.38,5,0,大商所,2020
20201012,XDCE,EG,EG2104,N,20201009,21:02,3,70,3889.0,15,0,大商所,2020
20201012,XDCE,JM,JM2104,N,20201009,21:01,2,3,1270.0,15,0,大商所,2020
20201012,XDCE,L,L2104,N,20201009,21:25,26,225,7295.0,15,0,大商所,2020
20201012,XDCE,PP,PP2103,N,20201009,21:01,2,51,7710.0,5,0,大商所,2020
20201028,XDCE,B,B2103,N,20201027,21:01,2,1,3789.0,15,0,大商所,2020
20201028,XDCE,B,B2105,N,20201027,21:01,2,1,3669.0,15,0,大商所,2020
20201028,XDCE,CS,CS2103,N,20201027,21:01,2,46,2913.65,5,0,大商所,2020
20201028,XDCE,CS,CS2107,N,20201027,21:02,3,124,2943.0,15,0,大商所,2020
20201028,XDCE,EG,EG2012,N,20201027,21:01,2,8,3808.0,5,0,大商所,2020
20201028,XDCE,EG,EG2104,D,20201028,09:30,30,1,3924.0,15,0,大商所,2020
20201028,XDCE,I,I2107,N,20201027,22:02,63,1,691.0,15,0,大商所,2020
20201028,XDCE,J,J2102,N,20201027,21:01,2,137,2111.46,5,0,大商所,2020
20201028,XDCE,L,L2102,N,20201027,21:01,2,78,7229.36,5,0,大商所,2020
20201028,XDCE,M,M2108,N,20201027,21:01,2,3,3085.0,5,0,大商所,2020
20201028,XDCE,P,P2103,N,20201027,21:01,2,141,6144.0,15,0,大商所,2020
20201113,XDCE,I,I2107,N,20201112,22:40,101,1,736.0,15,0,大商所,2020
20201113,XDCE,P,P2104,N,20201112,21:01,2,6,6450.67,15,0,大商所,2020
20201113,XDCE,PG,PG2103,N,20201112,21:01,2,13,3470.08,5,0,大商所,2020
20201113,XDCE,V,V2103,N,20201112,21:01,2,7,6789.29,5,0,大商所,2020
20201201,XDCE,EG,EG2103,N,20201130,21:01,2,2,3888.0,5,0,大商所,2020
20201201,XDCE,I,I2104,N,20201130,21:01,2,90,858.083,5,0,大商所,2020
20201201,XDCE,I,I2107,N,20201130,21:01,2,1,815.0,15,0,大商所,2020
20201201,XDCE,J,J2104,N,20201130,21:01,2,2,2366.25,5,0,大商所,2020
20201201,XDCE,JM,JM2103,N,20201130,21:01,2,14,1400.93,15,0,大商所,2020
20201201,XDCE,JM,JM2104,N,20201130,21:01,2,18,1400.72,5,0,大商所,2020
20201201,XDCE,Y,Y2108,N,20201130,21:01,2,5,7096.0,15,0,大商所,2020
20201217,XDCE,EG,EG2103,N,20201216,21:01,2,10,4051.5,5,0,大商所,2020
20201217,XDCE,JM,JM2104,N,20201216,21:01,2,4,1536.88,5,0,大商所,2020
20201217,XDCE,P,P2104,N,20201216,21:02,3,2,6856.0,15,0,大商所,2020
20201217,XDCE,PP,PP2104,N,20201216,21:01,2,1,8254.0,15,0,大商所,2020
20210105,XDCE,EB,EB2104,N,20210104,21:01,2,17,6503.0,5,0,大商所,2021
20210121,XDCE,B,B2107,D,20210121,10:06,66,1,4101.0,15,0,大商所,2021
20210121,XDCE,EB,EB2109,N,20210120,22:51,112,1,7022.0,15,0,大商所,2021
20210121,XDCE,J,J2102,N,20210120,21:01,2,1,3036.0,15,0,大商所,2021
20210121,XDCE,L,L2109,N,20210120,21:01,2,40,7632.5,5,0,大商所,2021
20210121,XDCE,PG,PG2104,N,20210120,21:01,2,11,3678.27,5,0,大商所,2021
20210121,XDCE,PP,PP2102,N,20210120,22:52,113,1,8096.0,15,0,大商所,2021
20210208,XDCE,EB,EB2109,N,20210205,22:47,108,1,7358.0,15,0,大商所,2021
20210208,XDCE,EG,EG2106,N,20210205,21:01,2,27,4617.19,5,0,大商所,2021
20210208,XDCE,JM,JM2107,N,20210205,21:01,2,2,1480.0,15,0,大商所,2021
20210208,XDCE,JM,JM2108,N,20210205,21:01,2,2,1420.75,5,0,大商所,2021
20210208,XDCE,RR,RR2103,N,20210205,21:03,4,3,3566.67,15,0,大商所,2021
20210303,XDCE,EG,EG2103,D,20210303,09:21,21,109,6112.0,15,0,大商所,2021
20210303,XDCE,L,L2111,N,20210302,21:01,2,39,8574.1,15,0,大商所,2021
20210303,XDCE,V,V2103,N,20210302,21:01,2,100,8550.0,15,0,大商所,2021
20210303,XDCE,Y,Y2112,N,20210302,21:01,2,2,7723.0,5,0,大商所,2021
20210319,XDCE,EG,EG2111,N,20210318,21:03,4,2,4919.0,15,0,大商所,2021
20210319,XDCE,L,L2106,N,20210318,21:01,2,34,8769.12,5,0,大商所,2021
20210319,XDCE,L,L2107,N,20210318,21:01,2,10,8770.0,15,0,大商所,2021
20210319,XDCE,P,P2111,N,20210318,21:01,2,1,6854.0,15,0,大商所,2021
20210319,XDCE,PP,PP2112,N,20210318,21:01,2,4,8787.5,15,0,大商所,2021
20210319,XDCE,V,V2106,N,20210318,21:01,2,6,8854.17,5,0,大商所,2021
20210319,XDCE,V,V2112,N,20210318,21:13,14,10,8435.0,15,0,大商所,2021
20210319,XDCE,Y,Y2112,N,20210318,21:01,2,6,8064.0,15,0,大商所,2021
20210407,XDCE,J,J2107,N,20210406,21:49,50,1,2380.0,15,0,大商所,2021
20210407,XDCE,J,J2108,N,20210406,21:50,51,2,2392.5,15,0,大商所,2021
20210407,XDCE,JM,JM2107,N,20210406,21:01,2,4,1636.38,15,0,大商所,2021
20210407,XDCE,PG,PG2107,N,20210406,21:01,2,16,3695.12,5,0,大商所,2021
20210407,XDCE,V,V2107,N,20210406,21:12,13,9,8840.0,15,0,大商所,2021
20210423,XDCE,I,I2108,N,20210422,21:01,2,1,1136.5,15,0,大商所,2021
20210423,XDCE,J,J2107,N,20210422,21:10,11,1,2582.5,15,0,大商所,2021
20210423,XDCE,J,J2108,N,20210422,21:39,40,1,2592.5,15,0,大商所,2021
20210423,XDCE,PG,PG2104,D,20210423,09:11,11,2,4450.0,15,0,大商所,2021
20210423,XDCE,PP,PP2112,N,20210422,21:01,2,38,8272.18,15,0,大商所,2021
20210514,XDCE,B,B2203,N,20210513,21:15,16,1,4444.0,15,0,大商所,2021
20210514,XDCE,EG,EG2112,N,20210513,21:01,2,4,5119.0,15,0,大商所,2021
20210514,XDCE,JM,JM2106,N,20210513,21:02,3,1,1855.0,15,0,大商所,2021
20210514,XDCE,JM,JM2201,N,20210513,21:01,2,2,1973.0,5,0,大商所,2021
20210514,XDCE,PG,PG2108,N,20210513,21:01,2,15,4035.2,5,0,大商所,2021
20210514,XDCE,PP,PP2112,N,20210513,21:17,18,12,8796.0,15,0,大商所,2021
20210601,XDCE,EB,EB2201,N,20210531,21:02,3,2,8121.0,15,0,大商所,2021
20210601,XDCE,EG,EG2112,N,20210531,21:01,2,1,5051.0,15,0,大商所,2021
20210601,XDCE,J,J2112,N,20210531,21:01,2,1,2435.0,15,0,大商所,2021
20210601,XDCE,PP,PP2112,N,20210531,21:01,2,2,8282.0,15,0,大商所,2021
20210618,XDCE,EG,EG2112,N,20210617,21:01,2,6,4922.5,5,0,大商所,2021
20210618,XDCE,EG,EG2201,N,20210617,21:02,3,6,4945.83,5,0,大商所,2021
20210618,XDCE,J,J2112,N,20210617,21:09,10,10,2666.65,15,0,大商所,2021
20210618,XDCE,L,L2112,N,20210617,21:03,4,17,7701.18,5,0,大商所,2021
20210618,XDCE,PG,PG2110,N,20210617,21:01,2,1,4490.0,15,0,大商所,2021
20210618,XDCE,PP,PP2108,N,20210617,21:09,10,1,8264.0,15,0,大商所,2021
20210618,XDCE,PP,PP2112,N,20210617,21:01,2,14,8199.0,15,0,大商所,2021
20210618,XDCE,Y,Y2107,N,20210617,22:30,91,1,8476.0,15,0,大商所,2021
20210706,XDCE,PG,PG2110,N,20210705,21:01,2,10,4984.3,5,0,大商所,2021
20210706,XDCE,PP,PP2205,N,20210705,21:46,47,1,8446.0,15,0,大商所,2021
20210706,XDCE,V,V2112,N,20210705,21:01,2,22,8590.0,15,0,大商所,2021
20210809,XDCE,M,M2112,N,20210806,21:01,2,1,3579.0,15,0,大商所,2021
20210809,XDCE,PP,PP2112,N,20210806,21:01,2,63,8324.7,5,0,大商所,2021
20210825,XDCE,B,B2201,N,20210824,21:01,2,2,4347.0,5,0,大商所,2021
20210825,XDCE,L,L2112,N,20210824,21:01,2,22,8290.23,5,0,大商所,2021
20210910,XDCE,A,A2205,N,20210909,21:01,2,6,5891.17,5,0,大商所,2021
20210910,XDCE,B,B2201,N,20210909,21:01,2,3,4357.67,5,0,大商所,2021
20210910,XDCE,I,I2204,N,20210909,21:01,2,39,699.41,5,0,大商所,2021
20210930,XDCE,A,A2205,N,20210929,21:01,2,2,5952.0,5,0,大商所,2021
20210930,XDCE,B,B2201,N,20210929,21:01,2,1,4368.0,15,0,大商所,2021
20210930,XDCE,EG,EG2112,N,20210929,21:01,2,17,6096.53,5,0,大商所,2021
20211025,XDCE,B,B2205,N,20211022,21:02,3,4,3950.0,5,0,大商所,2021
20211025,XDCE,P,P2203,N,20211022,21:01,2,100,9083.0,5,0,大商所,2021
20211025,XDCE,V,V2204,N,20211022,21:01,2,136,9983.9,5,0,大商所,2021
20211110,XDCE,EG,EG2203,N,20211109,21:01,2,39,5315.87,15,0,大商所,2021
20211110,XDCE,L,L2203,N,20211109,21:01,2,43,8861.44,5,0,大商所,2021
20211110,XDCE,P,P2203,N,20211109,21:01,2,47,8545.75,5,0,大商所,2021
20211110,XDCE,PP,PP2204,N,20211109,21:01,2,62,8555.95,5,0,大商所,2021
20211110,XDCE,PP,PP2206,N,20211109,21:01,2,7,8507.0,15,0,大商所,2021
20211110,XDCE,PP,PP2209,N,20211109,21:08,9,1,8487.0,15,0,大商所,2021
20211110,XDCE,V,V2112,N,20211109,21:01,2,4,9107.5,15,0,大商所,2021
20211110,XDCE,V,V2202,N,20211109,21:01,2,135,8533.51,5,0,大商所,2021
20211110,XDCE,V,V2204,N,20211109,21:01,2,31,8486.81,5,0,大商所,2021
20211126,XDCE,EB,EB2203,N,20211125,21:01,2,29,8083.86,5,0,大商所,2021
20211126,XDCE,FB,FB2205,D,20211126,09:21,22,2,1386.5,15,0,大商所,2021
20211126,XDCE,L,L2204,N,20211125,21:01,2,45,8788.91,5,0,大商所,2021
20211126,XDCE,PG,PG2205,N,20211125,21:01,2,1,4740.0,15,0,大商所,2021
20211126,XDCE,PP,PP2204,N,20211125,21:01,2,80,8297.31,5,0,大商所,2021
20211126,XDCE,PP,PP2206,N,20211125,21:01,2,11,8249.55,5,0,大商所,2021
20211214,XDCE,I,I2112,D,20211214,15:00,225,195,602.0,15,0,大商所,2021
20211214,XDCE,PP,PP2112,D,20211214,15:00,225,100,8009.0,15,0,大商所,2021
20211214,XDCE,V,V2203,N,20211213,21:01,2,38,8238.37,5,0,大商所,2021
20211214,XDCE,V,V2204,N,20211213,21:01,2,223,8237.52,5,0,大商所,2021
20220210,XDCE,L,L2202,N,20220209,21:01,2,5,9396.0,15,0,大商所,2022
20220210,XDCE,PG,PG2202,N,20220209,21:19,20,25,5230.0,15,0,大商所,2022
20220210,XDCE,RR,RR2206,N,20220209,21:03,4,5,3516.0,15,0,大商所,2022
20220228,XDCE,PP,PP2301,N,20220225,21:01,2,1,8450.0,15,0,大商所,2022
20220401,XDCE,I,I2204,N,20220331,21:07,8,6,959.5,15,0,大商所,2022
20220401,XDCE,PP,PP2204,D,20220401,13:56,161,1,8896.0,15,0,大商所,2022
20220512,XDCE,PP,PP2205,N,20220511,21:01,2,1,8660.0,15,0,大商所,2022
20220530,XDCE,L,L2206,N,20220527,21:01,2,1,8773.0,15,0,大商所,2022
20220616,XDCE,EG,EG2206,N,20220615,21:59,60,50,5175.0,15,0,大商所,2022
20220704,XDCE,B,B2301,N,20220701,22:14,75,1,4548.0,15,0,大商所,2022
20220704,XDCE,EB,EB2301,N,20220701,21:31,32,1,9378.0,15,0,大商所,2022
20220805,XDCE,L,L2208,N,20220804,21:42,43,2,7833.0,15,0,大商所,2022
20220908,XDCE,EB,EB2209,N,20220907,21:03,4,86,9220.0,15,0,大商所,2022
20220928,XDCE,PG,PG2305,N,20220927,21:12,13,1,4689.0,15,0,大商所,2022
20221021,XDCE,I,I2210,D,20221021,15:00,225,2,762.5,15,0,大商所,2022
20221021,XDCE,L,L2210,D,20221021,15:00,225,90,8343.0,15,0,大商所,2022
20221021,XDCE,PG,PG2305,N,20221020,21:03,4,1,4783.0,15,0,大商所,2022
20221021,XDCE,PP,PP2210,D,20221021,09:18,18,30,7889.0,15,0,大商所,2022
20221021,XDCE,V,V2210,D,20221021,15:00,225,22,6098.0,15,0,大商所,2022
20221108,XDCE,PP,PP2309,N,20221107,21:01,2,4,7470.25,15,0,大商所,2022
20221108,XDCE,V,V2211,N,20221107,21:12,13,70,5943.0,15,0,大商所,2022
20221212,XDCE,EB,EB2212,N,20221209,21:13,14,100,8295.0,15,0,大商所,2022
20230116,XDCE,B,B2301,D,20230116,15:00,225,2,5068.0,15,0,大商所,2023
20230116,XDCE,FB,FB2301,D,20230116,15:00,226,46,1199.0,15,0,大商所,2023
20230116,XDCE,PP,PP2301,D,20230116,09:03,3,1,7858.0,15,0,大商所,2023
20230208,XGFE,SI,SI2310,D,20230208,09:15,16,1,17535.0,15,0,广期所,2023
20230208,XDCE,B,B2309,N,20230207,21:07,8,1,4538.0,15,0,大商所,2023
20230208,XDCE,PP,PP2302,D,20230208,09:09,9,20,7836.0,15,0,大商所,2023
20230208,XDCE,PP,PP2401,N,20230207,21:10,11,1,7904.0,15,0,大商所,2023
20230314,XGFE,SI,SI2310,D,20230314,09:06,7,2,16925.0,15,0,广期所,2023
20230314,XDCE,I,I2303,D,20230314,15:00,225,2,953.5,15,0,大商所,2023
20230314,XDCE,L,L2303,D,20230314,15:00,225,10,8231.0,15,0,大商所,2023
20230314,XDCE,P,P2303,N,20230313,21:12,13,30,7842.0,15,0,大商所,2023
20230314,XDCE,V,V2303,D,20230314,15:00,225,115,6292.0,15,0,大商所,2023
20230509,XDCE,JM,JM2307,N,20230508,21:14,15,1,1397.5,15,0,大商所,2023
20230525,XDCE,EB,EB2401,N,20230524,21:08,9,4,7125.0,15,0,大商所,2023
20230719,XDCE,B,B2402,N,20230718,21:08,9,2,4305.5,15,0,大商所,2023
20230719,XDCE,B,B2404,N,20230718,22:21,82,1,4097.0,15,0,大商所,2023
20230719,XDCE,EB,EB2307,N,20230718,21:18,19,100,8102.0,15,0,大商所,2023
20230719,XDCE,EB,EB2402,N,20230718,21:01,2,3,7596.67,15,0,大商所,2023
20230719,XDCE,EB,EB2403,N,20230718,21:01,2,3,7608.0,15,0,大商所,2023
20230719,XDCE,EB,EB2404,N,20230718,21:01,2,1,7520.0,15,0,大商所,2023
20230719,XDCE,EB,EB2405,N,20230718,21:01,2,1,7537.0,15,0,大商所,2023
20230719,XDCE,JM,JM2311,N,20230718,21:01,2,6,1462.58,15,0,大商所,2023
20230719,XDCE,JM,JM2312,N,20230718,21:01,2,4,1449.0,15,0,大商所,2023
20230804,XDCE,B,B2402,N,20230803,21:01,2,1,4196.0,15,0,大商所,2023
20230804,XDCE,B,B2403,N,20230803,21:01,2,1,4096.0,15,0,大商所,2023
20230804,XDCE,J,J2312,N,20230803,21:01,2,1,2168.5,15,0,大商所,2023
20230804,XDCE,JM,JM2406,N,20230803,21:13,14,1,1335.5,15,0,大商所,2023
20230804,XDCE,PG,PG2406,N,20230803,21:17,18,1,4326.0,15,0,大商所,2023
20230804,XDCE,PG,PG2407,N,20230803,21:17,18,1,4280.0,15,0,大商所,2023
20230804,XDCE,PP,PP2403,N,20230803,21:01,2,2,7314.0,15,0,大商所,2023
20230804,XDCE,PP,PP2404,N,20230803,21:01,2,1,7347.0,15,0,大商所,2023
20230804,XDCE,PP,PP2406,N,20230803,21:11,12,1,7371.0,15,0,大商所,2023
20230804,XDCE,PP,PP2407,N,20230803,21:11,12,1,7366.0,15,0,大商所,2023
20230804,XDCE,V,V2308,D,20230804,09:10,10,2,6182.0,15,0,大商所,2023
20230804,XDCE,Y,Y2308,D,20230804,09:40,40,1,8190.0,15,0,大商所,2023
20230822,XDCE,J,J2311,N,20230821,21:01,2,1,2225.0,15,0,大商所,2023
20230822,XDCE,J,J2312,N,20230821,21:01,2,1,2208.5,15,0,大商所,2023
20230822,XDCE,J,J2404,D,20230822,11:29,134,6,2143.0,15,0,大商所,2023
20230822,XDCE,P,P2404,N,20230821,21:01,2,1,7570.0,15,0,大商所,2023
20230907,XDCE,B,B2408,N,20230906,22:41,102,1,4185.0,15,0,大商所,2023
20230907,XDCE,J,J2402,N,20230906,21:12,13,1,2394.0,15,0,大商所,2023
20230907,XDCE,P,P2408,N,20230906,21:10,11,1,7550.0,15,0,大商所,2023
20230925,XDCE,EG,EG2406,N,20230922,21:03,4,1,4439.0,15,0,大商所,2023
20230925,XDCE,JM,JM2402,N,20230922,21:01,2,1,1837.0,15,0,大商所,2023
20230925,XDCE,P,P2406,N,20230922,21:06,7,5,7288.0,15,0,大商所,2023
20231019,XGFE,SI,SI2310,D,20231019,09:21,22,22,13665.0,15,0,广期所,2023
20231019,XDCE,B,B2407,N,20231018,21:01,2,2,3996.0,15,0,大商所,2023
20231019,XDCE,B,B2408,N,20231018,21:01,2,2,4006.0,15,0,大商所,2023
20231019,XDCE,CS,CS2409,N,20231018,21:04,5,1,2859.0,15,0,大商所,2023
20231019,XDCE,EB,EB2406,N,20231018,21:32,33,4,8289.0,15,0,大商所,2023
20231019,XDCE,I,I2404,N,20231018,21:01,2,1,818.0,15,0,大商所,2023
20231019,XDCE,J,J2402,N,20231018,21:17,18,2,2328.75,15,0,大商所,2023
20231019,XDCE,J,J2403,N,20231018,21:17,18,2,2313.5,15,0,大商所,2023
20231019,XDCE,J,J2406,N,20231018,22:18,79,1,2224.5,15,0,大商所,2023
20231019,XDCE,J,J2409,N,20231018,21:01,2,1,2161.5,15,0,大商所,2023
20231019,XDCE,JM,JM2402,N,20231018,21:01,2,1,1716.0,15,0,大商所,2023
20231019,XDCE,JM,JM2403,N,20231018,21:01,2,1,1682.0,15,0,大商所,2023
20231019,XDCE,PG,PG2310,D,20231019,13:34,139,4,5246.0,15,0,大商所,2023
20231019,XDCE,PG,PG2406,N,20231018,21:01,2,1,4883.0,15,0,大商所,2023
20231019,XDCE,PG,PG2407,N,20231018,21:01,2,1,4820.0,15,0,大商所,2023
20231019,XDCE,RR,RR2404,N,20231018,21:13,14,2,3614.0,15,0,大商所,2023
20231106,XDCE,A,A2311,N,20231103,21:03,4,71,4945.0,15,0,大商所,2023
20231122,XDCE,B,B2406,N,20231121,21:01,2,2,4110.0,15,0,大商所,2023
20231122,XDCE,B,B2407,N,20231121,21:01,2,2,4096.0,15,0,大商所,2023
20231122,XDCE,EB,EB2408,N,20231121,21:24,25,1,8314.0,15,0,大商所,2023
20231122,XDCE,I,I2410,N,20231121,21:01,2,1,854.5,15,0,大商所,2023
20231122,XDCE,J,J2312,D,20231122,13:45,150,1,2630.0,15,0,大商所,2023
20231122,XDCE,JM,JM2407,N,20231121,22:21,82,1,1940.0,15,0,大商所,2023
20231122,XDCE,L,L2407,N,20231121,21:12,13,3,8031.0,15,0,大商所,2023
20231122,XDCE,L,L2408,N,20231121,21:12,13,3,8026.0,15,0,大商所,2023
20231122,XDCE,PP,PP2408,N,20231121,21:01,2,2,7538.0,15,0,大商所,2023
20231122,XDCE,PP,PP2409,N,20231121,21:01,2,2,7537.0,15,0,大商所,2023
20231122,XDCE,PP,PP2410,D,20231122,13:35,140,4,7578.0,15,0,大商所,2023
20231208,XDCE,B,B2406,N,20231207,21:01,2,1,3929.0,15,0,大商所,2023
20231208,XDCE,B,B2407,N,20231207,21:01,2,1,3934.0,15,0,大商所,2023
20231208,XDCE,JD,JD2410,D,20231208,09:01,2,1,4044.0,15,0,大商所,2023
20231208,XDCE,P,P2407,N,20231207,21:01,2,1,7014.0,15,0,大商所,2023
20231208,XDCE,PG,PG2408,N,20231207,21:20,21,1,4484.0,15,0,大商所,2023
20231226,XGFE,SI,SI2404,D,20231226,09:01,2,10,14355.0,15,0,广期所,2023
20231226,XDCE,A,A2407,N,20231225,21:01,2,9,4848.0,15,0,大商所,2023
20231226,XDCE,EB,EB2408,N,20231225,21:18,19,1,8385.0,15,0,大商所,2023
20231226,XDCE,P,P2407,N,20231225,21:01,2,1,7070.0,15,0,大商所,2023
20231226,XDCE,P,P2408,N,20231225,21:01,2,3,7042.0,15,0,大商所,2023
20231226,XDCE,PP,PP2407,N,20231225,21:01,2,2,7639.0,15,0,大商所,2023
20240112,XDCE,EG,EG2407,N,20240111,21:01,2,1,4530.0,15,0,大商所,2024
20240112,XDCE,J,J2402,N,20240111,21:37,38,1,2340.0,15,0,大商所,2024
20240112,XDCE,J,J2403,N,20240111,21:01,2,1,2324.0,15,0,大商所,2024
20240112,XDCE,J,J2404,N,20240111,21:01,2,1,2393.0,15,0,大商所,2024
20240112,XDCE,P,P2407,N,20240111,21:01,2,2,7136.0,15,0,大商所,2024
20240112,XDCE,PG,PG2406,N,20240111,21:04,5,1,4576.0,15,0,大商所,2024
20240112,XDCE,PG,PG2408,N,20240111,22:04,65,1,4449.0,15,0,大商所,2024
20240112,XDCE,PG,PG2410,N,20240111,21:35,36,1,4790.0,15,0,大商所,2024
20240112,XDCE,PG,PG2411,N,20240111,21:35,36,1,4660.0,15,0,大商所,2024
20240130,XDCE,B,B2408,N,20240129,21:07,8,1,3627.0,15,0,大商所,2024
20240130,XDCE,EG,EG2410,N,20240129,21:01,2,2,4640.0,15,0,大商所,2024
20240130,XDCE,I,I2408,N,20240129,21:01,2,6,946.5,15,0,大商所,2024
20240130,XDCE,J,J2409,N,20240129,21:05,6,2,2390.0,15,0,大商所,2024
20240130,XDCE,JM,JM2402,N,20240129,21:03,4,2,1665.75,15,0,大商所,2024
20240130,XDCE,L,L2402,D,20240130,09:21,21,10,8207.0,15,0,大商所,2024
20240130,XDCE,L,L2407,N,20240129,21:04,5,1,8259.0,15,0,大商所,2024
20240130,XDCE,L,L2412,N,20240129,21:09,10,1,8227.0,15,0,大商所,2024
20240130,XDCE,PG,PG2406,N,20240129,21:01,2,1,4667.0,15,0,大商所,2024
20240130,XDCE,PG,PG2410,N,20240129,21:01,2,2,4889.5,15,0,大商所,2024
20240130,XDCE,V,V2407,N,20240129,21:01,2,1,6005.0,15,0,大商所,2024
20240130,XDCE,V,V2408,N,20240129,21:01,2,2,6023.0,15,0,大商所,2024
20240130,XDCE,V,V2410,N,20240129,21:01,2,4,6069.0,15,0,大商所,2024
20240223,XDCE,B,B2406,N,20240222,21:01,2,3,3490.0,15,0,大商所,2024
20240223,XDCE,CS,CS2411,N,20240222,21:01,2,4,2883.0,15,0,大商所,2024
20240223,XDCE,I,I2408,N,20240222,21:01,2,2,851.75,15,0,大商所,2024
20240223,XDCE,I,I2411,N,20240222,21:01,2,1,810.5,15,0,大商所,2024
20240223,XDCE,I,I2412,N,20240222,21:01,2,1,800.5,15,0,大商所,2024
20240223,XDCE,J,J2501,N,20240222,21:01,2,3,2350.0,15,0,大商所,2024
20240223,XDCE,L,L2406,N,20240222,21:03,4,6,8156.0,15,0,大商所,2024
20240223,XDCE,PP,PP2406,N,20240222,21:01,2,9,7380.0,15,0,大商所,2024
20240223,XDCE,PP,PP2407,N,20240222,21:01,2,2,7379.5,15,0,大商所,2024
20240223,XDCE,RR,RR2410,N,20240222,21:07,8,4,3556.0,15,0,大商所,2024
20240223,XDCE,RR,RR2411,N,20240222,21:07,8,6,3558.0,15,0,大商所,2024
20240312,XDCE,A,A2411,N,20240311,21:01,2,8,4560.5,15,0,大商所,2024
20240312,XDCE,EB,EB2410,N,20240311,21:02,3,2,8803.0,15,0,大商所,2024
20240312,XDCE,EG,EG2406,N,20240311,21:01,2,3,4634.67,15,0,大商所,2024
20240312,XDCE,EG,EG2407,N,20240311,21:10,11,6,4641.0,15,0,大商所,2024
20240312,XDCE,EG,EG2408,N,20240311,21:18,19,5,4628.0,15,0,大商所,2024
20240312,XDCE,I,I2412,N,20240311,21:01,2,1,768.0,15,0,大商所,2024
20240312,XDCE,J,J2404,N,20240311,22:59,120,1,2224.0,15,0,大商所,2024
20240312,XDCE,L,L2404,N,20240311,21:01,2,3,8154.0,15,0,大商所,2024
20240312,XDCE,L,L2412,N,20240311,21:12,13,2,8149.0,15,0,大商所,2024
20240312,XDCE,L,L2501,N,20240311,21:12,13,2,8135.0,15,0,大商所,2024
20240312,XDCE,P,P2407,N,20240311,21:01,2,2,7508.0,15,0,大商所,2024
20240312,XDCE,PG,PG2408,N,20240311,21:01,2,1,4339.0,15,0,大商所,2024
20240312,XDCE,PP,PP2407,N,20240311,21:01,2,3,7467.0,15,0,大商所,2024
20240312,XDCE,PP,PP2408,N,20240311,21:01,2,8,7458.25,15,0,大商所,2024
20240312,XDCE,V,V2411,N,20240311,21:01,2,1,6070.0,15,0,大商所,2024
20240312,XDCE,Y,Y2412,N,20240311,21:01,2,3,7540.67,15,0,大商所,2024
20240328,XDCE,EG,EG2404,N,20240327,21:01,2,1,4462.0,15,0,大商所,2024
20240328,XDCE,EG,EG2406,N,20240327,21:01,2,5,4502.0,15,0,大商所,2024
20240328,XDCE,EG,EG2410,N,20240327,21:18,19,4,4544.0,15,0,大商所,2024
20240328,XDCE,EG,EG2501,N,20240327,21:01,2,1,4579.0,15,0,大商所,2024
20240328,XDCE,V,V2407,N,20240327,21:01,2,18,5901.22,15,0,大商所,2024
20240328,XDCE,V,V2411,N,20240327,21:01,2,5,6011.0,15,0,大商所,2024
20240417,XDCE,EB,EB2411,D,20240417,14:30,195,1,9070.0,15,0,大商所,2024
20240417,XDCE,EG,EG2407,N,20240416,21:01,2,1,4457.0,15,0,大商所,2024
20240417,XDCE,EG,EG2410,N,20240416,21:05,6,1,4514.0,15,0,大商所,2024
20240417,XDCE,JM,JM2407,N,20240416,21:01,2,1,1677.0,15,0,大商所,2024
20240417,XDCE,L,L2410,N,20240416,21:01,2,2,8387.0,15,0,大商所,2024
20240417,XDCE,P,P2411,N,20240416,21:01,2,1,7510.0,15,0,大商所,2024
20240417,XDCE,P,P2412,N,20240416,21:01,2,3,7486.0,15,0,大商所,2024
20240417,XDCE,PG,PG2410,N,20240416,21:01,2,1,5018.0,15,0,大商所,2024
20240417,XDCE,PG,PG2411,N,20240416,21:32,33,2,4934.0,15,0,大商所,2024
20240417,XDCE,V,V2411,N,20240416,21:01,2,4,5995.0,15,0,大商所,2024
20240417,XDCE,V,V2412,N,20240416,21:03,4,1,6013.0,15,0,大商所,2024
20240508,XDCE,B,B2411,N,20240507,21:01,2,1,4148.0,15,0,大商所,2024
20240508,XDCE,B,B2412,N,20240507,21:01,2,1,4112.0,15,0,大商所,2024
20240508,XDCE,P,P2411,N,20240507,21:01,2,1,7538.0,15,0,大商所,2024
20240508,XDCE,P,P2412,N,20240507,21:01,2,1,7530.0,15,0,大商所,2024
20240508,XDCE,P,P2502,N,20240507,21:11,12,4,7506.0,15,0,大商所,2024
20240508,XDCE,P,P2503,N,20240507,21:06,7,1,7488.0,15,0,大商所,2024
20240508,XDCE,PP,PP2408,N,20240507,21:09,10,5,7570.0,15,0,大商所,2024
20240508,XDCE,RR,RR2409,N,20240507,21:01,2,3,3540.0,15,0,大商所,2024
20240508,XDCE,RR,RR2501,N,20240507,21:01,2,1,3581.0,15,0,大商所,2024
20240508,XDCE,RR,RR2502,N,20240507,21:01,2,1,3588.0,15,0,大商所,2024
20240508,XDCE,V,V2405,N,20240507,21:01,2,1,5841.0,15,0,大商所,2024
20240508,XDCE,V,V2412,N,20240507,21:01,2,2,6159.5,15,0,大商所,2024
20240524,XDCE,B,B2412,D,20240524,09:05,5,1,4185.0,15,0,大商所,2024
20240524,XDCE,EG,EG2410,N,20240523,21:02,3,1,4537.0,15,0,大商所,2024
20240524,XDCE,L,L2410,N,20240523,21:01,2,3,8527.67,15,0,大商所,2024
20240524,XDCE,P,P2411,N,20240523,21:01,2,1,7608.0,15,0,大商所,2024
20240524,XDCE,P,P2412,N,20240523,21:01,2,6,7660.33,15,0,大商所,2024
20240524,XDCE,PG,PG2412,N,20240523,21:17,18,1,5021.0,15,0,大商所,2024
20240524,XDCE,PG,PG2502,N,20240523,21:03,4,2,4904.0,15,0,大商所,2024
20240524,XDCE,RR,RR2411,N,20240523,21:01,2,2,3565.0,15,0,大商所,2024
20240524,XDCE,RR,RR2412,N,20240523,21:01,2,2,3570.5,15,0,大商所,2024
20240612,XDCE,B,B2411,N,20240611,21:02,3,1,4026.0,15,0,大商所,2024
20240612,XDCE,B,B2503,D,20240612,10:45,90,2,3869.0,15,0,大商所,2024
20240612,XDCE,B,B2504,D,20240612,10:45,90,2,3816.0,15,0,大商所,2024
20240612,XDCE,CS,CS2505,N,20240611,21:01,2,1,2845.0,15,0,大商所,2024
20240612,XDCE,L,L2502,N,20240611,21:20,21,1,8547.0,15,0,大商所,2024
20240612,XDCE,P,P2411,N,20240611,21:01,2,2,7638.0,15,0,大商所,2024
20240612,XDCE,P,P2503,N,20240611,21:01,2,1,7626.0,15,0,大商所,2024
20240612,XDCE,PG,PG2505,D,20240612,14:48,213,2,4882.0,15,0,大商所,2024
20240612,XDCE,PP,PP2410,N,20240611,21:01,2,2,7670.0,15,0,大商所,2024
20240612,XDCE,V,V2504,N,20240611,21:15,16,1,6639.0,15,0,大商所,2024
20240628,XDCE,EB,EB2502,N,20240627,22:04,65,2,8861.0,15,0,大商所,2024
20240628,XDCE,EG,EG2502,N,20240627,21:04,5,4,4651.0,15,0,大商所,2024
20240628,XDCE,EG,EG2503,N,20240627,21:04,5,4,4657.0,15,0,大商所,2024
20240628,XDCE,L,L2407,N,20240627,21:26,27,4,8459.0,15,0,大商所,2024
20240628,XDCE,L,L2410,N,20240627,21:01,2,1,8513.0,15,0,大商所,2024
20240628,XDCE,PG,PG2412,N,20240627,21:03,4,1,5059.0,15,0,大商所,2024
20240628,XDCE,PG,PG2502,N,20240627,21:04,5,1,4860.0,15,0,大商所,2024
20240628,XDCE,PG,PG2503,N,20240627,21:01,2,1,4699.0,15,0,大商所,2024
20240628,XDCE,PP,PP2410,N,20240627,21:01,2,1,7721.0,15,0,大商所,2024
20240628,XDCE,PP,PP2412,N,20240627,21:17,18,3,7750.0,15,0,大商所,2024
20240628,XDCE,PP,PP2502,N,20240627,21:01,2,2,7734.0,15,0,大商所,2024
20240628,XDCE,PP,PP2503,N,20240627,21:01,2,3,7737.33,15,0,大商所,2024
20240628,XDCE,PP,PP2504,N,20240627,21:01,2,2,7749.5,15,0,大商所,2024
20240628,XDCE,Y,Y2412,N,20240627,21:01,2,2,7899.0,15,0,大商所,2024
20240716,XDCE,B,B2503,N,20240715,21:33,34,1,3662.0,15,0,大商所,2024
20240716,XDCE,EG,EG2411,N,20240715,21:01,2,6,4708.0,15,0,大商所,2024
20240716,XDCE,J,J2408,D,20240716,09:21,21,1,2250.5,15,0,大商所,2024
20240716,XDCE,PG,PG2503,N,20240715,21:29,30,1,4615.0,15,0,大商所,2024
20240716,XDCE,PG,PG2504,N,20240715,21:29,30,1,4965.0,15,0,大商所,2024
20240716,XDCE,PP,PP2412,N,20240715,21:01,2,1,7720.0,15,0,大商所,2024
20240801,XDCE,PG,PG2506,D,20240801,15:00,225,1,4614.0,15,0,大商所,2024
20240801,XDCE,PP,PP2408,D,20240801,15:00,225,13,7541.0,15,0,大商所,2024
20240801,XDCE,PP,PP2503,D,20240801,11:12,117,2,7598.0,15,0,大商所,2024
20240801,XDCE,V,V2503,N,20240731,21:01,2,2,5919.5,15,0,大商所,2024
20240801,XDCE,Y,Y2408,D,20240801,15:00,225,99,7518.0,15,0,大商所,2024
20240801,XDCE,Y,Y2507,N,20240731,22:14,75,1,7496.0,15,0,大商所,2024
20240819,XDCE,B,B2503,N,20240816,21:29,30,1,3442.0,15,0,大商所,2024
20240819,XDCE,B,B2504,N,20240816,21:29,30,1,3401.0,15,0,大商所,2024
20240819,XDCE,EB,EB2408,D,20240819,09:05,5,100,9407.0,15,0,大商所,2024
20240819,XDCE,EG,EG2411,N,20240816,21:01,2,1,4553.0,15,0,大商所,2024
20240819,XDCE,EG,EG2504,N,20240816,21:32,33,1,4641.0,15,0,大商所,2024
20240819,XDCE,PG,PG2503,N,20240816,21:16,17,2,4444.0,15,0,大商所,2024
20240819,XDCE,PG,PG2506,N,20240816,21:24,25,2,4554.0,15,0,大商所,2024
20240819,XDCE,PG,PG2507,N,20240816,21:24,25,2,4478.0,15,0,大商所,2024
20240819,XDCE,PP,PP2410,N,20240816,21:01,2,1,7554.0,15,0,大商所,2024
20240819,XDCE,PP,PP2411,N,20240816,21:01,2,1,7551.0,15,0,大商所,2024
20240819,XDCE,PP,PP2502,N,20240816,21:58,59,2,7468.0,15,0,大商所,2024
20240819,XDCE,PP,PP2503,N,20240816,21:58,59,2,7472.0,15,0,大商所,2024
20240819,XDCE,RR,RR2412,N,20240816,21:43,44,1,3536.0,15,0,大商所,2024
20240819,XDCE,RR,RR2501,N,20240816,21:43,44,1,3545.0,15,0,大商所,2024
20240904,XDCE,B,B2502,N,20240903,21:02,3,8,3625.0,15,0,大商所,2024
20240904,XDCE,EB,EB2507,N,20240903,21:02,3,1,8839.0,15,0,大商所,2024
20240904,XDCE,EB,EB2508,N,20240903,21:02,3,1,8839.0,15,0,大商所,2024
20240904,XDCE,EG,EG2412,N,20240903,21:01,2,3,4698.0,15,0,大商所,2024
20240904,XDCE,EG,EG2503,N,20240903,22:41,102,1,4722.0,15,0,大商所,2024
20240904,XDCE,M,M2409,N,20240903,21:33,34,2,3050.0,15,0,大商所,2024
20240904,XDCE,V,V2504,N,20240903,21:01,2,5,5636.0,15,0,大商所,2024
20240904,XDCE,V,V2506,N,20240903,21:01,2,1,5701.0,15,0,大商所,2024
20240904,XDCE,V,V2507,N,20240903,21:01,2,1,5729.0,15,0,大商所,2024
20240904,XDCE,Y,Y2409,D,20240904,15:00,225,97,7766.0,15,0,大商所,2024
20240924,XDCE,EB,EB2506,N,20240923,21:23,24,2,8264.0,15,0,大商所,2024
20240924,XDCE,I,I2508,N,20240923,21:01,2,8,644.062,15,0,大商所,2024
20240924,XDCE,P,P2504,N,20240923,21:14,15,1,8134.0,15,0,大商所,2024
20240924,XDCE,P,P2506,N,20240923,21:01,2,4,8020.0,15,0,大商所,2024
20240924,XDCE,PG,PG2508,D,20240924,09:12,12,1,4177.0,15,0,大商所,2024
20240924,XDCE,V,V2503,N,20240923,21:01,2,1,5236.0,15,0,大商所,2024
20241017,XDCE,B,B2506,N,20241016,21:01,2,3,3437.67,15,0,大商所,2024
20241017,XDCE,EB,EB2410,D,20241017,09:16,16,5,8602.0,15,0,大商所,2024
20241017,XDCE,EB,EB2507,N,20241016,21:28,29,1,8309.0,15,0,大商所,2024
20241017,XDCE,EB,EB2509,N,20241016,21:28,29,1,8305.0,15,0,大商所,2024
20241017,XDCE,EG,EG2412,N,20241016,21:01,2,9,4672.0,15,0,大商所,2024
20241017,XDCE,L,L2410,D,20241017,09:28,28,1,8303.0,15,0,大商所,2024
20241017,XDCE,L,L2502,N,20241016,21:01,2,1,8108.0,15,0,大商所,2024
20241017,XDCE,P,P2502,N,20241016,21:01,2,13,8860.77,15,0,大商所,2024
20241017,XDCE,P,P2504,N,20241016,21:01,2,12,8664.0,15,0,大商所,2024
20241017,XDCE,P,P2507,N,20241016,21:26,27,1,8388.0,15,0,大商所,2024
20241017,XDCE,PG,PG2505,N,20241016,21:16,17,1,4665.0,15,0,大商所,2024
20241017,XDCE,PG,PG2506,N,20241016,22:01,62,1,4646.0,15,0,大商所,2024
20241017,XDCE,PG,PG2507,N,20241016,21:16,17,2,4563.0,15,0,大商所,2024
20241017,XDCE,PG,PG2508,N,20241016,21:16,17,1,4518.0,15,0,大商所,2024
20241017,XDCE,PG,PG2509,N,20241016,22:18,79,2,4469.0,15,0,大商所,2024
20241017,XDCE,PP,PP2502,N,20241016,21:01,2,2,7532.0,15,0,大商所,2024
20241017,XDCE,V,V2503,N,20241016,21:01,2,49,5665.2,15,0,大商所,2024
20241017,XDCE,V,V2504,N,20241016,21:01,2,20,5850.5,15,0,大商所,2024
20241017,XDCE,V,V2506,N,20241016,21:01,2,1,5926.0,15,0,大商所,2024
20241104,XDCE,B,B2509,N,20241101,21:01,2,1,3633.0,15,0,大商所,2024
20241104,XDCE,B,B2510,N,20241101,21:01,2,1,3633.0,15,0,大商所,2024
20241104,XDCE,EB,EB2506,N,20241101,21:27,28,1,8434.0,15,0,大商所,2024
20241104,XDCE,EG,EG2509,N,20241101,21:19,20,3,4712.0,15,0,大商所,2024
20241104,XDCE,P,P2507,N,20241101,21:01,2,1,8924.0,15,0,大商所,2024
20241104,XDCE,V,V2504,N,20241101,21:01,2,19,5708.1,15,0,大商所,2024
20241104,XDCE,V,V2506,N,20241101,21:01,2,1,5776.0,15,0,大商所,2024
20241104,XDCE,V,V2507,N,20241101,21:01,2,1,5809.0,15,0,大商所,2024
20241104,XDCE,Y,Y2411,N,20241101,22:34,95,30,8406.0,15,0,大商所,2024
20241120,XDCE,B,B2412,N,20241119,21:07,8,2,3631.0,15,0,大商所,2024
20241120,XDCE,B,B2508,N,20241119,21:01,2,3,3567.0,15,0,大商所,2024
20241120,XDCE,EB,EB2508,N,20241119,21:49,50,2,8446.5,15,0,大商所,2024
20241120,XDCE,EG,EG2412,N,20241119,21:02,3,1,4558.0,15,0,大商所,2024
20241120,XDCE,P,P2507,N,20241119,21:07,8,3,8922.67,15,0,大商所,2024
20241206,XDCE,A,A2511,N,20241205,21:05,6,1,3934.0,15,0,大商所,2024
20241206,XDCE,CS,CS2509,N,20241205,21:01,2,2,2618.0,15,0,大商所,2024
20241206,XDCE,EG,EG2503,N,20241205,21:01,2,3,4697.0,15,0,大商所,2024
20241206,XDCE,J,J2509,N,20241205,22:09,70,1,1971.0,15,0,大商所,2024
20241206,XDCE,LG,LG2509,D,20241206,09:01,2,3,826.667,15,0,大商所,2024
20241206,XDCE,LG,LG2511,D,20241206,09:01,2,3,842.0,15,0,大商所,2024
20241206,XDCE,V,V2412,N,20241205,21:10,11,1,4984.0,15,0,大商所,2024
20241206,XDCE,V,V2506,N,20241205,21:01,2,1,5391.0,15,0,大商所,2024
20241206,XDCE,V,V2507,N,20241205,21:01,2,1,5431.0,15,0,大商所,2024
20241224,XDCE,B,B2507,N,20241223,21:01,2,1,3251.0,15,0,大商所,2024
20241224,XDCE,EB,EB2412,N,20241223,22:49,110,159,8658.0,15,0,大商所,2024
20241224,XDCE,I,I2510,N,20241223,21:01,2,6,751.0,15,0,大商所,2024
20241224,XDCE,V,V2508,N,20241223,21:01,2,3,5474.67,15,0,大商所,2024
20250110,XGFE,SI,SI2501,D,20250110,09:04,5,100,10530.0,15,0,广期所,2025
20250110,XDCE,EB,EB2508,N,20250109,21:01,2,2,8208.0,15,0,大商所,2025
20250110,XDCE,L,L2508,N,20250109,21:53,54,10,7817.0,15,0,大商所,2025
20250110,XDCE,L,L2510,N,20250109,22:37,98,1,7786.0,15,0,大商所,2025
20250110,XDCE,L,L2512,N,20250109,22:37,98,1,7783.0,15,0,大商所,2025
20250110,XDCE,PG,PG2507,N,20250109,21:04,5,4,4431.75,15,0,大商所,2025
20250110,XDCE,PG,PG2510,N,20250109,21:07,8,1,4695.0,15,0,大商所,2025
20250110,XDCE,RR,RR2507,N,20250109,21:01,2,2,3516.0,15,0,大商所,2025
20250110,XDCE,RR,RR2508,N,20250109,21:01,2,2,3519.0,15,0,大商所,2025
20250205,XGFE,PS,PS2508,D,20250205,09:01,2,3,43730.0,15,0,广期所,2025
20250205,XDCE,EB,EB2512,D,20250205,09:34,34,1,8355.0,15,0,大商所,2025
20250205,XDCE,EG,EG2502,D,20250205,10:15,75,40,4633.0,15,0,大商所,2025
20250205,XDCE,P,P2507,D,20250205,09:01,1,2,8376.0,15,0,大商所,2025
20250205,XDCE,PP,PP2510,D,20250205,14:33,198,1,7380.0,15,0,大商所,2025
20250221,XDCE,EG,EG2508,N,20250220,22:52,113,1,4723.0,15,0,大商所,2025
20250221,XDCE,EG,EG2510,N,20250220,22:52,113,1,4719.0,15,0,大商所,2025
20250221,XDCE,J,J2601,N,20250220,21:41,42,2,1871.25,15,0,大商所,2025
20250312,XDCE,A,A2601,N,20250311,21:01,2,4,4050.0,15,0,大商所,2025
20250312,XDCE,CS,CS2601,N,20250311,21:01,2,2,2703.0,15,0,大商所,2025
20250312,XDCE,EB,EB2510,N,20250311,21:07,8,1,7907.0,15,0,大商所,2025
20250312,XDCE,PG,PG2511,N,20250311,21:59,60,2,4485.5,15,0,大商所,2025
20250312,XDCE,Y,Y2512,N,20250311,21:07,8,3,7784.0,15,0,大商所,2025
20250402,XDCE,EB,EB2602,N,20250401,21:02,3,1,7841.0,15,0,大商所,2025
20250402,XDCE,JM,JM2601,N,20250401,21:02,3,1,1130.0,15,0,大商所,2025
20250402,XDCE,P,P2510,N,20250401,21:11,12,2,8475.0,15,0,大商所,2025
20250402,XDCE,P,P2512,N,20250401,21:10,11,2,8422.0,15,0,大商所,2025
20250402,XDCE,P,P2602,N,20250401,21:10,11,2,8407.0,15,0,大商所,2025
20250402,XDCE,PG,PG2602,N,20250401,21:04,5,1,4325.0,15,0,大商所,2025
20250402,XDCE,PG,PG2603,N,20250401,21:04,5,1,4284.0,15,0,大商所,2025
20250421,XDCE,B,B2511,N,20250418,21:01,2,2,3663.0,15,0,大商所,2025
20250421,XDCE,B,B2512,N,20250418,21:01,2,2,3682.0,15,0,大商所,2025
20250421,XDCE,L,L2511,D,20250421,10:34,79,2,7152.0,15,0,大商所,2025
20250421,XDCE,RR,RR2510,N,20250418,21:01,2,1,3572.0,15,0,大商所,2025
20250421,XDCE,RR,RR2512,N,20250418,21:01,2,2,3567.0,15,0,大商所,2025
20250421,XDCE,RR,RR2601,N,20250418,21:01,2,1,3573.0,15,0,大商所,2025
20250421,XDCE,V,V2511,N,20250418,21:19,20,2,5090.0,15,0,大商所,2025
20250512,XDCE,CS,CS2505,N,20250509,21:20,21,26,2708.0,15,0,大商所,2025
20250512,XDCE,I,I2602,N,20250509,21:01,2,33,667.03,15,0,大商所,2025
20250512,XDCE,J,J2510,D,20250512,09:24,24,1,1483.5,15,0,大商所,2025
20250512,XDCE,P,P2602,N,20250509,21:57,58,2,7918.0,15,0,大商所,2025
20250512,XDCE,PG,PG2601,N,20250509,21:09,10,1,4214.0,15,0,大商所,2025
20250512,XDCE,PP,PP2604,D,20250512,11:07,112,1,6904.0,15,0,大商所,2025
20250512,XDCE,RR,RR2510,N,20250509,21:30,31,2,3627.0,15,0,大商所,2025
20250528,XDCE,EG,EG2510,N,20250527,21:02,3,2,4367.5,15,0,大商所,2025
20250528,XDCE,EG,EG2511,N,20250527,21:01,2,4,4352.5,15,0,大商所,2025
20250528,XDCE,EG,EG2512,N,20250527,21:01,2,4,4329.0,15,0,大商所,2025
20250528,XDCE,J,J2510,N,20250527,21:39,40,1,1392.0,15,0,大商所,2025
20250528,XDCE,J,J2511,N,20250527,21:16,17,1,1397.0,15,0,大商所,2025
20250528,XDCE,L,L2511,N,20250527,21:04,5,1,6983.0,15,0,大商所,2025
20250528,XDCE,L,L2512,N,20250527,21:04,5,1,6986.0,15,0,大商所,2025
20250528,XDCE,P,P2510,N,20250527,21:05,6,2,8019.0,15,0,大商所,2025
20250528,XDCE,PG,PG2511,N,20250527,21:21,22,5,4239.0,15,0,大商所,2025
20250528,XDCE,PG,PG2601,N,20250527,21:21,22,1,4106.0,15,0,大商所,2025
20250616,XDCE,EB,EB2602,N,20250613,21:02,3,2,7239.0,15,0,大商所,2025
20250616,XDCE,EB,EB2603,N,20250613,21:08,9,3,7231.0,15,0,大商所,2025
20250616,XDCE,EB,EB2604,N,20250613,21:08,9,2,7238.0,15,0,大商所,2025
20250616,XDCE,EG,EG2511,N,20250613,21:08,9,2,4354.0,15,0,大商所,2025
20250616,XDCE,I,I2506,D,20250616,15:00,225,400,750.0,15,0,大商所,2025
20250616,XDCE,I,I2511,N,20250613,21:01,2,3,687.5,15,0,大商所,2025
20250616,XDCE,JM,JM2511,N,20250613,21:01,2,1,787.0,15,0,大商所,2025
20250616,XDCE,L,L2506,N,20250613,21:45,46,2,7262.0,15,0,大商所,2025
20250616,XDCE,L,L2602,N,20250613,21:09,10,5,7217.0,15,0,大商所,2025
20250703,XDCE,EB,EB2606,D,20250703,09:17,17,2,7063.5,15,0,大商所,2025
20250703,XDCE,EG,EG2507,D,20250703,15:00,225,88,4226.0,15,0,大商所,2025
20250703,XDCE,L,L2602,N,20250702,21:05,6,2,7262.0,15,0,大商所,2025
20250703,XDCE,L,L2603,N,20250702,21:05,6,2,7256.5,15,0,大商所,2025
20250703,XDCE,LG,LG2601,D,20250703,09:01,2,1,785.5,15,0,大商所,2025
20250703,XDCE,P,P2602,N,20250702,21:18,19,2,8442.0,15,0,大商所,2025
20250703,XDCE,P,P2603,N,20250702,21:10,11,1,8408.0,15,0,大商所,2025
20250703,XDCE,P,P2604,N,20250702,21:10,11,1,8366.0,15,0,大商所,2025
20250703,XDCE,PG,PG2512,N,20250702,21:10,11,2,4334.0,15,0,大商所,2025
20250703,XDCE,PG,PG2604,N,20250702,21:02,3,1,4390.0,15,0,大商所,2025
20250703,XDCE,PG,PG2605,N,20250702,21:02,3,1,4290.0,15,0,大商所,2025
20250721,XDCE,J,J2508,N,20250718,21:02,3,2,1504.0,15,0,大商所,2025
20250721,XDCE,J,J2605,N,20250718,21:14,15,1,1617.5,15,0,大商所,2025
20250721,XDCE,L,L2603,N,20250718,21:37,38,3,7256.0,15,0,大商所,2025
20250721,XDCE,P,P2602,N,20250718,21:01,2,2,8898.0,15,0,大商所,2025
20250721,XDCE,P,P2603,N,20250718,21:49,50,6,8791.33,15,0,大商所,2025
20250721,XDCE,P,P2604,N,20250718,22:22,83,2,8710.0,15,0,大商所,2025
20250721,XDCE,PG,PG2603,N,20250718,21:02,3,2,4028.0,15,0,大商所,2025
20250721,XDCE,PG,PG2604,N,20250718,21:02,3,2,4314.5,15,0,大商所,2025
20250721,XDCE,PG,PG2605,N,20250718,21:02,3,2,4215.5,15,0,大商所,2025
20250808,XGFE,LC,LC2508,D,20250808,09:05,6,6,73360.0,15,0,广期所,2025
20250808,XGFE,PS,PS2508,D,20250808,10:55,101,7,50000.0,15,0,广期所,2025
20250808,XDCE,B,B2604,N,20250807,21:01,2,8,3563.12,15,0,大商所,2025
20250808,XDCE,BZ,BZ2605,D,20250808,09:02,3,3,6239.0,15,0,大商所,2025
20250808,XDCE,P,P2602,N,20250807,21:52,53,2,8958.0,15,0,大商所,2025
20250808,XDCE,P,P2603,N,20250807,21:52,53,1,8894.0,15,0,大商所,2025
20250808,XDCE,PP,PP2602,N,20250807,21:01,2,1,7088.0,15,0,大商所,2025
20250826,XDCE,EB,EB2508,D,20250826,15:00,225,137,7260.0,15,0,大商所,2025
20250826,XDCE,J,J2603,N,20250825,21:14,15,1,1773.5,15,0,大商所,2025
20250826,XDCE,JD,JD2508,D,20250826,15:00,226,5,2932.0,15,0,大商所,2025
20250826,XDCE,P,P2607,N,20250825,21:42,43,1,9072.0,15,0,大商所,2025
20250826,XDCE,PG,PG2604,N,20250825,21:14,15,2,4369.0,15,0,大商所,2025
20250826,XDCE,RR,RR2601,N,20250825,21:01,2,2,3622.0,15,0,大商所,2025
20250826,XDCE,RR,RR2602,N,20250825,21:01,2,2,3609.0,15,0,大商所,2025
20250912,XDCE,B,B2509,D,20250912,15:00,225,13,3694.0,15,0,大商所,2025
20250912,XDCE,BB,BB2509,D,20250912,15:00,226,1,144.15,15,0,大商所,2025
20250912,XDCE,C,C2509,D,20250912,15:00,225,61,2256.0,15,0,大商所,2025
20250912,XDCE,CS,CS2509,N,20250911,21:02,3,50,2502.0,15,0,大商所,2025
20250912,XDCE,EG,EG2605,N,20250911,21:01,2,1,4350.0,15,0,大商所,2025
20250912,XDCE,JM,JM2607,N,20250911,21:01,2,1,1253.5,15,0,大商所,2025
20250912,XDCE,L,L2606,D,20250912,10:00,60,2,7228.0,15,0,大商所,2025
20250912,XDCE,M,M2509,D,20250912,15:00,225,983,3023.0,15,0,大商所,2025
20250912,XDCE,P,P2509,D,20250912,15:00,225,8,9384.0,15,0,大商所,2025
20250912,XDCE,P,P2604,N,20250911,21:14,15,1,9184.0,15,0,大商所,2025
20250912,XDCE,PG,PG2604,D,20250912,14:35,200,2,4476.0,15,0,大商所,2025
20250912,XDCE,Y,Y2509,D,20250912,15:00,225,327,8398.0,15,0,大商所,2025
20250930,XDCE,A,A2609,N,20250929,21:13,14,2,3932.0,15,0,大商所,2025
20250930,XDCE,CS,CS2605,N,20250929,21:02,3,8,2548.0,15,0,大商所,2025
20250930,XDCE,EB,EB2604,N,20250929,21:09,10,1,7108.0,15,0,大商所,2025
20250930,XDCE,L,L2510,N,20250929,21:01,2,10,7090.0,15,0,大商所,2025
20250930,XDCE,PG,PG2604,N,20250929,21:15,16,1,4346.0,15,0,大商所,2025
20250930,XDCE,PG,PG2605,N,20250929,21:01,2,2,4309.5,15,0,大商所,2025
20250930,XDCE,PG,PG2606,N,20250929,21:01,2,2,4255.0,15,0,大商所,2025
20250930,XDCE,PG,PG2609,N,20250929,21:01,2,2,4089.0,15,0,大商所,2025
20251024,XDCE,B,B2606,N,20251023,21:25,26,6,3456.0,15,0,大商所,2025
20251024,XDCE,EB,EB2606,N,20251023,21:39,40,1,6917.0,15,0,大商所,2025
20251024,XDCE,EB,EB2607,N,20251023,21:39,40,1,6955.0,15,0,大商所,2025
20251024,XDCE,J,J2609,N,20251023,21:02,3,1,1984.0,15,0,大商所,2025
20251024,XDCE,L,L2604,N,20251023,21:04,5,2,7056.0,15,0,大商所,2025
20251024,XDCE,L,L2606,N,20251023,21:15,16,2,7043.0,15,0,大商所,2025
20251024,XDCE,L,L2607,N,20251023,21:04,5,2,7069.0,15,0,大商所,2025
20251024,XDCE,P,P2608,N,20251023,22:05,66,1,8926.0,15,0,大商所,2025
20251024,XDCE,PG,PG2606,D,20251024,10:03,63,2,4079.0,15,0,大商所,2025
20251024,XDCE,PP,PP2608,N,20251023,21:10,11,1,6723.0,15,0,大商所,2025
20251111,XGFE,PS,PS2511,D,20251111,09:16,17,1,51505.0,15,0,广期所,2025
20251111,XDCE,B,B2609,N,20251110,21:41,42,2,3618.0,15,0,大商所,2025
20251111,XDCE,EB,EB2606,N,20251110,21:05,6,2,6650.0,15,0,大商所,2025
20251111,XDCE,EB,EB2607,N,20251110,21:05,6,4,6716.0,15,0,大商所,2025
20251111,XDCE,EB,EB2608,N,20251110,21:05,6,4,6747.0,15,0,大商所,2025
20251111,XDCE,EG,EG2511,D,20251111,15:00,225,19,3848.0,15,0,大商所,2025
20251111,XDCE,L,L2511,D,20251111,09:14,14,26,6736.0,15,0,大商所,2025
20251111,XDCE,P,P2603,N,20251110,21:02,3,6,8766.67,15,0,大商所,2025
20251111,XDCE,PG,PG2511,D,20251111,15:00,225,210,4250.0,15,0,大商所,2025
20251111,XDCE,PG,PG2607,D,20251111,10:42,87,1,4024.0,15,0,大商所,2025
20251111,XDCE,PG,PG2610,N,20251110,21:42,43,1,4274.0,15,0,大商所,2025
20251111,XDCE,Y,Y2608,N,20251110,21:04,5,1,7970.0,15,0,大商所,2025
20251127,XDCE,B,B2607,N,20251126,21:01,2,2,3515.0,15,0,大商所,2025
20251127,XDCE,B,B2608,N,20251126,21:01,2,2,3606.0,15,0,大商所,2025
20251127,XDCE,EB,EB2606,N,20251126,21:14,15,13,6759.0,15,0,大商所,2025
20251127,XDCE,P,P2604,N,20251126,21:30,31,1,8530.0,15,0,大商所,2025
20251127,XDCE,Y,Y2607,N,20251126,21:02,3,1,7910.0,15,0,大商所,2025
20251215,XDCE,L,L2610,N,20251212,21:04,5,1,6551.0,15,0,大商所,2025
20251215,XDCE,P,P2604,N,20251212,21:01,2,1,8594.0,15,0,大商所,2025
20251215,XDCE,P,P2607,N,20251212,22:59,120,2,8532.0,15,0,大商所,2025
20251215,XDCE,PG,PG2607,N,20251212,21:09,10,3,3902.0,15,0,大商所,2025
20251215,XDCE,PG,PG2608,N,20251212,21:07,8,6,3829.0,15,0,大商所,2025
20251231,XDCE,J,J2609,N,20251230,21:01,2,1,1795.5,15,0,大商所,2025
20251231,XDCE,L,L2610,N,20251230,21:01,2,4,6519.0,15,0,大商所,2025
20251231,XDCE,L,L2611,N,20251230,21:05,6,2,6542.5,15,0,大商所,2025
20251231,XDCE,PG,PG2612,N,20251230,21:50,51,1,4054.0,15,0,大商所,2025
20251231,XDCE,PP,PP2610,N,20251230,21:03,4,15,6316.8,15,0,大商所,2025
20251231,XDCE,Y,Y2611,N,20251230,21:18,19,2,7722.0,15,0,大商所,2025
20251231,XDCE,Y,Y2612,N,20251230,21:31,32,3,7747.33,15,0,大商所,2025
20260120,XDCE,EB,EB2610,N,20260119,21:31,32,3,7219.0,15,0,大商所,2026
20260120,XDCE,J,J2606,N,20260119,22:49,110,1,1739.5,15,0,大商所,2026
20260120,XDCE,L,L2610,N,20260119,21:09,10,2,6709.0,15,0,大商所,2026
20260205,XDCE,BB,BB2603,D,20260205,15:00,226,1,148.5,15,0,大商所,2026
20260205,XDCE,FB,FB2605,D,20260205,09:02,3,14,1274.5,15,0,大商所,2026
20260205,XDCE,FB,FB2606,D,20260205,09:02,3,14,1278.5,15,0,大商所,2026
20260205,XDCE,J,J2604,N,20260204,21:09,10,1,1724.0,15,0,大商所,2026
20260205,XDCE,PG,PG2610,N,20260204,22:42,103,1,4512.0,15,0,大商所,2026
20260205,XDCE,PG,PG2611,N,20260204,22:42,103,3,4425.0,15,0,大商所,2026
20260205,XDCE,PG,PG2612,N,20260204,22:42,103,4,4342.0,15,0,大商所,2026
20260304,XGFE,PD,PD2610,D,20260304,09:02,3,1,434.95,15,0,广期所,2026
20260304,XGFE,PD,PD2612,D,20260304,09:02,3,1,435.45,15,0,广期所,2026
20260304,XDCE,EB,EB2603,N,20260303,21:06,7,100,8155.0,15,0,大商所,2026
20260304,XDCE,L,L2603,D,20260304,09:19,19,100,7102.0,15,0,大商所,2026
20260304,XDCE,M,M2603,D,20260304,09:21,21,20,3004.0,15,0,大商所,2026
20260304,XDCE,P,P2607,N,20260303,21:01,2,6,9066.67,15,0,大商所,2026
20260304,XDCE,PG,PG2611,N,20260303,21:18,19,1,5053.0,15,0,大商所,2026
20260304,XDCE,PG,PG2612,N,20260303,21:08,9,1,4778.0,15,0,大商所,2026
20260304,XDCE,PG,PG2702,N,20260303,21:08,9,1,4643.0,15,0,大商所,2026
20260304,XDCE,Y,Y2611,N,20260303,21:01,2,1,8336.0,15,0,大商所,2026
20260324,XDCE,P,P2612,N,20260323,21:01,2,2,9672.0,15,0,大商所,2026
20260416,XDCE,EG,EG2702,D,20260416,09:54,54,1,4605.0,15,0,大商所,2026
20260416,XDCE,L,L2606,N,20260415,21:01,2,10,8281.0,15,0,大商所,2026
20260416,XDCE,L,L2611,N,20260415,21:15,16,1,7862.0,15,0,大商所,2026
20260416,XDCE,L,L2702,N,20260415,22:56,117,7,7660.0,15,0,大商所,2026
20260416,XDCE,P,P2702,N,20260415,21:37,38,1,9261.0,15,0,大商所,2026
20260416,XDCE,PP,PP2611,N,20260415,21:25,26,2,8006.5,15,0,大商所,2026
20260511,XDCE,A,A2605,D,20260511,15:00,225,137,4778.0,15,0,大商所,2026
20260511,XDCE,EB,EB2605,D,20260511,10:39,84,49,9834.0,15,0,大商所,2026
20260511,XDCE,EB,EB2612,N,20260508,21:04,5,6,8524.0,15,0,大商所,2026
20260511,XDCE,EB,EB2703,D,20260511,14:44,209,3,8599.67,15,0,大商所,2026
20260511,XDCE,EG,EG2611,N,20260508,21:01,2,2,4684.0,15,0,大商所,2026
20260511,XDCE,EG,EG2612,N,20260508,21:12,13,1,4650.0,15,0,大商所,2026
20260511,XDCE,L,L2605,N,20260508,22:14,75,50,8129.0,15,0,大商所,2026
20260511,XDCE,L,L2611,N,20260508,21:14,15,4,7934.0,15,0,大商所,2026
20260511,XDCE,P,P2605,N,20260508,21:46,47,1,9426.0,15,0,大商所,2026
20260511,XDCE,P,P2611,N,20260508,21:01,2,4,9742.0,15,0,大商所,2026
20260511,XDCE,PG,PG2606,N,20260508,21:01,2,8,5814.0,15,0,大商所,2026
20260511,XDCE,PP,PP2611,N,20260508,21:01,2,8,8177.0,15,0,大商所,2026
20260511,XDCE,PP,PP2702,N,20260508,21:08,9,19,8028.32,15,0,大商所,2026
20260602,XGFE,PD,PD2606,D,20260602,09:02,3,5,318.2,15,0,广期所,2026
20260602,XGFE,PS,PS2606,D,20260602,11:13,119,10,37020.0,15,0,广期所,2026
20260602,XGFE,PT,PT2612,D,20260602,09:01,2,1,485.5,15,0,广期所,2026
20260602,XGFE,SI,SI2606,D,20260602,09:30,31,155,8580.0,15,0,广期所,2026
20260602,XDCE,BZ,BZ2612,D,20260602,09:01,2,2,6922.5,15,0,大商所,2026
20260602,XDCE,BZ,BZ2701,D,20260602,09:00,1,2,6984.0,15,0,大商所,2026
20260602,XDCE,BZ,BZ2702,D,20260602,09:12,13,2,6920.5,15,0,大商所,2026
20260602,XDCE,BZ,BZ2703,D,20260602,09:00,1,2,6928.0,15,0,大商所,2026
20260602,XDCE,CS,CS2701,N,20260601,21:01,2,10,2669.0,15,0,大商所,2026
20260602,XDCE,EG,EG2703,N,20260601,21:05,6,2,4392.0,15,0,大商所,2026
20260602,XDCE,I,I2612,N,20260601,21:01,2,40,769.5,15,0,大商所,2026
20260602,XDCE,JM,JM2704,N,20260601,21:04,5,2,1623.5,15,0,大商所,2026
20260602,XDCE,L,L2705,N,20260601,21:04,5,1,7680.0,15,0,大商所,2026
20260602,XDCE,P,P2606,D,20260602,09:01,1,2,9417.0,15,0,大商所,2026
20260602,XDCE,P,P2611,N,20260601,21:01,2,1,9873.0,15,0,大商所,2026
20260602,XDCE,P,P2612,N,20260601,21:01,2,1,9928.0,15,0,大商所,2026
20260602,XDCE,PG,PG2611,N,20260601,21:01,2,2,5486.5,15,0,大商所,2026
20260602,XDCE,PP,PP2702,N,20260601,21:21,22,2,7997.0,15,0,大商所,2026
20260602,XDCE,PP,PP2704,N,20260601,21:22,23,2,7951.0,15,0,大商所,2026
20260625,XGFE,PT,PT2702,D,20260625,09:01,2,1,416.55,15,0,广期所,2026
20260625,XGFE,SI,SI2607,D,20260625,09:01,2,51,8390.0,15,0,广期所,2026
20260625,XDCE,BZ,BZ2606,D,20260625,15:00,226,14,7753.0,15,0,大商所,2026
20260625,XDCE,BZ,BZ2702,D,20260625,09:00,1,3,6199.0,15,0,大商所,2026
20260625,XDCE,EB,EB2606,D,20260625,15:00,225,411,7907.0,15,0,大商所,2026
20260625,XDCE,EG,EG2606,D,20260625,15:00,225,23,4555.0,15,0,大商所,2026
20260625,XDCE,L,L2612,N,20260624,21:01,2,9,6850.0,15,0,大商所,2026
20260625,XDCE,PG,PG2704,N,20260624,21:20,21,1,4708.0,15,0,大商所,2026
20260625,XDCE,V,V2704,N,20260624,21:02,3,11,4867.09,15,0,大商所,2026
20260714,XGFE,PD,PD2702,D,20260714,09:14,15,1,307.4,15,0,广期所,2026
20260714,XDCE,EB,EB2607,N,20260713,21:01,2,733,8022.0,15,0,大商所,2026
20260714,XDCE,EB,EB2703,N,20260713,22:36,97,1,7670.0,15,0,大商所,2026
20260714,XDCE,I,I2607,D,20260714,15:00,225,42,739.5,15,0,大商所,2026
20260714,XDCE,J,J2607,D,20260714,15:00,225,4,1879.0,15,0,大商所,2026
20260714,XDCE,J,J2610,N,20260713,21:33,34,8,1893.0,15,0,大商所,2026
20260714,XDCE,P,P2607,D,20260714,15:00,225,257,9193.0,15,0,大商所,2026
20260714,XDCE,PG,PG2612,N,20260713,21:01,2,5,4878.0,15,0,大商所,2026
20260714,XDCE,PG,PG2701,N,20260713,21:08,9,5,4775.0,15,0,大商所,2026
20260714,XDCE,PP,PP2612,N,20260713,21:01,2,34,7234.12,15,0,大商所,2026
20260714,XDCE,PP,PP2703,N,20260713,21:01,2,2,7136.0,15,0,大商所,2026
20260714,XDCE,PP,PP2704,N,20260713,21:01,2,2,7101.0,15,0,大商所,2026
20260714,XDCE,V,V2704,N,20260713,21:01,2,11,4897.0,15,0,大商所,2026
20260714,XDCE,V,V2706,N,20260713,21:01,2,25,4940.0,15,0,大商所,2026
20260714,XDCE,Y,Y2607,D,20260714,15:00,225,65,8331.0,15,0,大商所,2026
20260803,XGFE,SI,SI2608,D,20260803,09:20,21,10,8170.0,15,0,广期所,2026
20260803,XDCE,JM,JM2703,N,20260731,21:01,2,2,1299.5,15,0,大商所,2026
20260803,XDCE,L,L2706,D,20260803,09:18,18,2,7173.0,15,0,大商所,2026
20260803,XDCE,LG,LG2703,D,20260803,09:03,4,1,824.0,15,0,大商所,2026
20150105,XDCE,A,A1601,D,20150105,09:01,2,6,4411.33,5,0,大商所,2015
20150121,XDCE,Y,Y1601,N,20150120,21:01,2,11,5782.0,15,0,大商所,2015
20160713,XDCE,J,J1705,N,20160712,21:03,4,10,1046.35,5,0,大商所,2016
20160729,XDCE,J,J1705,N,20160728,21:02,3,3,1044.33,15,0,大商所,2016
20160901,XDCE,V,V1705,D,20160901,09:01,2,7,5323.57,5,0,大商所,2016
20160921,XDCE,J,J1709,N,20160920,21:03,4,1,1130.5,15,0,大商所,2016
20161014,XDCE,J,J1709,N,20161013,21:06,7,1,1249.5,15,0,大商所,2016
20161014,XDCE,JM,JM1709,N,20161013,21:35,36,1,946.0,15,0,大商所,2016
20161014,XDCE,V,V1705,D,20161014,09:01,2,23,5936.3,5,0,大商所,2016
20161101,XDCE,JM,JM1709,N,20161031,21:03,4,6,1088.0,15,0,大商所,2016
20170125,XDCE,V,V1801,D,20170125,09:24,25,1,6465.0,15,0,大商所,2017
20170307,XDCE,V,V1801,D,20170307,09:01,2,2,6735.0,15,0,大商所,2017
20170323,XDCE,PP,PP1801,D,20170323,09:01,2,1,8333.0,15,0,大商所,2017
20170428,XDCE,JM,JM1801,N,20170427,21:01,2,2,1081.25,5,0,大商所,2017
20170622,XDCE,CS,CS1805,D,20170622,09:01,2,8,2046.38,5,0,大商所,2017
20170622,XDCE,Y,Y1805,N,20170621,21:02,3,2,6058.0,15,0,大商所,2017
20171128,XDCE,Y,Y1809,N,20171127,21:01,2,1,6186.0,15,0,大商所,2017
20171214,XDCE,J,J1809,N,20171213,21:02,3,1,1965.0,15,0,大商所,2017
20180118,XDCE,A,A1901,N,20180117,21:01,2,1,3733.0,15,0,大商所,2018
20180118,XDCE,J,J1809,N,20180117,21:01,2,2,1913.5,5,0,大商所,2018
20180118,XDCE,JM,JM1901,N,20180117,21:02,3,1,1240.5,15,0,大商所,2018
20180118,XDCE,PP,PP1901,D,20180118,13:50,156,1,9344.0,15,0,大商所,2018
20180118,XDCE,V,V1901,D,20180118,09:11,12,5,6585.0,15,0,大商所,2018
20180205,XDCE,PP,PP1901,D,20180205,09:03,4,1,9295.0,15,0,大商所,2018
20180228,XDCE,JM,JM1901,N,20180227,22:57,118,1,1306.5,15,0,大商所,2018
20180228,XDCE,P,P1901,N,20180227,21:01,2,2,5264.0,5,0,大商所,2018
20180403,XDCE,J,J1901,N,20180402,21:07,8,1,1750.5,15,0,大商所,2018
20180423,XDCE,A,A1901,N,20180420,21:01,2,39,3943.31,5,0,大商所,2018
20180529,XDCE,JM,JM1905,N,20180528,23:03,124,6,1176.0,15,0,大商所,2018
20180529,XDCE,PP,PP1905,D,20180529,11:30,136,2,9043.0,15,0,大商所,2018
20180614,XDCE,C,C1905,D,20180614,09:01,2,156,1879.98,5,0,大商所,2018
20180703,XDCE,A,A1905,N,20180702,21:01,2,4,3851.0,5,0,大商所,2018
20180703,XDCE,B,B1905,N,20180702,21:02,3,2,3392.0,15,0,大商所,2018
20180703,XDCE,J,J1905,N,20180702,21:02,3,1,1914.0,15,0,大商所,2018
20180703,XDCE,JM,JM1905,N,20180702,21:33,34,1,1136.0,15,0,大商所,2018
20180703,XDCE,P,P1905,N,20180702,21:03,4,13,5058.77,5,0,大商所,2018
20180703,XDCE,PP,PP1905,D,20180703,09:19,20,3,9150.0,15,0,大商所,2018
20180719,XDCE,JM,JM1905,N,20180718,21:03,4,2,1105.0,15,0,大商所,2018
20180822,XDCE,JM,JM1905,N,20180821,21:01,2,3,1270.83,5,0,大商所,2018
20180907,XDCE,B,B1811,D,20180907,11:22,127,1186,3594.0,15,0,大商所,2018
20180907,XDCE,B,B1903,D,20180907,11:16,121,1066,3360.0,15,0,大商所,2018
20180907,XDCE,C,C1811,D,20180907,09:01,2,14,1884.93,5,0,大商所,2018
20180926,XDCE,B,B1903,D,20180926,10:39,84,176,3460.5,15,0,大商所,2018
20180926,XDCE,B,B1907,D,20180926,10:11,71,44,3309.0,15,0,大商所,2018
20181019,XDCE,B,B1811,D,20181019,13:35,140,65,3642.0,15,0,大商所,2018
20181019,XDCE,B,B1903,N,20181018,21:54,55,1186,3646.0,15,0,大商所,2018
20181019,XDCE,B,B1907,N,20181018,21:49,50,520,3418.0,15,0,大商所,2018
20181019,XDCE,B,B1909,N,20181018,21:01,2,8,3315.12,5,0,大商所,2018
20181106,XDCE,B,B1907,D,20181106,09:09,9,1298,3231.0,15,0,大商所,2018
20181106,XDCE,PP,PP1909,D,20181106,09:05,6,5,9079.2,15,0,大商所,2018
20181122,XDCE,B,B1903,N,20181121,21:57,58,526,3263.0,15,0,大商所,2018
20181122,XDCE,B,B1907,N,20181121,21:53,54,330,3262.0,15,0,大商所,2018
20181122,XDCE,B,B1911,N,20181121,22:03,64,177,3374.0,15,0,大商所,2018
20181122,XDCE,PP,PP1909,D,20181122,09:01,2,9,8446.67,5,0,大商所,2018
20181210,XDCE,B,B1907,N,20181207,21:20,21,838,3151.0,15,0,大商所,2018
20181210,XDCE,B,B1911,N,20181207,22:06,67,1958,3170.0,15,0,大商所,2018
20181210,XDCE,C,C1911,D,20181210,09:01,2,2,1911.5,5,0,大商所,2018
20181226,XDCE,I,I1907,N,20181225,21:01,2,2,475.5,15,0,大商所,2018
20181226,XDCE,M,M1907,N,20181225,21:01,2,4,2633.5,15,0,大商所,2018
20190115,XDCE,B,B1901,D,20190115,15:00,225,200,2747.0,15,0,大商所,2019
20190115,XDCE,B,B1907,N,20190114,23:14,135,2326,3020.0,15,0,大商所,2019
20190115,XDCE,CS,CS1909,D,20190115,09:01,2,9,2294.89,5,0,大商所,2019
20190115,XDCE,I,I1911,N,20190114,21:01,2,1,476.0,15,0,大商所,2019
20190115,XDCE,L,L1901,D,20190115,15:00,226,267,9015.0,15,0,大商所,2019
20190115,XDCE,V,V1901,D,20190115,15:00,226,120,6650.0,15,0,大商所,2019
20190131,XDCE,B,B1907,D,20190131,11:27,132,150,3035.5,15,0,大商所,2019
20190131,XDCE,C,C1911,D,20190131,09:01,2,1,1920.0,15,0,大商所,2019
20190131,XDCE,M,M1907,N,20190130,21:01,2,1,2570.0,15,0,大商所,2019
20190225,XDCE,B,B1907,N,20190222,21:49,50,1715,3018.32,15,0,大商所,2019
20190225,XDCE,EG,EG2001,D,20190225,14:31,197,1,5300.0,15,0,大商所,2019
20190225,XDCE,I,I1911,N,20190222,21:01,2,22,573.023,5,0,大商所,2019
20190225,XDCE,JM,JM2001,N,20190222,21:04,5,1,1350.0,15,0,大商所,2019
20190313,XDCE,EG,EG2001,D,20190313,10:36,82,3,5408.67,15,0,大商所,2019
20190313,XDCE,JM,JM2001,N,20190312,21:04,5,3,1295.0,15,0,大商所,2019
20190329,XDCE,B,B1907,N,20190328,23:20,141,12,2924.0,15,0,大商所,2019
20190329,XDCE,B,B2003,N,20190328,21:56,57,2,3110.0,15,0,大商所,2019
20190329,XDCE,JM,JM2001,N,20190328,21:01,2,9,1283.33,5,0,大商所,2019
20190417,XDCE,B,B1911,N,20190416,22:42,103,21,2998.0,15,0,大商所,2019
20190524,XDCE,B,B2001,N,20190523,21:04,5,1,3017.0,15,0,大商所,2019
20190524,XDCE,B,B2005,N,20190523,21:05,6,1,2978.0,15,0,大商所,2019
20190524,XDCE,JM,JM2005,N,20190523,21:04,5,1,1309.0,15,0,大商所,2019
20190612,XDCE,C,C1907,N,20190611,21:01,2,2,1920.5,5,0,大商所,2019
20190628,XDCE,I,I2003,N,20190627,21:03,4,3,691.5,15,0,大商所,2019
20190716,XDCE,CS,CS2005,N,20190715,21:04,5,5,2449.0,15,0,大商所,2019
20190801,XDCE,CS,CS2005,N,20190731,21:01,2,3,2439.33,15,0,大商所,2019
20190801,XDCE,EG,EG2005,N,20190731,21:07,8,2,4481.0,5,0,大商所,2019
20190801,XDCE,I,I2007,N,20190731,21:01,2,2,642.0,15,0,大商所,2019
20190819,XDCE,C,C2007,N,20190816,21:01,2,2,1986.0,15,0,大商所,2019
20190819,XDCE,M,M2007,D,20190819,09:37,37,1,2731.0,15,0,大商所,2019
20190904,XDCE,M,M2007,N,20190903,21:02,3,1,2792.0,15,0,大商所,2019
20190923,XDCE,B,B2005,N,20190920,21:05,6,1,3165.0,15,0,大商所,2019
20190923,XDCE,CS,CS2009,D,20190923,09:31,31,4,2365.0,15,0,大商所,2019
20190923,XDCE,M,M2007,N,20190920,21:04,5,2,2771.0,15,0,大商所,2019
20191016,XDCE,I,I2007,N,20191015,21:01,2,2,551.0,15,0,大商所,2019
20191016,XDCE,J,J2009,N,20191015,21:01,2,1,1753.5,15,0,大商所,2019
20191016,XDCE,M,M2007,N,20191015,21:01,2,3,2890.0,15,0,大商所,2019
20191016,XDCE,RR,RR2009,D,20191016,09:44,44,30,3575.0,15,0,大商所,2019
20191101,XDCE,B,B2009,N,20191031,21:04,5,1,3321.0,15,0,大商所,2019
20191101,XDCE,C,C1911,N,20191031,21:01,2,100,1836.0,15,0,大商所,2019
20191101,XDCE,C,C2003,N,20191031,21:01,2,102,1899.52,5,0,大商所,2019
20191119,XDCE,B,B2005,N,20191118,21:01,2,2,3197.0,5,0,大商所,2019
20191119,XDCE,CS,CS2009,N,20191118,21:29,30,3,2358.0,15,0,大商所,2019
20191119,XDCE,I,I2007,N,20191118,21:04,5,10,558.5,5,0,大商所,2019
20191119,XDCE,PP,PP2009,N,20191118,21:01,2,1,7416.0,15,0,大商所,2019
20191119,XDCE,V,V2009,N,20191118,21:01,2,40,6245.0,15,0,大商所,2019
20191205,XDCE,M,M2007,N,20191204,21:01,2,1,2760.0,15,0,大商所,2019
20191223,XDCE,B,B2009,D,20191223,09:10,10,4,3281.0,15,0,大商所,2019
20200204,XDCE,V,V2101,D,20200204,09:04,5,8,6145.0,15,0,大商所,2020
20200220,XDCE,B,B2101,D,20200220,13:37,143,3,3227.67,5,0,大商所,2020
20200220,XDCE,C,C2011,D,20200220,09:01,2,1,1977.0,15,0,大商所,2020
20200309,XDCE,M,M2003,D,20200309,11:22,128,50,2690.0,15,0,大商所,2020
20200413,XDCE,C,C2011,D,20200413,09:01,2,27,2059.22,5,0,大商所,2020
20200429,XDCE,C,C2103,D,20200429,09:01,2,1,2129.0,15,0,大商所,2020
20200520,XDCE,L,L2105,N,20200519,21:01,2,25,6478.0,5,0,大商所,2020
20200520,XDCE,P,P2105,N,20200519,21:01,2,10,4832.0,15,0,大商所,2020
20200623,XDCE,V,V2105,N,20200622,21:06,7,2,5990.0,15,0,大商所,2020
20200713,XDCE,CS,CS2101,N,20200710,21:01,2,8,2495.0,5,0,大商所,2020
20200713,XDCE,I,I2011,N,20200710,21:01,2,68,756.279,5,0,大商所,2020
20200729,XDCE,B,B2101,N,20200728,21:01,2,18,3310.67,5,0,大商所,2020
20200729,XDCE,EG,EG2105,N,20200728,21:45,46,1,4042.0,15,0,大商所,2020
20200814,XDCE,A,A2105,N,20200813,21:01,2,10,4288.8,5,0,大商所,2020
20200814,XDCE,C,C2103,N,20200813,21:01,2,20,2252.15,5,0,大商所,2020
20200814,XDCE,CS,CS2105,N,20200813,21:01,2,14,2651.93,5,0,大商所,2020
20200814,XDCE,J,J2010,N,20200813,21:01,2,8,1986.75,5,0,大商所,2020
20200814,XDCE,J,J2011,N,20200813,21:01,2,1,1975.5,15,0,大商所,2020
20200814,XDCE,JM,JM2010,N,20200813,21:01,2,2,1203.0,15,0,大商所,2020
20200814,XDCE,JM,JM2011,N,20200813,21:01,2,1,1209.5,15,0,大商所,2020
20200814,XDCE,JM,JM2012,N,20200813,21:01,2,1,1208.5,15,0,大商所,2020
20200814,XDCE,JM,JM2105,N,20200813,21:26,27,2,1161.0,15,0,大商所,2020
20200814,XDCE,L,L2010,N,20200813,21:01,2,5,7004.0,15,0,大商所,2020
20200814,XDCE,PP,PP2011,N,20200813,21:01,2,25,7492.12,5,0,大商所,2020
20200814,XDCE,PP,PP2012,N,20200813,21:01,2,56,7466.12,5,0,大商所,2020
20200814,XDCE,V,V2010,N,20200813,21:01,2,5,6516.0,15,0,大商所,2020
20200814,XDCE,V,V2011,N,20200813,21:01,2,1,6505.0,15,0,大商所,2020
20200814,XDCE,Y,Y2011,N,20200813,21:01,2,21,6444.86,5,0,大商所,2020
20200814,XDCE,Y,Y2012,N,20200813,21:01,2,5,6440.0,15,0,大商所,2020
20200901,XDCE,EB,EB2010,N,20200831,21:01,2,2,5472.5,15,0,大商所,2020
20200901,XDCE,EB,EB2011,N,20200831,21:01,2,1,5586.0,15,0,大商所,2020
20200901,XDCE,EB,EB2012,N,20200831,21:01,2,1,5659.0,15,0,大商所,2020
20200901,XDCE,EG,EG2011,N,20200831,21:01,2,41,3961.41,5,0,大商所,2020
20200901,XDCE,L,L2011,N,20200831,21:01,2,21,7449.52,5,0,大商所,2020
20200901,XDCE,M,M2103,N,20200831,21:01,2,20,2857.3,5,0,大商所,2020
20200901,XDCE,M,M2107,N,20200831,21:01,2,8,2835.0,15,0,大商所,2020
20200901,XDCE,PP,PP2011,N,20200831,21:01,2,5,7961.2,5,0,大商所,2020
20200917,XDCE,C,C2107,N,20200916,21:01,2,35,2468.34,5,0,大商所,2020
20200917,XDCE,EB,EB2011,N,20200916,21:01,2,59,5556.24,5,0,大商所,2020
20200917,XDCE,EB,EB2012,N,20200916,21:01,2,10,5649.0,15,0,大商所,2020
20200917,XDCE,I,I2104,N,20200916,21:01,2,29,749.31,5,0,大商所,2020
20200917,XDCE,I,I2107,N,20200916,21:32,33,1,712.0,15,0,大商所,2020
20200917,XDCE,J,J2104,N,20200916,21:02,3,6,1874.83,5,0,大商所,2020
20200917,XDCE,JM,JM2102,N,20200916,21:01,2,26,1241.6,5,0,大商所,2020
20200917,XDCE,JM,JM2104,N,20200916,21:01,2,6,1216.0,15,0,大商所,2020
20200917,XDCE,JM,JM2105,N,20200916,21:01,2,6,1196.33,5,0,大商所,2020
20200917,XDCE,P,P2102,N,20200916,21:01,2,280,6096.6,5,0,大商所,2020
20200917,XDCE,P,P2103,N,20200916,21:01,2,16,6061.12,5,0,大商所,2020
20200917,XDCE,P,P2104,N,20200916,21:45,46,14,6026.0,15,0,大商所,2020
20200917,XDCE,P,P2107,N,20200916,21:48,49,38,6025.37,15,0,大商所,2020
20200917,XDCE,PG,PG2101,N,20200916,21:01,2,37,3629.95,5,0,大商所,2020
20200917,XDCE,Y,Y2107,N,20200916,21:01,2,19,6795.9,5,0,大商所,2020
20200917,XDCE,Y,Y2108,N,20200916,21:14,15,50,6792.0,15,0,大商所,2020
20201013,XDCE,B,B2107,D,20201013,13:51,156,1,3666.0,15,0,大商所,2020
20201013,XDCE,CS,CS2103,N,20201012,21:01,2,29,2865.24,5,0,大商所,2020
20201013,XDCE,EB,EB2102,N,20201012,21:01,2,8,5769.75,15,0,大商所,2020
20201013,XDCE,EB,EB2103,N,20201012,21:01,2,4,5804.0,15,0,大商所,2020
20201013,XDCE,EB,EB2104,N,20201012,21:03,4,2,5949.0,15,0,大商所,2020
20201013,XDCE,L,L2102,N,20201012,21:01,2,51,7442.06,5,0,大商所,2020
20201013,XDCE,L,L2103,N,20201012,21:01,2,3,7415.0,15,0,大商所,2020
20201013,XDCE,M,M2108,N,20201012,21:01,2,13,3038.0,15,0,大商所,2020
20201013,XDCE,P,P2103,N,20201012,21:01,2,20,6164.4,5,0,大商所,2020
20201013,XDCE,Y,Y2108,N,20201012,21:02,3,1,6910.0,15,0,大商所,2020
20201029,XDCE,B,B2107,N,20201028,21:04,5,1,3612.0,15,0,大商所,2020
20201029,XDCE,EG,EG2012,N,20201028,21:01,2,65,3772.99,5,0,大商所,2020
20201029,XDCE,EG,EG2104,N,20201028,22:07,68,1,3898.0,15,0,大商所,2020
20201029,XDCE,PP,PP2103,N,20201028,21:01,2,2,7699.0,15,0,大商所,2020
20201029,XDCE,V,V2103,N,20201028,21:01,2,1,6650.0,15,0,大商所,2020
20201029,XDCE,Y,Y2108,N,20201028,21:01,2,20,6668.7,5,0,大商所,2020
20201116,XDCE,EB,EB2103,N,20201113,21:01,2,20,6995.8,5,0,大商所,2020
20201116,XDCE,I,I2104,N,20201113,21:01,2,21,777.5,15,0,大商所,2020
20201116,XDCE,JM,JM2102,N,20201113,21:01,2,15,1353.0,15,0,大商所,2020
20201116,XDCE,JM,JM2103,N,20201113,21:01,2,13,1339.0,15,0,大商所,2020
20201116,XDCE,JM,JM2104,N,20201113,21:01,2,2,1335.75,15,0,大商所,2020
20201116,XDCE,M,M2108,N,20201113,21:01,2,7,3186.29,5,0,大商所,2020
20201116,XDCE,PG,PG2104,N,20201113,21:01,2,20,3361.65,15,0,大商所,2020
20201116,XDCE,PP,PP2103,N,20201113,21:02,3,8,8005.0,15,0,大商所,2020
20201116,XDCE,V,V2103,N,20201113,21:01,2,24,6946.67,5,0,大商所,2020
20201116,XDCE,V,V2104,N,20201113,21:01,2,3,6925.0,15,0,大商所,2020
20201116,XDCE,Y,Y2108,N,20201113,21:01,2,2,7026.0,15,0,大商所,2020
20201202,XDCE,CS,CS2103,N,20201201,21:01,2,136,3001.4,5,0,大商所,2020
20201202,XDCE,EB,EB2104,N,20201201,21:01,2,5,6746.6,5,0,大商所,2020
20201202,XDCE,I,I2104,N,20201201,21:01,2,45,860.922,5,0,大商所,2020
20201202,XDCE,JM,JM2102,N,20201201,21:01,2,43,1456.88,5,0,大商所,2020
20201202,XDCE,JM,JM2103,N,20201201,21:01,2,6,1452.17,15,0,大商所,2020
20201202,XDCE,PP,PP2103,N,20201201,21:01,2,25,8333.24,5,0,大商所,2020
20201202,XDCE,V,V2103,N,20201201,21:01,2,23,7271.52,5,0,大商所,2020
20201202,XDCE,Y,Y2108,N,20201201,21:01,2,2,7070.0,15,0,大商所,2020
20201218,XDCE,CS,CS2107,N,20201217,21:01,2,41,2940.12,5,0,大商所,2020
20201218,XDCE,I,I2107,N,20201217,21:01,2,1,996.0,15,0,大商所,2020
20201218,XDCE,L,L2104,N,20201217,21:01,2,1,7905.0,15,0,大商所,2020
20201218,XDCE,M,M2108,N,20201217,21:01,2,1,3178.0,15,0,大商所,2020
20201218,XDCE,P,P2103,N,20201217,21:01,2,4,6991.0,5,0,大商所,2020
20210106,XDCE,CS,CS2101,D,20210106,10:32,77,1,3023.0,15,0,大商所,2021
20210106,XDCE,CS,CS2103,N,20210105,21:01,2,49,3054.39,5,0,大商所,2021
20210106,XDCE,EG,EG2109,N,20210105,21:01,2,39,4539.77,5,0,大商所,2021
20210106,XDCE,JM,JM2104,N,20210105,21:01,2,10,1681.95,5,0,大商所,2021
20210106,XDCE,PG,PG2101,D,20210106,09:03,3,200,3918.0,15,0,大商所,2021
20210106,XDCE,Y,Y2101,N,20210105,21:24,25,36,8770.0,15,0,大商所,2021
20210122,XDCE,JM,JM2102,N,20210121,21:17,18,1,1830.0,15,0,大商所,2021
20210122,XDCE,L,L2102,N,20210121,21:01,2,17,7749.12,15,0,大商所,2021
20210122,XDCE,L,L2104,N,20210121,21:01,2,2,7825.0,15,0,大商所,2021
20210122,XDCE,M,M2108,N,20210121,21:01,2,27,3589.41,5,0,大商所,2021
20210122,XDCE,Y,Y2108,N,20210121,21:01,2,18,7294.11,15,0,大商所,2021
20210209,XDCE,B,B2109,N,20210208,21:07,8,1,4004.0,15,0,大商所,2021
20210209,XDCE,EB,EB2106,N,20210208,21:01,2,2,7489.0,5,0,大商所,2021
20210209,XDCE,EG,EG2107,N,20210208,21:01,2,2,4631.0,15,0,大商所,2021
20210209,XDCE,J,J2107,N,20210208,21:01,2,5,2477.7,5,0,大商所,2021
20210209,XDCE,JM,JM2107,N,20210208,21:01,2,1,1480.5,15,0,大商所,2021
20210209,XDCE,P,P2107,N,20210208,21:01,2,3,6372.0,15,0,大商所,2021
20210304,XDCE,CS,CS2111,N,20210303,21:01,2,15,3108.87,5,0,大商所,2021
20210304,XDCE,L,L2106,N,20210303,21:01,2,344,8957.05,5,0,大商所,2021
20210304,XDCE,L,L2111,N,20210303,21:01,2,22,8702.73,5,0,大商所,2021
20210304,XDCE,P,P2111,N,20210303,21:01,2,2,6612.0,15,0,大商所,2021
20210304,XDCE,V,V2110,N,20210303,21:02,3,9,8255.0,15,0,大商所,2021
20210304,XDCE,Y,Y2112,N,20210303,21:01,2,9,7756.0,15,0,大商所,2021
20210322,XDCE,C,C2201,N,20210319,21:01,2,26,2638.35,5,0,大商所,2021
20210322,XDCE,L,L2106,N,20210319,21:01,2,12,8621.25,15,0,大商所,2021
20210322,XDCE,L,L2107,N,20210319,21:01,2,9,8590.0,15,0,大商所,2021
20210322,XDCE,V,V2106,N,20210319,21:01,2,6,8693.33,5,0,大商所,2021
20210322,XDCE,V,V2107,N,20210319,21:01,2,4,8650.0,15,0,大商所,2021
20210322,XDCE,V,V2111,N,20210319,21:08,9,1,8420.0,15,0,大商所,2021
20210408,XDCE,I,I2107,N,20210407,21:02,3,1,1069.0,15,0,大商所,2021
20210408,XDCE,J,J2107,N,20210407,21:01,2,1,2399.0,15,0,大商所,2021
20210408,XDCE,JM,JM2108,N,20210407,21:05,6,1,1650.0,15,0,大商所,2021
20210408,XDCE,M,M2108,N,20210407,21:01,2,6,3535.17,5,0,大商所,2021
20210408,XDCE,PG,PG2107,N,20210407,21:01,2,18,3695.56,15,0,大商所,2021
20210426,XDCE,J,J2110,N,20210423,21:01,2,24,2585.77,5,0,大商所,2021
20210517,XDCE,EG,EG2112,N,20210514,21:01,2,1,5009.0,15,0,大商所,2021
20210517,XDCE,I,I2105,N,20210514,21:07,8,100,1260.0,15,0,大商所,2021
20210517,XDCE,J,J2112,N,20210514,21:02,3,1,2652.0,15,0,大商所,2021
20210602,XDCE,J,J2112,N,20210601,21:01,2,5,2525.5,15,0,大商所,2021
20210602,XDCE,PG,PG2109,N,20210601,21:01,2,41,4462.49,5,0,大商所,2021
20210602,XDCE,V,V2112,N,20210601,21:07,8,2,8650.0,15,0,大商所,2021
20210621,XDCE,EB,EB2110,N,20210618,21:01,2,2,8137.0,15,0,大商所,2021
20210621,XDCE,EG,EG2112,N,20210618,21:01,2,6,4825.0,15,0,大商所,2021
20210621,XDCE,I,I2110,N,20210618,21:01,2,3,1174.5,15,0,大商所,2021
20210621,XDCE,PG,PG2110,N,20210618,21:04,5,1,4493.0,15,0,大商所,2021
20210621,XDCE,Y,Y2107,N,20210618,21:10,11,3,8312.0,15,0,大商所,2021
20210707,XDCE,B,B2201,N,20210706,21:15,16,1,4328.0,15,0,大商所,2021
20210707,XDCE,EB,EB2110,N,20210706,21:01,2,99,8751.22,5,0,大商所,2021
20210707,XDCE,EG,EG2112,N,20210706,21:01,2,6,5196.0,15,0,大商所,2021
20210707,XDCE,V,V2112,N,20210706,21:01,2,93,8543.33,15,0,大商所,2021
20210723,XDCE,EG,EG2112,N,20210722,21:01,2,2,5294.5,15,0,大商所,2021
20210723,XDCE,I,I2111,N,20210722,21:01,2,1,1082.5,15,0,大商所,2021
20210723,XDCE,I,I2112,N,20210722,21:01,2,6,1053.08,15,0,大商所,2021
20210810,XDCE,L,L2108,N,20210809,21:11,12,1,8230.0,15,0,大商所,2021
20210810,XDCE,PG,PG2111,N,20210809,21:01,2,18,4866.44,5,0,大商所,2021
20210913,XDCE,B,B2205,N,20210910,21:01,2,1,4002.0,15,0,大商所,2021
20210913,XDCE,CS,CS2203,N,20210910,21:01,2,5,2818.2,5,0,大商所,2021
20210913,XDCE,PG,PG2205,D,20210913,09:08,8,1,5150.0,15,0,大商所,2021
20211008,XDCE,B,B2205,D,20211008,09:06,7,1,4000.0,15,0,大商所,2021
20211008,XDCE,CS,CS2205,D,20211008,09:01,2,3,3017.0,15,0,大商所,2021
20211008,XDCE,EG,EG2110,D,20211008,09:26,27,100,6509.0,15,0,大商所,2021
20211026,XDCE,P,P2202,N,20211025,21:01,2,394,9424.62,5,0,大商所,2021
20211111,XDCE,L,L2204,N,20211110,21:01,2,13,8872.46,5,0,大商所,2021
20211111,XDCE,PP,PP2206,N,20211110,21:01,2,2,8498.0,15,0,大商所,2021
20211111,XDCE,PP,PP2209,N,20211110,21:07,8,11,8472.09,15,0,大商所,2021
20211111,XDCE,V,V2204,N,20211110,21:01,2,20,8760.5,5,0,大商所,2021
20211129,XDCE,EG,EG2204,N,20211126,21:01,2,31,4892.45,5,0,大商所,2021
20220119,XDCE,EB,EB2209,N,20220118,21:06,7,1,8695.0,15,0,大商所,2022
20220119,XDCE,I,I2207,N,20220118,21:01,2,1,708.0,15,0,大商所,2022
20220211,XDCE,I,I2202,N,20220210,22:29,90,1,841.0,15,0,大商所,2022
20220301,XDCE,I,I2203,N,20220228,21:25,26,1,732.0,15,0,大商所,2022
20220317,XDCE,EG,EG2204,D,20220317,09:23,23,1,5147.0,15,0,大商所,2022
20220317,XDCE,PP,PP2204,N,20220316,22:39,100,2,8785.0,15,0,大商所,2022
20220317,XDCE,PP,PP2301,N,20220316,21:01,2,1,8659.0,15,0,大商所,2022
20220317,XDCE,V,V2204,N,20220316,21:09,10,101,9127.99,15,0,大商所,2022
20220406,XDCE,EG,EG2204,D,20220406,10:11,72,486,5066.0,15,0,大商所,2022
20220422,XDCE,EB,EB2208,N,20220421,21:01,2,1,9701.0,15,0,大商所,2022
20220422,XDCE,PG,PG2204,D,20220422,09:47,47,22,6161.0,15,0,大商所,2022
20220513,XDCE,CS,CS2205,N,20220512,21:06,7,50,3262.0,15,0,大商所,2022
20220513,XDCE,EB,EB2205,N,20220512,21:05,6,12,10004.0,15,0,大商所,2022
20220513,XDCE,L,L2301,N,20220512,21:06,7,3,8526.0,15,0,大商所,2022
20220513,XDCE,PG,PG2208,N,20220512,21:01,2,1,6060.0,15,0,大商所,2022
20220617,XDCE,B,B2301,N,20220616,21:06,7,2,5046.5,15,0,大商所,2022
20220705,XDCE,PG,PG2301,N,20220704,21:02,3,1,5682.0,15,0,大商所,2022
20220721,XDCE,EG,EG2208,N,20220720,21:08,9,2,4256.5,15,0,大商所,2022
20220721,XDCE,RR,RR2301,N,20220720,21:11,12,1,3444.0,15,0,大商所,2022
20220808,XDCE,B,B2301,N,20220805,21:01,2,1,4527.0,15,0,大商所,2022
20220808,XDCE,PP,PP2208,D,20220808,09:01,1,45,8000.0,15,0,大商所,2022
20220824,XDCE,B,B2212,N,20220823,21:01,2,1,4910.0,15,0,大商所,2022
20220824,XDCE,PP,PP2305,N,20220823,21:02,3,1,7535.0,15,0,大商所,2022
20220929,XDCE,B,B2305,N,20220928,21:03,4,1,4438.0,15,0,大商所,2022
20221024,XDCE,PG,PG2305,N,20221021,21:08,9,1,4713.0,15,0,大商所,2022
20221125,XDCE,PP,PP2309,N,20221124,21:01,2,1,7571.0,15,0,大商所,2022
20221229,XGFE,SI,SI2310,D,20221229,10:41,87,1,17300.0,15,0,广期所,2022
20230117,XDCE,B,B2309,N,20230116,21:11,12,1,4537.0,15,0,大商所,2023
20230209,XDCE,B,B2309,N,20230208,21:02,3,1,4539.0,15,0,大商所,2023
20230209,XDCE,L,L2302,D,20230209,09:02,2,20,8200.0,15,0,大商所,2023
20230209,XDCE,PP,PP2302,N,20230208,21:29,30,10,7840.0,15,0,大商所,2023
20230315,XGFE,SI,SI2310,D,20230315,10:38,84,1,16785.0,15,0,广期所,2023
20230510,XDCE,P,P2305,D,20230510,10:42,87,45,7598.0,15,0,大商所,2023
20230510,XDCE,PG,PG2401,N,20230509,21:01,2,1,4429.0,15,0,大商所,2023
20230510,XDCE,V,V2305,N,20230509,21:27,28,10,5880.0,15,0,大商所,2023
20230526,XDCE,PG,PG2305,D,20230526,15:00,225,50,4453.0,15,0,大商所,2023
20230526,XDCE,PG,PG2401,N,20230525,21:01,2,1,4278.0,15,0,大商所,2023
20230704,XDCE,EG,EG2405,N,20230703,21:16,17,1,4158.0,15,0,大商所,2023
20230704,XDCE,J,J2405,N,20230703,21:02,3,4,2025.0,15,0,大商所,2023
20230704,XDCE,P,P2307,N,20230703,21:04,5,10,7783.2,15,0,大商所,2023
20230704,XDCE,RR,RR2401,N,20230703,21:08,9,1,3582.0,15,0,大商所,2023
20230704,XDCE,V,V2307,N,20230703,21:08,9,20,5760.0,15,0,大商所,2023
20230720,XDCE,B,B2402,N,20230719,21:01,2,1,4335.0,15,0,大商所,2023
20230720,XDCE,B,B2404,D,20230720,13:42,147,1,4159.0,15,0,大商所,2023
20230720,XDCE,EB,EB2402,N,20230719,21:01,2,2,7622.0,15,0,大商所,2023
20230720,XDCE,JM,JM2310,N,20230719,21:01,2,1,1457.5,15,0,大商所,2023
20230720,XDCE,JM,JM2312,N,20230719,21:01,2,4,1446.25,15,0,大商所,2023
20230720,XDCE,RR,RR2403,N,20230719,21:14,15,1,3678.0,15,0,大商所,2023
20230720,XDCE,RR,RR2404,N,20230719,21:14,15,1,3680.0,15,0,大商所,2023
20230720,XDCE,RR,RR2405,N,20230719,21:07,8,1,3693.0,15,0,大商所,2023
20230720,XDCE,RR,RR2406,N,20230719,21:07,8,1,3695.0,15,0,大商所,2023
20230807,XDCE,J,J2404,D,20230807,14:58,223,28,2143.5,15,0,大商所,2023
20230807,XDCE,J,J2405,N,20230804,21:03,4,2,2097.5,15,0,大商所,2023
20230807,XDCE,PG,PG2308,N,20230804,21:07,8,9,4017.0,15,0,大商所,2023
20230807,XDCE,PG,PG2401,N,20230804,21:01,2,2,4654.0,15,0,大商所,2023
20230807,XDCE,PG,PG2402,N,20230804,21:01,2,2,4502.5,15,0,大商所,2023
20230807,XDCE,PG,PG2406,N,20230804,21:39,40,1,4407.0,15,0,大商所,2023
20230823,XDCE,A,A2405,N,20230822,21:01,2,1,5039.0,15,0,大商所,2023
20230823,XDCE,J,J2312,N,20230822,21:01,2,1,2266.5,15,0,大商所,2023
20230823,XDCE,PP,PP2403,N,20230822,21:01,2,10,7639.5,15,0,大商所,2023
20230823,XDCE,PP,PP2404,N,20230822,21:01,2,2,7632.0,15,0,大商所,2023
20230908,XDCE,B,B2402,N,20230907,21:01,2,2,4582.0,15,0,大商所,2023
20230908,XDCE,B,B2403,D,20230908,09:03,3,1,4481.0,15,0,大商所,2023
20230908,XDCE,B,B2404,D,20230908,09:11,11,1,4292.0,15,0,大商所,2023
20230908,XDCE,CS,CS2309,D,20230908,15:00,225,200,3042.0,15,0,大商所,2023
20230908,XDCE,EB,EB2402,N,20230907,21:01,2,12,8676.67,15,0,大商所,2023
20230908,XDCE,EB,EB2403,N,20230907,21:01,2,2,8610.0,15,0,大商所,2023
20230908,XDCE,PG,PG2402,N,20230907,21:01,2,2,5051.5,15,0,大商所,2023
20230908,XDCE,PG,PG2403,N,20230907,21:01,2,1,4856.0,15,0,大商所,2023
20230908,XDCE,PG,PG2407,N,20230907,21:42,43,1,4913.0,15,0,大商所,2023
20230908,XDCE,PG,PG2408,N,20230907,21:42,43,1,4843.0,15,0,大商所,2023
20230926,XDCE,J,J2311,N,20230925,21:02,3,1,2432.0,15,0,大商所,2023
20230926,XDCE,P,P2312,N,20230925,21:01,2,1,7244.0,15,0,大商所,2023
20230926,XDCE,P,P2406,N,20230925,21:01,2,1,7268.0,15,0,大商所,2023
20230926,XDCE,RR,RR2403,N,20230925,21:02,3,1,3628.0,15,0,大商所,2023
20230926,XDCE,RR,RR2404,N,20230925,21:02,3,1,3637.0,15,0,大商所,2023
20230926,XDCE,RR,RR2405,N,20230925,21:03,4,1,3655.0,15,0,大商所,2023
20231020,XGFE,SI,SI2310,D,20231020,09:20,21,20,13705.0,15,0,广期所,2023
20231020,XDCE,EB,EB2404,N,20231019,21:01,2,2,8325.0,15,0,大商所,2023
20231020,XDCE,EB,EB2406,N,20231019,22:06,67,1,8289.0,15,0,大商所,2023
20231020,XDCE,J,J2409,N,20231019,21:04,5,1,2180.5,15,0,大商所,2023
20231020,XDCE,L,L2310,D,20231020,15:00,225,38,8042.0,15,0,大商所,2023
20231020,XDCE,L,L2406,N,20231019,21:04,5,3,7918.33,15,0,大商所,2023
20231020,XDCE,PP,PP2310,D,20231020,15:00,225,3,7547.0,15,0,大商所,2023
20231020,XDCE,RR,RR2401,N,20231019,21:03,4,2,3547.0,15,0,大商所,2023
20231020,XDCE,RR,RR2402,N,20231019,21:03,4,2,3574.0,15,0,大商所,2023
20231020,XDCE,V,V2310,N,20231019,21:03,4,118,5814.0,15,0,大商所,2023
20231020,XDCE,V,V2406,N,20231019,21:01,2,4,6060.0,15,0,大商所,2023
20231107,XDCE,B,B2311,N,20231106,22:25,86,100,4670.0,15,0,大商所,2023
20231107,XDCE,I,I2410,N,20231106,21:01,2,1,805.5,15,0,大商所,2023
20231107,XDCE,PG,PG2409,N,20231106,21:40,41,1,4718.0,15,0,大商所,2023
20231107,XDCE,RR,RR2404,N,20231106,21:01,2,1,3624.0,15,0,大商所,2023
20231107,XDCE,RR,RR2405,N,20231106,21:01,2,1,3633.0,15,0,大商所,2023
20231123,XDCE,B,B2406,N,20231122,21:01,2,1,4103.0,15,0,大商所,2023
20231123,XDCE,B,B2407,N,20231122,21:01,2,1,4087.0,15,0,大商所,2023
20231123,XDCE,EB,EB2408,N,20231122,21:48,49,1,8278.0,15,0,大商所,2023
20231123,XDCE,P,P2408,N,20231122,21:01,2,1,7524.0,15,0,大商所,2023
20231123,XDCE,PP,PP2410,N,20231122,22:03,64,2,7569.0,15,0,大商所,2023
20231123,XDCE,V,V2410,N,20231122,21:01,2,1,6189.0,15,0,大商所,2023
20231211,XDCE,B,B2312,D,20231211,10:34,79,18,4393.0,15,0,大商所,2023
20231211,XDCE,J,J2409,N,20231208,21:02,3,1,2562.0,15,0,大商所,2023
20231211,XDCE,PG,PG2408,N,20231208,22:12,73,2,4579.0,15,0,大商所,2023
20231227,XDCE,B,B2411,D,20231227,14:23,188,2,3933.0,15,0,大商所,2023
20231227,XDCE,EB,EB2408,N,20231226,22:37,98,2,8405.5,15,0,大商所,2023
20231227,XDCE,P,P2408,N,20231226,21:01,2,2,7096.0,15,0,大商所,2023
20231227,XDCE,V,V2407,N,20231226,21:01,2,1,6121.0,15,0,大商所,2023
20240115,XGFE,SI,SI2401,D,20240115,15:00,226,78,14045.0,15,0,广期所,2024
20240115,XDCE,B,B2407,N,20240112,21:01,2,1,3690.0,15,0,大商所,2024
20240115,XDCE,C,C2401,D,20240115,09:02,2,40,2335.0,15,0,大商所,2024
20240115,XDCE,EB,EB2410,N,20240112,22:58,119,1,8269.0,15,0,大商所,2024
20240115,XDCE,EB,EB2411,N,20240112,21:46,47,1,8278.0,15,0,大商所,2024
20240115,XDCE,EB,EB2412,N,20240112,21:46,47,1,8253.0,15,0,大商所,2024
20240115,XDCE,EG,EG2407,N,20240112,21:01,2,1,4546.0,15,0,大商所,2024
20240115,XDCE,J,J2401,D,20240115,09:23,23,10,2141.5,15,0,大商所,2024
20240115,XDCE,PP,PP2407,N,20240112,21:59,60,2,7273.5,15,0,大商所,2024
20240115,XDCE,RR,RR2401,D,20240115,15:00,225,4,3398.0,15,0,大商所,2024
20240115,XDCE,V,V2401,N,20240112,21:14,15,9,5558.0,15,0,大商所,2024
20240131,XDCE,B,B2408,N,20240130,21:01,2,6,3571.0,15,0,大商所,2024
20240131,XDCE,EB,EB2410,D,20240131,10:06,66,8,8500.0,15,0,大商所,2024
20240131,XDCE,FB,FB2404,D,20240131,13:59,165,3,1252.0,15,0,大商所,2024
20240131,XDCE,L,L2402,N,20240130,22:19,80,2,8159.0,15,0,大商所,2024
20240131,XDCE,P,P2407,N,20240130,21:01,2,1,6956.0,15,0,大商所,2024
20240131,XDCE,PP,PP2410,N,20240130,22:08,69,28,7471.0,15,0,大商所,2024
20240131,XDCE,V,V2407,N,20240130,21:01,2,4,5904.5,15,0,大商所,2024
20240226,XDCE,A,A2501,N,20240223,21:01,2,4,4512.0,15,0,大商所,2024
20240226,XDCE,EB,EB2407,N,20240223,21:06,7,7,8909.71,15,0,大商所,2024
20240226,XDCE,EB,EB2411,D,20240226,13:58,163,1,8662.0,15,0,大商所,2024
20240226,XDCE,EG,EG2404,N,20240223,21:02,3,3,4650.0,15,0,大商所,2024
20240226,XDCE,EG,EG2406,N,20240223,21:01,2,3,4639.0,15,0,大商所,2024
20240226,XDCE,EG,EG2407,N,20240223,21:01,2,3,4627.0,15,0,大商所,2024
20240226,XDCE,EG,EG2408,N,20240223,21:01,2,2,4620.0,15,0,大商所,2024
20240226,XDCE,I,I2410,N,20240223,21:01,2,3,826.5,15,0,大商所,2024
20240226,XDCE,L,L2404,N,20240223,21:01,2,8,8188.38,15,0,大商所,2024
20240226,XDCE,L,L2406,N,20240223,21:01,2,1,8172.0,15,0,大商所,2024
20240226,XDCE,P,P2404,N,20240223,21:01,2,1,7448.0,15,0,大商所,2024
20240226,XDCE,P,P2407,N,20240223,21:01,2,9,7044.0,15,0,大商所,2024
20240226,XDCE,P,P2408,N,20240223,21:01,2,6,6953.33,15,0,大商所,2024
20240226,XDCE,PG,PG2408,N,20240223,21:25,26,2,4363.5,15,0,大商所,2024
20240226,XDCE,PP,PP2501,N,20240223,21:04,5,1,7375.0,15,0,大商所,2024
20240226,XDCE,V,V2406,N,20240223,21:01,2,5,5915.0,15,0,大商所,2024
20240313,XDCE,B,B2408,N,20240312,21:01,2,4,3829.0,15,0,大商所,2024
20240313,XDCE,CS,CS2501,N,20240312,21:03,4,3,2838.0,15,0,大商所,2024
20240313,XDCE,EG,EG2410,N,20240312,21:01,2,5,4654.0,15,0,大商所,2024
20240313,XDCE,EG,EG2501,N,20240312,21:03,4,1,4680.0,15,0,大商所,2024
20240313,XDCE,JM,JM2410,N,20240312,21:47,48,2,1743.0,15,0,大商所,2024
20240313,XDCE,L,L2404,N,20240312,21:08,9,24,8128.0,15,0,大商所,2024
20240313,XDCE,L,L2408,N,20240312,21:01,2,1,8174.0,15,0,大商所,2024
20240313,XDCE,P,P2407,N,20240312,21:01,2,5,7576.0,15,0,大商所,2024
20240313,XDCE,P,P2408,N,20240312,21:01,2,1,7470.0,15,0,大商所,2024
20240313,XDCE,P,P2410,N,20240312,21:01,2,2,7280.0,15,0,大商所,2024
20240313,XDCE,PG,PG2410,D,20240313,11:02,107,1,4768.0,15,0,大商所,2024
20240313,XDCE,PG,PG2412,D,20240313,14:05,170,2,4577.0,15,0,大商所,2024
20240313,XDCE,PP,PP2407,N,20240312,21:01,2,1,7438.0,15,0,大商所,2024
20240313,XDCE,PP,PP2408,N,20240312,21:01,2,1,7440.0,15,0,大商所,2024
20240313,XDCE,RR,RR2405,N,20240312,21:01,2,3,3538.0,15,0,大商所,2024
20240313,XDCE,RR,RR2406,N,20240312,21:01,2,3,3514.0,15,0,大商所,2024
20240313,XDCE,V,V2407,N,20240312,21:01,2,19,6004.58,15,0,大商所,2024
20240313,XDCE,V,V2408,N,20240312,21:01,2,6,6042.0,15,0,大商所,2024
20240313,XDCE,V,V2410,N,20240312,21:01,2,1,6095.0,15,0,大商所,2024
20240313,XDCE,V,V2411,N,20240312,21:01,2,1,6123.0,15,0,大商所,2024
20240329,XDCE,B,B2404,N,20240328,21:22,23,1,3773.0,15,0,大商所,2024
20240329,XDCE,EG,EG2404,N,20240328,21:12,13,1,4472.0,15,0,大商所,2024
20240329,XDCE,JM,JM2404,N,20240328,22:59,120,1,1499.0,15,0,大商所,2024
20240329,XDCE,PG,PG2410,N,20240328,21:01,2,4,4904.75,15,0,大商所,2024
20240329,XDCE,PP,PP2407,N,20240328,21:01,2,2,7489.0,15,0,大商所,2024
20240418,XDCE,A,A2411,N,20240417,21:01,2,1,4598.0,15,0,大商所,2024
20240418,XDCE,A,A2503,N,20240417,21:11,12,1,4575.0,15,0,大商所,2024
20240418,XDCE,EG,EG2406,N,20240417,21:01,2,2,4439.0,15,0,大商所,2024
20240418,XDCE,EG,EG2410,N,20240417,21:01,2,1,4529.0,15,0,大商所,2024
20240418,XDCE,L,L2406,N,20240417,21:01,2,1,8409.0,15,0,大商所,2024
20240418,XDCE,L,L2407,N,20240417,21:01,2,2,8427.0,15,0,大商所,2024
20240418,XDCE,L,L2408,N,20240417,21:01,2,1,8429.0,15,0,大商所,2024
20240418,XDCE,P,P2411,N,20240417,21:01,2,1,7400.0,15,0,大商所,2024
20240418,XDCE,P,P2412,N,20240417,21:01,2,2,7388.0,15,0,大商所,2024
20240418,XDCE,PG,PG2411,N,20240417,22:47,108,1,4965.0,15,0,大商所,2024
20240418,XDCE,RR,RR2407,N,20240417,21:01,2,1,3520.0,15,0,大商所,2024
20240418,XDCE,Y,Y2503,N,20240417,21:08,9,3,7504.0,15,0,大商所,2024
20240509,XDCE,CS,CS2405,D,20240509,14:01,166,350,2848.0,15,0,大商所,2024
20240509,XDCE,EB,EB2502,N,20240508,21:11,12,5,8831.0,15,0,大商所,2024
20240509,XDCE,EB,EB2503,N,20240508,21:11,12,5,8801.0,15,0,大商所,2024
20240509,XDCE,EG,EG2407,N,20240508,21:01,2,2,4378.0,15,0,大商所,2024
20240509,XDCE,EG,EG2408,N,20240508,21:01,2,3,4406.0,15,0,大商所,2024
20240509,XDCE,J,J2405,D,20240509,10:47,92,6,2265.0,15,0,大商所,2024
20240509,XDCE,J,J2410,D,20240509,14:57,222,1,2410.0,15,0,大商所,2024
20240509,XDCE,J,J2411,N,20240508,21:50,51,1,2387.5,15,0,大商所,2024
20240509,XDCE,JM,JM2405,N,20240508,21:08,9,20,1504.5,15,0,大商所,2024
20240509,XDCE,P,P2411,N,20240508,21:01,2,1,7498.0,15,0,大商所,2024
20240509,XDCE,P,P2412,N,20240508,21:01,2,1,7500.0,15,0,大商所,2024
20240509,XDCE,PG,PG2410,N,20240508,21:01,2,1,4874.0,15,0,大商所,2024
20240509,XDCE,PG,PG2501,N,20240508,22:24,85,1,4752.0,15,0,大商所,2024
20240509,XDCE,PG,PG2503,N,20240508,21:58,59,1,4617.0,15,0,大商所,2024
20240509,XDCE,PP,PP2408,N,20240508,21:01,2,5,7556.0,15,0,大商所,2024
20240509,XDCE,Y,Y2405,D,20240509,13:41,146,161,7730.0,15,0,大商所,2024
20240527,XDCE,EB,EB2405,D,20240527,13:31,136,200,9585.0,15,0,大商所,2024
20240527,XDCE,EG,EG2407,N,20240524,21:01,2,1,4502.0,15,0,大商所,2024
20240527,XDCE,EG,EG2502,N,20240524,21:01,2,1,4610.0,15,0,大商所,2024
20240527,XDCE,EG,EG2504,N,20240524,21:01,2,1,4630.0,15,0,大商所,2024
20240527,XDCE,J,J2408,D,20240527,09:53,53,1,2342.0,15,0,大商所,2024
20240527,XDCE,P,P2411,N,20240524,21:01,2,2,7598.0,15,0,大商所,2024
20240527,XDCE,P,P2412,N,20240524,21:01,2,2,7604.0,15,0,大商所,2024
20240527,XDCE,PP,PP2410,N,20240524,21:01,2,1,7751.0,15,0,大商所,2024
20240527,XDCE,RR,RR2501,N,20240524,21:01,2,2,3563.0,15,0,大商所,2024
20240527,XDCE,RR,RR2502,N,20240524,21:01,2,2,3557.5,15,0,大商所,2024
20240613,XGFE,SI,SI2406,D,20240613,14:31,197,10,11940.0,15,0,广期所,2024
20240613,XDCE,B,B2504,N,20240612,21:01,2,1,3811.0,15,0,大商所,2024
20240613,XDCE,EB,EB2505,N,20240612,22:46,107,2,9003.0,15,0,大商所,2024
20240613,XDCE,EG,EG2410,N,20240612,21:04,5,5,4583.0,15,0,大商所,2024
20240613,XDCE,JD,JD2504,D,20240613,09:01,2,1,3746.0,15,0,大商所,2024
20240613,XDCE,P,P2412,N,20240612,21:07,8,5,7752.0,15,0,大商所,2024
20240613,XDCE,P,P2502,N,20240612,21:10,11,2,7731.0,15,0,大商所,2024
20240613,XDCE,PG,PG2502,D,20240613,09:41,41,1,4757.0,15,0,大商所,2024
20240613,XDCE,PG,PG2503,N,20240612,21:15,16,1,4679.0,15,0,大商所,2024
20240613,XDCE,PG,PG2504,N,20240612,22:22,83,1,5057.0,15,0,大商所,2024
20240613,XDCE,PG,PG2505,N,20240612,21:33,34,1,4897.0,15,0,大商所,2024
20240613,XDCE,RR,RR2501,D,20240613,09:01,1,2,3564.0,15,0,大商所,2024
20240613,XDCE,RR,RR2502,D,20240613,09:01,1,2,3569.0,15,0,大商所,2024
20240613,XDCE,V,V2411,N,20240612,21:01,2,5,6334.0,15,0,大商所,2024
20240701,XDCE,EB,EB2502,N,20240628,21:03,4,2,8928.0,15,0,大商所,2024
20240701,XDCE,EB,EB2503,N,20240628,21:08,9,2,8901.0,15,0,大商所,2024
20240701,XDCE,EB,EB2504,N,20240628,21:08,9,2,8860.0,15,0,大商所,2024
20240701,XDCE,EG,EG2408,N,20240628,21:01,2,3,4622.67,15,0,大商所,2024
20240701,XDCE,EG,EG2410,N,20240628,21:01,2,2,4663.0,15,0,大商所,2024
20240701,XDCE,EG,EG2411,N,20240628,21:01,2,2,4673.0,15,0,大商所,2024
20240701,XDCE,P,P2506,N,20240628,21:11,12,1,7586.0,15,0,大商所,2024
20240701,XDCE,PG,PG2502,N,20240628,21:11,12,3,4863.0,15,0,大商所,2024
20240701,XDCE,PG,PG2504,D,20240701,09:35,35,1,5050.0,15,0,大商所,2024
20240701,XDCE,V,V2410,N,20240628,21:01,2,11,6096.82,15,0,大商所,2024
20240701,XDCE,V,V2411,N,20240628,21:01,2,1,6141.0,15,0,大商所,2024
20240701,XDCE,V,V2412,N,20240628,21:01,2,1,6183.0,15,0,大商所,2024
20240717,XDCE,EG,EG2411,N,20240716,21:01,2,7,4670.0,15,0,大商所,2024
20240717,XDCE,EG,EG2412,N,20240716,21:01,2,3,4658.0,15,0,大商所,2024
20240717,XDCE,LH,LH2505,D,20240717,09:07,8,1,15600.0,15,0,大商所,2024
20240717,XDCE,P,P2412,N,20240716,21:01,2,1,7686.0,15,0,大商所,2024
20240717,XDCE,PG,PG2503,N,20240716,21:06,7,12,4614.25,15,0,大商所,2024
20240717,XDCE,PG,PG2504,N,20240716,21:06,7,12,4977.25,15,0,大商所,2024
20240717,XDCE,PG,PG2505,N,20240716,21:06,7,2,4856.0,15,0,大商所,2024
20240717,XDCE,PG,PG2506,N,20240716,21:29,30,1,4776.0,15,0,大商所,2024
20240717,XDCE,PP,PP2411,N,20240716,21:01,2,2,7702.0,15,0,大商所,2024
20240717,XDCE,PP,PP2504,D,20240717,14:35,200,1,7693.0,15,0,大商所,2024
20240717,XDCE,V,V2412,N,20240716,21:01,2,5,5988.0,15,0,大商所,2024
20240717,XDCE,V,V2502,N,20240716,21:01,2,1,6048.0,15,0,大商所,2024
20240802,XDCE,A,A2505,N,20240801,21:05,6,1,4430.0,15,0,大商所,2024
20240802,XDCE,EG,EG2505,N,20240801,21:12,13,1,4719.0,15,0,大商所,2024
20240802,XDCE,JD,JD2504,D,20240802,09:01,2,6,3438.5,15,0,大商所,2024
20240802,XDCE,JM,JM2412,N,20240801,21:48,49,5,1525.7,15,0,大商所,2024
20240802,XDCE,PP,PP2410,N,20240801,21:01,2,2,7639.0,15,0,大商所,2024
20240802,XDCE,PP,PP2411,N,20240801,21:01,2,2,7647.0,15,0,大商所,2024
20240802,XDCE,V,V2408,D,20240802,09:27,27,20,5630.0,15,0,大商所,2024
20240820,XDCE,A,A2507,N,20240819,21:03,4,14,4224.0,15,0,大商所,2024
20240820,XDCE,B,B2412,N,20240819,21:02,3,4,3467.0,15,0,大商所,2024
20240820,XDCE,EB,EB2408,D,20240820,14:13,178,1,9435.0,15,0,大商所,2024
20240820,XDCE,EB,EB2504,N,20240819,22:36,97,1,8610.0,15,0,大商所,2024
20240820,XDCE,EB,EB2505,N,20240819,21:23,24,8,8534.0,15,0,大商所,2024
20240820,XDCE,EG,EG2411,N,20240819,21:01,2,3,4576.0,15,0,大商所,2024
20240820,XDCE,EG,EG2412,N,20240819,21:01,2,1,4597.0,15,0,大商所,2024
20240820,XDCE,EG,EG2502,N,20240819,21:02,3,3,4617.0,15,0,大商所,2024
20240820,XDCE,EG,EG2504,N,20240819,21:46,47,2,4671.5,15,0,大商所,2024
20240820,XDCE,P,P2502,N,20240819,22:17,78,1,7522.0,15,0,大商所,2024
20240820,XDCE,PG,PG2504,N,20240819,21:10,11,1,4821.0,15,0,大商所,2024
20240820,XDCE,RR,RR2501,N,20240819,21:01,2,2,3540.0,15,0,大商所,2024
20240820,XDCE,RR,RR2502,N,20240819,21:01,2,2,3562.5,15,0,大商所,2024
20240820,XDCE,V,V2504,N,20240819,21:01,2,4,5813.5,15,0,大商所,2024
20240820,XDCE,Y,Y2507,N,20240819,21:01,2,6,7206.0,15,0,大商所,2024
20240905,XDCE,EB,EB2409,N,20240904,21:25,26,2,9192.0,15,0,大商所,2024
20240905,XDCE,EB,EB2503,N,20240904,21:01,2,1,8736.0,15,0,大商所,2024
20240905,XDCE,EG,EG2409,D,20240905,09:41,41,4,4570.0,15,0,大商所,2024
20240905,XDCE,PP,PP2502,N,20240904,21:01,2,1,7381.0,15,0,大商所,2024
20240905,XDCE,PP,PP2503,N,20240904,21:01,2,1,7381.0,15,0,大商所,2024
20240925,XDCE,CS,CS2507,N,20240924,21:02,3,10,2618.0,15,0,大商所,2024
20240925,XDCE,EG,EG2409,D,20240925,15:00,225,200,4546.0,15,0,大商所,2024
20240925,XDCE,EG,EG2412,N,20240924,21:01,2,2,4470.0,15,0,大商所,2024
20240925,XDCE,EG,EG2504,N,20240924,22:55,116,2,4558.0,15,0,大商所,2024
20240925,XDCE,P,P2502,N,20240924,21:01,2,1,8260.0,15,0,大商所,2024
20240925,XDCE,P,P2504,N,20240924,21:08,9,2,8248.0,15,0,大商所,2024
20240925,XDCE,P,P2506,N,20240924,21:18,19,4,8102.0,15,0,大商所,2024
20240925,XDCE,PG,PG2409,D,20240925,15:00,225,100,4850.0,15,0,大商所,2024
20240925,XDCE,PG,PG2506,D,20240925,14:30,195,1,4361.0,15,0,大商所,2024
20240925,XDCE,PP,PP2412,N,20240924,21:04,5,1,7437.0,15,0,大商所,2024
20241018,XDCE,B,B2506,N,20241017,21:04,5,3,3384.0,15,0,大商所,2024
20241018,XDCE,EG,EG2502,N,20241017,21:01,2,3,4632.0,15,0,大商所,2024
20241018,XDCE,EG,EG2503,N,20241017,21:02,3,2,4637.0,15,0,大商所,2024
20241018,XDCE,J,J2504,D,20241018,09:45,45,1,2076.0,15,0,大商所,2024
20241018,XDCE,JM,JM2506,N,20241017,21:43,44,2,1487.0,15,0,大商所,2024
20241018,XDCE,JM,JM2507,N,20241017,21:43,44,2,1490.25,15,0,大商所,2024
20241018,XDCE,JM,JM2509,N,20241017,21:25,26,5,1435.5,15,0,大商所,2024
20241018,XDCE,L,L2508,N,20241017,21:32,33,1,8079.0,15,0,大商所,2024
20241018,XDCE,P,P2502,N,20241017,21:01,2,9,8798.44,15,0,大商所,2024
20241018,XDCE,P,P2504,N,20241017,21:01,2,7,8648.0,15,0,大商所,2024
20241018,XDCE,PG,PG2504,N,20241017,21:05,6,1,4737.0,15,0,大商所,2024
20241018,XDCE,PP,PP2503,N,20241017,21:44,45,2,7537.0,15,0,大商所,2024
20241105,XDCE,C,C2411,D,20241105,09:28,28,7,2187.0,15,0,大商所,2024
20241105,XDCE,CS,CS2507,N,20241104,21:01,2,11,2691.0,15,0,大商所,2024
20241105,XDCE,EB,EB2506,N,20241104,22:00,61,1,8434.0,15,0,大商所,2024
20241105,XDCE,P,P2507,N,20241104,21:16,17,2,8936.0,15,0,大商所,2024
20241105,XDCE,P,P2510,N,20241104,21:07,8,1,8640.0,15,0,大商所,2024
20241105,XDCE,PG,PG2506,N,20241104,22:12,73,4,4458.75,15,0,大商所,2024
20241105,XDCE,PP,PP2503,N,20241104,21:02,3,6,7461.5,15,0,大商所,2024
20241105,XDCE,V,V2411,N,20241104,21:39,40,20,5375.0,15,0,大商所,2024
20241105,XDCE,V,V2503,N,20241104,21:01,2,5,5550.0,15,0,大商所,2024
20241105,XDCE,V,V2504,N,20241104,21:01,2,3,5744.0,15,0,大商所,2024
20241121,XDCE,EG,EG2412,N,20241120,21:01,2,5,4580.6,15,0,大商所,2024
20241121,XDCE,L,L2503,N,20241120,21:05,6,2,8170.5,15,0,大商所,2024
20241121,XDCE,L,L2508,N,20241120,21:06,7,2,8109.5,15,0,大商所,2024
20241121,XDCE,V,V2504,N,20241120,21:03,4,5,5559.0,15,0,大商所,2024
20241209,XDCE,P,P2508,N,20241206,21:07,8,1,8954.0,15,0,大商所,2024
20241209,XDCE,RR,RR2501,N,20241206,21:01,2,1,3483.0,15,0,大商所,2024
20241209,XDCE,RR,RR2504,D,20241209,10:57,102,1,3459.0,15,0,大商所,2024
20241209,XDCE,V,V2412,N,20241206,21:01,2,24,4924.0,15,0,大商所,2024
20241209,XDCE,V,V2506,N,20241206,21:01,2,1,5322.0,15,0,大商所,2024
20241209,XDCE,V,V2507,N,20241206,21:01,2,1,5363.0,15,0,大商所,2024
20241225,XDCE,B,B2506,N,20241224,21:01,2,2,3248.0,15,0,大商所,2024
20241225,XDCE,B,B2507,N,20241224,21:01,2,2,3264.0,15,0,大商所,2024
20241225,XDCE,B,B2508,N,20241224,21:01,2,4,3362.5,15,0,大商所,2024
20241225,XDCE,EB,EB2412,D,20241225,10:35,80,20,8658.0,15,0,大商所,2024
20241225,XDCE,EB,EB2507,D,20241225,11:06,111,2,8489.0,15,0,大商所,2024
20241225,XDCE,EB,EB2509,N,20241224,22:01,62,1,8384.0,15,0,大商所,2024
20241225,XDCE,I,I2510,N,20241224,21:01,2,5,752.5,15,0,大商所,2024
20250113,XDCE,CS,CS2501,D,20250113,14:50,215,59,2471.0,15,0,大商所,2025
20250113,XDCE,PG,PG2508,D,20250113,09:04,4,1,4350.0,15,0,大商所,2025
20250206,XDCE,EB,EB2507,N,20250205,21:01,2,2,8593.0,15,0,大商所,2025
20250206,XDCE,EG,EG2502,D,20250206,10:48,93,206,4614.0,15,0,大商所,2025
20250206,XDCE,EG,EG2506,N,20250205,21:01,2,4,4668.0,15,0,大商所,2025
20250206,XDCE,EG,EG2507,N,20250205,21:01,2,4,4676.5,15,0,大商所,2025
20250206,XDCE,PG,PG2507,N,20250205,21:03,4,2,4382.0,15,0,大商所,2025
20250206,XDCE,PG,PG2508,N,20250205,21:03,4,2,4307.5,15,0,大商所,2025
20250206,XDCE,PP,PP2508,N,20250205,22:03,64,1,7357.0,15,0,大商所,2025
20250206,XDCE,PP,PP2510,N,20250205,21:45,46,2,7350.5,15,0,大商所,2025
20250206,XDCE,V,V2508,N,20250205,21:01,2,2,5279.0,15,0,大商所,2025
20250224,XDCE,JM,JM2508,N,20250221,21:04,5,2,1192.0,15,0,大商所,2025
20250224,XDCE,JM,JM2510,N,20250221,22:00,61,2,1227.5,15,0,大商所,2025
20250224,XDCE,L,L2511,N,20250221,21:59,60,1,7808.0,15,0,大商所,2025
20250224,XDCE,L,L2512,N,20250221,21:35,36,1,7810.0,15,0,大商所,2025
20250224,XDCE,P,P2507,N,20250221,21:07,8,1,8952.0,15,0,大商所,2025
20250224,XDCE,P,P2510,N,20250221,21:12,13,2,8656.0,15,0,大商所,2025
20250224,XDCE,PG,PG2512,N,20250221,21:25,26,1,4534.0,15,0,大商所,2025
20250224,XDCE,PG,PG2601,N,20250221,21:25,26,1,4490.0,15,0,大商所,2025
20250224,XDCE,PP,PP2504,N,20250221,21:01,2,2,7359.0,15,0,大商所,2025
20250313,XDCE,EB,EB2503,N,20250312,21:52,53,70,8077.0,15,0,大商所,2025
20250313,XDCE,EB,EB2512,N,20250312,21:08,9,7,7824.71,15,0,大商所,2025
20250313,XDCE,J,J2504,N,20250312,21:01,2,1,1620.0,15,0,大商所,2025
20250313,XDCE,L,L2510,N,20250312,21:03,4,2,7650.0,15,0,大商所,2025
20250313,XDCE,L,L2511,N,20250312,21:03,4,2,7650.0,15,0,大商所,2025
20250313,XDCE,P,P2508,N,20250312,21:30,31,2,8504.0,15,0,大商所,2025
20250313,XDCE,P,P2512,N,20250312,21:10,11,3,8320.0,15,0,大商所,2025
20250313,XDCE,PG,PG2512,N,20250312,22:16,77,1,4402.0,15,0,大商所,2025
20250313,XDCE,PG,PG2601,N,20250312,22:17,78,5,4371.8,15,0,大商所,2025
20250403,XGFE,SI,SI2504,D,20250403,09:03,4,50,9795.0,15,0,广期所,2025
20250403,XDCE,J,J2601,N,20250402,21:02,3,1,1720.0,15,0,大商所,2025
20250403,XDCE,P,P2511,N,20250402,21:03,4,2,8566.0,15,0,大商所,2025
20250422,XDCE,EB,EB2512,N,20250421,21:08,9,10,7021.6,15,0,大商所,2025
20250422,XDCE,EB,EB2603,N,20250421,22:34,95,1,7118.0,15,0,大商所,2025
20250422,XDCE,I,I2602,N,20250421,21:01,2,10,685.5,15,0,大商所,2025
20250422,XDCE,J,J2508,D,20250422,14:11,176,2,1569.0,15,0,大商所,2025
20250422,XDCE,JM,JM2512,N,20250421,21:19,20,1,998.0,15,0,大商所,2025
20250422,XDCE,PG,PG2508,N,20250421,21:01,2,1,4203.0,15,0,大商所,2025
20250513,XDCE,C,C2505,N,20250512,22:58,119,1,2325.0,15,0,大商所,2025
20250529,XDCE,EG,EG2510,D,20250529,09:16,16,3,4316.0,15,0,大商所,2025
20250529,XDCE,J,J2510,N,20250528,21:07,8,1,1381.0,15,0,大商所,2025
20250529,XDCE,P,P2506,N,20250528,21:03,4,1,8356.0,15,0,大商所,2025
20250529,XDCE,PP,PP2602,N,20250528,21:01,2,3,6829.0,15,0,大商所,2025
20250529,XDCE,PP,PP2603,N,20250528,21:26,27,2,6823.0,15,0,大商所,2025
20250529,XDCE,PP,PP2604,N,20250528,21:26,27,2,6833.5,15,0,大商所,2025
20250618,XDCE,B,B2602,N,20250617,21:02,3,1,3689.0,15,0,大商所,2025
20250618,XDCE,J,J2602,N,20250617,21:30,31,1,1404.5,15,0,大商所,2025
20250618,XDCE,L,L2603,N,20250617,21:02,3,2,7271.5,15,0,大商所,2025
20250618,XDCE,P,P2602,N,20250617,22:47,108,2,8448.0,15,0,大商所,2025
20250618,XDCE,PG,PG2512,N,20250617,21:02,3,1,4385.0,15,0,大商所,2025
20250618,XDCE,PG,PG2601,N,20250617,21:01,2,1,4273.0,15,0,大商所,2025
20250618,XDCE,PG,PG2603,N,20250617,21:01,2,1,4082.0,15,0,大商所,2025
20250618,XDCE,PP,PP2604,N,20250617,21:31,32,2,7094.0,15,0,大商所,2025
20250704,XGFE,LC,LC2507,D,20250704,09:05,6,9,64700.0,15,0,广期所,2025
20250704,XDCE,B,B2602,N,20250703,21:26,27,1,3648.0,15,0,大商所,2025
20250704,XDCE,L,L2605,N,20250703,21:02,3,1,7251.0,15,0,大商所,2025
20250704,XDCE,P,P2511,N,20250703,21:01,2,3,8495.33,15,0,大商所,2025
20250704,XDCE,P,P2512,N,20250703,21:01,2,2,8489.0,15,0,大商所,2025
20250704,XDCE,P,P2602,N,20250703,21:01,2,1,8476.0,15,0,大商所,2025
20250704,XDCE,P,P2603,N,20250703,21:01,2,2,8438.0,15,0,大商所,2025
20250704,XDCE,P,P2604,N,20250703,21:01,2,2,8392.0,15,0,大商所,2025
20250704,XDCE,PG,PG2602,N,20250703,21:25,26,1,4175.0,15,0,大商所,2025
20250723,XDCE,EB,EB2602,N,20250722,21:01,2,5,7353.0,15,0,大商所,2025
20250723,XDCE,EG,EG2508,N,20250722,21:03,4,1,4421.0,15,0,大商所,2025
20250723,XDCE,L,L2602,N,20250722,21:07,8,2,7405.0,15,0,大商所,2025
20250723,XDCE,L,L2606,N,20250722,21:07,8,2,7412.0,15,0,大商所,2025
20250723,XDCE,P,P2603,N,20250722,21:09,10,1,8774.0,15,0,大商所,2025
20250723,XDCE,P,P2604,N,20250722,21:08,9,2,8700.0,15,0,大商所,2025
20250723,XDCE,PG,PG2605,N,20250722,21:02,3,1,4254.0,15,0,大商所,2025
20250723,XDCE,Y,Y2508,N,20250722,21:01,2,14,8058.0,15,0,大商所,2025
20250811,XGFE,LC,LC2508,D,20250811,09:01,2,47,75300.0,15,0,广期所,2025
20250811,XGFE,PS,PS2508,D,20250811,14:53,219,3,52745.0,15,0,广期所,2025
20250811,XGFE,SI,SI2508,D,20250811,09:42,43,17,8830.0,15,0,广期所,2025
20250811,XDCE,BZ,BZ2605,D,20250811,11:15,121,5,6239.0,15,0,大商所,2025
20250811,XDCE,EB,EB2603,N,20250808,21:17,18,1,7374.0,15,0,大商所,2025
20250811,XDCE,EB,EB2605,N,20250808,21:22,23,1,7399.0,15,0,大商所,2025
20250811,XDCE,EG,EG2604,D,20250811,10:49,94,1,4488.0,15,0,大商所,2025
20250811,XDCE,EG,EG2605,N,20250808,22:24,85,1,4471.0,15,0,大商所,2025
20250811,XDCE,PG,PG2604,N,20250808,21:01,2,2,4253.0,15,0,大商所,2025
20250811,XDCE,PG,PG2605,N,20250808,21:01,2,2,4158.0,15,0,大商所,2025
20250811,XDCE,V,V2508,D,20250811,09:56,56,1,4983.0,15,0,大商所,2025
20250827,XDCE,BB,BB2509,D,20250827,15:00,226,2,143.15,15,0,大商所,2025
20250827,XDCE,EB,EB2603,N,20250826,21:01,2,1,7360.0,15,0,大商所,2025
20250827,XDCE,EB,EB2604,N,20250826,21:22,23,2,7401.0,15,0,大商所,2025
20250827,XDCE,EG,EG2602,N,20250826,21:01,2,1,4514.0,15,0,大商所,2025
20250827,XDCE,EG,EG2603,N,20250826,21:01,2,1,4520.0,15,0,大商所,2025
20250827,XDCE,P,P2602,N,20250826,21:04,5,4,9450.0,15,0,大商所,2025
20250827,XDCE,P,P2604,N,20250826,21:04,5,4,9360.0,15,0,大商所,2025
20250827,XDCE,PG,PG2606,N,20250826,22:55,116,5,4212.2,15,0,大商所,2025
20250827,XDCE,PP,PP2606,N,20250826,21:18,19,5,7038.0,15,0,大商所,2025
20250827,XDCE,V,V2603,N,20250826,21:01,2,22,5070.0,15,0,大商所,2025
20250915,XDCE,EG,EG2607,D,20250915,14:11,176,5,4358.0,15,0,大商所,2025
20250915,XDCE,L,L2606,N,20250912,21:05,6,2,7228.0,15,0,大商所,2025
20250915,XDCE,L,L2607,N,20250912,21:05,6,2,7236.5,15,0,大商所,2025
20250915,XDCE,P,P2604,N,20250912,21:20,21,1,9196.0,15,0,大商所,2025
20251009,XDCE,J,J2510,D,20251009,09:58,58,10,1560.0,15,0,大商所,2025
20251009,XDCE,J,J2602,D,20251009,09:02,2,1,1676.5,15,0,大商所,2025
20251009,XDCE,L,L2602,D,20251009,09:01,1,1,7152.0,15,0,大商所,2025
20251009,XDCE,P,P2510,D,20251009,09:58,58,5,9328.0,15,0,大商所,2025
20251027,XDCE,EB,EB2606,N,20251024,21:26,27,2,6900.0,15,0,大商所,2025
20251027,XDCE,J,J2511,N,20251024,21:14,15,2,1702.25,15,0,大商所,2025
20251027,XDCE,L,L2602,N,20251024,21:01,2,6,6966.83,15,0,大商所,2025
20251027,XDCE,L,L2603,N,20251024,21:01,2,6,6977.0,15,0,大商所,2025
20251027,XDCE,L,L2604,N,20251024,21:02,3,3,7031.33,15,0,大商所,2025
20251027,XDCE,P,P2602,N,20251024,21:08,9,4,9146.0,15,0,大商所,2025
20251112,XDCE,EB,EB2511,N,20251111,21:27,28,2,6266.0,15,0,大商所,2025
20251112,XDCE,EB,EB2606,N,20251111,22:09,70,55,6640.0,15,0,大商所,2025
20251112,XDCE,EB,EB2610,D,20251112,14:04,169,1,6808.0,15,0,大商所,2025
20251112,XDCE,EG,EG2606,N,20251111,21:02,3,1,4008.0,15,0,大商所,2025
20251112,XDCE,J,J2604,N,20251111,22:56,117,1,1847.0,15,0,大商所,2025
20251112,XDCE,LG,LG2511,D,20251112,15:00,226,15,745.0,15,0,大商所,2025
20251112,XDCE,PG,PG2606,N,20251111,21:37,38,1,4085.0,15,0,大商所,2025
20251112,XDCE,PP,PP2606,N,20251111,22:06,67,5,6549.0,15,0,大商所,2025
20251112,XDCE,Y,Y2607,N,20251111,21:17,18,1,7992.0,15,0,大商所,2025
20251112,XDCE,Y,Y2608,D,20251112,09:02,2,1,7998.0,15,0,大商所,2025
20251128,XDCE,JM,JM2606,N,20251127,21:01,2,1,1187.0,15,0,大商所,2025
20251128,XDCE,L,L2512,N,20251127,21:01,2,1,6679.0,15,0,大商所,2025
20251128,XDCE,PG,PG2606,N,20251127,21:05,6,1,4101.0,15,0,大商所,2025
20251128,XDCE,PG,PG2607,N,20251127,21:05,6,1,4028.0,15,0,大商所,2025
20251216,XDCE,P,P2612,N,20251215,22:53,114,2,8410.0,15,0,大商所,2025
20251216,XDCE,PP,PP2607,N,20251215,21:42,43,4,6238.0,15,0,大商所,2025
20260105,XGFE,PS,PS2604,D,20260105,09:01,2,10,58600.0,15,0,广期所,2026
20260105,XDCE,EB,EB2606,D,20260105,09:01,1,4,6922.5,15,0,大商所,2026
20260105,XDCE,EB,EB2607,D,20260105,09:01,1,4,6921.0,15,0,大商所,2026
20260105,XDCE,JM,JM2611,D,20260105,09:01,1,1,1222.0,15,0,大商所,2026
20260105,XDCE,L,L2610,D,20260105,09:01,1,1,6553.0,15,0,大商所,2026
20260121,XDCE,EB,EB2610,N,20260120,21:05,6,2,7173.0,15,0,大商所,2026
20260121,XDCE,EB,EB2611,N,20260120,21:05,6,2,7200.0,15,0,大商所,2026
20260121,XDCE,JM,JM2610,N,20260120,21:02,3,2,1227.5,15,0,大商所,2026
20260121,XDCE,L,L2612,N,20260120,21:24,25,2,6706.0,15,0,大商所,2026
20260121,XDCE,LG,LG2607,D,20260121,09:01,2,10,789.5,15,0,大商所,2026
20260121,XDCE,PP,PP2610,N,20260120,21:01,2,4,6452.0,15,0,大商所,2026
20260121,XDCE,PP,PP2612,N,20260120,21:01,2,2,6440.5,15,0,大商所,2026
20260121,XDCE,PP,PP2701,N,20260120,21:01,2,2,6464.0,15,0,大商所,2026
20260121,XDCE,V,V2610,N,20260120,21:01,2,2,4951.0,15,0,大商所,2026
20260206,XDCE,B,B2608,N,20260205,21:01,2,4,3534.0,15,0,大商所,2026
20260206,XDCE,J,J2606,N,20260205,21:33,34,1,1768.0,15,0,大商所,2026
20260206,XDCE,JD,JD2611,D,20260206,09:02,3,2,3723.5,15,0,大商所,2026
20260206,XDCE,JM,JM2606,N,20260205,21:01,2,3,1181.0,15,0,大商所,2026
20260206,XDCE,L,L2610,N,20260205,21:37,38,2,6828.0,15,0,大商所,2026
20260206,XDCE,PG,PG2606,N,20260205,21:01,2,6,4282.33,15,0,大商所,2026
20260206,XDCE,PG,PG2607,N,20260205,21:01,2,6,4199.17,15,0,大商所,2026
20260206,XDCE,PG,PG2608,N,20260205,21:01,2,6,4120.33,15,0,大商所,2026
20260206,XDCE,PG,PG2611,D,20260206,13:59,164,2,4391.5,15,0,大商所,2026
20260305,XGFE,PD,PD2610,D,20260305,09:03,4,4,435.625,15,0,广期所,2026
20260305,XGFE,PD,PD2612,D,20260305,09:03,4,4,436.3,15,0,广期所,2026
20260305,XGFE,PT,PT2612,D,20260305,09:03,4,4,561.975,15,0,广期所,2026
20260305,XGFE,SI,SI2603,D,20260305,10:12,73,3,8450.0,15,0,广期所,2026
20260305,XDCE,B,B2610,N,20260304,21:05,6,1,3725.0,15,0,大商所,2026
20260305,XDCE,BZ,BZ2603,D,20260305,09:01,2,2,6819.0,15,0,大商所,2026
20260305,XDCE,LG,LG2607,D,20260305,09:01,2,3,804.0,15,0,大商所,2026
20260305,XDCE,P,P2603,N,20260304,21:44,45,20,8816.0,15,0,大商所,2026
20260305,XDCE,P,P2607,N,20260304,21:01,2,5,9032.0,15,0,大商所,2026
20260305,XDCE,P,P2608,N,20260304,21:01,2,1,9018.0,15,0,大商所,2026
20260305,XDCE,V,V2610,N,20260304,21:01,2,1,5154.0,15,0,大商所,2026
20260325,XDCE,EB,EB2611,N,20260324,21:23,24,1,9337.0,15,0,大商所,2026
20260325,XDCE,EB,EB2702,N,20260324,21:53,54,3,9065.0,15,0,大商所,2026
20260325,XDCE,I,I2612,N,20260324,21:01,2,1,774.5,15,0,大商所,2026
20260325,XDCE,J,J2701,N,20260324,21:01,2,3,1973.17,15,0,大商所,2026
20260325,XDCE,L,L2612,N,20260324,21:36,37,2,8523.0,15,0,大商所,2026
20260325,XDCE,L,L2703,N,20260324,22:12,73,1,8400.0,15,0,大商所,2026
20260325,XDCE,P,P2612,D,20260325,09:03,3,2,9602.0,15,0,大商所,2026
20260325,XDCE,PG,PG2612,N,20260324,21:03,4,1,6042.0,15,0,大商所,2026
20260325,XDCE,PP,PP2604,N,20260324,21:10,11,20,9121.5,15,0,大商所,2026
20260420,XGFE,PD,PD2608,D,20260420,09:01,2,4,384.65,15,0,广期所,2026
20260420,XGFE,PD,PD2612,D,20260420,09:04,5,3,388.9,15,0,广期所,2026
20260420,XDCE,BZ,BZ2611,D,20260420,09:00,1,4,7555.0,15,0,大商所,2026
20260420,XDCE,BZ,BZ2612,D,20260420,09:00,1,4,7387.0,15,0,大商所,2026
20260420,XDCE,JM,JM2611,N,20260417,21:01,2,6,1271.0,15,0,大商所,2026
20260420,XDCE,L,L2611,N,20260417,21:05,6,1,7894.0,15,0,大商所,2026
20260420,XDCE,LG,LG2609,D,20260420,09:01,2,16,825.5,15,0,大商所,2026
20260420,XDCE,LG,LG2611,D,20260420,09:01,2,16,827.844,15,0,大商所,2026
20260512,XDCE,B,B2610,N,20260511,21:01,2,2,3825.0,15,0,大商所,2026
20260512,XDCE,C,C2605,D,20260512,15:00,225,4,2347.0,15,0,大商所,2026
20260512,XDCE,I,I2702,N,20260511,21:01,2,5,800.5,15,0,大商所,2026
20260512,XDCE,JM,JM2702,N,20260511,21:01,2,5,1551.3,15,0,大商所,2026
20260512,XDCE,P,P2610,N,20260511,21:01,2,4,9745.0,15,0,大商所,2026
20260512,XDCE,P,P2611,N,20260511,21:01,2,4,9758.0,15,0,大商所,2026
20260512,XDCE,P,P2612,N,20260511,21:29,30,2,9740.0,15,0,大商所,2026
20260512,XDCE,V,V2605,N,20260511,21:09,10,3,4968.0,15,0,大商所,2026
20260603,XGFE,PD,PD2610,D,20260603,09:01,2,1,333.75,15,0,广期所,2026
20260603,XGFE,PD,PD2612,D,20260603,09:05,6,2,336.45,15,0,广期所,2026
20260603,XGFE,PS,PS2606,D,20260603,09:04,5,40,36230.0,15,0,广期所,2026
20260603,XDCE,EB,EB2612,N,20260602,21:08,9,21,8123.43,15,0,大商所,2026
20260603,XDCE,EB,EB2701,N,20260602,21:01,2,1,8126.0,15,0,大商所,2026
20260603,XDCE,JD,JD2704,D,20260603,09:01,2,1,3320.0,15,0,大商所,2026
20260603,XDCE,P,P2606,D,20260603,13:36,141,1,9400.0,15,0,大商所,2026
20260603,XDCE,PG,PG2611,N,20260602,21:07,8,2,5470.0,15,0,大商所,2026
20260603,XDCE,PP,PP2705,N,20260602,21:13,14,1,7902.0,15,0,大商所,2026
20260603,XDCE,V,V2704,N,20260602,21:15,16,2,5293.0,15,0,大商所,2026
20260626,XGFE,PT,PT2702,D,20260626,09:27,28,1,399.1,15,0,广期所,2026
20260626,XDCE,L,L2705,N,20260625,21:03,4,1,6761.0,15,0,大商所,2026
20260626,XDCE,P,P2607,N,20260625,21:10,11,2,9018.0,15,0,大商所,2026
20260626,XDCE,P,P2703,N,20260625,21:01,2,1,9515.0,15,0,大商所,2026
20260626,XDCE,PG,PG2701,N,20260625,21:06,7,2,4401.0,15,0,大商所,2026
20260626,XDCE,PG,PG2702,N,20260625,21:06,7,2,4311.0,15,0,大商所,2026
20260715,XDCE,B,B2702,N,20260714,21:31,32,1,3827.0,15,0,大商所,2026
20260715,XDCE,B,B2704,N,20260714,21:29,30,2,3669.0,15,0,大商所,2026
20260715,XDCE,B,B2706,N,20260714,21:07,8,10,3568.0,15,0,大商所,2026
20260715,XDCE,CS,CS2707,D,20260715,11:14,119,1,2676.0,15,0,大商所,2026
20260715,XDCE,EB,EB2607,N,20260714,21:18,19,1,8525.0,15,0,大商所,2026
20260715,XDCE,EB,EB2702,N,20260714,21:03,4,7,7930.0,15,0,大商所,2026
20260715,XDCE,EB,EB2705,N,20260714,21:07,8,1,7860.0,15,0,大商所,2026
20260715,XDCE,EG,EG2706,N,20260714,21:26,27,1,4338.0,15,0,大商所,2026
20260715,XDCE,PG,PG2701,N,20260714,21:01,2,2,5019.0,15,0,大商所,2026
20260715,XDCE,PG,PG2702,N,20260714,21:15,16,2,4945.5,15,0,大商所,2026
20260715,XDCE,PG,PG2703,N,20260714,21:01,2,2,4785.5,15,0,大商所,2026
20260715,XDCE,PP,PP2704,D,20260715,10:52,97,1,7402.0,15,0,大商所,2026
20260805,XGFE,PD,PD2608,D,20260805,09:09,10,10,312.3,15,0,广期所,2026
20260805,XGFE,PT,PT2608,D,20260805,09:01,2,10,418.515,15,0,广期所,2026
20260805,XDCE,B,B2704,N,20260804,21:19,20,9,3650.0,15,0,大商所,2026
20260805,XDCE,B,B2706,N,20260804,21:19,20,10,3547.0,15,0,大商所,2026
20260805,XDCE,L,L2702,N,20260804,21:01,2,4,7194.0,15,0,大商所,2026
20260805,XDCE,M,M2608,N,20260804,22:02,63,82,3060.0,15,0,大商所,2026
20260805,XDCE,PG,PG2706,N,20260804,21:46,47,3,4872.0,15,0,大商所,2026
20150116,XDCE,I,I1501,D,20150116,15:00,225,250,524.0,15,0,大商所,2015
20160708,XDCE,J,J1705,N,20160707,21:05,6,1,990.5,15,0,大商所,2016
20161011,XDCE,J,J1709,N,20161010,21:13,14,1,1174.5,15,0,大商所,2016
20170120,XDCE,P,P1801,N,20170119,21:03,4,3,6064.0,15,0,大商所,2017
20170120,XDCE,Y,Y1801,N,20170119,21:20,21,1,7152.0,15,0,大商所,2017
20170302,XDCE,J,J1801,N,20170301,21:05,6,1,1713.5,15,0,大商所,2017
20170302,XDCE,V,V1801,D,20170302,09:01,2,2,6505.0,5,0,大商所,2017
20170512,XDCE,B,B1709,D,20170512,13:31,136,1,3929.0,15,0,大商所,2017
20170512,XDCE,B,B1801,D,20170512,13:31,136,1,3989.0,15,0,大商所,2017
20170601,XDCE,J,J1805,N,20170531,21:01,2,14,1280.93,5,0,大商所,2017
20170601,XDCE,P,P1805,N,20170531,21:01,2,1,5098.0,15,0,大商所,2017
20170601,XDCE,Y,Y1805,N,20170531,21:05,6,1,6000.0,15,0,大商所,2017
20170619,XDCE,A,A1805,N,20170616,21:01,2,2,3940.5,15,0,大商所,2017
20170705,XDCE,V,V1805,D,20170705,09:01,2,12,6013.33,5,0,大商所,2017
20170808,XDCE,V,V1805,D,20170808,09:01,2,10,7105.0,15,0,大商所,2017
20170927,XDCE,L,L1809,D,20170927,09:36,37,1,9560.0,15,0,大商所,2017
20171020,XDCE,L,L1809,D,20171020,09:02,3,3,9610.0,15,0,大商所,2017
20171107,XDCE,J,J1809,N,20171106,21:01,2,5,1869.5,5,0,大商所,2017
20171123,XDCE,JM,JM1809,N,20171122,21:04,5,3,1278.0,15,0,大商所,2017
20171211,XDCE,J,J1809,N,20171208,21:01,2,3,1978.0,5,0,大商所,2017
20180115,XDCE,L,L1801,D,20180115,15:00,226,4,9755.0,15,0,大商所,2018
20180131,XDCE,B,B1809,N,20180130,21:10,11,182,3336.0,15,0,大商所,2018
20180131,XDCE,B,B1901,D,20180131,13:46,151,2,3307.0,15,0,大商所,2018
20180131,XDCE,JM,JM1901,N,20180130,23:01,122,1,1239.0,15,0,大商所,2018
20180131,XDCE,PP,PP1901,D,20180131,09:01,2,2,9401.0,15,0,大商所,2018
20180223,XDCE,A,A1901,N,20180222,21:04,5,6,3755.0,15,0,大商所,2018
20180223,XDCE,JM,JM1901,N,20180222,21:30,31,2,1280.75,5,0,大商所,2018
20180223,XDCE,PP,PP1901,D,20180223,09:01,2,2,9242.0,15,0,大商所,2018
20180329,XDCE,JD,JD1901,D,20180329,09:01,2,7,3767.29,5,0,大商所,2018
20180418,XDCE,B,B1901,N,20180417,21:05,6,1,3696.0,15,0,大商所,2018
20180508,XDCE,A,A1901,N,20180507,21:01,2,5,3923.4,5,0,大商所,2018
20180524,XDCE,A,A1905,N,20180523,21:01,2,2,3783.0,15,0,大商所,2018
20180611,XDCE,J,J1905,N,20180608,21:39,40,1,1978.0,15,0,大商所,2018
20180716,XDCE,JM,JM1905,N,20180713,21:01,2,4,1100.0,15,0,大商所,2018
20180801,XDCE,JM,JM1905,N,20180731,21:04,5,2,1188.5,15,0,大商所,2018
20180801,XDCE,PP,PP1905,D,20180801,09:11,12,3,9460.33,15,0,大商所,2018
20180817,XDCE,JM,JM1905,N,20180816,21:01,2,3,1250.33,15,0,大商所,2018
20180904,XDCE,B,B1811,D,20180904,11:11,116,1344,3619.0,15,0,大商所,2018
20180904,XDCE,B,B1903,D,20180904,10:03,63,1308,3350.0,15,0,大商所,2018
20180904,XDCE,I,I1907,N,20180903,21:01,2,2,492.0,15,0,大商所,2018
20180920,XDCE,B,B1903,N,20180919,23:04,125,166,3394.0,15,0,大商所,2018
20180920,XDCE,B,B1907,D,20180920,09:10,10,629,3319.0,15,0,大商所,2018
20180920,XDCE,B,B1909,D,20180920,09:10,10,629,3268.0,15,0,大商所,2018
20180920,XDCE,I,I1907,N,20180919,21:01,2,2,511.0,15,0,大商所,2018
20180920,XDCE,L,L1909,D,20180920,09:01,2,1,9270.0,15,0,大商所,2018
20180920,XDCE,M,M1811,N,20180919,21:01,2,135,3341.39,5,0,大商所,2018
20180920,XDCE,Y,Y1909,N,20180919,21:01,2,1,5786.0,15,0,大商所,2018
20181016,XDCE,B,B1903,N,20181015,22:34,95,842,3587.0,15,0,大商所,2018
20181016,XDCE,B,B1907,N,20181015,22:28,89,1892,3419.0,15,0,大商所,2018
20181101,XDCE,A,A1909,N,20181031,21:22,23,1,3768.0,15,0,大商所,2018
20181101,XDCE,B,B1903,N,20181031,22:20,81,99,3383.0,15,0,大商所,2018
20181101,XDCE,L,L1909,D,20181101,09:02,3,13,8790.77,5,0,大商所,2018
20181119,XDCE,B,B1903,N,20181116,21:53,54,644,3313.0,15,0,大商所,2018
20181119,XDCE,B,B1907,D,20181119,10:48,93,572,3286.0,15,0,大商所,2018
20181119,XDCE,B,B1909,N,20181116,21:02,3,2,3248.0,5,0,大商所,2018
20181119,XDCE,B,B1911,D,20181119,10:55,100,1762,3376.0,15,0,大商所,2018
20181205,XDCE,B,B1907,N,20181204,21:48,49,1628,3182.0,15,0,大商所,2018
20181205,XDCE,B,B1911,N,20181204,21:55,56,794,3202.0,15,0,大商所,2018
20181205,XDCE,M,M1907,N,20181204,21:01,2,3,2683.33,5,0,大商所,2018
20181221,XDCE,B,B1911,D,20181221,09:58,58,1998,3150.0,15,0,大商所,2018
20190110,XDCE,B,B1907,N,20190109,22:02,63,2640,3015.0,15,0,大商所,2019
20190110,XDCE,B,B1911,N,20190109,22:07,68,3044,3093.0,15,0,大商所,2019
20190128,XDCE,I,I2001,N,20190125,21:01,2,5,495.9,5,0,大商所,2019
20190128,XDCE,JM,JM2001,N,20190125,22:19,80,1,1274.0,15,0,大商所,2019
20190128,XDCE,V,V2001,D,20190128,09:01,2,2,6362.5,15,0,大商所,2019
20190308,XDCE,C,C1907,D,20190308,09:01,2,117,1850.25,5,0,大商所,2019
20190308,XDCE,CS,CS2001,D,20190308,09:02,3,1,2344.0,15,0,大商所,2019
20190326,XDCE,M,M1911,N,20190325,21:10,11,1,2646.0,15,0,大商所,2019
20190412,XDCE,M,M1911,N,20190411,21:05,6,1,2654.0,15,0,大商所,2019
20190430,XDCE,B,B1911,N,20190429,22:01,62,41,2945.0,15,0,大商所,2019
20190521,XDCE,C,C2003,N,20190520,21:01,2,59,2075.15,5,0,大商所,2019
20190521,XDCE,I,I2003,N,20190520,21:01,2,2,634.0,15,0,大商所,2019
20190606,XDCE,A,A2005,N,20190605,21:01,2,2,3592.0,15,0,大商所,2019
20190606,XDCE,V,V2005,N,20190605,21:01,2,1,6345.0,15,0,大商所,2019
20190625,XDCE,B,B2005,N,20190624,21:03,4,2,3098.0,15,0,大商所,2019
20190625,XDCE,CS,CS2005,N,20190624,21:04,5,39,2480.1,5,0,大商所,2019
20190625,XDCE,M,M1911,N,20190624,21:03,4,3,2948.0,15,0,大商所,2019
20190729,XDCE,I,I2003,N,20190726,21:05,6,2,709.0,15,0,大商所,2019
20190918,XDCE,CS,CS2009,N,20190917,21:16,17,1,2368.0,15,0,大商所,2019
20190918,XDCE,I,I2007,N,20190917,21:03,4,7,563.286,5,0,大商所,2019
20190918,XDCE,M,M2007,N,20190917,21:01,2,9,2783.0,15,0,大商所,2019
20190918,XDCE,P,P2009,N,20190917,21:03,4,6,5260.0,5,0,大商所,2019
20191011,XDCE,A,A2009,N,20191010,21:09,10,2,3742.0,15,0,大商所,2019
20191011,XDCE,C,C2007,N,20191010,21:01,2,12,1938.0,15,0,大商所,2019
20191011,XDCE,J,J2009,N,20191010,21:01,2,1,1781.0,15,0,大商所,2019
20191011,XDCE,P,P2009,N,20191010,21:01,2,5,5130.0,15,0,大商所,2019
20191011,XDCE,RR,RR2009,D,20191011,09:41,41,1,3575.0,15,0,大商所,2019
20191029,XDCE,C,C2003,N,20191028,21:01,2,33,1872.64,5,0,大商所,2019
20191029,XDCE,EB,EB2009,N,20191028,21:06,7,1,7428.0,15,0,大商所,2019
20191029,XDCE,EG,EG2009,N,20191028,22:32,93,1,4523.0,15,0,大商所,2019
20191218,XDCE,JM,JM2009,N,20191217,21:03,4,2,1143.5,15,0,大商所,2019
20191218,XDCE,M,M2007,N,20191217,21:01,2,10,2778.0,15,0,大商所,2019
20200122,XDCE,CS,CS2101,D,20200122,10:03,63,1,2379.0,15,0,大商所,2020
20200122,XDCE,EB,EB2009,N,20200121,21:01,2,5,7401.4,5,0,大商所,2020
20200122,XDCE,J,J2101,N,20200121,21:38,39,1,1790.0,15,0,大商所,2020
20200122,XDCE,M,M2007,N,20200121,21:01,2,64,2734.53,5,0,大商所,2020
20200122,XDCE,M,M2011,N,20200121,21:01,2,7,2810.14,5,0,大商所,2020
20200122,XDCE,V,V2009,N,20200121,21:01,2,10,6440.0,15,0,大商所,2020
20200122,XDCE,Y,Y2101,N,20200121,21:10,11,2,6430.0,15,0,大商所,2020
20200320,XDCE,C,C2011,D,20200320,09:01,2,29,2014.07,5,0,大商所,2020
20200408,XDCE,B,B2007,D,20200408,09:01,2,40,3075.0,5,0,大商所,2020
20200408,XDCE,C,C2011,D,20200408,09:01,2,26,2045.92,5,0,大商所,2020
20200408,XDCE,C,C2103,D,20200408,09:01,2,1,2079.0,15,0,大商所,2020
20200408,XDCE,M,M2011,D,20200408,09:01,2,91,2815.9,5,0,大商所,2020
20200424,XDCE,B,B2007,D,20200424,09:01,2,34,3025.74,5,0,大商所,2020
20200424,XDCE,M,M2103,D,20200424,09:10,11,1,2779.0,15,0,大商所,2020
20200515,XDCE,I,I2011,N,20200514,21:13,14,1,622.5,15,0,大商所,2020
20200515,XDCE,P,P2005,N,20200514,21:21,22,1,4452.0,15,0,大商所,2020
20200618,XDCE,B,B2101,N,20200617,21:11,12,1,3168.0,15,0,大商所,2020
20200618,XDCE,EB,EB2105,N,20200617,21:32,33,1,6330.0,15,0,大商所,2020
20200708,XDCE,CS,CS2105,N,20200707,21:15,16,15,2495.0,15,0,大商所,2020
20200708,XDCE,M,M2103,N,20200707,21:01,2,37,2817.84,5,0,大商所,2020
20200708,XDCE,V,V2105,N,20200707,21:01,2,7,6285.71,5,0,大商所,2020
20200724,XDCE,B,B2105,N,20200723,21:10,11,1,3162.0,15,0,大商所,2020
20200724,XDCE,I,I2103,N,20200723,21:06,7,1,740.5,15,0,大商所,2020
20200724,XDCE,I,I2107,N,20200723,21:04,5,2,686.0,15,0,大商所,2020
20200724,XDCE,PG,PG2012,N,20200723,21:01,2,33,4043.51,5,0,大商所,2020
20200724,XDCE,PP,PP2105,N,20200723,21:02,3,6,7151.0,15,0,大商所,2020
20200811,XDCE,C,C2103,N,20200810,21:01,2,12,2246.92,5,0,大商所,2020
20200811,XDCE,EG,EG2011,N,20200810,21:01,2,2,3840.0,15,0,大商所,2020
20200811,XDCE,EG,EG2012,N,20200810,21:01,2,1,3876.0,15,0,大商所,2020
20200811,XDCE,J,J2105,N,20200810,21:08,9,2,1929.0,15,0,大商所,2020
20200811,XDCE,JM,JM2011,N,20200810,21:01,2,1,1232.5,15,0,大商所,2020
20200811,XDCE,JM,JM2105,N,20200810,21:07,8,11,1181.55,5,0,大商所,2020
20200811,XDCE,PP,PP2010,N,20200810,21:01,2,14,7617.64,5,0,大商所,2020
20200811,XDCE,PP,PP2011,N,20200810,21:01,2,4,7544.0,5,0,大商所,2020
20200811,XDCE,V,V2010,N,20200810,21:01,2,8,6478.75,5,0,大商所,2020
20200811,XDCE,V,V2011,N,20200810,21:01,2,3,6460.0,15,0,大商所,2020
20200811,XDCE,V,V2012,N,20200810,21:01,2,5,6422.0,5,0,大商所,2020
20200811,XDCE,Y,Y2012,N,20200810,21:01,2,3,6227.33,5,0,大商所,2020
20200827,XDCE,B,B2101,N,20200826,21:01,2,6,3419.33,5,0,大商所,2020
20200827,XDCE,C,C2103,N,20200826,21:01,2,6,2323.0,5,0,大商所,2020
20200827,XDCE,EB,EB2010,N,20200826,21:01,2,5,5371.4,15,0,大商所,2020
20200827,XDCE,EG,EG2010,N,20200826,21:01,2,27,3808.52,5,0,大商所,2020
20200827,XDCE,EG,EG2011,N,20200826,21:01,2,25,3842.24,5,0,大商所,2020
20200827,XDCE,L,L2011,N,20200826,21:01,2,4,7240.0,5,0,大商所,2020
20200827,XDCE,L,L2012,N,20200826,21:01,2,24,7260.42,5,0,大商所,2020
20200827,XDCE,PP,PP2011,N,20200826,21:01,2,1,7776.0,15,0,大商所,2020
20200914,XDCE,EB,EB2011,N,20200911,21:01,2,7,5457.0,15,0,大商所,2020
20200914,XDCE,EB,EB2012,N,20200911,21:01,2,7,5560.86,15,0,大商所,2020
20200914,XDCE,EG,EG2102,N,20200911,21:01,2,76,3958.57,5,0,大商所,2020
20200914,XDCE,I,I2107,N,20200911,21:26,27,1,744.5,15,0,大商所,2020
20200914,XDCE,JM,JM2012,N,20200911,21:33,34,403,1256.0,15,0,大商所,2020
20200914,XDCE,L,L2104,N,20200911,21:14,15,20,7365.0,15,0,大商所,2020
20200914,XDCE,M,M2107,N,20200911,21:01,2,18,2906.11,5,0,大商所,2020
20200914,XDCE,M,M2108,N,20200911,21:01,2,3,2955.33,15,0,大商所,2020
20200914,XDCE,P,P2009,D,20200914,15:00,225,21,6206.0,15,0,大商所,2020
20200914,XDCE,P,P2102,N,20200911,21:01,2,93,5836.32,5,0,大商所,2020
20200914,XDCE,P,P2103,N,20200911,21:01,2,2,5830.0,15,0,大商所,2020
20200914,XDCE,P,P2104,D,20200914,13:48,153,10,5933.0,15,0,大商所,2020
20200914,XDCE,PG,PG2101,N,20200911,21:01,2,90,3564.19,5,0,大商所,2020
20200914,XDCE,PP,PP2010,N,20200911,21:01,2,2,7871.5,15,0,大商所,2020
20200914,XDCE,PP,PP2011,N,20200911,21:01,2,2,7812.0,15,0,大商所,2020
20200914,XDCE,V,V2102,N,20200911,21:01,2,28,6562.32,5,0,大商所,2020
20200914,XDCE,V,V2103,N,20200911,21:01,2,3,6515.0,15,0,大商所,2020
20200914,XDCE,V,V2104,D,20200914,09:04,4,5,6510.0,15,0,大商所,2020
20200914,XDCE,Y,Y2011,N,20200911,21:01,2,31,6813.1,5,0,大商所,2020
20200914,XDCE,Y,Y2012,N,20200911,21:01,2,3,6824.0,15,0,大商所,2020
20200914,XDCE,Y,Y2107,N,20200911,21:01,2,15,6611.2,5,0,大商所,2020
20200930,XDCE,B,B2010,N,20200929,21:15,16,1,3621.0,15,0,大商所,2020
20200930,XDCE,B,B2105,N,20200929,21:01,2,10,3471.0,15,0,大商所,2020
20200930,XDCE,B,B2107,N,20200929,21:48,49,1,3461.0,15,0,大商所,2020
20200930,XDCE,EB,EB2011,N,20200929,21:01,2,19,5497.0,15,0,大商所,2020
20200930,XDCE,EB,EB2012,N,20200929,21:01,2,19,5588.1,15,0,大商所,2020
20200930,XDCE,EG,EG2104,N,20200929,21:08,9,2,3854.0,15,0,大商所,2020
20200930,XDCE,I,I2104,N,20200929,21:01,2,54,736.12,5,0,大商所,2020
20200930,XDCE,I,I2107,N,20200929,21:28,29,11,708.0,15,0,大商所,2020
20200930,XDCE,J,J2012,N,20200929,21:06,7,8,1987.0,15,0,大商所,2020
20200930,XDCE,M,M2107,N,20200929,21:01,2,662,2858.05,5,0,大商所,2020
20200930,XDCE,PP,PP2102,N,20200929,21:01,2,99,7726.45,5,0,大商所,2020
20200930,XDCE,V,V2010,N,20200929,21:44,45,1,6680.0,15,0,大商所,2020
20200930,XDCE,V,V2103,N,20200929,21:03,4,2,6475.0,15,0,大商所,2020
20200930,XDCE,Y,Y2108,N,20200929,21:03,4,80,6608.0,15,0,大商所,2020
20201026,XDCE,EB,EB2104,N,20201023,21:52,53,40,6176.5,15,0,大商所,2020
20201026,XDCE,JM,JM2103,N,20201023,21:01,2,3,1298.0,15,0,大商所,2020
20201026,XDCE,P,P2102,N,20201023,21:01,2,257,6035.48,5,0,大商所,2020
20201026,XDCE,P,P2103,N,20201023,21:01,2,34,5954.0,15,0,大商所,2020
20201026,XDCE,Y,Y2011,N,20201023,21:10,11,3,7202.67,15,0,大商所,2020
20201026,XDCE,Y,Y2108,N,20201023,21:01,2,2,6698.0,15,0,大商所,2020
20201111,XDCE,C,C2011,N,20201110,21:05,6,100,2485.0,15,0,大商所,2020
20201111,XDCE,EG,EG2012,N,20201110,21:25,26,2,3735.0,15,0,大商所,2020
20201111,XDCE,J,J2012,N,20201110,22:59,120,15,2442.5,15,0,大商所,2020
20201111,XDCE,JM,JM2104,N,20201110,21:03,4,2,1283.0,15,0,大商所,2020
20201111,XDCE,L,L2104,N,20201110,21:01,2,3,7285.0,15,0,大商所,2020
20201111,XDCE,P,P2103,N,20201110,21:01,2,15,6355.2,15,0,大商所,2020
20201111,XDCE,P,P2104,N,20201110,21:01,2,7,6260.29,15,0,大商所,2020
20201127,XDCE,C,C2103,N,20201126,21:01,2,61,2625.93,5,0,大商所,2020
20201127,XDCE,I,I2107,N,20201126,21:04,5,1,803.5,15,0,大商所,2020
20201127,XDCE,J,J2103,N,20201126,21:01,2,3,2324.0,15,0,大商所,2020
20201127,XDCE,J,J2104,N,20201126,21:01,2,21,2295.86,5,0,大商所,2020
20201127,XDCE,JM,JM2103,N,20201126,21:05,6,9,1390.0,15,0,大商所,2020
20201127,XDCE,JM,JM2104,N,20201126,21:05,6,1,1397.0,15,0,大商所,2020
20201215,XDCE,CS,CS2103,N,20201214,21:01,2,144,2851.88,5,0,大商所,2020
20201215,XDCE,EG,EG2103,N,20201214,21:02,3,14,4047.64,5,0,大商所,2020
20201231,XDCE,EB,EB2103,N,20201230,21:01,2,6,6266.0,5,0,大商所,2020
20201231,XDCE,JM,JM2103,N,20201230,21:01,2,14,1587.57,5,0,大商所,2020
20201231,XDCE,JM,JM2104,N,20201230,21:01,2,11,1612.45,5,0,大商所,2020
20201231,XDCE,PP,PP2103,N,20201230,21:01,2,5,7939.0,15,0,大商所,2020
20201231,XDCE,V,V2103,N,20201230,21:01,2,32,7090.78,15,0,大商所,2020
20210119,XDCE,B,B2107,N,20210118,21:08,9,1,4201.0,15,0,大商所,2021
20210119,XDCE,B,B2109,N,20210118,21:08,9,1,4170.0,15,0,大商所,2021
20210119,XDCE,EB,EB2104,N,20210118,21:01,2,25,6916.48,5,0,大商所,2021
20210119,XDCE,I,I2107,N,20210118,21:31,32,1,1029.5,15,0,大商所,2021
20210204,XDCE,EG,EG2106,N,20210203,21:01,2,7,4667.14,15,0,大商所,2021
20210204,XDCE,EG,EG2107,N,20210203,21:01,2,4,4627.0,15,0,大商所,2021
20210204,XDCE,I,I2108,N,20210203,21:01,2,1,878.0,15,0,大商所,2021
20210204,XDCE,J,J2107,N,20210203,21:01,2,1,2368.0,15,0,大商所,2021
20210204,XDCE,M,M2108,N,20210203,21:01,2,1,3450.0,15,0,大商所,2021
20210204,XDCE,P,P2107,N,20210203,21:01,2,1,6232.0,15,0,大商所,2021
20210204,XDCE,Y,Y2108,N,20210203,21:01,2,2,7063.0,5,0,大商所,2021
20210301,XDCE,J,J2107,N,20210226,21:06,7,1,2417.0,15,0,大商所,2021
20210301,XDCE,JM,JM2107,N,20210226,21:01,2,4,1445.12,5,0,大商所,2021
20210301,XDCE,L,L2107,N,20210226,21:01,2,8,8790.0,5,0,大商所,2021
20210317,XDCE,EG,EG2111,N,20210316,21:01,2,4,4932.0,15,0,大商所,2021
20210317,XDCE,EG,EG2112,N,20210316,21:05,6,1,4926.0,15,0,大商所,2021
20210317,XDCE,P,P2111,N,20210316,21:01,2,13,7015.39,5,0,大商所,2021
20210317,XDCE,PG,PG2106,N,20210316,21:01,2,61,3892.03,5,0,大商所,2021
20210317,XDCE,Y,Y2112,N,20210316,21:01,2,8,8257.5,5,0,大商所,2021
20210402,XDCE,JM,JM2108,N,20210401,21:01,2,2,1635.25,15,0,大商所,2021
20210402,XDCE,RR,RR2107,N,20210401,21:01,2,4,3594.0,5,0,大商所,2021
20210402,XDCE,V,V2106,N,20210401,21:01,2,10,8675.0,15,0,大商所,2021
20210421,XDCE,PP,PP2112,N,20210420,21:01,2,56,8434.55,5,0,大商所,2021
20210512,XDCE,B,B2105,N,20210511,21:04,5,17,4446.0,15,0,大商所,2021
20210512,XDCE,B,B2201,N,20210511,21:35,36,1,4448.0,15,0,大商所,2021
20210512,XDCE,B,B2203,N,20210511,22:49,110,5,4438.0,5,0,大商所,2021
20210512,XDCE,EG,EG2112,N,20210511,21:01,2,13,5036.0,15,0,大商所,2021
20210512,XDCE,J,J2112,N,20210511,21:01,2,5,2830.0,5,0,大商所,2021
20210512,XDCE,L,L2107,N,20210511,21:37,38,1,8365.0,15,0,大商所,2021
20210512,XDCE,PP,PP2112,N,20210511,21:01,2,24,8651.17,15,0,大商所,2021
20210512,XDCE,V,V2112,N,20210511,21:03,4,1,9025.0,15,0,大商所,2021
20210512,XDCE,Y,Y2105,N,20210511,21:24,25,10,9390.0,15,0,大商所,2021
20210512,XDCE,Y,Y2108,N,20210511,21:17,18,1,8908.0,15,0,大商所,2021
20210528,XDCE,B,B2201,N,20210527,21:01,2,1,4197.0,15,0,大商所,2021
20210528,XDCE,B,B2203,N,20210527,21:01,2,1,4136.0,15,0,大商所,2021
20210528,XDCE,EG,EG2110,N,20210527,21:01,2,84,4877.2,5,0,大商所,2021
20210528,XDCE,EG,EG2201,N,20210527,21:01,2,12,4943.75,15,0,大商所,2021
20210528,XDCE,PP,PP2112,N,20210527,21:06,7,22,8278.0,15,0,大商所,2021
20210616,XDCE,EB,EB2110,N,20210615,21:01,2,4,8197.5,5,0,大商所,2021
20210616,XDCE,EG,EG2112,N,20210615,21:01,2,4,4837.0,15,0,大商所,2021
20210616,XDCE,I,I2111,N,20210615,21:01,2,17,1174.0,15,0,大商所,2021
20210616,XDCE,PG,PG2110,N,20210615,21:01,2,1,4541.0,15,0,大商所,2021
20210616,XDCE,PP,PP2108,D,20210616,09:26,26,5,8267.6,15,0,大商所,2021
20210616,XDCE,PP,PP2112,N,20210615,21:01,2,1,8175.0,15,0,大商所,2021
20210616,XDCE,V,V2112,N,20210615,21:03,4,26,8545.0,15,0,大商所,2021
20210702,XDCE,B,B2201,N,20210701,21:02,3,2,4284.0,5,0,大商所,2021
20210702,XDCE,L,L2108,D,20210702,15:00,225,4,8150.0,15,0,大商所,2021
20210702,XDCE,L,L2112,N,20210701,21:01,2,2,8195.0,15,0,大商所,2021
20210720,XDCE,L,L2112,N,20210719,21:01,2,1,8455.0,15,0,大商所,2021
20210720,XDCE,V,V2108,D,20210720,14:02,167,2,9357.5,15,0,大商所,2021
20210720,XDCE,V,V2112,N,20210719,21:01,2,20,9155.0,15,0,大商所,2021
20210823,XDCE,B,B2201,N,20210820,21:02,3,1,4356.0,15,0,大商所,2021
20210823,XDCE,L,L2111,N,20210820,21:01,2,10,8165.0,15,0,大商所,2021
20210823,XDCE,RR,RR2111,N,20210820,21:01,2,14,3531.71,5,0,大商所,2021
20210908,XDCE,CS,CS2203,N,20210907,21:01,2,44,2828.95,5,0,大商所,2021
20210928,XDCE,CS,CS2205,N,20210927,21:01,2,31,2952.84,5,0,大商所,2021
20211021,XDCE,EG,EG2203,N,20211020,21:01,2,18,6348.06,5,0,大商所,2021
20211021,XDCE,I,I2202,N,20211020,21:01,2,12,696.25,5,0,大商所,2021
20211021,XDCE,PP,PP2110,D,20211021,09:38,38,1,9383.0,15,0,大商所,2021
20211021,XDCE,PP,PP2204,N,20211020,21:01,2,18,9096.56,15,0,大商所,2021
20211108,XDCE,EB,EB2111,D,20211108,14:44,209,1,9276.0,15,0,大商所,2021
20211108,XDCE,EG,EG2111,D,20211108,09:18,18,21,5542.0,15,0,大商所,2021
20211108,XDCE,EG,EG2203,N,20211105,21:01,2,4,5315.0,15,0,大商所,2021
20211108,XDCE,EG,EG2204,N,20211105,21:01,2,1,5299.0,15,0,大商所,2021
20211108,XDCE,L,L2111,D,20211108,10:12,72,2,8938.0,15,0,大商所,2021
20211108,XDCE,L,L2203,N,20211105,21:01,2,69,8938.67,5,0,大商所,2021
20211108,XDCE,PG,PG2202,N,20211105,21:01,2,66,4713.17,5,0,大商所,2021
20211108,XDCE,PP,PP2203,N,20211105,21:01,2,27,8589.82,5,0,大商所,2021
20211108,XDCE,PP,PP2206,N,20211105,21:01,2,12,8533.92,15,0,大商所,2021
20211124,XDCE,EG,EG2203,N,20211123,21:01,2,11,5151.27,15,0,大商所,2021
20211124,XDCE,I,I2112,N,20211123,21:03,4,2,578.5,15,0,大商所,2021
20211124,XDCE,I,I2204,N,20211123,21:01,2,10,593.1,5,0,大商所,2021
20211124,XDCE,L,L2203,N,20211123,21:01,2,78,8836.85,5,0,大商所,2021
20211124,XDCE,L,L2204,N,20211123,21:01,2,46,8795.41,5,0,大商所,2021
20211124,XDCE,PG,PG2205,N,20211123,21:01,2,1,4521.0,15,0,大商所,2021
20211124,XDCE,PP,PP2203,N,20211123,21:01,2,27,8263.07,5,0,大商所,2021
20211124,XDCE,PP,PP2206,N,20211123,21:01,2,9,8218.11,15,0,大商所,2021
20211124,XDCE,V,V2203,N,20211123,21:01,2,11,8657.73,5,0,大商所,2021
20211210,XDCE,EB,EB2204,N,20211209,21:01,2,1,7940.0,15,0,大商所,2021
20211210,XDCE,L,L2203,N,20211209,21:01,2,11,8374.0,15,0,大商所,2021
20211210,XDCE,L,L2204,N,20211209,21:01,2,26,8345.31,5,0,大商所,2021
20220114,XDCE,EB,EB2209,N,20220113,21:09,10,125,8621.0,15,0,大商所,2022
20220114,XDCE,RR,RR2205,N,20220113,21:01,2,3,3433.0,15,0,大商所,2022
20220208,XDCE,I,I2202,N,20220207,21:07,8,3,835.0,15,0,大商所,2022
20220208,XDCE,PG,PG2206,N,20220207,21:02,3,1,5307.0,15,0,大商所,2022
20220208,XDCE,PP,PP2301,N,20220207,21:03,4,1,8857.0,15,0,大商所,2022
20220224,XDCE,L,L2203,N,20220223,21:07,8,3,8744.0,15,0,大商所,2022
20220224,XDCE,PG,PG2209,N,20220223,21:48,49,1,5181.0,15,0,大商所,2022
20220224,XDCE,PP,PP2301,N,20220223,21:14,15,1,8379.0,15,0,大商所,2022
20220314,XDCE,B,B2207,N,20220311,21:01,2,2,5091.0,15,0,大商所,2022
20220314,XDCE,FB,FB2203,D,20220314,15:00,226,4,1289.5,15,0,大商所,2022
20220314,XDCE,I,I2203,D,20220314,15:00,225,146,847.5,15,0,大商所,2022
20220314,XDCE,L,L2203,D,20220314,15:00,225,313,9127.0,15,0,大商所,2022
20220314,XDCE,PG,PG2207,N,20220311,21:01,2,1,5777.0,15,0,大商所,2022
20220314,XDCE,PP,PP2203,D,20220314,15:00,225,14,8612.0,15,0,大商所,2022
20220314,XDCE,PP,PP2301,N,20220311,21:01,2,1,9021.0,15,0,大商所,2022
20220314,XDCE,V,V2203,D,20220314,10:13,73,50,9108.0,15,0,大商所,2022
20220330,XDCE,PP,PP2301,N,20220329,21:01,2,1,9065.0,15,0,大商所,2022
20220419,XDCE,L,L2207,N,20220418,21:01,2,5,9040.8,15,0,大商所,2022
20220419,XDCE,PP,PP2208,N,20220418,21:01,2,1,8914.0,15,0,大商所,2022
20220510,XDCE,EB,EB2301,N,20220509,21:24,25,40,9539.5,15,0,大商所,2022
20220510,XDCE,JM,JM2301,N,20220509,21:23,24,1,2505.5,15,0,大商所,2022
20220614,XDCE,PG,PG2210,N,20220613,21:01,2,4,5690.25,15,0,大商所,2022
20220630,XDCE,B,B2301,N,20220629,21:01,2,1,4735.0,15,0,大商所,2022
20220630,XDCE,EB,EB2301,N,20220629,21:50,51,1,9550.0,15,0,大商所,2022
20220718,XDCE,EB,EB2211,N,20220715,21:01,2,1,8240.0,15,0,大商所,2022
20220803,XDCE,M,M2208,D,20220803,09:29,29,848,4153.0,15,0,大商所,2022
20220803,XDCE,V,V2208,D,20220803,09:09,9,35,6975.0,15,0,大商所,2022
20220906,XDCE,EB,EB2305,N,20220905,21:01,2,1,7915.0,15,0,大商所,2022
20220906,XDCE,L,L2305,N,20220905,21:01,2,8,7880.0,15,0,大商所,2022
20220906,XDCE,PG,PG2305,N,20220905,21:15,16,1,5232.0,15,0,大商所,2022
20221019,XDCE,EB,EB2302,N,20221018,21:01,2,1,7975.0,15,0,大商所,2022
20221019,XDCE,I,I2303,N,20221018,21:01,2,1,668.0,15,0,大商所,2022
20221019,XDCE,L,L2210,N,20221018,22:50,111,20,8065.0,15,0,大商所,2022
20221019,XDCE,PG,PG2305,N,20221018,21:35,36,1,4655.0,15,0,大商所,2022
20221104,XDCE,P,P2211,N,20221103,21:17,18,5,8478.0,15,0,大商所,2022
20221104,XDCE,PG,PG2305,N,20221103,21:03,4,1,5073.0,15,0,大商所,2022
20221104,XDCE,PP,PP2309,N,20221103,21:01,2,1,7438.0,15,0,大商所,2022
20221208,XDCE,EB,EB2212,D,20221208,09:45,45,100,7899.0,15,0,大商所,2022
20221208,XDCE,PP,PP2303,N,20221207,21:01,2,14,7690.14,15,0,大商所,2022
20230206,XDCE,EG,EG2302,D,20230206,11:16,121,1,4121.0,15,0,大商所,2023
20230206,XDCE,V,V2302,D,20230206,10:11,71,10,6172.0,15,0,大商所,2023
20230328,XDCE,PP,PP2401,N,20230327,21:01,2,1,7513.0,15,0,大商所,2023
20230414,XDCE,P,P2304,D,20230414,09:02,2,100,7832.0,15,0,大商所,2023
20230414,XDCE,V,V2304,N,20230413,22:03,64,10,6100.0,15,0,大商所,2023
20230505,XDCE,EB,EB2401,N,20230504,21:33,34,1,7842.0,15,0,大商所,2023
20230608,XDCE,EB,EB2405,N,20230607,21:17,18,1,7201.0,15,0,大商所,2023
20230608,XDCE,JM,JM2307,D,20230608,13:51,156,1,1319.0,15,0,大商所,2023
20230608,XDCE,PG,PG2405,N,20230607,21:18,19,1,3877.0,15,0,大商所,2023
20230608,XDCE,V,V2306,N,20230607,21:04,5,7,5569.0,15,0,大商所,2023
20230802,XDCE,J,J2402,N,20230801,21:01,2,2,2238.0,15,0,大商所,2023
20230802,XDCE,J,J2405,N,20230801,21:02,3,1,2182.0,15,0,大商所,2023
20230802,XDCE,JM,JM2402,N,20230801,21:01,2,9,1404.5,15,0,大商所,2023
20230802,XDCE,JM,JM2403,N,20230801,21:01,2,8,1392.19,15,0,大商所,2023
20230802,XDCE,P,P2406,N,20230801,21:01,2,2,7474.0,15,0,大商所,2023
20230818,XDCE,B,B2402,N,20230817,21:01,2,2,4368.0,15,0,大商所,2023
20230818,XDCE,RR,RR2403,N,20230817,21:34,35,2,3659.0,15,0,大商所,2023
20230905,XDCE,B,B2403,N,20230904,21:36,37,1,4403.0,15,0,大商所,2023
20230905,XDCE,B,B2404,N,20230904,22:15,76,1,4282.0,15,0,大商所,2023
20230905,XDCE,EG,EG2309,D,20230905,09:40,40,11,4103.0,15,0,大商所,2023
20230905,XDCE,EG,EG2406,N,20230904,21:01,2,2,4379.0,15,0,大商所,2023
20230905,XDCE,EG,EG2407,N,20230904,22:20,81,1,4386.0,15,0,大商所,2023
20230905,XDCE,EG,EG2408,N,20230904,22:20,81,1,4407.0,15,0,大商所,2023
20230905,XDCE,JM,JM2404,N,20230904,21:01,2,2,1624.5,15,0,大商所,2023
20230905,XDCE,PP,PP2406,N,20230904,21:02,3,3,7774.33,15,0,大商所,2023
20230905,XDCE,RR,RR2402,N,20230904,21:01,2,1,3696.0,15,0,大商所,2023
20230921,XGFE,LC,LC2404,D,20230921,09:01,2,1,151150.0,15,0,广期所,2023
20230921,XDCE,B,B2404,N,20230920,21:19,20,1,4163.0,15,0,大商所,2023
20230921,XDCE,EG,EG2407,D,20230921,10:38,83,1,4508.0,15,0,大商所,2023
20230921,XDCE,RR,RR2404,N,20230920,21:03,4,1,3644.0,15,0,大商所,2023
20230921,XDCE,RR,RR2405,N,20230920,21:03,4,1,3660.0,15,0,大商所,2023
20231017,XGFE,SI,SI2310,D,20231017,09:34,35,1,13570.0,15,0,广期所,2023
20231017,XDCE,EB,EB2310,N,20231016,22:43,104,37,8519.0,15,0,大商所,2023
20231017,XDCE,EB,EB2409,N,20231016,21:03,4,1,8193.0,15,0,大商所,2023
20231017,XDCE,EG,EG2403,N,20231016,21:01,2,6,4168.5,15,0,大商所,2023
20231017,XDCE,EG,EG2404,N,20231016,21:01,2,5,4209.0,15,0,大商所,2023
20231017,XDCE,EG,EG2408,D,20231017,09:18,18,1,4287.0,15,0,大商所,2023
20231017,XDCE,J,J2312,N,20231016,21:04,5,2,2475.5,15,0,大商所,2023
20231017,XDCE,JM,JM2310,D,20231017,15:00,225,100,1650.0,15,0,大商所,2023
20231017,XDCE,PG,PG2406,N,20231016,22:06,67,1,4894.0,15,0,大商所,2023
20231017,XDCE,RR,RR2401,N,20231016,21:01,2,2,3560.0,15,0,大商所,2023
20231017,XDCE,RR,RR2402,N,20231016,21:01,2,4,3585.5,15,0,大商所,2023
20231017,XDCE,RR,RR2403,N,20231016,21:01,2,3,3597.33,15,0,大商所,2023
20231017,XDCE,RR,RR2404,N,20231016,21:01,2,2,3617.5,15,0,大商所,2023
20231017,XDCE,RR,RR2405,N,20231016,21:01,2,2,3637.0,15,0,大商所,2023
20231102,XDCE,JD,JD2407,D,20231102,09:04,5,1,4038.0,15,0,大商所,2023
20231120,XDCE,B,B2408,N,20231117,21:43,44,4,4119.0,15,0,大商所,2023
20231120,XDCE,EB,EB2407,N,20231117,21:01,2,1,8521.0,15,0,大商所,2023
20231120,XDCE,J,J2312,D,20231120,09:22,22,2,2615.25,15,0,大商所,2023
20231120,XDCE,JM,JM2409,N,20231117,21:01,2,1,1871.0,15,0,大商所,2023
20231120,XDCE,JM,JM2410,N,20231117,21:01,2,1,1857.0,15,0,大商所,2023
20231120,XDCE,RR,RR2402,N,20231117,21:03,4,1,3558.0,15,0,大商所,2023
20231120,XDCE,RR,RR2407,N,20231117,21:01,2,1,3658.0,15,0,大商所,2023
20231120,XDCE,RR,RR2408,N,20231117,21:01,2,1,3688.0,15,0,大商所,2023
20231206,XDCE,EB,EB2407,N,20231205,21:01,2,4,7833.0,15,0,大商所,2023
20231206,XDCE,EG,EG2312,D,20231206,09:02,2,50,4027.0,15,0,大商所,2023
20231206,XDCE,JM,JM2403,N,20231205,21:17,18,1,1975.5,15,0,大商所,2023
20231206,XDCE,P,P2312,D,20231206,13:31,136,28,7040.0,15,0,大商所,2023
20231206,XDCE,P,P2407,N,20231205,21:04,5,1,7162.0,15,0,大商所,2023
20231206,XDCE,P,P2408,N,20231205,21:01,2,12,7122.67,15,0,大商所,2023
20231206,XDCE,V,V2407,N,20231205,21:01,2,4,5919.75,15,0,大商所,2023
20231206,XDCE,Y,Y2411,N,20231205,21:01,2,3,7522.0,15,0,大商所,2023
20231222,XDCE,EB,EB2410,N,20231221,21:14,15,1,8234.0,15,0,大商所,2023
20231222,XDCE,EB,EB2411,N,20231221,21:14,15,1,8210.0,15,0,大商所,2023
20231222,XDCE,PP,PP2407,N,20231221,21:01,2,1,7593.0,15,0,大商所,2023
20240110,XGFE,SI,SI2401,D,20240110,11:08,114,67,13985.0,15,0,广期所,2024
20240110,XDCE,A,A2401,D,20240110,11:25,130,84,4778.0,15,0,大商所,2024
20240110,XDCE,I,I2408,N,20240109,21:01,2,7,935.5,15,0,大商所,2024
20240110,XDCE,JM,JM2404,N,20240109,21:03,4,1,1727.5,15,0,大商所,2024
20240110,XDCE,PP,PP2407,D,20240110,09:22,22,7,7318.0,15,0,大商所,2024
20240110,XDCE,RR,RR2408,N,20240109,21:04,5,1,3581.0,15,0,大商所,2024
20240110,XDCE,RR,RR2409,N,20240109,21:04,5,1,3564.0,15,0,大商所,2024
20240110,XDCE,V,V2407,N,20240109,21:01,2,5,5867.0,15,0,大商所,2024
20240110,XDCE,Y,Y2401,D,20240110,15:00,225,300,7730.0,15,0,大商所,2024
20240126,XDCE,B,B2406,N,20240125,21:04,5,4,3668.0,15,0,大商所,2024
20240126,XDCE,EG,EG2407,N,20240125,21:01,2,2,4638.0,15,0,大商所,2024
20240126,XDCE,EG,EG2408,N,20240125,21:01,2,3,4630.33,15,0,大商所,2024
20240126,XDCE,J,J2402,N,20240125,22:04,65,1,2307.5,15,0,大商所,2024
20240126,XDCE,J,J2404,N,20240125,21:04,5,3,2493.0,15,0,大商所,2024
20240126,XDCE,J,J2406,N,20240125,21:04,5,3,2487.5,15,0,大商所,2024
20240126,XDCE,JM,JM2411,N,20240125,22:37,98,1,1758.0,15,0,大商所,2024
20240126,XDCE,L,L2402,N,20240125,21:09,10,9,8179.0,15,0,大商所,2024
20240126,XDCE,L,L2410,N,20240125,21:33,34,1,8209.0,15,0,大商所,2024
20240126,XDCE,L,L2411,D,20240126,13:59,164,1,8214.0,15,0,大商所,2024
20240126,XDCE,P,P2404,N,20240125,21:01,2,1,7640.0,15,0,大商所,2024
20240126,XDCE,P,P2407,N,20240125,21:01,2,2,7292.0,15,0,大商所,2024
20240126,XDCE,P,P2408,N,20240125,21:05,6,1,7192.0,15,0,大商所,2024
20240126,XDCE,PP,PP2407,N,20240125,21:01,2,8,7439.0,15,0,大商所,2024
20240126,XDCE,PP,PP2408,N,20240125,21:01,2,8,7458.0,15,0,大商所,2024
20240126,XDCE,V,V2408,N,20240125,21:01,2,5,6015.0,15,0,大商所,2024
20240221,XDCE,A,A2411,N,20240220,21:01,2,10,4581.0,15,0,大商所,2024
20240221,XDCE,B,B2407,N,20240220,21:01,2,2,3533.0,15,0,大商所,2024
20240221,XDCE,B,B2408,N,20240220,21:01,2,2,3609.0,15,0,大商所,2024
20240221,XDCE,EB,EB2402,D,20240221,10:31,76,207,9290.0,15,0,大商所,2024
20240221,XDCE,EG,EG2407,N,20240220,21:01,2,1,4622.0,15,0,大商所,2024
20240221,XDCE,I,I2411,N,20240220,21:01,2,6,823.0,15,0,大商所,2024
20240221,XDCE,L,L2402,D,20240221,11:17,122,5,8050.0,15,0,大商所,2024
20240221,XDCE,P,P2408,N,20240220,21:01,2,2,6966.0,15,0,大商所,2024
20240221,XDCE,P,P2411,N,20240220,21:01,2,2,6780.0,15,0,大商所,2024
20240221,XDCE,PP,PP2407,N,20240220,21:01,2,15,7355.0,15,0,大商所,2024
20240221,XDCE,PP,PP2408,N,20240220,21:01,2,18,7356.06,15,0,大商所,2024
20240221,XDCE,V,V2407,N,20240220,21:01,2,2,5890.0,15,0,大商所,2024
20240221,XDCE,V,V2408,N,20240220,21:01,2,16,5915.25,15,0,大商所,2024
20240221,XDCE,V,V2410,N,20240220,21:04,5,6,5966.0,15,0,大商所,2024
20240221,XDCE,Y,Y2408,N,20240220,21:01,2,1,7196.0,15,0,大商所,2024
20240308,XDCE,EB,EB2501,N,20240307,21:44,45,1,8631.0,15,0,大商所,2024
20240308,XDCE,EG,EG2406,N,20240307,21:01,2,3,4581.0,15,0,大商所,2024
20240308,XDCE,EG,EG2407,N,20240307,21:01,2,3,4587.0,15,0,大商所,2024
20240308,XDCE,I,I2411,N,20240307,21:01,2,2,819.5,15,0,大商所,2024
20240308,XDCE,J,J2501,N,20240307,21:15,16,2,2273.75,15,0,大商所,2024
20240308,XDCE,M,M2403,N,20240307,21:04,5,22,3217.0,15,0,大商所,2024
20240308,XDCE,P,P2410,N,20240307,21:01,2,1,7150.0,15,0,大商所,2024
20240308,XDCE,P,P2411,N,20240307,21:01,2,1,7086.0,15,0,大商所,2024
20240308,XDCE,PG,PG2412,N,20240307,21:11,12,1,4639.0,15,0,大商所,2024
20240308,XDCE,PG,PG2501,N,20240307,21:11,12,1,4577.0,15,0,大商所,2024
20240308,XDCE,PP,PP2407,N,20240307,21:01,2,6,7433.0,15,0,大商所,2024
20240308,XDCE,PP,PP2408,N,20240307,21:01,2,3,7443.0,15,0,大商所,2024
20240308,XDCE,PP,PP2412,D,20240308,09:39,39,2,7448.0,15,0,大商所,2024
20240308,XDCE,PP,PP2501,N,20240307,21:11,12,1,7428.0,15,0,大商所,2024
20240308,XDCE,PP,PP2502,N,20240307,22:26,87,1,7433.0,15,0,大商所,2024
20240326,XDCE,B,B2408,N,20240325,21:01,2,8,3881.75,15,0,大商所,2024
20240326,XDCE,EB,EB2412,N,20240325,21:22,23,4,8782.0,15,0,大商所,2024
20240326,XDCE,EB,EB2501,N,20240325,21:22,23,4,8742.0,15,0,大商所,2024
20240326,XDCE,J,J2404,D,20240326,15:00,225,1,2153.0,15,0,大商所,2024
20240326,XDCE,J,J2406,N,20240325,21:31,32,2,2208.5,15,0,大商所,2024
20240326,XDCE,L,L2407,N,20240325,21:01,2,3,8254.67,15,0,大商所,2024
20240326,XDCE,P,P2410,N,20240325,21:01,2,2,7572.0,15,0,大商所,2024
20240326,XDCE,P,P2411,N,20240325,21:01,2,2,7502.0,15,0,大商所,2024
20240326,XDCE,PP,PP2404,N,20240325,21:02,3,2,7480.0,15,0,大商所,2024
20240326,XDCE,PP,PP2408,N,20240325,21:34,35,50,7551.0,15,0,大商所,2024
20240326,XDCE,PP,PP2502,N,20240325,21:08,9,2,7569.0,15,0,大商所,2024
20240326,XDCE,V,V2410,N,20240325,21:08,9,1,6070.0,15,0,大商所,2024
20240326,XDCE,Y,Y2412,N,20240325,21:01,2,5,7762.8,15,0,大商所,2024
20240415,XDCE,EG,EG2501,N,20240412,21:01,2,2,4568.0,15,0,大商所,2024
20240415,XDCE,I,I2412,N,20240412,21:03,4,2,813.5,15,0,大商所,2024
20240415,XDCE,L,L2407,N,20240412,21:01,2,2,8397.0,15,0,大商所,2024
20240415,XDCE,L,L2410,N,20240412,21:01,2,2,8383.0,15,0,大商所,2024
20240415,XDCE,PG,PG2410,N,20240412,21:05,6,2,5071.0,15,0,大商所,2024
20240415,XDCE,PG,PG2411,N,20240412,21:37,38,3,4964.0,15,0,大商所,2024
20240415,XDCE,PP,PP2408,N,20240412,21:04,5,6,7586.0,15,0,大商所,2024
20240415,XDCE,V,V2408,N,20240412,21:01,2,5,5940.6,15,0,大商所,2024
20240415,XDCE,V,V2411,N,20240412,21:01,2,5,6033.6,15,0,大商所,2024
20240415,XDCE,V,V2412,N,20240412,21:01,2,5,6066.0,15,0,大商所,2024
20240415,XDCE,Y,Y2412,N,20240412,21:01,2,1,7700.0,15,0,大商所,2024
20240506,XDCE,B,B2412,D,20240506,09:01,1,4,4025.5,15,0,大商所,2024
20240506,XDCE,JM,JM2408,D,20240506,10:58,103,1,1827.5,15,0,大商所,2024
20240506,XDCE,JM,JM2410,D,20240506,09:45,45,2,1820.25,15,0,大商所,2024
20240506,XDCE,L,L2407,D,20240506,09:01,1,5,8469.2,15,0,大商所,2024
20240506,XDCE,V,V2411,D,20240506,09:01,1,3,6015.67,15,0,大商所,2024
20240506,XDCE,V,V2412,D,20240506,09:01,1,2,6051.5,15,0,大商所,2024
20240522,XDCE,A,A2503,N,20240521,21:01,2,5,4593.0,15,0,大商所,2024
20240522,XDCE,B,B2410,N,20240521,21:01,2,1,4164.0,15,0,大商所,2024
20240522,XDCE,L,L2408,N,20240521,21:01,2,1,8556.0,15,0,大商所,2024
20240522,XDCE,P,P2412,N,20240521,21:01,2,1,7656.0,15,0,大商所,2024
20240522,XDCE,PG,PG2502,N,20240521,21:47,48,4,4875.75,15,0,大商所,2024
20240522,XDCE,PG,PG2503,N,20240521,21:47,48,4,4791.0,15,0,大商所,2024
20240522,XDCE,PP,PP2406,N,20240521,21:01,2,2,7687.0,15,0,大商所,2024
20240522,XDCE,PP,PP2407,N,20240521,21:01,2,3,7719.0,15,0,大商所,2024
20240522,XDCE,PP,PP2410,N,20240521,21:01,2,1,7775.0,15,0,大商所,2024
20240522,XDCE,RR,RR2409,N,20240521,21:01,2,1,3518.0,15,0,大商所,2024
20240522,XDCE,RR,RR2410,N,20240521,21:01,2,1,3562.0,15,0,大商所,2024
20240522,XDCE,V,V2412,N,20240521,21:01,2,5,6456.6,15,0,大商所,2024
20240522,XDCE,Y,Y2412,N,20240521,21:05,6,5,8074.0,15,0,大商所,2024
20240607,XGFE,LC,LC2406,D,20240607,09:49,50,10,100650.0,15,0,广期所,2024
20240607,XDCE,A,A2503,N,20240606,21:01,2,6,4500.0,15,0,大商所,2024
20240607,XDCE,B,B2412,N,20240606,21:01,2,3,4059.0,15,0,大商所,2024
20240607,XDCE,EG,EG2504,N,20240606,21:06,7,1,4633.0,15,0,大商所,2024
20240607,XDCE,EG,EG2505,N,20240606,21:06,7,1,4653.0,15,0,大商所,2024
20240607,XDCE,J,J2412,N,20240606,21:27,28,1,2308.5,15,0,大商所,2024
20240607,XDCE,JM,JM2505,N,20240606,22:50,111,2,1763.0,15,0,大商所,2024
20240607,XDCE,L,L2407,N,20240606,21:01,2,1,8462.0,15,0,大商所,2024
20240607,XDCE,L,L2408,N,20240606,21:01,2,1,8497.0,15,0,大商所,2024
20240607,XDCE,P,P2410,N,20240606,21:01,2,4,7732.0,15,0,大商所,2024
20240607,XDCE,P,P2411,N,20240606,21:01,2,5,7732.0,15,0,大商所,2024
20240607,XDCE,P,P2412,N,20240606,21:01,2,1,7732.0,15,0,大商所,2024
20240607,XDCE,PG,PG2503,N,20240606,21:06,7,2,4617.5,15,0,大商所,2024
20240607,XDCE,PG,PG2504,N,20240606,21:06,7,2,4991.5,15,0,大商所,2024
20240607,XDCE,PG,PG2505,N,20240606,21:06,7,2,4855.0,15,0,大商所,2024
20240607,XDCE,PP,PP2410,N,20240606,21:01,2,1,7663.0,15,0,大商所,2024
20240607,XDCE,PP,PP2502,N,20240606,21:19,20,1,7673.0,15,0,大商所,2024
20240607,XDCE,RR,RR2410,N,20240606,21:07,8,1,3534.0,15,0,大商所,2024
20240607,XDCE,RR,RR2502,D,20240607,09:01,1,2,3569.0,15,0,大商所,2024
20240607,XDCE,V,V2412,N,20240606,21:01,2,5,6386.0,15,0,大商所,2024
20240626,XDCE,CS,CS2503,N,20240625,21:01,2,1,2846.0,15,0,大商所,2024
20240626,XDCE,CS,CS2505,N,20240625,21:01,2,1,2873.0,15,0,大商所,2024
20240626,XDCE,EB,EB2412,N,20240625,21:01,2,5,8985.8,15,0,大商所,2024
20240626,XDCE,EB,EB2504,D,20240626,11:01,106,3,8758.0,15,0,大商所,2024
20240626,XDCE,EG,EG2407,N,20240625,21:01,2,272,4538.0,15,0,大商所,2024
20240626,XDCE,EG,EG2410,N,20240625,21:01,2,18,4605.33,15,0,大商所,2024
20240626,XDCE,EG,EG2411,N,20240625,21:01,2,18,4622.0,15,0,大商所,2024
20240626,XDCE,J,J2410,D,20240626,14:33,198,1,2286.5,15,0,大商所,2024
20240626,XDCE,P,P2407,N,20240625,21:10,11,2,7660.0,15,0,大商所,2024
20240626,XDCE,P,P2410,N,20240625,21:01,2,12,7566.5,15,0,大商所,2024
20240626,XDCE,P,P2412,N,20240625,21:01,2,5,7573.2,15,0,大商所,2024
20240626,XDCE,PG,PG2502,D,20240626,13:33,138,2,4871.0,15,0,大商所,2024
20240626,XDCE,PG,PG2504,N,20240625,22:50,111,1,5075.0,15,0,大商所,2024
20240626,XDCE,PP,PP2408,N,20240625,21:01,2,8,7702.5,15,0,大商所,2024
20240626,XDCE,V,V2412,N,20240625,21:01,2,1,6220.0,15,0,大商所,2024
20240712,XGFE,LC,LC2407,D,20240712,15:00,226,1,87800.0,15,0,广期所,2024
20240712,XDCE,CS,CS2503,N,20240711,21:01,2,2,2742.0,15,0,大商所,2024
20240712,XDCE,CS,CS2505,N,20240711,21:01,2,2,2790.0,15,0,大商所,2024
20240712,XDCE,EB,EB2407,D,20240712,13:43,148,71,9488.0,15,0,大商所,2024
20240712,XDCE,EB,EB2502,N,20240711,21:29,30,1,8757.0,15,0,大商所,2024
20240712,XDCE,EB,EB2503,N,20240711,21:29,30,1,8726.0,15,0,大商所,2024
20240712,XDCE,L,L2407,D,20240712,15:00,225,3,8490.0,15,0,大商所,2024
20240712,XDCE,L,L2408,N,20240711,21:01,2,1,8369.0,15,0,大商所,2024
20240712,XDCE,P,P2412,N,20240711,21:01,2,5,7620.8,15,0,大商所,2024
20240712,XDCE,PP,PP2412,N,20240711,21:01,2,1,7751.0,15,0,大商所,2024
20240712,XDCE,V,V2503,N,20240711,21:50,51,1,6128.0,15,0,大商所,2024
20240712,XDCE,V,V2504,N,20240711,21:50,51,1,6364.0,15,0,大商所,2024
20240712,XDCE,Y,Y2407,D,20240712,15:00,225,6,7624.0,15,0,大商所,2024
20240712,XDCE,Y,Y2412,N,20240711,21:01,2,1,7706.0,15,0,大商所,2024
20240730,XDCE,EG,EG2408,N,20240729,22:11,72,6,4661.33,15,0,大商所,2024
20240730,XDCE,EG,EG2502,N,20240729,21:01,2,2,4659.0,15,0,大商所,2024
20240730,XDCE,JM,JM2412,N,20240729,21:28,29,2,1595.0,15,0,大商所,2024
20240730,XDCE,JM,JM2505,N,20240729,21:07,8,1,1566.5,15,0,大商所,2024
20240730,XDCE,L,L2410,N,20240729,21:01,2,5,8239.0,15,0,大商所,2024
20240730,XDCE,P,P2412,N,20240729,21:01,2,2,7726.0,15,0,大商所,2024
20240730,XDCE,PG,PG2411,N,20240729,21:01,2,1,5016.0,15,0,大商所,2024
20240730,XDCE,PP,PP2410,N,20240729,21:02,3,3,7609.33,15,0,大商所,2024
20240730,XDCE,PP,PP2411,N,20240729,21:02,3,1,7619.0,15,0,大商所,2024
20240730,XDCE,PP,PP2503,D,20240730,09:44,44,2,7584.0,15,0,大商所,2024
20240730,XDCE,PP,PP2504,D,20240730,09:44,44,2,7603.0,15,0,大商所,2024
20240730,XDCE,V,V2502,N,20240729,21:11,12,2,5889.0,15,0,大商所,2024
20240815,XDCE,I,I2504,N,20240814,21:01,2,2,707.0,15,0,大商所,2024
20240815,XDCE,JM,JM2502,D,20240815,14:09,174,1,1341.5,15,0,大商所,2024
20240815,XDCE,P,P2412,N,20240814,21:01,2,12,7487.83,15,0,大商所,2024
20240815,XDCE,P,P2507,N,20240814,21:01,2,1,7258.0,15,0,大商所,2024
20240815,XDCE,PG,PG2504,N,20240814,21:49,50,1,4795.0,15,0,大商所,2024
20240815,XDCE,V,V2412,N,20240814,21:01,2,1,5565.0,15,0,大商所,2024
20240815,XDCE,V,V2502,N,20240814,21:01,2,2,5625.0,15,0,大商所,2024
20240815,XDCE,V,V2506,N,20240814,21:31,32,1,5864.0,15,0,大商所,2024
20240815,XDCE,Y,Y2507,N,20240814,21:01,2,3,7158.0,15,0,大商所,2024
20240902,XDCE,EB,EB2503,N,20240830,21:05,6,1,8998.0,15,0,大商所,2024
20240902,XDCE,P,P2502,N,20240830,21:02,3,1,8042.0,15,0,大商所,2024
20240902,XDCE,P,P2503,N,20240830,21:01,2,12,8014.0,15,0,大商所,2024
20240902,XDCE,P,P2506,N,20240830,21:01,2,23,7872.78,15,0,大商所,2024
20240902,XDCE,P,P2507,N,20240830,21:01,2,21,7806.0,15,0,大商所,2024
20240902,XDCE,V,V2502,N,20240830,21:01,2,7,5623.0,15,0,大商所,2024
20240920,XDCE,EG,EG2409,D,20240920,09:20,20,20,4675.0,15,0,大商所,2024
20240920,XDCE,EG,EG2502,N,20240919,21:18,19,1,4439.0,15,0,大商所,2024
20240920,XDCE,EG,EG2503,N,20240919,21:06,7,5,4432.0,15,0,大商所,2024
20240920,XDCE,EG,EG2504,N,20240919,21:06,7,5,4505.2,15,0,大商所,2024
20240920,XDCE,L,L2502,N,20240919,21:01,2,3,7839.33,15,0,大商所,2024
20240920,XDCE,L,L2503,N,20240919,21:01,2,4,7803.25,15,0,大商所,2024
20240920,XDCE,PP,PP2507,D,20240920,11:24,129,2,7260.0,15,0,大商所,2024
20240920,XDCE,V,V2506,N,20240919,21:01,2,2,5550.0,15,0,大商所,2024
20240920,XDCE,V,V2507,N,20240919,21:01,2,2,5576.0,15,0,大商所,2024
20241015,XGFE,LC,LC2410,D,20241015,09:01,2,60,73150.0,15,0,广期所,2024
20241015,XDCE,A,A2507,N,20241014,21:01,2,4,4026.0,15,0,大商所,2024
20241015,XDCE,I,I2410,N,20241014,21:21,22,55,795.0,15,0,大商所,2024
20241015,XDCE,PG,PG2507,N,20241014,21:01,2,2,4662.5,15,0,大商所,2024
20241015,XDCE,PG,PG2508,N,20241014,21:01,2,2,4608.0,15,0,大商所,2024
20241015,XDCE,PG,PG2509,N,20241014,21:01,2,2,4555.5,15,0,大商所,2024
20241015,XDCE,RR,RR2504,N,20241014,22:49,110,2,3543.5,15,0,大商所,2024
20241015,XDCE,V,V2410,N,20241014,21:09,10,50,5476.0,15,0,大商所,2024
20241015,XDCE,V,V2506,N,20241014,21:01,2,26,5911.0,15,0,大商所,2024
20241015,XDCE,V,V2507,N,20241014,21:01,2,26,5944.96,15,0,大商所,2024
20241031,XDCE,JM,JM2506,D,20241031,14:48,213,1,1453.5,15,0,大商所,2024
20241031,XDCE,P,P2507,N,20241030,21:07,8,2,8702.0,15,0,大商所,2024
20241031,XDCE,PG,PG2504,N,20241030,21:01,2,3,4573.0,15,0,大商所,2024
20241031,XDCE,PP,PP2502,N,20241030,21:04,5,2,7398.0,15,0,大商所,2024
20241031,XDCE,PP,PP2503,N,20241030,21:04,5,2,7416.0,15,0,大商所,2024
20241031,XDCE,RR,RR2503,N,20241030,21:01,2,1,3558.0,15,0,大商所,2024
20241031,XDCE,RR,RR2504,N,20241030,21:01,2,1,3568.0,15,0,大商所,2024
20241031,XDCE,V,V2506,N,20241030,21:01,2,31,5814.0,15,0,大商所,2024
20241031,XDCE,V,V2507,N,20241030,21:01,2,31,5853.19,15,0,大商所,2024
20241204,XDCE,PG,PG2508,D,20241204,09:02,2,4,4360.0,15,0,大商所,2024
20241204,XDCE,PP,PP2412,N,20241203,21:24,25,2,7482.5,15,0,大商所,2024
20241204,XDCE,V,V2510,N,20241203,21:06,7,1,5611.0,15,0,大商所,2024
20241220,XDCE,EG,EG2509,N,20241219,21:01,2,1,4742.0,15,0,大商所,2024
20241220,XDCE,P,P2510,N,20241219,21:01,2,3,8138.67,15,0,大商所,2024
20241220,XDCE,P,P2511,N,20241219,21:01,2,2,8085.0,15,0,大商所,2024
20250108,XGFE,SI,SI2501,D,20250108,10:12,73,50,10600.0,15,0,广期所,2025
20250108,XDCE,L,L2511,D,20250108,10:13,73,2,7793.0,15,0,大商所,2025
20250108,XDCE,LG,LG2509,D,20250108,09:01,2,3,876.5,15,0,大商所,2025
20250108,XDCE,PG,PG2506,N,20250107,21:03,4,7,4514.0,15,0,大商所,2025
20250108,XDCE,PG,PG2507,N,20250107,21:24,25,1,4426.0,15,0,大商所,2025
20250108,XDCE,PP,PP2504,N,20250107,21:01,2,1,7313.0,15,0,大商所,2025
20250108,XDCE,PP,PP2506,N,20250107,21:01,2,1,7325.0,15,0,大商所,2025
20250108,XDCE,Y,Y2511,N,20250107,21:01,2,3,7546.0,15,0,大商所,2025
20250124,XDCE,EB,EB2512,N,20250123,21:17,18,1,8295.0,15,0,大商所,2025
20250124,XDCE,LG,LG2509,D,20250124,09:01,2,2,890.5,15,0,大商所,2025
20250219,XDCE,A,A2601,N,20250218,21:01,2,2,4012.5,15,0,大商所,2025
20250219,XDCE,B,B2508,N,20250218,21:01,2,1,3569.0,15,0,大商所,2025
20250219,XDCE,B,B2510,N,20250218,21:57,58,2,3637.0,15,0,大商所,2025
20250219,XDCE,P,P2507,N,20250218,21:01,2,1,8694.0,15,0,大商所,2025
20250219,XDCE,PG,PG2510,N,20250218,21:07,8,1,4665.0,15,0,大商所,2025
20250219,XDCE,PG,PG2511,N,20250218,21:10,11,4,4587.0,15,0,大商所,2025
20250219,XDCE,PP,PP2510,N,20250218,21:51,52,1,7411.0,15,0,大商所,2025
20250219,XDCE,PP,PP2511,N,20250218,21:51,52,1,7420.0,15,0,大商所,2025
20250219,XDCE,Y,Y2511,N,20250218,21:04,5,5,7808.0,15,0,大商所,2025
20250310,XGFE,LC,LC2503,D,20250310,09:16,17,28,74300.0,15,0,广期所,2025
20250310,XGFE,PS,PS2508,D,20250310,11:14,120,1,43860.0,15,0,广期所,2025
20250310,XDCE,EB,EB2511,N,20250307,21:03,4,4,8048.0,15,0,大商所,2025
20250310,XDCE,EB,EB2512,N,20250307,21:49,50,1,8040.0,15,0,大商所,2025
20250310,XDCE,L,L2511,N,20250307,22:42,103,2,7741.0,15,0,大商所,2025
20250310,XDCE,P,P2510,N,20250307,21:02,3,2,8436.0,15,0,大商所,2025
20250310,XDCE,PG,PG2512,N,20250307,21:47,48,1,4389.0,15,0,大商所,2025
20250310,XDCE,PP,PP2511,D,20250310,10:36,81,2,7374.0,15,0,大商所,2025
20250331,XDCE,EG,EG2510,N,20250328,21:33,34,400,4591.0,15,0,大商所,2025
20250331,XDCE,EG,EG2511,N,20250328,21:33,34,400,4602.0,15,0,大商所,2025
20250331,XDCE,L,L2507,N,20250328,21:01,2,3,7625.0,15,0,大商所,2025
20250331,XDCE,P,P2510,N,20250328,21:15,16,1,8404.0,15,0,大商所,2025
20250331,XDCE,P,P2511,N,20250328,21:15,16,2,8381.0,15,0,大商所,2025
20250331,XDCE,P,P2602,N,20250328,21:32,33,750,8342.0,15,0,大商所,2025
20250417,XDCE,L,L2508,N,20250416,21:01,2,2,7176.0,15,0,大商所,2025
20250417,XDCE,L,L2511,N,20250416,22:36,97,1,7145.0,15,0,大商所,2025
20250417,XDCE,P,P2508,N,20250416,21:01,2,2,8163.0,15,0,大商所,2025
20250417,XDCE,P,P2510,N,20250416,21:01,2,2,8048.0,15,0,大商所,2025
20250417,XDCE,Y,Y2512,N,20250416,21:49,50,2,7718.0,15,0,大商所,2025
20250508,XDCE,EB,EB2505,D,20250508,09:03,3,354,7201.0,15,0,大商所,2025
20250508,XDCE,EG,EG2505,N,20250507,21:08,9,28,4250.0,15,0,大商所,2025
20250508,XDCE,EG,EG2508,N,20250507,21:13,14,1,4219.0,15,0,大商所,2025
20250508,XDCE,J,J2510,N,20250507,21:28,29,2,1527.0,15,0,大商所,2025
20250508,XDCE,P,P2511,N,20250507,21:01,2,1,7922.0,15,0,大商所,2025
20250526,XDCE,B,B2603,N,20250523,21:01,2,1,3523.0,15,0,大商所,2025
20250526,XDCE,EB,EB2602,N,20250523,21:16,17,3,6922.0,15,0,大商所,2025
20250526,XDCE,EG,EG2508,N,20250523,21:09,10,4,4425.0,15,0,大商所,2025
20250526,XDCE,L,L2603,N,20250523,21:34,35,2,7006.0,15,0,大商所,2025
20250526,XDCE,P,P2510,N,20250523,21:10,11,1,7984.0,15,0,大商所,2025
20250526,XDCE,PG,PG2510,N,20250523,21:08,9,2,4291.0,15,0,大商所,2025
20250526,XDCE,PG,PG2511,N,20250523,21:08,9,2,4225.0,15,0,大商所,2025
20250526,XDCE,PG,PG2512,N,20250523,21:09,10,1,4159.0,15,0,大商所,2025
20250526,XDCE,PG,PG2601,N,20250523,21:11,12,1,4086.0,15,0,大商所,2025
20250526,XDCE,PG,PG2604,N,20250523,22:44,105,1,4270.0,15,0,大商所,2025
20250526,XDCE,RR,RR2510,N,20250523,21:46,47,1,3629.0,15,0,大商所,2025
20250612,XDCE,EB,EB2602,N,20250611,21:11,12,2,7027.0,15,0,大商所,2025
20250612,XDCE,J,J2510,D,20250612,10:49,94,1,1373.0,15,0,大商所,2025
20250612,XDCE,RR,RR2602,N,20250611,21:01,2,2,3622.0,15,0,大商所,2025
20250612,XDCE,V,V2506,N,20250611,21:13,14,2,4731.0,15,0,大商所,2025
20250701,XDCE,B,B2602,N,20250630,21:01,2,2,3621.0,15,0,大商所,2025
20250701,XDCE,B,B2603,N,20250630,21:01,2,2,3528.0,15,0,大商所,2025
20250701,XDCE,EG,EG2507,N,20250630,21:03,4,6,4215.0,15,0,大商所,2025
20250701,XDCE,JM,JM2602,N,20250630,21:06,7,1,873.0,15,0,大商所,2025
20250701,XDCE,L,L2603,N,20250630,22:52,113,1,7208.0,15,0,大商所,2025
20250701,XDCE,PG,PG2512,N,20250630,21:01,2,1,4333.0,15,0,大商所,2025
20250701,XDCE,PG,PG2604,N,20250630,22:25,86,3,4384.0,15,0,大商所,2025
20250701,XDCE,PP,PP2510,N,20250630,21:01,2,9,7023.0,15,0,大商所,2025
20250701,XDCE,PP,PP2602,N,20250630,21:01,2,2,7008.0,15,0,大商所,2025
20250701,XDCE,PP,PP2603,N,20250630,21:01,2,2,7006.0,15,0,大商所,2025
20250701,XDCE,Y,Y2512,N,20250630,21:12,13,2,8020.0,15,0,大商所,2025
20250717,XDCE,BZ,BZ2606,D,20250717,09:01,2,1,6137.0,15,0,大商所,2025
20250717,XDCE,EB,EB2602,N,20250716,21:27,28,4,7109.0,15,0,大商所,2025
20250717,XDCE,I,I2512,N,20250716,21:01,2,1,752.5,15,0,大商所,2025
20250717,XDCE,L,L2511,N,20250716,21:01,2,4,7222.0,15,0,大商所,2025
20250717,XDCE,P,P2602,N,20250716,21:01,2,1,8680.0,15,0,大商所,2025
20250717,XDCE,PG,PG2602,N,20250716,21:23,24,2,4115.0,15,0,大商所,2025
20250717,XDCE,PG,PG2603,N,20250716,21:04,5,3,4046.67,15,0,大商所,2025
20250717,XDCE,PG,PG2604,N,20250716,21:04,5,2,4349.0,15,0,大商所,2025
20250717,XDCE,PG,PG2605,N,20250716,21:01,2,1,4246.0,15,0,大商所,2025
20250717,XDCE,PG,PG2606,N,20250716,21:01,2,1,4160.0,15,0,大商所,2025
20250717,XDCE,PP,PP2605,N,20250716,21:22,23,20,6996.0,15,0,大商所,2025
20250806,XGFE,LC,LC2508,D,20250806,09:02,3,80,67600.0,15,0,广期所,2025
20250806,XDCE,BZ,BZ2605,D,20250806,09:00,1,1,6202.0,15,0,大商所,2025
20250806,XDCE,EG,EG2605,N,20250805,21:24,25,2,4460.0,15,0,大商所,2025
20250806,XDCE,L,L2603,N,20250805,21:23,24,1,7336.0,15,0,大商所,2025
20250806,XDCE,L,L2604,N,20250805,21:23,24,1,7357.0,15,0,大商所,2025
20250806,XDCE,PG,PG2604,N,20250805,21:08,9,5,4270.0,15,0,大商所,2025
20250806,XDCE,PG,PG2605,N,20250805,21:08,9,5,4180.0,15,0,大商所,2025
20250806,XDCE,PG,PG2606,N,20250805,21:21,22,3,4124.0,15,0,大商所,2025
20250806,XDCE,PG,PG2607,N,20250805,21:21,22,5,4077.4,15,0,大商所,2025
20250806,XDCE,V,V2604,N,20250805,22:04,65,2,5449.0,15,0,大商所,2025
20250822,XDCE,J,J2604,N,20250821,21:50,51,5,1770.0,15,0,大商所,2025
20250822,XDCE,L,L2603,N,20250821,21:01,2,1,7371.0,15,0,大商所,2025
20250822,XDCE,L,L2606,N,20250821,21:01,2,1,7381.0,15,0,大商所,2025
20250822,XDCE,PG,PG2604,N,20250821,21:35,36,2,4333.0,15,0,大商所,2025
20250910,XGFE,PS,PS2509,D,20250910,09:19,20,2,55960.0,15,0,广期所,2025
20250910,XDCE,EB,EB2509,D,20250910,15:00,225,1,6962.0,15,0,大商所,2025
20250910,XDCE,EG,EG2603,D,20250910,14:24,189,10,4332.6,15,0,大商所,2025
20250910,XDCE,J,J2603,D,20250910,14:57,222,2,1660.0,15,0,大商所,2025
20250910,XDCE,L,L2602,N,20250909,21:01,2,2,7223.0,15,0,大商所,2025
20250910,XDCE,L,L2607,N,20250909,21:11,12,1,7253.0,15,0,大商所,2025
20250910,XDCE,L,L2608,N,20250909,21:11,12,1,7268.0,15,0,大商所,2025
20250910,XDCE,PG,PG2602,N,20250909,21:01,2,4,4167.0,15,0,大商所,2025
20250910,XDCE,PG,PG2604,N,20250909,21:11,12,2,4414.0,15,0,大商所,2025
20250910,XDCE,PG,PG2605,N,20250909,21:11,12,2,4325.5,15,0,大商所,2025
20250910,XDCE,PP,PP2602,N,20250909,21:01,2,6,6930.0,15,0,大商所,2025
20250910,XDCE,PP,PP2606,N,20250909,21:07,8,1,6925.0,15,0,大商所,2025
20250926,XDCE,A,A2609,N,20250925,21:01,2,1,3955.0,15,0,大商所,2025
20250926,XDCE,B,B2604,N,20250925,21:46,47,3,3531.0,15,0,大商所,2025
20250926,XDCE,L,L2607,N,20250925,21:26,27,1,7220.0,15,0,大商所,2025
20250926,XDCE,P,P2510,N,20250925,21:09,10,1,9080.0,15,0,大商所,2025
20250926,XDCE,P,P2604,N,20250925,21:25,26,2,9152.0,15,0,大商所,2025
20250926,XDCE,P,P2607,N,20250925,21:39,40,1,8852.0,15,0,大商所,2025
20250926,XDCE,P,P2608,N,20250925,21:36,37,5,8772.4,15,0,大商所,2025
20250926,XDCE,PG,PG2604,N,20250925,21:09,10,1,4362.0,15,0,大商所,2025
20250926,XDCE,PG,PG2605,N,20250925,21:40,41,1,4286.0,15,0,大商所,2025
20250926,XDCE,PG,PG2606,N,20250925,21:25,26,11,4229.0,15,0,大商所,2025
20250926,XDCE,PG,PG2607,N,20250925,21:25,26,11,4149.0,15,0,大商所,2025
20250926,XDCE,RR,RR2602,D,20250926,10:43,88,2,3607.0,15,0,大商所,2025
20250926,XDCE,V,V2606,N,20250925,21:31,32,1,5267.0,15,0,大商所,2025
20251022,XGFE,LC,LC2510,D,20251022,10:41,87,60,75800.0,15,0,广期所,2025
20251022,XGFE,PS,PS2510,D,20251022,09:02,3,3,52640.0,15,0,广期所,2025
20251022,XGFE,SI,SI2510,D,20251022,09:11,12,1,8490.0,15,0,广期所,2025
20251022,XDCE,EB,EB2510,D,20251022,11:20,125,64,6388.0,15,0,大商所,2025
20251022,XDCE,EB,EB2607,D,20251022,09:15,15,1,6844.0,15,0,大商所,2025
20251022,XDCE,EB,EB2609,D,20251022,09:15,15,1,6880.0,15,0,大商所,2025
20251022,XDCE,I,I2510,D,20251022,15:00,225,1,809.0,15,0,大商所,2025
20251022,XDCE,L,L2510,D,20251022,15:00,225,460,6922.0,15,0,大商所,2025
20251022,XDCE,PG,PG2606,N,20251021,21:13,14,3,3985.0,15,0,大商所,2025
20251022,XDCE,PG,PG2607,N,20251021,21:13,14,3,3918.0,15,0,大商所,2025
20251022,XDCE,PP,PP2510,D,20251022,15:00,225,15,6571.0,15,0,大商所,2025
20251107,XGFE,LC,LC2511,D,20251107,09:26,27,4,79270.0,15,0,广期所,2025
20251107,XGFE,SI,SI2511,D,20251107,09:19,20,6,8690.0,15,0,广期所,2025
20251107,XDCE,B,B2606,N,20251106,21:06,7,1,3514.0,15,0,大商所,2025
20251107,XDCE,B,B2607,N,20251106,21:06,7,1,3518.0,15,0,大商所,2025
20251107,XDCE,C,C2511,N,20251106,21:30,31,200,2143.0,15,0,大商所,2025
20251107,XDCE,J,J2609,N,20251106,21:04,5,1,1993.0,15,0,大商所,2025
20251107,XDCE,JM,JM2607,N,20251106,21:01,2,2,1371.5,15,0,大商所,2025
20251107,XDCE,LG,LG2607,D,20251107,09:01,2,7,813.0,15,0,大商所,2025
20251107,XDCE,LG,LG2609,D,20251107,09:01,2,7,819.714,15,0,大商所,2025
20251107,XDCE,P,P2608,N,20251106,22:52,113,1,8700.0,15,0,大商所,2025
20251125,XDCE,EB,EB2511,D,20251125,15:00,225,55,6389.0,15,0,大商所,2025
20251125,XDCE,J,J2603,D,20251125,09:18,18,2,1699.5,15,0,大商所,2025
20251125,XDCE,P,P2512,N,20251124,21:02,3,1,8440.0,15,0,大商所,2025
20251125,XDCE,PG,PG2608,N,20251124,21:04,5,1,3955.0,15,0,大商所,2025
20251211,XGFE,SI,SI2512,D,20251211,09:03,4,100,8330.0,15,0,广期所,2025
20251211,XDCE,J,J2609,N,20251210,21:01,2,2,1782.0,15,0,大商所,2025
20251211,XDCE,V,V2606,N,20251210,21:01,2,2,4656.0,15,0,大商所,2025
20251211,XDCE,V,V2608,N,20251210,21:01,2,2,4730.5,15,0,大商所,2025
20251229,XDCE,CS,CS2609,N,20251226,21:02,3,5,2613.0,15,0,大商所,2025
20251229,XDCE,L,L2607,N,20251226,21:01,2,2,6473.0,15,0,大商所,2025
20251229,XDCE,L,L2608,N,20251226,21:01,2,2,6488.0,15,0,大商所,2025
20260116,XDCE,B,B2610,N,20260115,21:51,52,1,3556.0,15,0,大商所,2026
20260116,XDCE,BB,BB2601,D,20260116,15:00,226,1,146.0,15,0,大商所,2026
20260116,XDCE,EB,EB2608,N,20260115,21:01,2,2,7163.0,15,0,大商所,2026
20260116,XDCE,I,I2601,D,20260116,15:00,225,51,806.5,15,0,大商所,2026
20260116,XDCE,J,J2611,N,20260115,22:44,105,1,1842.5,15,0,大商所,2026
20260116,XDCE,J,J2612,N,20260115,22:44,105,1,1851.0,15,0,大商所,2026
20260116,XDCE,M,M2601,D,20260116,15:00,225,473,3143.0,15,0,大商所,2026
20260116,XDCE,P,P2604,N,20260115,21:01,2,8,8586.0,15,0,大商所,2026
20260116,XDCE,P,P2608,N,20260115,21:03,4,3,8558.0,15,0,大商所,2026
20260116,XDCE,PG,PG2608,N,20260115,21:03,4,4,4108.0,15,0,大商所,2026
20260116,XDCE,PP,PP2601,D,20260116,15:00,225,626,6235.0,15,0,大商所,2026
20260116,XDCE,PP,PP2610,N,20260115,21:03,4,2,6576.0,15,0,大商所,2026
20260116,XDCE,PP,PP2611,N,20260115,21:03,4,1,6560.0,15,0,大商所,2026
20260116,XDCE,Y,Y2601,D,20260116,15:00,225,10,8122.0,15,0,大商所,2026
20260203,XGFE,PS,PS2602,D,20260203,09:22,23,1,47730.0,15,0,广期所,2026
20260203,XDCE,L,L2610,N,20260202,21:31,32,2,6919.0,15,0,大商所,2026
20260203,XDCE,P,P2602,D,20260203,14:09,174,43,8990.0,15,0,大商所,2026
20260203,XDCE,PG,PG2611,N,20260202,21:36,37,4,4307.5,15,0,大商所,2026
20260203,XDCE,PP,PP2602,D,20260203,09:57,57,10,6625.0,15,0,大商所,2026
20260203,XDCE,PP,PP2610,N,20260202,21:01,2,2,6722.5,15,0,大商所,2026
20260227,XDCE,B,B2608,N,20260226,21:01,2,1,3644.0,15,0,大商所,2026
20260227,XDCE,EB,EB2701,D,20260227,10:09,69,1,7398.0,15,0,大商所,2026
20260227,XDCE,EG,EG2608,N,20260226,21:15,16,5,3809.0,15,0,大商所,2026
20260227,XDCE,FB,FB2605,D,20260227,09:01,2,12,1280.0,15,0,大商所,2026
20260227,XDCE,FB,FB2606,D,20260227,09:01,2,12,1287.25,15,0,大商所,2026
20260227,XDCE,I,I2610,N,20260226,21:03,4,4,729.5,15,0,大商所,2026
20260227,XDCE,J,J2604,N,20260226,21:56,57,2,1628.0,15,0,大商所,2026
20260227,XDCE,L,L2611,N,20260226,21:18,19,4,6820.0,15,0,大商所,2026
20260227,XDCE,PG,PG2612,N,20260226,21:14,15,2,4320.0,15,0,大商所,2026
20260227,XDCE,PP,PP2610,N,20260226,21:01,2,2,6638.0,15,0,大商所,2026
20260227,XDCE,PP,PP2611,N,20260226,21:12,13,3,6643.0,15,0,大商所,2026
20260227,XDCE,V,V2610,N,20260226,21:01,2,2,5016.0,15,0,大商所,2026
20260319,XDCE,A,A2703,N,20260318,21:01,2,1,4794.0,15,0,大商所,2026
20260319,XDCE,BZ,BZ2612,D,20260319,09:00,1,1,7085.0,15,0,大商所,2026
20260319,XDCE,BZ,BZ2701,D,20260319,09:00,1,1,7014.0,15,0,大商所,2026
20260319,XDCE,J,J2604,D,20260319,09:10,10,1,1729.5,15,0,大商所,2026
20260319,XDCE,PG,PG2612,N,20260318,21:21,22,2,5426.5,15,0,大商所,2026
20260414,XGFE,PT,PT2610,D,20260414,09:06,7,2,525.225,15,0,广期所,2026
20260414,XDCE,BZ,BZ2604,D,20260414,09:01,2,100,8590.5,15,0,大商所,2026
20260414,XDCE,EB,EB2701,N,20260413,21:01,2,2,8727.0,15,0,大商所,2026
20260414,XDCE,EB,EB2702,N,20260413,21:18,19,2,8698.5,15,0,大商所,2026
20260414,XDCE,EG,EG2702,N,20260413,21:02,3,1,4642.0,15,0,大商所,2026
20260414,XDCE,JM,JM2612,N,20260413,21:01,2,1,1276.0,15,0,大商所,2026
20260414,XDCE,P,P2612,N,20260413,21:33,34,1,9448.0,15,0,大商所,2026
20260414,XDCE,P,P2702,N,20260413,21:20,21,1,9395.0,15,0,大商所,2026
20260414,XDCE,PG,PG2702,N,20260413,22:47,108,1,5114.0,15,0,大商所,2026
20260506,XDCE,BZ,BZ2612,D,20260506,13:31,137,1,7532.0,15,0,大商所,2026
20260506,XDCE,BZ,BZ2701,D,20260506,13:31,137,1,7434.0,15,0,大商所,2026
20260506,XDCE,EG,EG2611,D,20260506,09:01,1,2,4968.0,15,0,大商所,2026
20260506,XDCE,J,J2703,D,20260506,10:11,71,1,1953.0,15,0,大商所,2026
20260506,XDCE,J,J2704,D,20260506,10:11,71,1,1993.0,15,0,大商所,2026
20260506,XDCE,L,L2702,D,20260506,09:44,44,1,8139.0,15,0,大商所,2026
20260506,XDCE,PG,PG2611,D,20260506,09:02,2,1,5860.0,15,0,大商所,2026
20260528,XDCE,I,I2612,N,20260527,21:01,2,20,769.0,15,0,大商所,2026
20260528,XDCE,PG,PG2612,N,20260527,21:07,8,2,5283.0,15,0,大商所,2026
20260528,XDCE,PG,PG2702,N,20260527,21:14,15,1,5101.0,15,0,大商所,2026
20260528,XDCE,PP,PP2702,N,20260527,21:17,18,1,7841.0,15,0,大商所,2026
20260623,XGFE,PD,PD2612,D,20260623,09:01,2,1,311.0,15,0,广期所,2026
20260623,XDCE,BZ,BZ2701,D,20260623,09:14,15,1,6361.0,15,0,大商所,2026
20260623,XDCE,EB,EB2611,N,20260622,21:01,2,19,7495.0,15,0,大商所,2026
20260623,XDCE,EB,EB2703,D,20260623,11:02,107,1,7419.0,15,0,大商所,2026
20260623,XDCE,EG,EG2612,N,20260622,21:01,2,4,4117.25,15,0,大商所,2026
20260623,XDCE,EG,EG2702,N,20260622,21:05,6,1,4087.0,15,0,大商所,2026
20260623,XDCE,JM,JM2704,N,20260622,21:12,13,2,1520.0,15,0,大商所,2026
20260623,XDCE,LG,LG2701,D,20260623,09:02,3,1,828.5,15,0,大商所,2026
20260710,XGFE,LC,LC2607,D,20260710,09:22,23,6,148800.0,15,0,广期所,2026
20260710,XGFE,LC,LC2610,D,20260710,09:01,2,8,153140.0,15,0,广期所,2026
20260710,XGFE,PS,PS2607,D,20260710,09:08,9,10,35600.0,15,0,广期所,2026
20260710,XGFE,PT,PT2702,D,20260710,09:38,39,3,408.55,15,0,广期所,2026
20260710,XDCE,B,B2706,N,20260709,21:29,30,1,3568.0,15,0,大商所,2026
20260710,XDCE,BZ,BZ2607,D,20260710,09:00,1,4,7170.0,15,0,大商所,2026
20260710,XDCE,EB,EB2706,N,20260709,21:23,24,1,7540.0,15,0,大商所,2026
20260710,XDCE,EG,EG2706,N,20260709,21:05,6,1,4095.0,15,0,大商所,2026
20260710,XDCE,I,I2703,N,20260709,21:01,2,1,732.0,15,0,大商所,2026
20260710,XDCE,M,M2607,D,20260710,14:02,167,14,2880.0,15,0,大商所,2026
20260710,XDCE,PP,PP2703,N,20260709,21:06,7,1,7141.0,15,0,大商所,2026
20260710,XDCE,PP,PP2704,D,20260710,11:09,114,1,7129.0,15,0,大商所,2026
20260710,XDCE,PP,PP2706,N,20260709,21:06,7,1,7104.0,15,0,大商所,2026
20260710,XDCE,V,V2607,N,20260709,21:19,20,183,4420.0,15,0,大商所,2026
20260730,XDCE,B,B2703,N,20260729,21:01,2,1,3802.0,15,0,大商所,2026
20260730,XDCE,JM,JM2702,N,20260729,21:01,2,1,1403.5,15,0,大商所,2026
20260730,XDCE,L,L2702,N,20260729,21:01,2,1,7363.0,15,0,大商所,2026
20260730,XDCE,P,P2706,N,20260729,21:01,2,1,9699.0,15,0,大商所,2026
20260730,XDCE,V,V2704,N,20260729,21:01,2,1,4924.0,15,0,大商所,2026
20161115,XDCE,J,J1709,N,20161114,21:03,4,1,1838.0,15,0,大商所,2016
20161115,XDCE,JM,JM1709,N,20161114,21:03,4,2,1426.0,15,0,大商所,2016
20170105,XDCE,A,A1709,N,20170104,21:01,2,4,4208.5,5,0,大商所,2017
20170215,XDCE,CS,CS1801,D,20170215,09:01,2,41,2031.68,5,0,大商所,2017
20170426,XDCE,J,J1801,N,20170425,21:01,2,5,1505.3,5,0,大商所,2017
20170426,XDCE,JM,JM1801,N,20170425,21:01,2,2,1048.5,15,0,大商所,2017
20170515,XDCE,M,M1705,D,20170515,15:00,225,243,2865.0,15,0,大商所,2017
20170515,XDCE,Y,Y1705,D,20170515,10:31,76,80,5798.0,15,0,大商所,2017
20170602,XDCE,J,J1805,N,20170601,21:03,4,1,1289.5,15,0,大商所,2017
20170620,XDCE,A,A1805,N,20170619,21:01,2,1,3931.0,15,0,大商所,2017
20170706,XDCE,J,J1805,N,20170705,21:03,4,3,1623.5,15,0,大商所,2017
20170809,XDCE,JM,JM1805,N,20170808,21:01,2,1,1230.0,15,0,大商所,2017
20171212,XDCE,J,J1809,N,20171211,21:01,2,6,2013.5,15,0,大商所,2017
20180116,XDCE,V,V1901,D,20180116,09:01,2,1,6845.0,15,0,大商所,2018
20180116,XDCE,Y,Y1901,N,20180115,21:04,5,15,6007.33,5,0,大商所,2018
20180201,XDCE,B,B1901,N,20180131,21:11,12,1,3332.0,15,0,大商所,2018
20180226,XDCE,B,B1805,N,20180223,21:01,2,5,3369.0,15,0,大商所,2018
20180226,XDCE,JM,JM1901,N,20180223,22:07,68,1,1293.0,15,0,大商所,2018
20180314,XDCE,JM,JM1901,N,20180313,21:20,21,2,1211.5,15,0,大商所,2018
20180525,XDCE,A,A1905,N,20180524,21:01,2,1,3819.0,15,0,大商所,2018
20180629,XDCE,JM,JM1905,N,20180628,21:13,14,1,1152.5,15,0,大商所,2018
20180717,XDCE,JM,JM1905,N,20180716,21:01,2,1,1102.0,15,0,大商所,2018
20180802,XDCE,PP,PP1905,D,20180802,09:09,10,4,9465.0,15,0,大商所,2018
20180905,XDCE,B,B1811,D,20180905,10:44,89,1020,3594.0,15,0,大商所,2018
20180905,XDCE,B,B1903,D,20180905,09:39,39,218,3361.0,15,0,大商所,2018
20180921,XDCE,B,B1903,D,20180921,09:55,55,422,3397.0,15,0,大商所,2018
20180921,XDCE,B,B1907,D,20180921,09:24,24,854,3309.0,15,0,大商所,2018
20180921,XDCE,M,M1903,N,20180920,21:01,2,7,2995.0,15,0,大商所,2018
20180921,XDCE,Y,Y1909,N,20180920,21:01,2,9,5747.11,5,0,大商所,2018
20181017,XDCE,B,B1811,N,20181016,23:16,137,88,3650.0,15,0,大商所,2018
20181017,XDCE,B,B1903,D,20181017,09:39,39,1292,3672.0,15,0,大商所,2018
20181017,XDCE,B,B1907,D,20181017,09:35,35,1286,3419.0,15,0,大商所,2018
20181017,XDCE,C,C1811,D,20181017,09:01,2,56,1809.96,5,0,大商所,2018
20181102,XDCE,B,B1907,D,20181102,09:28,28,554,3241.0,15,0,大商所,2018
20181102,XDCE,P,P1909,N,20181101,21:01,2,1,4966.0,15,0,大商所,2018
20181120,XDCE,B,B1903,N,20181119,21:10,11,696,3291.0,15,0,大商所,2018
20181120,XDCE,B,B1907,N,20181119,22:55,116,1642,3270.0,15,0,大商所,2018
20181120,XDCE,B,B1911,N,20181119,22:58,119,1068,3381.0,15,0,大商所,2018
20181206,XDCE,B,B1903,N,20181205,21:10,11,962,3192.0,15,0,大商所,2018
20181206,XDCE,B,B1907,N,20181205,22:22,83,2442,3211.0,15,0,大商所,2018
20181206,XDCE,B,B1911,N,20181205,22:27,88,2204,3202.0,15,0,大商所,2018
20181206,XDCE,C,C1907,D,20181206,09:01,2,20,1897.5,5,0,大商所,2018
20181206,XDCE,C,C1911,D,20181206,09:01,2,40,1929.25,15,0,大商所,2018
20181224,XDCE,B,B1907,N,20181221,22:02,63,648,3081.0,15,0,大商所,2018
20190111,XDCE,B,B1907,N,20190110,21:03,4,3,3024.0,15,0,大商所,2019
20190111,XDCE,B,B1911,D,20190111,10:46,91,894,3080.0,15,0,大商所,2019
20190111,XDCE,I,I1907,N,20190110,21:01,2,1,494.5,15,0,大商所,2019
20190111,XDCE,M,M1911,N,20190110,21:04,5,1,2720.0,15,0,大商所,2019
20190129,XDCE,B,B1907,N,20190128,22:30,91,228,3014.0,15,0,大商所,2019
20190129,XDCE,I,I1911,N,20190128,21:01,2,4,513.625,5,0,大商所,2019
20190129,XDCE,JM,JM2001,N,20190128,21:03,4,1,1287.5,15,0,大商所,2019
20190221,XDCE,B,B1907,N,20190220,21:16,17,4750,3017.0,15,0,大商所,2019
20190221,XDCE,I,I1911,N,20190220,21:01,2,1,574.5,15,0,大商所,2019
20190327,XDCE,B,B1907,N,20190326,22:00,61,10,3000.0,15,0,大商所,2019
20190327,XDCE,M,M1911,N,20190326,21:30,31,1,2641.0,15,0,大商所,2019
20190415,XDCE,B,B1911,N,20190412,21:37,38,20,2961.0,15,0,大商所,2019
20190415,XDCE,M,M1911,N,20190412,21:01,2,4,2631.25,5,0,大商所,2019
20190506,XDCE,B,B1911,D,20190506,13:34,140,31,2950.0,15,0,大商所,2019
20190522,XDCE,I,I1911,N,20190521,21:01,2,6,690.5,5,0,大商所,2019
20190522,XDCE,I,I2003,N,20190521,21:01,2,6,637.5,15,0,大商所,2019
20190522,XDCE,J,J2005,N,20190521,21:02,3,62,2041.77,5,0,大商所,2019
20190610,XDCE,B,B2005,D,20190610,09:02,3,1,3040.0,15,0,大商所,2019
20190626,XDCE,JM,JM2005,N,20190625,21:09,10,1,1308.0,15,0,大商所,2019
20190712,XDCE,I,I1907,D,20190712,15:00,225,16,963.5,15,0,大商所,2019
20190712,XDCE,JM,JM2005,N,20190711,21:07,8,6,1330.0,15,0,大商所,2019
20190712,XDCE,M,M1911,N,20190711,21:01,2,2209,2829.36,5,0,大商所,2019
20190730,XDCE,C,C2007,N,20190729,21:01,2,1,2058.0,15,0,大商所,2019
20190815,XDCE,B,B2005,N,20190814,21:01,2,1,3145.0,15,0,大商所,2019
20190815,XDCE,C,C2003,N,20190814,21:01,2,41,1936.66,15,0,大商所,2019
20190919,XDCE,A,A2009,N,20190918,21:03,4,2,3700.5,15,0,大商所,2019
20190919,XDCE,B,B2001,N,20190918,21:01,2,13,3249.54,5,0,大商所,2019
20191014,XDCE,EB,EB2009,N,20191011,21:03,4,3,7696.0,15,0,大商所,2019
20191014,XDCE,EG,EG2009,N,20191011,21:24,25,1,4615.0,15,0,大商所,2019
20191014,XDCE,J,J2009,N,20191011,21:05,6,1,1784.0,15,0,大商所,2019
20191014,XDCE,RR,RR2009,D,20191014,10:44,89,5,3575.0,15,0,大商所,2019
20191030,XDCE,B,B2009,N,20191029,21:54,55,2,3318.0,15,0,大商所,2019
20191030,XDCE,I,I2003,N,20191029,21:01,2,13,585.385,5,0,大商所,2019
20191115,XDCE,J,J2009,N,20191114,21:01,2,1,1689.5,15,0,大商所,2019
20191115,XDCE,PP,PP2009,N,20191114,21:08,9,1,7485.0,15,0,大商所,2019
20191203,XDCE,B,B2009,N,20191202,21:07,8,1,3202.0,15,0,大商所,2019
20191203,XDCE,C,C2007,N,20191202,21:01,2,2,1923.0,15,0,大商所,2019
20191203,XDCE,CS,CS2009,N,20191202,21:01,2,2,2316.5,15,0,大商所,2019
20191203,XDCE,PP,PP2009,N,20191202,21:01,2,16,7478.88,5,0,大商所,2019
20191219,XDCE,M,M2007,N,20191218,21:05,6,10,2789.0,15,0,大商所,2019
20200107,XDCE,B,B2007,N,20200106,22:28,89,1,3281.0,15,0,大商所,2020
20200305,XDCE,JM,JM2101,D,20200305,14:33,199,1,1192.5,15,0,大商所,2020
20200305,XDCE,M,M2003,D,20200305,13:32,138,20,2730.0,15,0,大商所,2020
20200518,XDCE,I,I2103,N,20200515,21:25,26,1,593.0,15,0,大商所,2020
20200518,XDCE,M,M2011,N,20200515,21:01,2,20,2737.85,5,0,大商所,2020
20200518,XDCE,P,P2005,N,20200515,21:12,13,30,4592.0,15,0,大商所,2020
20200603,XDCE,EG,EG2105,N,20200602,21:42,43,1,4070.0,15,0,大商所,2020
20200603,XDCE,M,M2011,N,20200602,21:01,2,29,2824.28,5,0,大商所,2020
20200603,XDCE,PP,PP2105,N,20200602,21:05,6,1,7039.0,15,0,大商所,2020
20200619,XDCE,EG,EG2105,D,20200619,13:43,148,10,4047.0,15,0,大商所,2020
20200619,XDCE,JM,JM2105,N,20200618,21:17,18,1,1107.0,15,0,大商所,2020
20200709,XDCE,EB,EB2105,N,20200708,21:24,25,2,6247.0,15,0,大商所,2020
20200709,XDCE,PG,PG2012,N,20200708,21:01,2,38,3611.39,5,0,大商所,2020
20200709,XDCE,PP,PP2105,N,20200708,21:07,8,4,7251.5,15,0,大商所,2020
20200727,XDCE,C,C2103,N,20200724,21:01,2,4,2210.5,5,0,大商所,2020
20200812,XDCE,EB,EB2010,N,20200811,21:01,2,2,5526.5,5,0,大商所,2020
20200812,XDCE,EB,EB2011,N,20200811,21:01,2,3,5614.33,5,0,大商所,2020
20200812,XDCE,EG,EG2010,N,20200811,21:01,2,13,3779.23,5,0,大商所,2020
20200812,XDCE,EG,EG2011,N,20200811,21:01,2,9,3811.56,5,0,大商所,2020
20200812,XDCE,EG,EG2012,N,20200811,21:01,2,3,3842.0,15,0,大商所,2020
20200812,XDCE,J,J2010,N,20200811,21:01,2,74,1995.78,5,0,大商所,2020
20200812,XDCE,J,J2011,N,20200811,21:01,2,12,1990.42,5,0,大商所,2020
20200812,XDCE,PP,PP2010,N,20200811,21:01,2,41,7668.12,5,0,大商所,2020
20200812,XDCE,PP,PP2011,N,20200811,21:01,2,19,7618.1,5,0,大商所,2020
20200812,XDCE,PP,PP2012,N,20200811,21:01,2,18,7557.11,5,0,大商所,2020
20200812,XDCE,V,V2010,N,20200811,21:01,2,6,6512.5,5,0,大商所,2020
20200812,XDCE,V,V2011,N,20200811,21:01,2,4,6495.0,15,0,大商所,2020
20200812,XDCE,V,V2105,N,20200811,21:01,2,19,6365.53,5,0,大商所,2020
20200828,XDCE,C,C2107,N,20200827,21:01,2,32,2323.69,5,0,大商所,2020
20200828,XDCE,JM,JM2010,N,20200827,21:01,2,7,1231.57,5,0,大商所,2020
20200828,XDCE,JM,JM2011,N,20200827,21:01,2,8,1232.0,5,0,大商所,2020
20200828,XDCE,L,L2012,N,20200827,21:01,2,5,7350.0,15,0,大商所,2020
20200828,XDCE,PP,PP2011,N,20200827,21:01,2,3,7869.33,5,0,大商所,2020
20200915,XDCE,EB,EB2011,N,20200914,21:01,2,12,5520.33,15,0,大商所,2020
20200915,XDCE,EB,EB2012,N,20200914,21:01,2,12,5613.0,15,0,大商所,2020
20200915,XDCE,EG,EG2010,N,20200914,21:01,2,83,3917.88,5,0,大商所,2020
20200915,XDCE,EG,EG2012,N,20200914,21:01,2,1,4004.0,15,0,大商所,2020
20200915,XDCE,EG,EG2102,N,20200914,21:01,2,7,4055.29,5,0,大商所,2020
20200915,XDCE,EG,EG2103,N,20200914,21:01,2,2,4090.0,15,0,大商所,2020
20200915,XDCE,EG,EG2105,N,20200914,21:01,2,66,4114.62,5,0,大商所,2020
20200915,XDCE,J,J2103,N,20200914,21:01,2,25,1961.9,5,0,大商所,2020
20200915,XDCE,JM,JM2012,D,20200915,09:55,55,1,1261.5,15,0,大商所,2020
20200915,XDCE,JM,JM2102,N,20200914,21:01,2,8,1254.12,5,0,大商所,2020
20200915,XDCE,L,L2011,N,20200914,21:01,2,8,7410.0,5,0,大商所,2020
20200915,XDCE,L,L2102,N,20200914,21:01,2,46,7346.52,5,0,大商所,2020
20200915,XDCE,M,M2108,N,20200914,21:01,2,3,2983.0,5,0,大商所,2020
20200915,XDCE,P,P2104,N,20200914,22:33,94,15,6030.0,15,0,大商所,2020
20200915,XDCE,P,P2107,D,20200915,14:38,203,12,5938.0,15,0,大商所,2020
20200915,XDCE,PP,PP2010,N,20200914,21:03,4,1,7881.0,15,0,大商所,2020
20200915,XDCE,V,V2103,N,20200914,21:01,2,4,6435.0,15,0,大商所,2020
20200915,XDCE,Y,Y2107,N,20200914,21:01,2,8,6782.0,15,0,大商所,2020
20200915,XDCE,Y,Y2108,N,20200914,21:52,53,10,6762.0,15,0,大商所,2020
20201009,XDCE,EG,EG2104,D,20201009,09:16,17,70,3894.0,15,0,大商所,2020
20201009,XDCE,I,I2104,D,20201009,09:01,2,194,771.729,5,0,大商所,2020
20201009,XDCE,I,I2107,D,20201009,09:08,9,1,728.0,15,0,大商所,2020
20201009,XDCE,J,J2104,D,20201009,09:04,5,1,1934.0,15,0,大商所,2020
20201009,XDCE,JM,JM2103,D,20201009,09:04,5,2,1272.5,15,0,大商所,2020
20201009,XDCE,V,V2104,D,20201009,14:08,174,90,6535.0,15,0,大商所,2020
20201009,XDCE,Y,Y2107,D,20201009,09:01,2,31,6692.97,5,0,大商所,2020
20201027,XDCE,B,B2107,N,20201026,22:21,82,10,3633.0,15,0,大商所,2020
20201027,XDCE,CS,CS2103,N,20201026,21:01,2,21,2904.09,5,0,大商所,2020
20201027,XDCE,CS,CS2107,N,20201026,21:04,5,200,2937.0,15,0,大商所,2020
20201027,XDCE,EB,EB2103,N,20201026,21:01,2,13,6217.54,15,0,大商所,2020
20201027,XDCE,EG,EG2102,N,20201026,21:01,2,71,3887.44,5,0,大商所,2020
20201027,XDCE,EG,EG2103,N,20201026,21:01,2,43,3915.44,5,0,大商所,2020
20201027,XDCE,JM,JM2103,N,20201026,21:02,3,1,1289.0,15,0,大商所,2020
20201027,XDCE,JM,JM2104,N,20201026,21:02,3,1,1264.0,15,0,大商所,2020
20201027,XDCE,M,M2108,N,20201026,21:01,2,1,3081.0,15,0,大商所,2020
20201112,XDCE,CS,CS2103,N,20201111,21:01,2,22,2865.82,5,0,大商所,2020
20201112,XDCE,EG,EG2102,N,20201111,21:01,2,89,3815.56,5,0,大商所,2020
20201112,XDCE,I,I2012,N,20201111,21:02,3,130,871.362,5,0,大商所,2020
20201112,XDCE,J,J2104,N,20201111,21:01,2,31,2200.55,5,0,大商所,2020
20201112,XDCE,P,P2104,N,20201111,21:03,4,2,6392.0,15,0,大商所,2020
20201112,XDCE,P,P2107,N,20201111,22:04,65,1224,6098.95,15,0,大商所,2020
20201112,XDCE,PP,PP2103,N,20201111,21:01,2,61,7847.34,5,0,大商所,2020
20201112,XDCE,Y,Y2108,N,20201111,21:03,4,9,7014.0,15,0,大商所,2020
20201130,XDCE,CS,CS2103,N,20201127,21:01,2,59,2918.71,5,0,大商所,2020
20201130,XDCE,EB,EB2103,N,20201127,21:01,2,35,6869.34,5,0,大商所,2020
20201130,XDCE,I,I2107,N,20201127,21:01,2,1,811.5,15,0,大商所,2020
20201130,XDCE,J,J2104,N,20201127,21:01,2,8,2332.94,5,0,大商所,2020
20201130,XDCE,M,M2108,N,20201127,21:01,2,20,3232.0,15,0,大商所,2020
20201130,XDCE,P,P2104,N,20201127,21:01,2,6,6605.0,5,0,大商所,2020
20201216,XDCE,EB,EB2103,N,20201215,21:01,2,82,6955.69,5,0,大商所,2020
20201216,XDCE,EG,EG2102,N,20201215,21:01,2,150,4038.23,5,0,大商所,2020
20201216,XDCE,EG,EG2103,N,20201215,21:01,2,36,4067.56,5,0,大商所,2020
20201216,XDCE,JM,JM2104,N,20201215,21:01,2,1,1514.0,15,0,大商所,2020
20201216,XDCE,L,L2103,N,20201215,21:01,2,5,7809.0,5,0,大商所,2020
20201216,XDCE,PG,PG2103,N,20201215,21:01,2,15,3742.4,5,0,大商所,2020
20201216,XDCE,PP,PP2104,N,20201215,21:01,2,9,8320.0,5,0,大商所,2020
20210104,XDCE,B,B2107,D,20210104,09:31,32,2,4076.5,15,0,大商所,2021
20210104,XDCE,JM,JM2104,D,20210104,09:01,2,18,1601.69,5,0,大商所,2021
20210104,XDCE,L,L2103,D,20210104,09:01,2,56,7678.57,5,0,大商所,2021
20210120,XDCE,PG,PG2104,N,20210119,21:01,2,2,3802.0,5,0,大商所,2021
20210120,XDCE,RR,RR2104,N,20210119,21:01,2,73,3740.84,5,0,大商所,2021
20210120,XDCE,Y,Y2108,N,20210119,21:01,2,7,7302.0,15,0,大商所,2021
20210205,XDCE,CS,CS2103,N,20210204,21:01,2,2,3295.0,15,0,大商所,2021
20210205,XDCE,EB,EB2106,N,20210204,21:01,2,5,7473.4,5,0,大商所,2021
20210205,XDCE,EG,EG2107,N,20210204,21:01,2,7,4719.29,15,0,大商所,2021
20210205,XDCE,P,P2107,N,20210204,21:01,2,1,6280.0,15,0,大商所,2021
20210205,XDCE,PP,PP2106,N,20210204,21:01,2,2,8292.0,15,0,大商所,2021
20210205,XDCE,RR,RR2105,N,20210204,21:01,2,10,3660.9,5,0,大商所,2021
20210205,XDCE,V,V2107,N,20210204,21:01,2,12,7570.0,15,0,大商所,2021
20210205,XDCE,Y,Y2108,N,20210204,21:01,2,15,7145.6,5,0,大商所,2021
20210302,XDCE,EG,EG2111,N,20210301,21:02,3,13,5193.0,15,0,大商所,2021
20210302,XDCE,L,L2107,N,20210301,21:01,2,54,8699.44,5,0,大商所,2021
20210302,XDCE,V,V2111,N,20210301,21:01,2,10,7920.0,15,0,大商所,2021
20210318,XDCE,B,B2109,N,20210317,21:02,3,1,4106.0,15,0,大商所,2021
20210318,XDCE,L,L2107,N,20210317,21:25,26,47,8845.0,15,0,大商所,2021
20210318,XDCE,M,M2108,N,20210317,21:01,2,37,3339.46,5,0,大商所,2021
20210318,XDCE,PP,PP2112,N,20210317,21:01,2,1,8826.0,15,0,大商所,2021
20210318,XDCE,Y,Y2112,N,20210317,21:01,2,2,8244.0,15,0,大商所,2021
20210406,XDCE,EG,EG2112,D,20210406,09:01,2,9,5005.0,15,0,大商所,2021
20210406,XDCE,J,J2108,D,20210406,09:42,43,114,2411.24,5,0,大商所,2021
20210406,XDCE,RR,RR2107,D,20210406,09:01,2,34,3591.94,5,0,大商所,2021
20210422,XDCE,J,J2107,D,20210422,10:53,98,1,2541.0,15,0,大商所,2021
20210422,XDCE,PP,PP2112,N,20210421,21:01,2,42,8206.36,5,0,大商所,2021
20210422,XDCE,V,V2111,N,20210421,21:01,2,5,8517.0,5,0,大商所,2021
20210513,XDCE,EG,EG2112,N,20210512,21:01,2,17,5278.18,5,0,大商所,2021
20210513,XDCE,PP,PP2112,N,20210512,21:01,2,10,8858.2,5,0,大商所,2021
20210531,XDCE,EG,EG2112,N,20210528,21:01,2,4,4973.0,15,0,大商所,2021
20210531,XDCE,J,J2112,N,20210528,21:05,6,1,2393.0,15,0,大商所,2021
20210531,XDCE,PG,PG2109,N,20210528,21:01,2,32,4335.34,5,0,大商所,2021
20210531,XDCE,Y,Y2107,N,20210528,21:09,10,2,9074.0,15,0,大商所,2021
20210617,XDCE,EB,EB2110,N,20210616,21:01,2,7,8234.0,5,0,大商所,2021
20210617,XDCE,EG,EG2112,N,20210616,21:01,2,7,4917.14,15,0,大商所,2021
20210617,XDCE,EG,EG2201,N,20210616,21:03,4,2,4925.0,5,0,大商所,2021
20210617,XDCE,J,J2112,N,20210616,21:01,2,3,2587.17,15,0,大商所,2021
20210617,XDCE,JM,JM2110,N,20210616,21:01,2,6,1924.83,5,0,大商所,2021
20210617,XDCE,PP,PP2112,N,20210616,21:01,2,4,8215.0,15,0,大商所,2021
20210617,XDCE,V,V2108,D,20210617,14:02,167,18,9125.0,15,0,大商所,2021
20210617,XDCE,V,V2112,N,20210616,21:02,3,135,8470.0,15,0,大商所,2021
20210617,XDCE,Y,Y2107,N,20210616,21:22,23,5,8511.2,5,0,大商所,2021
20210705,XDCE,EB,EB2107,D,20210705,09:12,12,10,9669.0,15,0,大商所,2021
20210705,XDCE,EG,EG2112,N,20210702,21:01,2,4,5138.5,5,0,大商所,2021
20210705,XDCE,I,I2111,N,20210702,21:01,2,1,1102.0,15,0,大商所,2021
20210705,XDCE,J,J2112,N,20210702,21:01,2,5,2532.5,15,0,大商所,2021
20210705,XDCE,JD,JD2111,D,20210705,09:01,2,10,4446.2,5,0,大商所,2021
20210705,XDCE,L,L2108,D,20210705,15:00,225,14,8225.0,15,0,大商所,2021
20210721,XDCE,EB,EB2201,N,20210720,21:01,2,3,8448.33,5,0,大商所,2021
20210721,XDCE,I,I2110,N,20210720,21:01,2,3,1211.5,5,0,大商所,2021
20210721,XDCE,I,I2111,N,20210720,21:01,2,2,1189.0,15,0,大商所,2021
20210721,XDCE,PP,PP2205,N,20210720,21:25,26,5,8488.0,15,0,大商所,2021
20210721,XDCE,V,V2112,N,20210720,21:01,2,76,9080.0,15,0,大商所,2021
20210806,XDCE,B,B2112,N,20210805,21:01,2,9,4332.33,5,0,大商所,2021
20210806,XDCE,EB,EB2111,N,20210805,21:01,2,49,8420.2,5,0,大商所,2021
20210806,XDCE,PG,PG2111,N,20210805,21:01,2,20,4859.25,15,0,大商所,2021
20210824,XDCE,RR,RR2110,N,20210823,21:01,2,11,3506.55,5,0,大商所,2021
20210824,XDCE,RR,RR2111,N,20210823,21:01,2,2,3536.5,5,0,大商所,2021
20210909,XDCE,PG,PG2205,N,20210908,21:14,15,10,5079.0,15,0,大商所,2021
20210909,XDCE,V,V2112,N,20210908,21:01,2,35,9970.29,5,0,大商所,2021
20210929,XDCE,A,A2205,N,20210928,21:02,3,2,5945.0,15,0,大商所,2021
20211022,XDCE,EB,EB2202,N,20211021,21:01,2,7,9404.71,15,0,大商所,2021
20211022,XDCE,EG,EG2112,N,20211021,21:01,2,180,6537.57,5,0,大商所,2021
20211022,XDCE,PP,PP2111,N,20211021,21:07,8,5,9330.0,15,0,大商所,2021
20211022,XDCE,V,V2203,N,20211021,21:01,2,127,9957.83,5,0,大商所,2021
20211109,XDCE,EB,EB2202,N,20211108,21:01,2,25,8994.76,5,0,大商所,2021
20211109,XDCE,EG,EG2203,N,20211108,21:01,2,11,5379.73,5,0,大商所,2021
20211109,XDCE,EG,EG2204,N,20211108,21:01,2,7,5354.0,15,0,大商所,2021
20211109,XDCE,I,I2204,N,20211108,21:01,2,15,570.033,5,0,大商所,2021
20211109,XDCE,L,L2203,N,20211108,21:01,2,38,8876.58,5,0,大商所,2021
20211109,XDCE,P,P2203,N,20211108,21:01,2,14,8780.43,5,0,大商所,2021
20211109,XDCE,PP,PP2203,N,20211108,21:01,2,89,8521.55,5,0,大商所,2021
20211109,XDCE,PP,PP2204,N,20211108,21:01,2,51,8536.33,5,0,大商所,2021
20211109,XDCE,PP,PP2206,N,20211108,21:01,2,8,8498.25,15,0,大商所,2021
20211109,XDCE,V,V2203,N,20211108,21:01,2,6,8354.33,5,0,大商所,2021
20211109,XDCE,V,V2204,N,20211108,21:01,2,8,8351.75,5,0,大商所,2021
20211125,XDCE,EG,EG2203,N,20211124,21:01,2,18,5176.89,5,0,大商所,2021
20211125,XDCE,L,L2203,N,20211124,21:01,2,48,8821.29,5,0,大商所,2021
20211125,XDCE,PP,PP2112,N,20211124,21:04,5,63,8380.29,15,0,大商所,2021
20211125,XDCE,PP,PP2204,N,20211124,21:01,2,70,8382.41,5,0,大商所,2021
20211125,XDCE,PP,PP2206,N,20211124,21:01,2,13,8328.92,5,0,大商所,2021
20211125,XDCE,RR,RR2203,N,20211124,21:01,2,1,3476.0,15,0,大商所,2021
20211125,XDCE,V,V2204,N,20211124,21:01,2,39,8854.41,5,0,大商所,2021
20211213,XDCE,EG,EG2203,N,20211210,21:01,2,80,4809.41,5,0,大商所,2021
20211213,XDCE,L,L2203,N,20211210,21:01,2,39,8199.13,5,0,大商所,2021
20211213,XDCE,L,L2204,N,20211210,21:01,2,176,8173.42,5,0,大商所,2021
20211213,XDCE,V,V2203,N,20211210,21:01,2,64,8215.47,5,0,大商所,2021
20220117,XDCE,EB,EB2209,N,20220114,22:56,117,1,8795.0,15,0,大商所,2022
20220117,XDCE,FB,FB2201,D,20220117,15:00,226,56,1258.0,15,0,大商所,2022
20220117,XDCE,P,P2201,D,20220117,15:00,225,660,9808.0,15,0,大商所,2022
20220117,XDCE,PG,PG2209,N,20220114,21:08,9,1,4698.0,15,0,大商所,2022
20220209,XDCE,B,B2209,N,20220208,21:37,38,1,4574.0,15,0,大商所,2022
20220209,XDCE,EG,EG2202,D,20220209,09:02,2,142,5450.0,15,0,大商所,2022
20220209,XDCE,PG,PG2209,D,20220209,09:49,49,1,5110.0,15,0,大商所,2022
20220315,XDCE,B,B2209,N,20220314,21:01,2,1,4997.0,15,0,大商所,2022
20220315,XDCE,EG,EG2204,N,20220314,21:01,2,1,5090.0,15,0,大商所,2022
20220315,XDCE,L,L2204,N,20220314,21:28,29,1,9030.0,15,0,大商所,2022
20220331,XDCE,L,L2204,N,20220330,21:01,2,3,9250.0,15,0,大商所,2022
20220331,XDCE,PP,PP2301,N,20220330,21:01,2,1,9015.0,15,0,大商所,2022
20220420,XDCE,B,B2208,N,20220419,21:16,17,2,5211.0,15,0,大商所,2022
20220420,XDCE,PG,PG2204,D,20220420,10:43,88,20,6360.0,15,0,大商所,2022
20220420,XDCE,PG,PG2208,N,20220419,21:02,3,1,6034.0,15,0,大商所,2022
20220511,XDCE,Y,Y2205,N,20220510,21:16,17,10,11118.0,15,0,大商所,2022
20220527,XDCE,B,B2301,N,20220526,21:19,20,1,5076.0,15,0,大商所,2022
20220527,XDCE,EB,EB2301,N,20220526,21:14,15,1,9763.0,15,0,大商所,2022
20220615,XDCE,FB,FB2206,D,20220615,15:00,226,6,1402.0,15,0,大商所,2022
20220615,XDCE,I,I2206,D,20220615,15:00,225,55,955.0,15,0,大商所,2022
20220615,XDCE,PP,PP2206,D,20220615,15:00,225,100,8897.0,15,0,大商所,2022
20220701,XDCE,B,B2301,N,20220630,21:01,2,1,4716.0,15,0,大商所,2022
20220701,XDCE,C,C2207,N,20220630,21:01,2,452,2731.0,15,0,大商所,2022
20220701,XDCE,EB,EB2301,N,20220630,21:19,20,10,9521.0,15,0,大商所,2022
20220701,XDCE,I,I2207,N,20220630,21:07,8,5,874.0,15,0,大商所,2022
20220701,XDCE,PP,PP2305,N,20220630,21:26,27,2,8390.0,15,0,大商所,2022
20220719,XDCE,PP,PP2305,N,20220718,21:01,2,1,7958.0,15,0,大商所,2022
20220804,XDCE,PP,PP2208,D,20220804,09:56,56,31,8130.0,15,0,大商所,2022
20220822,XDCE,B,B2212,N,20220819,21:01,2,2,4734.0,15,0,大商所,2022
20220907,XDCE,M,M2209,N,20220906,22:19,80,1,4536.0,15,0,大商所,2022
20220907,XDCE,Y,Y2209,N,20220906,22:17,78,1,10400.0,15,0,大商所,2022
20221020,XDCE,L,L2210,N,20221019,22:39,100,25,8065.0,15,0,大商所,2022
20221020,XDCE,PG,PG2210,N,20221019,22:06,67,10,5225.0,15,0,大商所,2022
20221020,XDCE,PP,PP2210,D,20221020,09:02,2,20,7837.0,15,0,大商所,2022
20221020,XDCE,V,V2210,D,20221020,09:42,42,30,6020.0,15,0,大商所,2022
20221107,XDCE,EG,EG2211,D,20221107,13:38,143,18,3895.0,15,0,大商所,2022
20221123,XDCE,V,V2212,N,20221122,21:08,9,2,5840.0,15,0,大商所,2022
20221209,XDCE,V,V2212,N,20221208,21:05,6,4,6050.0,15,0,大商所,2022
20230113,XDCE,B,B2309,N,20230112,21:12,13,3,4513.0,15,0,大商所,2023
20230207,XDCE,PP,PP2302,N,20230206,21:13,14,1,7864.0,15,0,大商所,2023
20230223,XDCE,EG,EG2302,D,20230223,15:00,225,1,4126.0,15,0,大商所,2023
20230223,XDCE,L,L2303,N,20230222,21:01,2,2,8354.0,15,0,大商所,2023
20230313,XGFE,SI,SI2310,D,20230313,11:13,119,1,16845.0,15,0,广期所,2023
20230329,XDCE,EG,EG2304,N,20230328,21:01,2,12,4118.83,15,0,大商所,2023
20230329,XDCE,PP,PP2401,N,20230328,21:02,3,1,7542.0,15,0,大商所,2023
20230417,XDCE,EG,EG2304,D,20230417,14:10,175,1,4125.0,15,0,大商所,2023
20230417,XDCE,I,I2304,D,20230417,15:00,225,2,937.5,15,0,大商所,2023
20230417,XDCE,P,P2304,D,20230417,15:00,225,13,7810.0,15,0,大商所,2023
20230417,XDCE,PP,PP2304,D,20230417,15:00,225,201,7642.0,15,0,大商所,2023
20230417,XDCE,V,V2304,D,20230417,15:00,225,150,6229.0,15,0,大商所,2023
20230508,XDCE,CS,CS2305,N,20230505,21:17,17,20,2985.0,15,0,大商所,2023
20230524,XDCE,PG,PG2401,N,20230523,21:01,2,3,4204.0,15,0,大商所,2023
20230609,XDCE,PP,PP2306,N,20230608,21:09,10,1,7035.0,15,0,大商所,2023
20230609,XDCE,PP,PP2405,N,20230608,21:03,4,1,6905.0,15,0,大商所,2023
20230609,XDCE,V,V2306,N,20230608,21:02,3,10,5578.0,15,0,大商所,2023
20230718,XDCE,EB,EB2404,N,20230717,21:01,2,1,7546.0,15,0,大商所,2023
20230718,XDCE,EB,EB2406,N,20230717,21:01,2,1,7557.0,15,0,大商所,2023
20230718,XDCE,JM,JM2311,N,20230717,21:01,2,1,1395.0,15,0,大商所,2023
20230718,XDCE,JM,JM2402,N,20230717,21:01,2,1,1346.0,15,0,大商所,2023
20230718,XDCE,JM,JM2403,N,20230717,21:01,2,1,1331.0,15,0,大商所,2023
20230718,XDCE,PP,PP2405,N,20230717,21:01,2,6,7184.0,15,0,大商所,2023
20230803,XDCE,C,C2407,N,20230802,21:01,2,1,2575.0,15,0,大商所,2023
20230803,XDCE,EB,EB2402,N,20230802,21:01,2,2,8048.0,15,0,大商所,2023
20230803,XDCE,EB,EB2403,N,20230802,21:01,2,1,8014.0,15,0,大商所,2023
20230803,XDCE,EB,EB2404,N,20230802,21:01,2,1,7996.0,15,0,大商所,2023
20230803,XDCE,EB,EB2406,N,20230802,22:26,87,2,7964.0,15,0,大商所,2023
20230803,XDCE,EB,EB2407,N,20230802,22:26,87,2,7922.0,15,0,大商所,2023
20230803,XDCE,JM,JM2402,N,20230802,21:01,2,3,1407.67,15,0,大商所,2023
20230803,XDCE,PG,PG2404,N,20230802,21:52,53,1,4742.0,15,0,大商所,2023
20230821,XDCE,EG,EG2405,N,20230818,21:01,2,5,4171.4,15,0,大商所,2023
20230821,XDCE,JD,JD2406,D,20230821,09:01,2,1,4014.0,15,0,大商所,2023
20230821,XDCE,L,L2406,N,20230818,22:09,70,2,8216.5,15,0,大商所,2023
20230906,XDCE,B,B2406,N,20230905,21:01,2,1,4162.0,15,0,大商所,2023
20230906,XDCE,EG,EG2309,D,20230906,13:40,145,52,4085.0,15,0,大商所,2023
20230906,XDCE,EG,EG2406,N,20230905,22:06,67,1,4405.0,15,0,大商所,2023
20230906,XDCE,EG,EG2407,D,20230906,09:01,1,1,4413.0,15,0,大商所,2023
20230906,XDCE,J,J2405,N,20230905,21:02,3,7,2288.0,15,0,大商所,2023
20230906,XDCE,J,J2406,D,20230906,09:34,34,1,2266.0,15,0,大商所,2023
20230906,XDCE,L,L2407,N,20230905,21:19,20,1,8333.0,15,0,大商所,2023
20230906,XDCE,P,P2309,N,20230905,21:22,23,1,7738.0,15,0,大商所,2023
20230922,XDCE,EB,EB2404,N,20230921,21:01,2,1,8363.0,15,0,大商所,2023
20230922,XDCE,EB,EB2405,N,20230921,21:01,2,1,8329.0,15,0,大商所,2023
20230922,XDCE,L,L2406,N,20230921,21:14,15,1,8234.0,15,0,大商所,2023
20230922,XDCE,L,L2407,N,20230921,21:14,15,2,8232.5,15,0,大商所,2023
20230922,XDCE,L,L2408,N,20230921,21:14,15,1,8230.0,15,0,大商所,2023
20230922,XDCE,P,P2404,N,20230921,21:01,2,2,7232.0,15,0,大商所,2023
20230922,XDCE,PP,PP2404,N,20230921,21:01,2,2,7835.0,15,0,大商所,2023
20230922,XDCE,RR,RR2404,N,20230921,21:56,57,1,3639.0,15,0,大商所,2023
20231018,XDCE,EB,EB2310,D,20231018,09:37,37,100,8631.0,15,0,大商所,2023
20231018,XDCE,EG,EG2406,N,20231017,22:16,77,2,4236.0,15,0,大商所,2023
20231018,XDCE,J,J2402,N,20231017,21:03,4,1,2406.5,15,0,大商所,2023
20231018,XDCE,JM,JM2406,D,20231018,11:07,112,1,1591.0,15,0,大商所,2023
20231018,XDCE,JM,JM2407,D,20231018,11:07,112,1,1564.5,15,0,大商所,2023
20231018,XDCE,L,L2310,D,20231018,09:31,31,20,8040.0,15,0,大商所,2023
20231018,XDCE,PP,PP2406,N,20231017,21:05,6,1,7412.0,15,0,大商所,2023
20231018,XDCE,RR,RR2401,N,20231017,21:01,2,1,3550.0,15,0,大商所,2023
20231018,XDCE,RR,RR2406,N,20231017,21:01,2,1,3659.0,15,0,大商所,2023
20231018,XDCE,RR,RR2407,N,20231017,21:01,2,1,3675.0,15,0,大商所,2023
20231018,XDCE,V,V2310,D,20231018,14:26,191,80,5841.0,15,0,大商所,2023
20231018,XDCE,Y,Y2408,N,20231017,21:01,2,3,7548.0,15,0,大商所,2023
20231018,XDCE,Y,Y2409,N,20231017,21:01,2,3,7456.67,15,0,大商所,2023
20231103,XDCE,L,L2311,D,20231103,09:28,28,6,8109.0,15,0,大商所,2023
20231103,XDCE,RR,RR2408,N,20231102,21:01,2,2,3705.0,15,0,大商所,2023
20231103,XDCE,RR,RR2409,N,20231102,21:01,2,2,3686.0,15,0,大商所,2023
20231121,XDCE,CS,CS2407,N,20231120,21:01,2,1,2941.0,15,0,大商所,2023
20231121,XDCE,EB,EB2311,D,20231121,14:57,222,3,8820.0,15,0,大商所,2023
20231121,XDCE,J,J2409,N,20231120,21:03,4,1,2523.0,15,0,大商所,2023
20231121,XDCE,PG,PG2406,N,20231120,21:01,2,1,4995.0,15,0,大商所,2023
20231121,XDCE,PG,PG2407,N,20231120,21:01,2,1,4920.0,15,0,大商所,2023
20231207,XDCE,B,B2404,N,20231206,21:01,2,3,4086.67,15,0,大商所,2023
20231207,XDCE,B,B2411,N,20231206,22:17,78,2,3965.5,15,0,大商所,2023
20231207,XDCE,J,J2409,N,20231206,21:19,20,3,2472.0,15,0,大商所,2023
20231207,XDCE,P,P2407,N,20231206,21:01,2,2,7044.0,15,0,大商所,2023
20231207,XDCE,RR,RR2404,N,20231206,21:16,17,2,3553.0,15,0,大商所,2023
20231207,XDCE,RR,RR2405,N,20231206,21:16,17,2,3569.0,15,0,大商所,2023
20231207,XDCE,RR,RR2406,N,20231206,21:19,20,1,3587.0,15,0,大商所,2023
20231225,XDCE,A,A2409,N,20231222,21:01,2,1,4806.0,15,0,大商所,2023
20231225,XDCE,EG,EG2410,N,20231222,21:33,34,2,4588.5,15,0,大商所,2023
20231225,XDCE,JM,JM2402,N,20231222,21:01,2,8,1977.0,15,0,大商所,2023
20231225,XDCE,JM,JM2404,N,20231222,21:01,2,6,1972.5,15,0,大商所,2023
20231225,XDCE,L,L2404,N,20231222,21:01,2,21,8235.52,15,0,大商所,2023
20231225,XDCE,PG,PG2410,N,20231222,21:24,25,2,5002.5,15,0,大商所,2023
20231225,XDCE,PG,PG2411,N,20231222,22:22,83,1,4860.0,15,0,大商所,2023
20231225,XDCE,PP,PP2407,D,20231225,09:08,8,1,7613.0,15,0,大商所,2023
20231225,XDCE,PP,PP2408,D,20231225,09:08,8,1,7620.0,15,0,大商所,2023
20231225,XDCE,V,V2410,N,20231222,21:01,2,3,6200.0,15,0,大商所,2023
20240111,XGFE,SI,SI2401,D,20240111,10:42,88,100,13845.0,15,0,广期所,2024
20240111,XDCE,EB,EB2411,N,20240110,21:33,34,1,8292.0,15,0,大商所,2024
20240111,XDCE,EB,EB2412,N,20240110,21:33,34,1,8261.0,15,0,大商所,2024
20240111,XDCE,EG,EG2407,N,20240110,21:01,2,1,4484.0,15,0,大商所,2024
20240111,XDCE,L,L2404,N,20240110,21:01,2,3,7968.0,15,0,大商所,2024
20240111,XDCE,P,P2407,N,20240110,21:01,2,3,7098.67,15,0,大商所,2024
20240111,XDCE,P,P2410,N,20240110,21:01,2,2,6976.0,15,0,大商所,2024
20240111,XDCE,PG,PG2407,N,20240110,21:23,24,7,4539.0,15,0,大商所,2024
20240111,XDCE,PG,PG2408,N,20240110,21:23,24,14,4470.0,15,0,大商所,2024
20240129,XDCE,EG,EG2408,N,20240126,21:01,2,1,4657.0,15,0,大商所,2024
20240129,XDCE,I,I2411,N,20240126,21:01,2,7,881.0,15,0,大商所,2024
20240129,XDCE,L,L2402,N,20240126,21:04,5,1,8150.0,15,0,大商所,2024
20240129,XDCE,L,L2410,D,20240129,14:47,212,6,8253.33,15,0,大商所,2024
20240129,XDCE,V,V2407,N,20240126,21:01,2,9,5972.44,15,0,大商所,2024
20240129,XDCE,V,V2410,N,20240126,21:02,3,4,6025.0,15,0,大商所,2024
20240222,XDCE,B,B2407,N,20240221,21:01,2,3,3506.0,15,0,大商所,2024
20240222,XDCE,EB,EB2407,N,20240221,21:01,2,2,8902.0,15,0,大商所,2024
20240222,XDCE,EB,EB2501,N,20240221,21:08,9,1,8451.0,15,0,大商所,2024
20240222,XDCE,EG,EG2406,N,20240221,21:01,2,2,4574.0,15,0,大商所,2024
20240222,XDCE,EG,EG2411,N,20240221,21:19,20,3,4566.0,15,0,大商所,2024
20240222,XDCE,FB,FB2402,D,20240222,15:00,226,27,1180.0,15,0,大商所,2024
20240222,XDCE,I,I2402,D,20240222,15:00,225,51,1006.5,15,0,大商所,2024
20240222,XDCE,P,P2408,N,20240221,21:01,2,3,6986.0,15,0,大商所,2024
20240222,XDCE,PP,PP2404,N,20240221,21:01,2,10,7366.2,15,0,大商所,2024
20240222,XDCE,PP,PP2406,N,20240221,21:01,2,4,7367.0,15,0,大商所,2024
20240222,XDCE,PP,PP2410,N,20240221,21:01,2,2,7363.0,15,0,大商所,2024
20240222,XDCE,V,V2501,N,20240221,21:01,2,5,6035.2,15,0,大商所,2024
20240311,XGFE,LC,LC2403,D,20240311,09:02,3,20,108700.0,15,0,广期所,2024
20240311,XDCE,EB,EB2410,N,20240308,21:02,3,1,8757.0,15,0,大商所,2024
20240311,XDCE,EG,EG2407,N,20240308,21:01,2,1,4618.0,15,0,大商所,2024
20240311,XDCE,EG,EG2408,N,20240308,21:01,2,1,4624.0,15,0,大商所,2024
20240311,XDCE,EG,EG2410,N,20240308,21:01,2,2,4622.0,15,0,大商所,2024
20240311,XDCE,L,L2408,N,20240308,21:04,5,1,8165.0,15,0,大商所,2024
20240311,XDCE,L,L2501,N,20240308,21:05,6,1,8130.0,15,0,大商所,2024
20240311,XDCE,P,P2408,N,20240308,21:02,3,4,7406.0,15,0,大商所,2024
20240311,XDCE,PP,PP2407,N,20240308,21:01,2,2,7463.0,15,0,大商所,2024
20240311,XDCE,PP,PP2408,N,20240308,21:01,2,2,7463.0,15,0,大商所,2024
20240311,XDCE,RR,RR2406,N,20240308,21:01,2,3,3513.0,15,0,大商所,2024
20240327,XDCE,EG,EG2410,N,20240326,21:01,2,1,4547.0,15,0,大商所,2024
20240327,XDCE,EG,EG2501,N,20240326,21:01,2,3,4595.0,15,0,大商所,2024
20240327,XDCE,JM,JM2404,N,20240326,21:06,7,1,1545.5,15,0,大商所,2024
20240327,XDCE,PP,PP2407,N,20240326,21:01,2,1,7512.0,15,0,大商所,2024
20240327,XDCE,PP,PP2408,N,20240326,21:01,2,1,7520.0,15,0,大商所,2024
20240327,XDCE,RR,RR2407,N,20240326,21:01,2,3,3526.0,15,0,大商所,2024
20240327,XDCE,V,V2410,N,20240326,21:01,2,14,5993.07,15,0,大商所,2024
20240327,XDCE,V,V2411,N,20240326,21:01,2,6,6010.5,15,0,大商所,2024
20240327,XDCE,V,V2412,N,20240326,21:01,2,2,6037.0,15,0,大商所,2024
20240327,XDCE,Y,Y2412,N,20240326,21:01,2,3,7706.0,15,0,大商所,2024
20240416,XGFE,SI,SI2404,D,20240416,14:00,166,55,12070.0,15,0,广期所,2024
20240416,XDCE,EG,EG2407,N,20240415,21:01,2,5,4516.8,15,0,大商所,2024
20240416,XDCE,P,P2412,N,20240415,21:01,2,5,7552.0,15,0,大商所,2024
20240416,XDCE,PG,PG2410,N,20240415,21:02,3,1,5027.0,15,0,大商所,2024
20240416,XDCE,PP,PP2407,N,20240415,21:02,3,5,7578.0,15,0,大商所,2024
20240416,XDCE,Y,Y2503,N,20240415,21:01,2,1,7622.0,15,0,大商所,2024
20240507,XDCE,B,B2410,N,20240506,21:01,2,1,4067.0,15,0,大商所,2024
20240507,XDCE,B,B2411,N,20240506,21:01,2,1,4047.0,15,0,大商所,2024
20240507,XDCE,B,B2412,N,20240506,21:03,4,1,4051.0,15,0,大商所,2024
20240507,XDCE,EG,EG2410,N,20240506,21:01,2,4,4500.25,15,0,大商所,2024
20240507,XDCE,EG,EG2411,N,20240506,21:01,2,1,4523.0,15,0,大商所,2024
20240507,XDCE,J,J2406,N,20240506,21:08,9,1,2312.5,15,0,大商所,2024
20240507,XDCE,J,J2407,N,20240506,21:08,9,1,2336.0,15,0,大商所,2024
20240507,XDCE,PG,PG2405,N,20240506,21:13,14,1,4479.0,15,0,大商所,2024
20240507,XDCE,PP,PP2408,N,20240506,21:01,2,5,7513.0,15,0,大商所,2024
20240507,XDCE,PP,PP2412,N,20240506,22:03,64,1,7549.0,15,0,大商所,2024
20240507,XDCE,PP,PP2502,N,20240506,21:02,3,1,7545.0,15,0,大商所,2024
20240507,XDCE,PP,PP2504,N,20240506,21:02,3,1,7555.0,15,0,大商所,2024
20240507,XDCE,V,V2411,N,20240506,21:04,5,1,6026.0,15,0,大商所,2024
20240523,XDCE,B,B2412,N,20240522,21:02,3,1,4182.0,15,0,大商所,2024
20240523,XDCE,P,P2502,N,20240522,21:01,2,2,7685.0,15,0,大商所,2024
20240523,XDCE,PG,PG2501,N,20240522,21:11,12,1,4975.0,15,0,大商所,2024
20240523,XDCE,PG,PG2502,D,20240523,15:00,225,2,4887.0,15,0,大商所,2024
20240523,XDCE,V,V2412,N,20240522,21:01,2,3,6512.0,15,0,大商所,2024
20240523,XDCE,Y,Y2412,N,20240522,21:04,5,1,8138.0,15,0,大商所,2024
20240611,XGFE,LC,LC2406,D,20240611,09:16,17,11,100250.0,15,0,广期所,2024
20240611,XDCE,B,B2411,D,20240611,09:01,1,2,4064.0,15,0,大商所,2024
20240611,XDCE,EG,EG2410,D,20240611,09:01,1,1,4589.0,15,0,大商所,2024
20240611,XDCE,PG,PG2502,D,20240611,09:22,22,1,4749.0,15,0,大商所,2024
20240611,XDCE,PG,PG2503,D,20240611,09:07,7,1,4592.0,15,0,大商所,2024
20240611,XDCE,PG,PG2504,D,20240611,09:07,7,1,4961.0,15,0,大商所,2024
20240611,XDCE,PG,PG2505,D,20240611,09:22,22,2,4851.5,15,0,大商所,2024
20240627,XDCE,B,B2411,N,20240626,21:01,2,3,3948.67,15,0,大商所,2024
20240627,XDCE,B,B2504,N,20240626,21:01,2,6,3741.83,15,0,大商所,2024
20240627,XDCE,EB,EB2412,N,20240626,21:01,2,1,8918.0,15,0,大商所,2024
20240627,XDCE,EB,EB2503,N,20240626,21:26,27,3,8747.0,15,0,大商所,2024
20240627,XDCE,EB,EB2504,D,20240627,09:51,51,1,8758.0,15,0,大商所,2024
20240627,XDCE,EG,EG2411,N,20240626,21:01,2,2,4611.0,15,0,大商所,2024
20240627,XDCE,L,L2411,N,20240626,21:01,2,6,8521.33,15,0,大商所,2024
20240627,XDCE,P,P2411,N,20240626,21:01,2,3,7603.33,15,0,大商所,2024
20240627,XDCE,P,P2412,N,20240626,21:01,2,1,7600.0,15,0,大商所,2024
20240627,XDCE,P,P2502,N,20240626,21:01,2,4,7609.0,15,0,大商所,2024
20240627,XDCE,PG,PG2412,N,20240626,21:52,53,1,5045.0,15,0,大商所,2024
20240627,XDCE,PG,PG2502,N,20240626,21:50,51,1,4861.0,15,0,大商所,2024
20240627,XDCE,PP,PP2411,N,20240626,21:01,2,3,7740.33,15,0,大商所,2024
20240627,XDCE,V,V2412,N,20240626,21:01,2,1,6196.0,15,0,大商所,2024
20240715,XDCE,EB,EB2502,N,20240712,21:03,4,27,8740.33,15,0,大商所,2024
20240715,XDCE,EB,EB2503,N,20240712,21:03,4,2,8722.0,15,0,大商所,2024
20240715,XDCE,EB,EB2504,D,20240715,14:40,205,38,8669.0,15,0,大商所,2024
20240715,XDCE,P,P2412,N,20240712,21:01,2,2,7696.0,15,0,大商所,2024
20240715,XDCE,P,P2502,N,20240712,21:01,2,4,7646.0,15,0,大商所,2024
20240715,XDCE,PP,PP2504,D,20240715,13:37,142,2,7770.0,15,0,大商所,2024
20240731,XDCE,EB,EB2502,N,20240730,21:01,2,5,8398.0,15,0,大商所,2024
20240731,XDCE,EB,EB2506,N,20240730,21:38,39,2,8367.5,15,0,大商所,2024
20240731,XDCE,J,J2408,D,20240731,09:01,1,3,2033.5,15,0,大商所,2024
20240731,XDCE,JM,JM2505,N,20240730,21:27,28,2,1525.0,15,0,大商所,2024
20240731,XDCE,L,L2412,N,20240730,21:01,2,2,8184.0,15,0,大商所,2024
20240731,XDCE,PG,PG2504,N,20240730,21:08,9,1,4766.0,15,0,大商所,2024
20240731,XDCE,PP,PP2411,N,20240730,21:01,2,1,7556.0,15,0,大商所,2024
20240731,XDCE,PP,PP2412,N,20240730,21:01,2,2,7565.0,15,0,大商所,2024
20240731,XDCE,PP,PP2503,N,20240730,21:19,20,1,7583.0,15,0,大商所,2024
20240731,XDCE,V,V2411,N,20240730,21:01,2,5,5711.0,15,0,大商所,2024
20240731,XDCE,V,V2502,N,20240730,21:01,2,1,5821.0,15,0,大商所,2024
20240731,XDCE,Y,Y2412,N,20240730,21:01,2,1,7694.0,15,0,大商所,2024
20240816,XDCE,A,A2507,N,20240815,21:13,14,18,4261.0,15,0,大商所,2024
20240816,XDCE,EG,EG2411,N,20240815,21:01,2,1,4543.0,15,0,大商所,2024
20240816,XDCE,EG,EG2412,N,20240815,21:01,2,1,4552.0,15,0,大商所,2024
20240816,XDCE,EG,EG2505,N,20240815,21:07,8,3,4563.0,15,0,大商所,2024
20240816,XDCE,EG,EG2506,N,20240815,22:58,119,1,4618.0,15,0,大商所,2024
20240816,XDCE,JM,JM2502,D,20240816,10:36,81,1,1399.5,15,0,大商所,2024
20240816,XDCE,L,L2503,N,20240815,21:13,14,1,8058.0,15,0,大商所,2024
20240816,XDCE,PG,PG2502,N,20240815,21:01,2,3,4554.0,15,0,大商所,2024
20240816,XDCE,PG,PG2505,N,20240815,22:23,84,1,4667.0,15,0,大商所,2024
20240816,XDCE,PP,PP2503,N,20240815,21:02,3,4,7479.25,15,0,大商所,2024
20240816,XDCE,RR,RR2503,N,20240815,21:01,2,2,3551.5,15,0,大商所,2024
20240816,XDCE,RR,RR2504,N,20240815,21:01,2,2,3566.0,15,0,大商所,2024
20240816,XDCE,V,V2502,N,20240815,21:01,2,2,5542.0,15,0,大商所,2024
20240903,XDCE,A,A2507,N,20240902,21:01,2,2,4166.0,15,0,大商所,2024
20240903,XDCE,EB,EB2503,N,20240902,21:11,12,2,8949.0,15,0,大商所,2024
20240903,XDCE,EB,EB2504,N,20240902,21:11,12,2,8917.0,15,0,大商所,2024
20240903,XDCE,JM,JM2504,N,20240902,21:18,19,2,1368.5,15,0,大商所,2024
20240903,XDCE,L,L2412,N,20240902,21:26,27,1,8093.0,15,0,大商所,2024
20240903,XDCE,L,L2506,N,20240902,21:10,11,2,8000.0,15,0,大商所,2024
20240903,XDCE,P,P2506,N,20240902,21:01,2,2,7760.0,15,0,大商所,2024
20240903,XDCE,PG,PG2504,N,20240902,21:01,2,3,4830.0,15,0,大商所,2024
20240903,XDCE,PP,PP2412,N,20240902,21:01,2,2,7568.0,15,0,大商所,2024
20240903,XDCE,V,V2503,N,20240902,21:01,2,7,5546.71,15,0,大商所,2024
20240923,XDCE,EB,EB2503,N,20240920,21:12,13,10,8354.0,15,0,大商所,2024
20240923,XDCE,P,P2504,N,20240920,21:22,23,36,8078.0,15,0,大商所,2024
20240923,XDCE,PG,PG2506,N,20240920,21:45,46,2,4367.0,15,0,大商所,2024
20240923,XDCE,RR,RR2503,D,20240923,09:01,1,2,3528.0,15,0,大商所,2024
20240923,XDCE,RR,RR2504,D,20240923,09:01,1,2,3552.0,15,0,大商所,2024
20241016,XGFE,LC,LC2410,D,20241016,09:01,2,148,73400.0,15,0,广期所,2024
20241016,XDCE,A,A2507,N,20241015,21:01,2,9,4032.0,15,0,大商所,2024
20241016,XDCE,L,L2508,D,20241016,10:04,64,1,8133.0,15,0,大商所,2024
20241016,XDCE,PG,PG2505,N,20241015,21:16,17,1,4692.0,15,0,大商所,2024
20241016,XDCE,PG,PG2508,N,20241015,22:42,103,2,4558.0,15,0,大商所,2024
20241016,XDCE,PP,PP2502,N,20241015,21:01,2,2,7537.5,15,0,大商所,2024
20241016,XDCE,PP,PP2504,N,20241015,21:01,2,1,7569.0,15,0,大商所,2024
20241016,XDCE,Y,Y2507,N,20241015,21:01,2,2,7632.0,15,0,大商所,2024
20241101,XDCE,EB,EB2509,D,20241101,09:21,21,6,8448.0,15,0,大商所,2024
20241101,XDCE,J,J2411,D,20241101,15:00,225,10,1845.0,15,0,大商所,2024
20241101,XDCE,L,L2502,N,20241031,21:01,2,2,8029.0,15,0,大商所,2024
20241101,XDCE,L,L2503,N,20241031,21:01,2,2,8006.0,15,0,大商所,2024
20241101,XDCE,L,L2504,N,20241031,21:01,2,2,8051.5,15,0,大商所,2024
20241101,XDCE,PG,PG2504,N,20241031,21:14,15,1,4599.0,15,0,大商所,2024
20241101,XDCE,Y,Y2411,D,20241101,15:00,225,200,8250.0,15,0,大商所,2024
20241119,XDCE,EB,EB2506,N,20241118,21:16,17,3,8401.0,15,0,大商所,2024
20241119,XDCE,EB,EB2507,N,20241118,21:11,12,1,8400.0,15,0,大商所,2024
20241119,XDCE,EB,EB2509,N,20241118,21:05,6,5,8400.0,15,0,大商所,2024
20241119,XDCE,JM,JM2504,D,20241119,10:54,99,1,1311.0,15,0,大商所,2024
20241119,XDCE,P,P2506,N,20241118,21:01,2,1,9000.0,15,0,大商所,2024
20241119,XDCE,PG,PG2504,N,20241118,21:01,2,5,4492.0,15,0,大商所,2024
20241119,XDCE,PG,PG2507,N,20241118,21:01,2,3,4280.0,15,0,大商所,2024
20241119,XDCE,PG,PG2509,N,20241118,21:01,2,3,4159.0,15,0,大商所,2024
20241119,XDCE,Y,Y2507,N,20241118,21:01,2,1,7718.0,15,0,大商所,2024
20241205,XDCE,EB,EB2412,N,20241204,21:04,5,120,8558.0,15,0,大商所,2024
20241205,XDCE,EB,EB2510,D,20241205,09:07,7,1,8464.0,15,0,大商所,2024
20241205,XDCE,L,L2506,N,20241204,21:01,2,2,8129.0,15,0,大商所,2024
20241205,XDCE,L,L2507,N,20241204,21:01,2,2,8115.0,15,0,大商所,2024
20241205,XDCE,V,V2506,N,20241204,21:01,2,1,5389.0,15,0,大商所,2024
20241205,XDCE,V,V2507,N,20241204,21:01,2,1,5429.0,15,0,大商所,2024
20241223,XDCE,B,B2507,N,20241220,21:01,2,2,3273.0,15,0,大商所,2024
20241223,XDCE,EB,EB2412,D,20241223,09:37,37,142,8600.0,15,0,大商所,2024
20250109,XDCE,C,C2501,N,20250108,22:24,85,100,2102.0,15,0,大商所,2025
20250109,XDCE,EG,EG2501,N,20250108,22:03,64,50,4590.0,15,0,大商所,2025
20250109,XDCE,EG,EG2503,N,20250108,21:01,2,1,4628.0,15,0,大商所,2025
20250109,XDCE,I,I2510,N,20250108,21:01,2,3,727.0,15,0,大商所,2025
20250109,XDCE,RR,RR2509,N,20250108,21:22,23,4,3529.5,15,0,大商所,2025
20250109,XDCE,Y,Y2511,N,20250108,21:03,4,9,7550.0,15,0,大商所,2025
20250127,XDCE,EG,EG2511,D,20250127,13:39,144,1,4768.0,15,0,大商所,2025
20250127,XDCE,P,P2506,N,20250124,21:01,2,1,8154.0,15,0,大商所,2025
20250127,XDCE,P,P2507,N,20250124,21:01,2,1,8084.0,15,0,大商所,2025
20250127,XDCE,PG,PG2507,N,20250124,21:06,7,2,4360.0,15,0,大商所,2025
20250127,XDCE,Y,Y2508,N,20250124,21:01,2,2,7572.0,15,0,大商所,2025
20250220,XDCE,J,J2504,D,20250220,13:40,145,2,1710.0,15,0,大商所,2025
20250220,XDCE,JM,JM2503,N,20250219,21:08,9,1,1005.0,15,0,大商所,2025
20250220,XDCE,L,L2506,N,20250219,21:01,2,2,7851.0,15,0,大商所,2025
20250220,XDCE,L,L2507,N,20250219,21:01,2,2,7821.0,15,0,大商所,2025
20250220,XDCE,L,L2511,N,20250219,21:17,18,2,7785.0,15,0,大商所,2025
20250220,XDCE,PG,PG2507,N,20250219,21:03,4,5,4358.0,15,0,大商所,2025
20250220,XDCE,PG,PG2508,N,20250219,21:06,7,17,4312.35,15,0,大商所,2025
20250220,XDCE,PG,PG2509,N,20250219,21:03,4,5,4248.0,15,0,大商所,2025
20250311,XDCE,EG,EG2504,N,20250310,21:01,2,3,4486.67,15,0,大商所,2025
20250311,XDCE,EG,EG2601,N,20250310,21:02,3,1,4619.0,15,0,大商所,2025
20250311,XDCE,I,I2510,N,20250310,21:01,2,5,730.0,15,0,大商所,2025
20250311,XDCE,J,J2601,N,20250310,21:08,9,1,1739.5,15,0,大商所,2025
20250311,XDCE,JM,JM2511,N,20250310,21:26,27,1,1156.0,15,0,大商所,2025
20250311,XDCE,JM,JM2512,N,20250310,21:01,2,2,1162.0,15,0,大商所,2025
20250311,XDCE,P,P2510,N,20250310,21:05,6,2,8384.0,15,0,大商所,2025
20250401,XDCE,B,B2512,N,20250331,21:04,5,1,3665.0,15,0,大商所,2025
20250401,XDCE,B,B2602,N,20250331,21:04,5,1,3624.0,15,0,大商所,2025
20250401,XDCE,JD,JD2512,D,20250401,09:01,2,3,3693.0,15,0,大商所,2025
20250401,XDCE,PP,PP2602,N,20250331,22:27,88,1,7283.0,15,0,大商所,2025
20250418,XDCE,EB,EB2512,N,20250417,21:05,6,1,7085.0,15,0,大商所,2025
20250418,XDCE,EB,EB2602,N,20250417,21:05,6,1,7131.0,15,0,大商所,2025
20250418,XDCE,EG,EG2510,N,20250417,21:09,10,2,4186.0,15,0,大商所,2025
20250418,XDCE,J,J2512,D,20250418,14:35,200,1,1596.5,15,0,大商所,2025
20250418,XDCE,PG,PG2603,N,20250417,21:19,20,1,4069.0,15,0,大商所,2025
20250418,XDCE,PP,PP2510,N,20250417,21:01,2,4,7100.0,15,0,大商所,2025
20250418,XDCE,PP,PP2602,N,20250417,21:12,13,1,7013.0,15,0,大商所,2025
20250418,XDCE,PP,PP2603,N,20250417,21:12,13,1,7015.0,15,0,大商所,2025
20250418,XDCE,V,V2508,N,20250417,21:09,10,1,5009.0,15,0,大商所,2025
20250509,XGFE,SI,SI2505,D,20250509,09:12,13,100,8300.0,15,0,广期所,2025
20250509,XDCE,EB,EB2511,N,20250508,21:03,4,2,6620.0,15,0,大商所,2025
20250509,XDCE,EB,EB2512,N,20250508,21:03,4,2,6640.0,15,0,大商所,2025
20250509,XDCE,EB,EB2601,N,20250508,21:03,4,2,6670.0,15,0,大商所,2025
20250509,XDCE,J,J2510,N,20250508,21:11,12,1,1490.0,15,0,大商所,2025
20250509,XDCE,L,L2511,N,20250508,21:26,27,4,7005.75,15,0,大商所,2025
20250509,XDCE,L,L2603,D,20250509,11:20,125,1,6966.0,15,0,大商所,2025
20250509,XDCE,PG,PG2601,N,20250508,21:09,10,2,4241.5,15,0,大商所,2025
20250509,XDCE,PG,PG2603,N,20250508,21:09,10,2,4091.0,15,0,大商所,2025
20250509,XDCE,PP,PP2603,N,20250508,21:20,21,2,6904.0,15,0,大商所,2025
20250509,XDCE,V,V2512,N,20250508,21:03,4,1,4930.0,15,0,大商所,2025
20250527,XDCE,B,B2512,N,20250526,21:02,3,2,3632.0,15,0,大商所,2025
20250527,XDCE,EB,EB2505,D,20250527,15:00,225,37,7920.0,15,0,大商所,2025
20250527,XDCE,EG,EG2505,D,20250527,15:00,225,3,4564.0,15,0,大商所,2025
20250527,XDCE,J,J2602,D,20250527,14:41,206,1,1418.5,15,0,大商所,2025
20250527,XDCE,L,L2512,N,20250526,22:00,61,2,7030.0,15,0,大商所,2025
20250527,XDCE,PG,PG2505,D,20250527,15:00,225,20,4600.0,15,0,大商所,2025
20250527,XDCE,PP,PP2511,N,20250526,21:49,50,1,6907.0,15,0,大商所,2025
20250613,XDCE,J,J2511,D,20250613,10:42,87,1,1376.0,15,0,大商所,2025
20250613,XDCE,PG,PG2511,N,20250612,21:05,6,4,4224.0,15,0,大商所,2025
20250613,XDCE,V,V2506,N,20250612,22:01,62,1,4728.0,15,0,大商所,2025
20250702,XDCE,B,B2604,N,20250701,21:52,53,1,3436.0,15,0,大商所,2025
20250702,XDCE,EB,EB2602,N,20250701,21:01,2,21,7034.95,15,0,大商所,2025
20250702,XDCE,EB,EB2604,N,20250701,21:14,15,1,7034.0,15,0,大商所,2025
20250702,XDCE,J,J2605,N,20250701,21:06,7,3,1463.83,15,0,大商所,2025
20250702,XDCE,JM,JM2602,N,20250701,21:56,57,2,870.75,15,0,大商所,2025
20250702,XDCE,P,P2602,N,20250701,21:06,7,2,8346.0,15,0,大商所,2025
20250702,XDCE,P,P2603,N,20250701,21:06,7,2,8315.0,15,0,大商所,2025
20250702,XDCE,P,P2604,N,20250701,21:06,7,2,8278.0,15,0,大商所,2025
20250702,XDCE,PG,PG2604,N,20250701,21:19,20,1,4367.0,15,0,大商所,2025
20250702,XDCE,PP,PP2602,N,20250701,21:01,2,6,6983.33,15,0,大商所,2025
20250702,XDCE,PP,PP2604,D,20250702,09:03,3,4,6986.25,15,0,大商所,2025
20250702,XDCE,PP,PP2606,D,20250702,09:03,3,25,6974.36,15,0,大商所,2025
20250702,XDCE,V,V2605,N,20250701,21:01,2,1,5087.0,15,0,大商所,2025
20250702,XDCE,Y,Y2507,D,20250702,09:20,20,9,8072.0,15,0,大商所,2025
20250718,XDCE,EB,EB2602,N,20250717,21:03,4,3,7104.0,15,0,大商所,2025
20250718,XDCE,EG,EG2605,N,20250717,21:02,3,1,4393.0,15,0,大商所,2025
20250718,XDCE,L,L2604,N,20250717,21:58,59,3,7237.67,15,0,大商所,2025
20250718,XDCE,L,L2606,N,20250717,21:58,59,1,7221.0,15,0,大商所,2025
20250718,XDCE,P,P2602,N,20250717,21:47,48,2,8766.0,15,0,大商所,2025
20250718,XDCE,P,P2603,N,20250717,21:44,45,2,8710.0,15,0,大商所,2025
20250718,XDCE,P,P2604,N,20250717,21:44,45,2,8639.0,15,0,大商所,2025
20250718,XDCE,PG,PG2604,N,20250717,21:17,18,1,4326.0,15,0,大商所,2025
20250807,XGFE,LC,LC2508,D,20250807,09:13,14,28,69880.0,15,0,广期所,2025
20250807,XDCE,CS,CS2605,N,20250806,21:01,2,1,2610.0,15,0,大商所,2025
20250807,XDCE,EG,EG2603,N,20250806,21:01,2,1,4439.0,15,0,大商所,2025
20250807,XDCE,EG,EG2604,N,20250806,21:01,2,1,4462.0,15,0,大商所,2025
20250807,XDCE,L,L2508,D,20250807,11:20,125,33,7311.0,15,0,大商所,2025
20250807,XDCE,P,P2508,D,20250807,10:39,84,1,8868.0,15,0,大商所,2025
20250807,XDCE,P,P2604,N,20250806,21:01,2,2,8865.0,15,0,大商所,2025
20250807,XDCE,PG,PG2604,N,20250806,21:24,25,1,4305.0,15,0,大商所,2025
20250807,XDCE,PG,PG2605,N,20250806,21:11,12,3,4202.0,15,0,大商所,2025
20250807,XDCE,PG,PG2606,D,20250807,10:00,60,4,4139.0,15,0,大商所,2025
20250807,XDCE,V,V2508,D,20250807,09:51,51,1,5020.0,15,0,大商所,2025
20250825,XDCE,EB,EB2605,N,20250822,21:03,4,1,7516.0,15,0,大商所,2025
20250825,XDCE,L,L2607,N,20250822,21:03,4,1,7423.0,15,0,大商所,2025
20250825,XDCE,P,P2604,N,20250822,21:15,16,1,9414.0,15,0,大商所,2025
20250825,XDCE,P,P2607,N,20250822,22:33,94,1,9052.0,15,0,大商所,2025
20250911,XGFE,LC,LC2509,D,20250911,09:38,39,11,70300.0,15,0,广期所,2025
20250911,XGFE,SI,SI2509,D,20250911,09:17,18,4,8635.0,15,0,广期所,2025
20250911,XDCE,CS,CS2605,N,20250910,21:03,4,2,2588.0,15,0,大商所,2025
20250911,XDCE,EB,EB2603,N,20250910,22:58,119,1,7175.0,15,0,大商所,2025
20250911,XDCE,EG,EG2605,N,20250910,21:02,3,2,4356.0,15,0,大商所,2025
20250911,XDCE,EG,EG2606,D,20250911,11:28,133,1,4360.0,15,0,大商所,2025
20250911,XDCE,JM,JM2607,N,20250910,21:01,2,1,1224.5,15,0,大商所,2025
20250911,XDCE,L,L2607,D,20250911,10:11,71,1,7257.0,15,0,大商所,2025
20250911,XDCE,L,L2608,D,20250911,10:11,71,1,7269.0,15,0,大商所,2025
20250911,XDCE,M,M2509,D,20250911,09:38,38,1000,3031.0,15,0,大商所,2025
20250911,XDCE,PG,PG2604,N,20250910,21:11,12,1,4456.0,15,0,大商所,2025
20250911,XDCE,PG,PG2606,N,20250910,21:04,5,2,4299.5,15,0,大商所,2025
20250911,XDCE,PG,PG2607,N,20250910,21:04,5,2,4254.0,15,0,大商所,2025
20250911,XDCE,PG,PG2608,N,20250910,21:04,5,2,4181.5,15,0,大商所,2025
20250911,XDCE,V,V2606,N,20250910,21:03,4,2,5200.0,15,0,大商所,2025
20250929,XDCE,CS,CS2607,N,20250926,21:04,5,3,2553.0,15,0,大商所,2025
20250929,XDCE,EG,EG2512,D,20250929,14:58,223,1,4215.0,15,0,大商所,2025
20250929,XDCE,I,I2604,N,20250926,21:01,2,5,776.5,15,0,大商所,2025
20250929,XDCE,J,J2510,N,20250926,21:06,7,1,1608.0,15,0,大商所,2025
20250929,XDCE,PG,PG2606,D,20250929,13:46,151,3,4223.0,15,0,大商所,2025
20250929,XDCE,PP,PP2510,N,20250926,21:01,2,2,6785.5,15,0,大商所,2025
20250929,XDCE,PP,PP2604,N,20250926,21:03,4,2,6947.0,15,0,大商所,2025
20251023,XDCE,B,B2604,N,20251022,21:30,31,1,3505.0,15,0,大商所,2025
20251023,XDCE,P,P2604,N,20251022,21:02,3,10,9212.0,15,0,大商所,2025
20251023,XDCE,P,P2606,N,20251022,21:10,11,2,9085.0,15,0,大商所,2025
20251023,XDCE,P,P2607,N,20251022,21:10,11,2,9014.0,15,0,大商所,2025
20251110,XDCE,A,A2511,D,20251110,13:45,150,60,4111.0,15,0,大商所,2025
20251110,XDCE,I,I2603,N,20251107,21:01,2,1,754.5,15,0,大商所,2025
20251110,XDCE,L,L2606,N,20251107,21:17,18,2,6892.0,15,0,大商所,2025
20251126,XDCE,B,B2604,N,20251125,21:01,2,2,3592.0,15,0,大商所,2025
20251126,XDCE,B,B2606,N,20251125,21:04,5,8,3500.0,15,0,大商所,2025
20251126,XDCE,EB,EB2609,N,20251125,21:39,40,1,6803.0,15,0,大商所,2025
20251126,XDCE,EG,EG2604,N,20251125,21:02,3,1,3951.0,15,0,大商所,2025
20251126,XDCE,EG,EG2606,N,20251125,21:01,2,2,4007.0,15,0,大商所,2025
20251126,XDCE,J,J2512,N,20251125,22:58,119,1,1609.5,15,0,大商所,2025
20251126,XDCE,JM,JM2610,N,20251125,21:04,5,2,1265.0,15,0,大商所,2025
20251126,XDCE,P,P2610,N,20251125,21:48,49,2,8340.0,15,0,大商所,2025
20251126,XDCE,PG,PG2606,N,20251125,21:01,2,1,4090.0,15,0,大商所,2025
20251126,XDCE,PG,PG2607,N,20251125,21:29,30,2,4022.5,15,0,大商所,2025
20251126,XDCE,PG,PG2609,N,20251125,21:01,2,1,3895.0,15,0,大商所,2025
20251212,XGFE,LC,LC2512,D,20251212,09:49,50,7,99060.0,15,0,广期所,2025
20251212,XGFE,SI,SI2512,D,20251212,09:04,5,165,8340.0,15,0,广期所,2025
20251212,XDCE,B,B2512,D,20251212,15:00,225,5,3722.0,15,0,大商所,2025
20251212,XDCE,B,B2608,N,20251211,21:02,3,1,3561.0,15,0,大商所,2025
20251212,XDCE,EG,EG2512,D,20251212,15:00,225,16,3716.0,15,0,大商所,2025
20251212,XDCE,I,I2606,N,20251211,21:01,2,3,754.0,15,0,大商所,2025
20251212,XDCE,L,L2610,N,20251211,21:04,5,1,6667.0,15,0,大商所,2025
20251212,XDCE,M,M2512,D,20251212,15:00,225,5,3030.0,15,0,大商所,2025
20251212,XDCE,PG,PG2610,N,20251211,21:42,43,1,4256.0,15,0,大商所,2025
20251212,XDCE,PP,PP2512,D,20251212,10:33,78,85,6140.0,15,0,大商所,2025
20251230,XDCE,JM,JM2608,N,20251229,21:01,2,1,1150.5,15,0,大商所,2025
20251230,XDCE,P,P2606,N,20251229,22:03,64,3,8518.0,15,0,大商所,2025
20251230,XDCE,PG,PG2612,N,20251229,21:52,53,1,4051.0,15,0,大商所,2025
20251230,XDCE,PP,PP2606,N,20251229,21:01,2,1,6263.0,15,0,大商所,2025
20251230,XDCE,RR,RR2603,N,20251229,21:15,16,1,3553.0,15,0,大商所,2025
20260119,XDCE,BZ,BZ2609,D,20260119,09:00,1,2,5946.0,15,0,大商所,2026
20260119,XDCE,EB,EB2610,N,20260116,21:46,47,2,7206.0,15,0,大商所,2026
20260119,XDCE,PG,PG2608,N,20260116,21:01,2,2,4052.5,15,0,大商所,2026
20260119,XDCE,PP,PP2610,N,20260116,21:12,13,5,6503.0,15,0,大商所,2026
20260119,XDCE,V,V2612,N,20260116,21:02,3,2,5010.0,15,0,大商所,2026
20260204,XDCE,EB,EB2607,N,20260203,21:02,3,1,7501.0,15,0,大商所,2026
20260204,XDCE,J,J2610,N,20260203,22:26,87,1,1809.5,15,0,大商所,2026
20260204,XDCE,J,J2611,N,20260203,22:26,87,1,1840.0,15,0,大商所,2026
20260204,XDCE,PG,PG2611,N,20260203,22:42,103,1,4348.0,15,0,大商所,2026
20260204,XDCE,PP,PP2606,N,20260203,21:01,2,10,6744.3,15,0,大商所,2026
20260204,XDCE,PP,PP2611,N,20260203,22:20,81,1,6708.0,15,0,大商所,2026
20260303,XGFE,PS,PS2604,D,20260303,09:09,10,10,44935.0,15,0,广期所,2026
20260303,XDCE,EG,EG2610,N,20260302,21:01,2,2,4059.5,15,0,大商所,2026
20260303,XDCE,EG,EG2612,N,20260302,21:02,3,2,4132.0,15,0,大商所,2026
20260303,XDCE,PG,PG2610,N,20260302,21:02,3,2,4845.0,15,0,大商所,2026
20260303,XDCE,PG,PG2702,N,20260302,21:37,38,6,4456.0,15,0,大商所,2026
20260320,XDCE,BZ,BZ2610,D,20260320,09:00,1,2,7830.0,15,0,大商所,2026
20260320,XDCE,P,P2608,N,20260319,21:01,2,6,9722.0,15,0,大商所,2026
20260320,XDCE,PG,PG2612,N,20260319,21:01,2,2,5688.5,15,0,大商所,2026
20260320,XDCE,PG,PG2702,N,20260319,21:01,2,4,5511.25,15,0,大商所,2026
20260320,XDCE,PP,PP2611,N,20260319,21:13,14,1,8304.0,15,0,大商所,2026
20260320,XDCE,V,V2612,N,20260319,21:01,2,1,5847.0,15,0,大商所,2026
20260415,XDCE,B,B2604,D,20260415,15:00,225,1,3671.0,15,0,大商所,2026
20260415,XDCE,BZ,BZ2612,D,20260415,09:00,1,2,7457.0,15,0,大商所,2026
20260415,XDCE,BZ,BZ2701,D,20260415,09:00,1,4,7504.0,15,0,大商所,2026
20260415,XDCE,BZ,BZ2702,D,20260415,09:00,1,2,7388.5,15,0,大商所,2026
20260415,XDCE,BZ,BZ2703,D,20260415,09:00,1,4,7174.0,15,0,大商所,2026
20260415,XDCE,EG,EG2702,N,20260414,21:02,3,4,4544.75,15,0,大商所,2026
20260415,XDCE,JM,JM2702,N,20260414,21:01,2,1,1438.5,15,0,大商所,2026
20260415,XDCE,L,L2611,N,20260414,21:02,3,2,7871.5,15,0,大商所,2026
20260415,XDCE,L,L2612,N,20260414,21:02,3,2,7787.0,15,0,大商所,2026
20260415,XDCE,L,L2702,N,20260414,21:02,3,1,7626.0,15,0,大商所,2026
20260415,XDCE,L,L2703,N,20260414,21:02,3,1,7591.0,15,0,大商所,2026
20260415,XDCE,P,P2611,N,20260414,21:21,22,1,9379.0,15,0,大商所,2026
20260415,XDCE,P,P2612,N,20260414,21:14,15,2,9327.5,15,0,大商所,2026
20260415,XDCE,PG,PG2701,N,20260414,21:47,48,2,5103.0,15,0,大商所,2026
20260415,XDCE,PG,PG2703,D,20260415,10:06,66,1,4877.0,15,0,大商所,2026
20260507,XDCE,A,A2605,N,20260506,21:03,4,50,4850.0,15,0,大商所,2026
20260507,XDCE,BZ,BZ2701,D,20260507,10:06,67,1,7412.0,15,0,大商所,2026
20260507,XDCE,BZ,BZ2702,D,20260507,10:06,67,1,7387.0,15,0,大商所,2026
20260507,XDCE,EG,EG2612,N,20260506,21:01,2,2,4998.0,15,0,大商所,2026
20260507,XDCE,EG,EG2702,N,20260506,21:01,2,1,4877.0,15,0,大商所,2026
20260507,XDCE,L,L2611,N,20260506,21:29,30,5,8334.0,15,0,大商所,2026
20260507,XDCE,PG,PG2612,N,20260506,21:16,17,2,5754.0,15,0,大商所,2026
20260507,XDCE,PG,PG2702,D,20260507,09:23,23,2,5401.0,15,0,大商所,2026
20260507,XDCE,V,V2704,N,20260506,21:03,4,1,5505.0,15,0,大商所,2026
20260601,XGFE,PT,PT2610,D,20260601,09:01,2,1,478.9,15,0,广期所,2026
20260601,XGFE,PT,PT2612,D,20260601,09:09,10,2,480.6,15,0,广期所,2026
20260601,XDCE,EB,EB2611,N,20260529,21:02,3,10,8145.0,15,0,大商所,2026
20260601,XDCE,EG,EG2702,N,20260529,21:02,3,1,4339.0,15,0,大商所,2026
20260601,XDCE,EG,EG2705,N,20260529,21:01,2,1,4328.0,15,0,大商所,2026
20260601,XDCE,JM,JM2704,N,20260529,21:01,2,2,1562.75,15,0,大商所,2026
20260601,XDCE,L,L2705,N,20260529,21:01,2,1,7558.0,15,0,大商所,2026
20260624,XGFE,PD,PD2702,D,20260624,10:33,79,1,304.85,15,0,广期所,2026
20260624,XDCE,P,P2610,N,20260623,21:01,2,8,9384.0,15,0,大商所,2026
20260624,XDCE,P,P2611,N,20260623,21:01,2,2,9457.0,15,0,大商所,2026
20260624,XDCE,P,P2612,N,20260623,21:01,2,1,9524.0,15,0,大商所,2026
20260624,XDCE,PG,PG2704,D,20260624,09:41,41,1,4703.0,15,0,大商所,2026
20260624,XDCE,PP,PP2702,N,20260623,21:01,2,1,7022.0,15,0,大商所,2026
20260713,XDCE,B,B2704,N,20260710,21:16,17,1,3664.0,15,0,大商所,2026
20260713,XDCE,BZ,BZ2705,D,20260713,09:50,51,1,6301.0,15,0,大商所,2026
20260713,XDCE,BZ,BZ2706,D,20260713,09:50,51,1,6485.0,15,0,大商所,2026
20260713,XDCE,CS,CS2703,N,20260710,21:03,4,1,2633.0,15,0,大商所,2026
20260713,XDCE,EB,EB2703,N,20260710,21:05,6,1,7482.0,15,0,大商所,2026
20260713,XDCE,EG,EG2702,N,20260710,21:05,6,1,4094.0,15,0,大商所,2026
20260713,XDCE,EG,EG2703,N,20260710,21:05,6,1,4092.0,15,0,大商所,2026
20260713,XDCE,J,J2612,N,20260710,22:17,78,2,1979.0,15,0,大商所,2026
20260713,XDCE,J,J2705,N,20260710,21:01,2,1,2014.5,15,0,大商所,2026
20260713,XDCE,L,L2702,N,20260710,21:05,6,1,6957.0,15,0,大商所,2026
20260713,XDCE,PP,PP2702,N,20260710,21:05,6,1,7132.0,15,0,大商所,2026
20260713,XDCE,PP,PP2703,N,20260710,21:05,6,1,7100.0,15,0,大商所,2026
20260731,XDCE,B,B2702,N,20260730,21:01,2,4,3827.0,15,0,大商所,2026
20260731,XDCE,B,B2703,N,20260730,21:01,2,4,3774.5,15,0,大商所,2026
20260731,XDCE,EB,EB2704,N,20260730,21:01,2,2,7922.0,15,0,大商所,2026
20260731,XDCE,EB,EB2705,N,20260730,21:01,2,2,7868.0,15,0,大商所,2026
20260731,XDCE,EB,EB2706,N,20260730,21:01,2,2,7846.5,15,0,大商所,2026
20260731,XDCE,EG,EG2702,N,20260730,21:01,2,2,4572.0,15,0,大商所,2026
20260731,XDCE,EG,EG2703,N,20260730,21:01,2,2,4542.5,15,0,大商所,2026
20260731,XDCE,EG,EG2704,N,20260730,21:01,2,1,4522.0,15,0,大商所,2026
20260731,XDCE,J,J2608,N,20260730,21:06,7,2,1782.0,15,0,大商所,2026
20260731,XDCE,J,J2610,N,20260730,21:01,2,3,1856.0,15,0,大商所,2026
20260731,XDCE,J,J2611,N,20260730,21:01,2,3,1870.0,15,0,大商所,2026
20260731,XDCE,L,L2706,N,20260730,21:20,21,2,7212.0,15,0,大商所,2026
20260731,XDCE,L,L2707,N,20260730,21:20,21,2,7183.5,15,0,大商所,2026
20260731,XDCE,PG,PG2704,N,20260730,22:23,84,1,5182.0,15,0,大商所,2026
20160714,XDCE,M,M1607,D,20160714,15:00,225,1,3192.0,15,0,大商所,2016
20160902,XDCE,M,M1609,N,20160901,21:45,46,100,3098.0,15,0,大商所,2016
20160922,XDCE,I,I1709,N,20160921,21:01,2,33,361.864,5,0,大商所,2016
20160922,XDCE,PP,PP1709,D,20160922,09:01,2,37,6672.14,5,0,大商所,2016
20161102,XDCE,J,J1709,N,20161101,21:01,2,1,1519.0,15,0,大商所,2016
20161102,XDCE,JM,JM1709,N,20161101,21:01,2,6,1097.5,15,0,大商所,2016
20170623,XDCE,JM,JM1805,N,20170622,21:25,26,1,991.0,15,0,大商所,2017
20170623,XDCE,PP,PP1805,D,20170623,09:03,4,3,7660.33,5,0,大商所,2017
20170915,XDCE,Y,Y1809,N,20170914,21:33,34,3,6562.0,15,0,大商所,2017
20171026,XDCE,PP,PP1809,D,20171026,09:04,5,3,9093.0,15,0,大商所,2017
20171113,XDCE,J,J1809,N,20171110,21:02,3,1,1892.0,15,0,大商所,2017
20171113,XDCE,JM,JM1809,N,20171110,21:02,3,1,1224.5,15,0,大商所,2017
20180103,XDCE,A,A1809,N,20180102,21:01,2,23,3707.65,5,0,大商所,2018
20180103,XDCE,V,V1801,D,20180103,10:02,63,5,6625.0,15,0,大商所,2018
20180119,XDCE,JM,JM1901,N,20180118,21:13,14,2,1242.0,15,0,大商所,2018
20180301,XDCE,B,B1901,N,20180228,21:07,8,1,3349.0,15,0,大商所,2018
20180301,XDCE,JM,JM1901,N,20180228,21:59,60,1,1298.0,15,0,大商所,2018
20180319,XDCE,L,L1901,D,20180319,09:01,2,8,9260.0,5,0,大商所,2018
20180404,XDCE,PP,PP1901,D,20180404,09:01,2,1,8835.0,15,0,大商所,2018
20180514,XDCE,J,J1805,D,20180514,09:03,3,2,1932.25,5,0,大商所,2018
20180530,XDCE,P,P1905,N,20180529,21:01,2,1,5252.0,15,0,大商所,2018
20180615,XDCE,B,B1901,N,20180614,21:01,2,197,3419.1,5,0,大商所,2018
20180615,XDCE,B,B1905,N,20180614,22:00,61,1,3367.0,15,0,大商所,2018
20180704,XDCE,PP,PP1905,D,20180704,09:25,26,1,9120.0,15,0,大商所,2018
20180720,XDCE,JM,JM1905,N,20180719,21:01,2,3,1121.0,15,0,大商所,2018
20180910,XDCE,B,B1811,D,20180910,09:54,54,212,3656.0,15,0,大商所,2018
20180910,XDCE,B,B1903,D,20180910,09:43,43,214,3360.0,15,0,大商所,2018
20180910,XDCE,M,M1907,N,20180907,21:01,2,1,2753.0,15,0,大商所,2018
20180927,XDCE,J,J1909,N,20180926,22:02,63,1,2142.5,15,0,大商所,2018
20180927,XDCE,P,P1909,N,20180926,21:06,7,2,4926.0,15,0,大商所,2018
20180927,XDCE,PP,PP1909,D,20180927,09:01,2,1,9399.0,15,0,大商所,2018
20181022,XDCE,B,B1903,N,20181019,21:56,57,212,3646.0,15,0,大商所,2018
20181022,XDCE,B,B1907,N,20181019,21:52,53,1566,3401.0,15,0,大商所,2018
20181107,XDCE,B,B1903,N,20181106,22:21,82,475,3359.0,15,0,大商所,2018
20181107,XDCE,B,B1907,D,20181107,09:09,9,1322,3279.0,15,0,大商所,2018
20181123,XDCE,B,B1903,N,20181122,21:08,9,832,3290.0,15,0,大商所,2018
20181123,XDCE,B,B1907,N,20181122,22:49,110,320,3262.0,15,0,大商所,2018
20181123,XDCE,B,B1911,N,20181122,22:54,115,1110,3383.0,15,0,大商所,2018
20181123,XDCE,I,I1907,N,20181122,21:01,2,1,477.5,15,0,大商所,2018
20181123,XDCE,M,M1907,N,20181122,21:03,4,1,2786.0,15,0,大商所,2018
20181211,XDCE,B,B1911,N,20181210,22:02,63,1356,3170.0,15,0,大商所,2018
20181211,XDCE,M,M1907,N,20181210,21:01,2,4,2688.25,15,0,大商所,2018
20181227,XDCE,I,I1907,N,20181226,21:01,2,1,481.0,15,0,大商所,2018
20181227,XDCE,I,I1911,N,20181226,21:02,3,2,463.5,5,0,大商所,2018
20190116,XDCE,B,B1907,N,20190115,22:12,73,1129,2979.0,15,0,大商所,2019
20190116,XDCE,M,M1911,N,20190115,21:01,2,17,2626.0,15,0,大商所,2019
20190116,XDCE,Y,Y2001,N,20190115,21:01,2,50,5702.0,15,0,大商所,2019
20190201,XDCE,J,J2001,N,20190131,21:01,2,1,1939.5,15,0,大商所,2019
20190201,XDCE,JM,JM2001,N,20190131,22:56,117,1,1319.0,15,0,大商所,2019
20190201,XDCE,M,M1907,N,20190131,21:01,2,3,2600.0,15,0,大商所,2019
20190226,XDCE,B,B1907,N,20190225,21:07,8,550,3019.0,15,0,大商所,2019
20190314,XDCE,CS,CS1903,D,20190314,15:00,226,7,2284.0,15,0,大商所,2019
20190314,XDCE,EG,EG2001,D,20190314,11:01,107,3,5400.0,15,0,大商所,2019
20190314,XDCE,V,V2001,D,20190314,09:01,2,1,6435.0,15,0,大商所,2019
20190401,XDCE,JM,JM2001,N,20190329,21:04,5,3,1289.67,5,0,大商所,2019
20190401,XDCE,PP,PP2001,N,20190329,21:03,4,1,8127.0,15,0,大商所,2019
20190418,XDCE,B,B1911,N,20190417,22:10,71,29,3034.0,15,0,大商所,2019
20190418,XDCE,C,C1907,N,20190417,21:01,2,765,1886.68,5,0,大商所,2019
20190418,XDCE,M,M2003,N,20190417,21:04,5,1,2691.0,15,0,大商所,2019
20190509,XDCE,B,B1911,N,20190508,21:16,17,28,3004.0,15,0,大商所,2019
20190509,XDCE,I,I1911,N,20190508,21:01,2,4,615.5,5,0,大商所,2019
20190509,XDCE,M,M2003,N,20190508,21:02,3,2,2672.0,15,0,大商所,2019
20190527,XDCE,C,C1911,N,20190524,21:01,2,8,2011.25,5,0,大商所,2019
20190527,XDCE,CS,CS2005,N,20190524,21:19,20,2,2502.0,15,0,大商所,2019
20190527,XDCE,V,V2005,N,20190524,21:04,5,1,6555.0,15,0,大商所,2019
20190613,XDCE,B,B2003,D,20190613,09:46,46,1,3314.0,15,0,大商所,2019
20190613,XDCE,I,I2003,N,20190612,21:24,25,1,670.5,15,0,大商所,2019
20190613,XDCE,M,M1911,N,20190612,21:01,2,1,2913.0,15,0,大商所,2019
20190701,XDCE,J,J2005,N,20190628,21:03,4,1,1962.5,15,0,大商所,2019
20190701,XDCE,M,M1911,N,20190628,21:01,2,6,2934.0,15,0,大商所,2019
20190701,XDCE,P,P2005,N,20190628,21:01,2,6,4684.67,5,0,大商所,2019
20190701,XDCE,Y,Y2005,N,20190628,21:02,3,1,5666.0,15,0,大商所,2019
20190717,XDCE,EG,EG2005,N,20190716,21:02,3,5,4420.2,15,0,大商所,2019
20190820,XDCE,B,B2005,N,20190819,21:06,7,1,3137.0,15,0,大商所,2019
20190820,XDCE,I,I2003,N,20190819,21:21,22,1,583.0,15,0,大商所,2019
20190905,XDCE,J,J1909,N,20190904,21:02,3,60,1860.0,15,0,大商所,2019
20190905,XDCE,M,M2007,N,20190904,21:01,2,4,2788.0,15,0,大商所,2019
20190924,XDCE,C,C2003,N,20190923,21:01,2,8,1878.38,5,0,大商所,2019
20190924,XDCE,CS,CS2005,N,20190923,21:01,2,7,2306.43,5,0,大商所,2019
20190924,XDCE,M,M2007,N,20190923,21:16,17,1,2772.0,15,0,大商所,2019
20190924,XDCE,V,V2009,N,20190923,21:01,2,3,6318.33,15,0,大商所,2019
20191017,XDCE,A,A2009,N,20191016,21:01,2,4,3766.5,5,0,大商所,2019
20191017,XDCE,C,C2007,N,20191016,21:01,2,1,1946.0,15,0,大商所,2019
20191017,XDCE,RR,RR2009,D,20191017,11:02,107,40,3575.0,15,0,大商所,2019
20191104,XDCE,B,B2005,N,20191101,21:21,22,1,3262.0,15,0,大商所,2019
20191104,XDCE,M,M2007,N,20191101,21:01,2,7,2888.43,5,0,大商所,2019
20191120,XDCE,B,B2009,N,20191119,21:50,51,1,3258.0,15,0,大商所,2019
20191120,XDCE,C,C2007,N,20191119,21:14,15,10,1963.0,15,0,大商所,2019
20200110,XDCE,V,V2009,N,20200109,21:01,2,43,6472.91,5,0,大商所,2020
20200205,XDCE,JM,JM2101,D,20200205,09:03,4,1,1133.0,15,0,大商所,2020
20200221,XDCE,C,C2011,D,20200221,09:01,2,1,1972.0,15,0,大商所,2020
20200221,XDCE,C,C2101,D,20200221,09:01,2,20,1985.75,5,0,大商所,2020
20200221,XDCE,EG,EG2101,D,20200221,09:07,8,1,4621.0,15,0,大商所,2020
20200326,XDCE,B,B2007,D,20200326,09:01,2,7,3200.86,5,0,大商所,2020
20200326,XDCE,B,B2101,D,20200326,09:27,28,1,3270.0,15,0,大商所,2020
20200326,XDCE,I,I2011,D,20200326,09:05,6,1,582.0,15,0,大商所,2020
20200326,XDCE,J,J2101,D,20200326,09:01,2,1,1728.0,15,0,大商所,2020
20200326,XDCE,JD,JD2003,D,20200326,15:00,226,5,2794.0,15,0,大商所,2020
20200414,XDCE,I,I2007,D,20200414,09:01,2,34,634.926,5,0,大商所,2020
20200608,XDCE,C,C2103,N,20200605,21:03,4,2,2136.0,15,0,大商所,2020
20200608,XDCE,CS,CS2105,N,20200605,21:01,2,1,2475.0,15,0,大商所,2020
20200608,XDCE,J,J2105,N,20200605,21:04,5,1,1791.5,15,0,大商所,2020
20200608,XDCE,JM,JM2105,N,20200605,21:47,48,1,1082.0,15,0,大商所,2020
20200608,XDCE,RR,RR2105,N,20200605,21:17,18,1,3494.0,15,0,大商所,2020
20200608,XDCE,V,V2105,N,20200605,21:01,2,4,6110.0,15,0,大商所,2020
20200624,XDCE,B,B2009,N,20200623,21:01,2,37,3140.22,5,0,大商所,2020
20200714,XDCE,PG,PG2012,N,20200713,21:01,2,17,3854.76,5,0,大商所,2020
20200714,XDCE,V,V2105,N,20200713,21:01,2,5,6380.0,15,0,大商所,2020
20200817,XDCE,EG,EG2105,N,20200814,21:03,4,3,4068.0,15,0,大商所,2020
20200817,XDCE,J,J2010,N,20200814,21:01,2,6,1987.75,5,0,大商所,2020
20200817,XDCE,J,J2011,N,20200814,21:01,2,1,1979.5,15,0,大商所,2020
20200817,XDCE,JM,JM2010,N,20200814,21:01,2,1,1205.0,15,0,大商所,2020
20200817,XDCE,JM,JM2011,N,20200814,21:01,2,1,1212.0,15,0,大商所,2020
20200817,XDCE,JM,JM2105,N,20200814,21:25,26,1,1168.5,15,0,大商所,2020
20200817,XDCE,M,M2107,N,20200814,22:07,68,2,2747.0,15,0,大商所,2020
20200817,XDCE,PP,PP2010,N,20200814,21:01,2,22,7604.59,5,0,大商所,2020
20200817,XDCE,PP,PP2011,N,20200814,21:01,2,4,7546.0,5,0,大商所,2020
20200817,XDCE,PP,PP2012,N,20200814,21:01,2,7,7515.14,5,0,大商所,2020
20200817,XDCE,V,V2010,N,20200814,21:01,2,1,6545.0,15,0,大商所,2020
20200902,XDCE,B,B2009,N,20200901,21:33,34,1,3434.0,15,0,大商所,2020
20200902,XDCE,EB,EB2011,N,20200901,21:01,2,45,5596.4,5,0,大商所,2020
20200902,XDCE,EB,EB2012,N,20200901,21:01,2,25,5675.12,5,0,大商所,2020
20200902,XDCE,EG,EG2011,N,20200901,21:01,2,6,4011.0,15,0,大商所,2020
20200902,XDCE,EG,EG2102,N,20200901,21:02,3,4,4123.0,15,0,大商所,2020
20200902,XDCE,I,I2104,N,20200901,21:01,2,1,797.0,15,0,大商所,2020
20200902,XDCE,J,J2103,N,20200901,21:12,13,1,1961.5,15,0,大商所,2020
20200902,XDCE,M,M2107,N,20200901,21:01,2,11,2815.0,15,0,大商所,2020
20200902,XDCE,PP,PP2010,N,20200901,21:01,2,102,8001.22,5,0,大商所,2020
20200902,XDCE,PP,PP2011,N,20200901,21:01,2,4,7960.0,15,0,大商所,2020
20200902,XDCE,PP,PP2102,N,20200901,21:01,2,11,7899.45,5,0,大商所,2020
20200902,XDCE,PP,PP2103,N,20200901,21:01,2,6,7862.0,15,0,大商所,2020
20200902,XDCE,V,V2011,N,20200901,21:01,2,7,6720.71,5,0,大商所,2020
20200902,XDCE,V,V2103,N,20200901,21:11,12,2,6630.0,15,0,大商所,2020
20200902,XDCE,V,V2104,D,20200902,10:03,63,1,6645.0,15,0,大商所,2020
20200902,XDCE,Y,Y2011,N,20200901,21:01,2,20,6680.6,5,0,大商所,2020
20200902,XDCE,Y,Y2012,N,20200901,21:01,2,4,6689.0,5,0,大商所,2020
20200918,XDCE,EB,EB2011,N,20200917,21:01,2,4,5529.0,15,0,大商所,2020
20200918,XDCE,EB,EB2012,N,20200917,21:01,2,4,5628.0,15,0,大商所,2020
20200918,XDCE,EG,EG2104,N,20200917,21:01,2,1,4001.0,15,0,大商所,2020
20200918,XDCE,I,I2104,N,20200917,21:01,2,8,745.938,5,0,大商所,2020
20200918,XDCE,I,I2107,N,20200917,21:30,31,1,707.0,15,0,大商所,2020
20200918,XDCE,JM,JM2012,N,20200917,21:51,52,261,1266.5,15,0,大商所,2020
20200918,XDCE,L,L2102,N,20200917,21:01,2,51,7293.82,5,0,大商所,2020
20200918,XDCE,PP,PP2104,D,20200918,09:10,10,2,7611.0,15,0,大商所,2020
20200918,XDCE,PP,PP2105,N,20200917,21:01,2,33,7544.12,5,0,大商所,2020
20200918,XDCE,V,V2103,N,20200917,21:17,18,10,6560.0,15,0,大商所,2020
20201014,XDCE,EB,EB2103,N,20201013,21:01,2,1,6038.0,15,0,大商所,2020
20201014,XDCE,EG,EG2104,N,20201013,21:37,38,2,3969.0,15,0,大商所,2020
20201014,XDCE,I,I2104,N,20201013,21:01,2,6,762.917,5,0,大商所,2020
20201014,XDCE,J,J2104,N,20201013,21:01,2,4,1972.0,15,0,大商所,2020
20201014,XDCE,JM,JM2103,N,20201013,21:01,2,21,1311.21,5,0,大商所,2020
20201014,XDCE,JM,JM2104,N,20201013,21:05,6,1,1286.5,15,0,大商所,2020
20201014,XDCE,JM,JM2105,N,20201013,21:05,6,1,1259.5,15,0,大商所,2020
20201014,XDCE,L,L2104,D,20201014,10:32,77,1,7390.0,15,0,大商所,2020
20201014,XDCE,M,M2108,N,20201013,21:01,2,7,2993.0,5,0,大商所,2020
20201014,XDCE,P,P2103,N,20201013,21:01,2,151,6162.33,5,0,大商所,2020
20201030,XDCE,B,B2107,D,20201030,14:27,192,10,3605.0,15,0,大商所,2020
20201030,XDCE,I,I2107,N,20201029,22:26,87,1,704.5,15,0,大商所,2020
20201030,XDCE,PP,PP2103,N,20201029,21:01,2,4,7644.5,5,0,大商所,2020
20201030,XDCE,Y,Y2108,N,20201029,21:01,2,10,6708.6,5,0,大商所,2020
20201117,XDCE,I,I2104,N,20201116,21:01,2,145,786.855,5,0,大商所,2020
20201117,XDCE,I,I2107,N,20201116,22:52,113,1,745.0,15,0,大商所,2020
20201117,XDCE,J,J2103,N,20201116,21:01,2,2,2294.5,15,0,大商所,2020
20201117,XDCE,JM,JM2103,N,20201116,21:01,2,13,1321.58,5,0,大商所,2020
20201117,XDCE,M,M2103,N,20201116,21:01,2,132,3148.93,5,0,大商所,2020
20201117,XDCE,P,P2104,N,20201116,21:01,2,1,6480.0,15,0,大商所,2020
20201117,XDCE,PG,PG2103,N,20201116,21:01,2,16,3419.56,5,0,大商所,2020
20201117,XDCE,PG,PG2104,N,20201116,21:01,2,1,3407.0,15,0,大商所,2020
20201117,XDCE,V,V2103,N,20201116,21:01,2,1,6980.0,15,0,大商所,2020
20201117,XDCE,Y,Y2108,N,20201116,21:01,2,3,7066.0,15,0,大商所,2020
20201203,XDCE,EB,EB2103,N,20201202,21:01,2,111,6574.6,5,0,大商所,2020
20201203,XDCE,EB,EB2104,N,20201202,21:01,2,111,6602.35,5,0,大商所,2020
20201203,XDCE,I,I2107,N,20201202,21:04,5,1,839.5,15,0,大商所,2020
20201203,XDCE,M,M2108,N,20201202,21:01,2,106,3125.65,5,0,大商所,2020
20201203,XDCE,PP,PP2103,N,20201202,21:01,2,23,8268.61,5,0,大商所,2020
20201203,XDCE,V,V2103,N,20201202,21:01,2,13,7221.54,5,0,大商所,2020
20201203,XDCE,Y,Y2108,N,20201202,21:01,2,8,6899.0,5,0,大商所,2020
20201221,XDCE,I,I2107,N,20201218,21:04,5,1,1044.0,15,0,大商所,2020
20201221,XDCE,L,L2102,N,20201218,21:01,2,44,7885.68,5,0,大商所,2020
20201221,XDCE,L,L2104,N,20201218,21:01,2,17,7945.59,15,0,大商所,2020
20201221,XDCE,PP,PP2104,N,20201218,21:01,2,20,8397.75,5,0,大商所,2020
20201221,XDCE,V,V2103,N,20201218,21:01,2,15,7545.0,15,0,大商所,2020
20210107,XDCE,I,I2107,N,20210106,21:06,7,1,1000.0,15,0,大商所,2021
20210107,XDCE,M,M2108,N,20210106,21:01,2,15,3581.27,5,0,大商所,2021
20210125,XDCE,V,V2103,N,20210122,21:01,2,10,7416.5,5,0,大商所,2021
20210125,XDCE,Y,Y2108,N,20210122,21:01,2,7,7153.71,5,0,大商所,2021
20210210,XDCE,EB,EB2106,N,20210209,21:01,2,1,7562.0,15,0,大商所,2021
20210210,XDCE,EB,EB2109,N,20210209,21:15,16,1,7492.0,15,0,大商所,2021
20210210,XDCE,EG,EG2107,N,20210209,21:01,2,14,4573.86,15,0,大商所,2021
20210210,XDCE,JD,JD2108,D,20210210,09:01,2,37,5123.76,5,0,大商所,2021
20210210,XDCE,JM,JM2107,N,20210209,21:04,5,4,1495.0,15,0,大商所,2021
20210210,XDCE,L,L2107,N,20210209,21:01,2,7,7917.14,15,0,大商所,2021
20210210,XDCE,RR,RR2104,N,20210209,21:01,2,37,3645.95,5,0,大商所,2021
20210210,XDCE,V,V2102,D,20210210,13:39,144,5,7660.0,15,0,大商所,2021
20210210,XDCE,V,V2107,N,20210209,21:04,5,46,7620.0,15,0,大商所,2021
20210210,XDCE,Y,Y2108,N,20210209,21:01,2,2,7464.0,15,0,大商所,2021
20210305,XDCE,JM,JM2108,N,20210304,21:01,2,1,1467.5,15,0,大商所,2021
20210305,XDCE,L,L2103,D,20210305,09:06,6,19,8885.0,15,0,大商所,2021
20210305,XDCE,L,L2111,N,20210304,21:01,2,10,8646.0,15,0,大商所,2021
20210305,XDCE,P,P2107,N,20210304,21:38,39,1,7124.0,15,0,大商所,2021
20210305,XDCE,V,V2106,N,20210304,21:01,2,37,8305.68,5,0,大商所,2021
20210323,XDCE,JM,JM2107,N,20210322,21:01,2,7,1521.86,15,0,大商所,2021
20210323,XDCE,JM,JM2108,N,20210322,21:09,10,5,1519.5,15,0,大商所,2021
20210323,XDCE,Y,Y2112,N,20210322,21:01,2,6,8018.0,15,0,大商所,2021
20210409,XDCE,I,I2107,N,20210408,21:01,2,1,1053.0,15,0,大商所,2021
20210409,XDCE,P,P2107,N,20210408,22:51,112,1,7322.0,15,0,大商所,2021
20210409,XDCE,Y,Y2107,N,20210408,21:01,2,29,8335.38,5,0,大商所,2021
20210427,XDCE,CS,CS2111,N,20210426,21:01,2,56,3245.86,5,0,大商所,2021
20210427,XDCE,EG,EG2112,N,20210426,21:01,2,13,4624.69,15,0,大商所,2021
20210427,XDCE,PP,PP2112,N,20210426,21:01,2,10,8332.0,15,0,大商所,2021
20210518,XDCE,A,A2105,D,20210518,14:43,208,8,6133.0,15,0,大商所,2021
20210518,XDCE,B,B2201,D,20210518,14:28,193,1,4400.0,15,0,大商所,2021
20210518,XDCE,EG,EG2105,D,20210518,14:27,192,7,4934.0,15,0,大商所,2021
20210518,XDCE,EG,EG2112,N,20210517,21:01,2,8,4970.0,15,0,大商所,2021
20210518,XDCE,EG,EG2201,N,20210517,21:01,2,6,4998.0,15,0,大商所,2021
20210518,XDCE,L,L2107,D,20210518,15:00,225,6,8200.0,15,0,大商所,2021
20210518,XDCE,PP,PP2112,N,20210517,21:01,2,7,8670.0,15,0,大商所,2021
20210518,XDCE,V,V2110,N,20210517,21:01,2,142,9027.15,5,0,大商所,2021
20210603,XDCE,PG,PG2110,N,20210602,21:01,2,2,4402.0,5,0,大商所,2021
20210603,XDCE,V,V2106,D,20210603,09:14,14,17,9275.0,15,0,大商所,2021
20210622,XDCE,B,B2110,N,20210621,21:01,2,3,4025.0,15,0,大商所,2021
20210622,XDCE,EG,EG2112,N,20210621,21:01,2,2,4734.0,15,0,大商所,2021
20210622,XDCE,J,J2112,N,20210621,21:01,2,2,2517.5,5,0,大商所,2021
20210622,XDCE,PP,PP2112,N,20210621,21:01,2,2,8205.0,15,0,大商所,2021
20210708,XDCE,EG,EG2112,N,20210707,21:01,2,6,5070.33,5,0,大商所,2021
20210708,XDCE,I,I2110,N,20210707,21:01,2,5,1212.0,5,0,大商所,2021
20210708,XDCE,I,I2111,N,20210707,21:01,2,2,1173.75,15,0,大商所,2021
20210708,XDCE,J,J2112,N,20210707,21:01,2,11,2532.0,5,0,大商所,2021
20210708,XDCE,PG,PG2107,D,20210708,09:39,39,1,4885.0,15,0,大商所,2021
20210708,XDCE,V,V2112,N,20210707,21:06,7,119,8475.0,15,0,大商所,2021
20210708,XDCE,V,V2201,N,20210707,21:01,2,45,8406.22,5,0,大商所,2021
20210726,XDCE,EG,EG2112,N,20210723,21:01,2,17,5270.88,5,0,大商所,2021
20210726,XDCE,I,I2111,N,20210723,21:03,4,1,1077.5,15,0,大商所,2021
20210726,XDCE,J,J2112,N,20210723,21:01,2,5,2698.6,15,0,大商所,2021
20210726,XDCE,L,L2110,N,20210723,21:01,2,13,8317.69,5,0,大商所,2021
20210726,XDCE,PP,PP2205,N,20210723,21:15,16,2,8531.0,15,0,大商所,2021
20210726,XDCE,V,V2108,D,20210726,10:56,101,2,9332.5,15,0,大商所,2021
20210726,XDCE,V,V2112,N,20210723,21:02,3,4,9045.0,15,0,大商所,2021
20210827,XDCE,B,B2112,N,20210826,21:01,2,2,4427.0,15,0,大商所,2021
20210914,XDCE,EG,EG2109,D,20210914,09:49,49,30,5516.0,15,0,大商所,2021
20210914,XDCE,J,J2109,D,20210914,15:00,225,5,3865.5,15,0,大商所,2021
20210914,XDCE,L,L2109,D,20210914,15:00,225,1497,8275.0,15,0,大商所,2021
20211011,XDCE,EG,EG2203,N,20211008,21:01,2,5,6342.4,5,0,大商所,2021
20211011,XDCE,L,L2110,N,20211008,21:02,3,20,9709.75,15,0,大商所,2021
20211011,XDCE,PP,PP2203,N,20211008,21:01,2,34,9778.15,5,0,大商所,2021
20211011,XDCE,V,V2112,N,20211008,21:01,2,11,12657.7,5,0,大商所,2021
20211027,XDCE,EG,EG2205,N,20211026,21:01,2,6,5859.0,15,0,大商所,2021
20211027,XDCE,P,P2202,N,20211026,21:01,2,135,9490.78,5,0,大商所,2021
20211027,XDCE,P,P2203,N,20211026,21:01,2,41,9295.76,5,0,大商所,2021
20211112,XDCE,B,B2111,D,20211112,15:00,225,4,4375.0,15,0,大商所,2021
20211112,XDCE,EG,EG2203,N,20211111,21:01,2,23,5310.83,5,0,大商所,2021
20211112,XDCE,PP,PP2206,N,20211111,21:01,2,2,8558.0,15,0,大商所,2021
20211112,XDCE,V,V2111,D,20211112,15:00,225,878,9569.0,15,0,大商所,2021
20211112,XDCE,V,V2203,N,20211111,21:01,2,77,8890.78,5,0,大商所,2021
20211130,XDCE,EB,EB2205,N,20211129,21:05,6,5,7822.0,15,0,大商所,2021
20211130,XDCE,EG,EG2203,N,20211129,21:01,2,12,4944.83,15,0,大商所,2021
20211130,XDCE,L,L2203,N,20211129,21:01,2,44,8519.95,5,0,大商所,2021
20211130,XDCE,L,L2204,N,20211129,21:01,2,25,8503.44,5,0,大商所,2021
20211130,XDCE,V,V2203,N,20211129,21:01,2,28,8630.32,5,0,大商所,2021
20211130,XDCE,V,V2204,N,20211129,21:01,2,25,8629.6,5,0,大商所,2021
20211216,XDCE,CS,CS2209,N,20211215,21:05,6,1,3151.0,15,0,大商所,2021
20220214,XDCE,PG,PG2209,N,20220211,21:55,56,1,5015.0,15,0,大商所,2022
20220214,XDCE,PP,PP2301,N,20220211,21:02,3,1,8428.0,15,0,大商所,2022
20220302,XDCE,EB,EB2203,D,20220302,10:06,66,100,9449.0,15,0,大商所,2022
20220302,XDCE,PP,PP2301,N,20220301,21:04,5,31,8688.35,15,0,大商所,2022
20220302,XDCE,RR,RR2206,N,20220301,21:01,2,8,3524.0,15,0,大商所,2022
20220302,XDCE,V,V2203,N,20220301,21:27,28,20,8780.0,15,0,大商所,2022
20220318,XDCE,PP,PP2301,N,20220317,21:01,2,1,8749.0,15,0,大商所,2022
20220407,XDCE,L,L2204,D,20220407,11:05,110,5,9038.0,15,0,大商所,2022
20220516,XDCE,A,A2205,D,20220516,09:27,27,34,6266.59,15,0,大商所,2022
20220516,XDCE,C,C2205,D,20220516,09:21,21,5,2906.0,15,0,大商所,2022
20220601,XDCE,EB,EB2301,N,20220531,22:03,64,1,9950.0,15,0,大商所,2022
20220601,XDCE,I,I2206,N,20220531,22:31,92,25,948.5,15,0,大商所,2022
20220601,XDCE,PP,PP2206,D,20220601,13:54,159,2,8842.0,15,0,大商所,2022
20220620,XDCE,PP,PP2207,N,20220617,22:34,95,1,8513.0,15,0,大商所,2022
20220706,XDCE,P,P2207,D,20220706,09:01,1,50,9660.0,15,0,大商所,2022
20220722,XDCE,EB,EB2207,D,20220722,11:20,125,40,9800.0,15,0,大商所,2022
20220722,XDCE,L,L2208,N,20220721,21:14,15,1,7675.0,15,0,大商所,2022
20220722,XDCE,PP,PP2305,N,20220721,21:02,3,4,7632.0,15,0,大商所,2022
20220722,XDCE,RR,RR2210,N,20220721,21:01,2,1,3376.0,15,0,大商所,2022
20220722,XDCE,RR,RR2211,N,20220721,21:01,2,1,3401.0,15,0,大商所,2022
20220809,XDCE,L,L2212,N,20220808,21:01,2,34,7878.0,15,0,大商所,2022
20220913,XDCE,P,P2209,D,20220913,09:03,4,1,8072.0,15,0,大商所,2022
20221110,XDCE,EB,EB2211,D,20221110,11:18,123,80,8049.0,15,0,大商所,2022
20221110,XDCE,M,M2211,N,20221109,21:10,11,3,5050.0,15,0,大商所,2022
20221128,XDCE,B,B2305,N,20221125,21:01,2,1,4467.0,15,0,大商所,2022
20221214,XDCE,V,V2212,D,20221214,15:00,225,1,5971.0,15,0,大商所,2022
20230210,XDCE,PP,PP2302,N,20230209,21:02,3,34,7835.0,15,0,大商所,2023
20230210,XDCE,PP,PP2401,N,20230209,22:15,76,8,7908.0,15,0,大商所,2023
20230403,XDCE,EG,EG2304,D,20230403,14:46,211,1,4151.0,15,0,大商所,2023
20230403,XDCE,V,V2304,N,20230331,21:01,2,1,6246.0,15,0,大商所,2023
20230529,XDCE,EB,EB2311,N,20230526,21:01,2,1,7347.0,15,0,大商所,2023
20230705,XDCE,B,B2403,N,20230704,21:09,10,1,4123.0,15,0,大商所,2023
20230705,XDCE,B,B2404,N,20230704,21:09,10,1,4068.0,15,0,大商所,2023
20230705,XDCE,B,B2406,D,20230705,09:39,39,1,3980.0,15,0,大商所,2023
20230705,XDCE,EB,EB2307,N,20230704,21:21,22,26,7431.0,15,0,大商所,2023
20230705,XDCE,L,L2403,N,20230704,21:01,2,1,7770.0,15,0,大商所,2023
20230705,XDCE,L,L2404,N,20230704,21:01,2,1,7786.0,15,0,大商所,2023
20230705,XDCE,P,P2406,N,20230704,21:10,11,2,7502.0,15,0,大商所,2023
20230705,XDCE,PG,PG2311,N,20230704,21:01,2,4,4224.0,15,0,大商所,2023
20230705,XDCE,PG,PG2404,N,20230704,21:03,4,1,4243.0,15,0,大商所,2023
20230705,XDCE,PG,PG2405,N,20230704,21:03,4,1,4040.0,15,0,大商所,2023
20230705,XDCE,PP,PP2307,D,20230705,09:24,24,4,7106.0,15,0,大商所,2023
20230705,XDCE,PP,PP2405,N,20230704,21:01,2,1,7020.0,15,0,大商所,2023
20230721,XDCE,EB,EB2307,N,20230720,21:25,26,33,8195.0,15,0,大商所,2023
20230721,XDCE,EB,EB2403,N,20230720,21:01,2,1,7593.0,15,0,大商所,2023
20230721,XDCE,EB,EB2404,N,20230720,21:01,2,1,7607.0,15,0,大商所,2023
20230721,XDCE,JM,JM2312,N,20230720,21:01,2,1,1488.0,15,0,大商所,2023
20230721,XDCE,PG,PG2311,N,20230720,21:01,2,2,4525.0,15,0,大商所,2023
20230721,XDCE,PG,PG2406,N,20230720,21:33,34,1,4192.0,15,0,大商所,2023
20230808,XDCE,EG,EG2406,N,20230807,22:16,77,1,4245.0,15,0,大商所,2023
20230808,XDCE,J,J2405,N,20230807,21:01,2,3,2091.67,15,0,大商所,2023
20230808,XDCE,JM,JM2404,D,20230808,09:36,36,1,1349.5,15,0,大商所,2023
20230808,XDCE,PG,PG2308,D,20230808,14:18,183,3,4053.0,15,0,大商所,2023
20230808,XDCE,V,V2308,N,20230807,21:09,10,214,6108.0,15,0,大商所,2023
20230824,XDCE,A,A2405,N,20230823,21:01,2,2,5061.0,15,0,大商所,2023
20230824,XDCE,JD,JD2407,D,20230824,09:25,26,1,4168.0,15,0,大商所,2023
20230824,XDCE,JM,JM2402,N,20230823,21:01,2,3,1501.17,15,0,大商所,2023
20230911,XDCE,EB,EB2309,D,20230911,09:04,4,43,9367.0,15,0,大商所,2023
20230911,XDCE,EB,EB2403,N,20230908,21:03,4,1,8478.0,15,0,大商所,2023
20230911,XDCE,EB,EB2404,N,20230908,21:03,4,1,8411.0,15,0,大商所,2023
20230911,XDCE,EB,EB2405,N,20230908,21:10,11,6,8342.0,15,0,大商所,2023
20230911,XDCE,PG,PG2404,N,20230908,21:01,2,1,5218.0,15,0,大商所,2023
20230911,XDCE,RR,RR2401,N,20230908,21:01,2,2,3636.0,15,0,大商所,2023
20230911,XDCE,RR,RR2402,N,20230908,21:01,2,2,3661.0,15,0,大商所,2023
20230911,XDCE,RR,RR2404,N,20230908,21:03,4,1,3669.0,15,0,大商所,2023
20230911,XDCE,RR,RR2405,N,20230908,21:03,4,1,3677.0,15,0,大商所,2023
20230911,XDCE,RR,RR2406,N,20230908,21:01,2,1,3693.0,15,0,大商所,2023
20230911,XDCE,RR,RR2407,N,20230908,21:01,2,1,3701.0,15,0,大商所,2023
20230927,XDCE,B,B2403,N,20230926,21:40,41,1,4280.0,15,0,大商所,2023
20230927,XDCE,B,B2404,N,20230926,21:01,2,2,4150.0,15,0,大商所,2023
20230927,XDCE,B,B2405,N,20230926,21:01,2,2,4062.5,15,0,大商所,2023
20230927,XDCE,CS,CS2407,N,20230926,21:02,3,1,2862.0,15,0,大商所,2023
20230927,XDCE,EB,EB2406,N,20230926,21:04,5,4,8228.25,15,0,大商所,2023
20230927,XDCE,JD,JD2403,D,20230927,09:01,2,1,3912.0,15,0,大商所,2023
20230927,XDCE,JD,JD2404,D,20230927,09:01,2,1,4074.0,15,0,大商所,2023
20230927,XDCE,L,L2408,N,20230926,21:12,13,1,8162.0,15,0,大商所,2023
20230927,XDCE,P,P2403,N,20230926,21:01,2,8,7300.0,15,0,大商所,2023
20230927,XDCE,PP,PP2406,N,20230926,21:01,2,1,7669.0,15,0,大商所,2023
20230927,XDCE,PP,PP2407,N,20230926,21:01,2,1,7666.0,15,0,大商所,2023
20230927,XDCE,Y,Y2408,N,20230926,21:01,2,1,7574.0,15,0,大商所,2023
20231023,XDCE,B,B2405,N,20231020,21:01,2,1,4018.0,15,0,大商所,2023
20231023,XDCE,B,B2406,N,20231020,21:01,2,1,3986.0,15,0,大商所,2023
20231023,XDCE,EB,EB2406,N,20231020,21:01,2,1,8289.0,15,0,大商所,2023
20231023,XDCE,J,J2409,N,20231020,21:01,2,12,2144.79,15,0,大商所,2023
20231023,XDCE,JM,JM2312,N,20231020,21:01,2,1,1684.0,15,0,大商所,2023
20231023,XDCE,RR,RR2406,N,20231020,21:01,2,1,3654.0,15,0,大商所,2023
20231023,XDCE,RR,RR2407,N,20231020,21:01,2,2,3668.0,15,0,大商所,2023
20231023,XDCE,RR,RR2408,N,20231020,21:01,2,1,3696.0,15,0,大商所,2023
20231023,XDCE,V,V2406,N,20231020,21:01,2,5,6096.0,15,0,大商所,2023
20231023,XDCE,V,V2407,N,20231020,21:01,2,5,6105.6,15,0,大商所,2023
20231108,XDCE,J,J2408,D,20231108,11:08,113,2,2375.25,15,0,大商所,2023
20231108,XDCE,PG,PG2406,N,20231107,21:01,2,2,4883.0,15,0,大商所,2023
20231124,XDCE,PG,PG2410,D,20231124,14:42,207,1,4924.0,15,0,大商所,2023
20231212,XDCE,EG,EG2411,D,20231212,13:37,142,1,4397.0,15,0,大商所,2023
20231212,XDCE,J,J2402,N,20231211,21:01,2,1,2639.0,15,0,大商所,2023
20231212,XDCE,PG,PG2312,N,20231211,21:09,10,30,4935.0,15,0,大商所,2023
20231212,XDCE,PP,PP2411,N,20231211,21:09,10,1,7484.0,15,0,大商所,2023
20231212,XDCE,RR,RR2409,N,20231211,21:01,2,1,3629.0,15,0,大商所,2023
20231228,XGFE,SI,SI2404,D,20231228,09:01,2,1,14380.0,15,0,广期所,2023
20231228,XDCE,J,J2409,N,20231227,21:01,2,1,2451.0,15,0,大商所,2023
20231228,XDCE,JM,JM2402,N,20231227,21:01,2,2,1922.5,15,0,大商所,2023
20231228,XDCE,JM,JM2403,N,20231227,21:01,2,2,1922.5,15,0,大商所,2023
20231228,XDCE,JM,JM2404,N,20231227,21:01,2,2,1923.25,15,0,大商所,2023
20231228,XDCE,P,P2408,N,20231227,21:01,2,1,7156.0,15,0,大商所,2023
20231228,XDCE,P,P2411,N,20231227,21:11,12,10,7070.0,15,0,大商所,2023
20240116,XDCE,EB,EB2406,N,20240115,21:01,2,2,8427.0,15,0,大商所,2024
20240116,XDCE,EB,EB2407,N,20240115,21:01,2,1,8380.0,15,0,大商所,2024
20240116,XDCE,EG,EG2406,N,20240115,21:01,2,1,4601.0,15,0,大商所,2024
20240116,XDCE,I,I2408,N,20240115,21:01,2,4,875.0,15,0,大商所,2024
20240116,XDCE,L,L2406,N,20240115,21:01,2,1,8078.0,15,0,大商所,2024
20240116,XDCE,PG,PG2410,N,20240115,21:02,3,1,4807.0,15,0,大商所,2024
20240116,XDCE,PP,PP2407,N,20240115,21:03,4,2,7351.0,15,0,大商所,2024
20240116,XDCE,PP,PP2408,N,20240115,21:03,4,2,7352.5,15,0,大商所,2024
20240116,XDCE,PP,PP2410,N,20240115,21:52,53,2,7349.0,15,0,大商所,2024
20240116,XDCE,PP,PP2411,N,20240115,21:52,53,2,7344.0,15,0,大商所,2024
20240116,XDCE,V,V2407,N,20240115,21:01,2,13,5918.77,15,0,大商所,2024
20240116,XDCE,Y,Y2411,N,20240115,21:01,2,6,7322.0,15,0,大商所,2024
20240201,XDCE,B,B2406,N,20240131,21:01,2,1,3504.0,15,0,大商所,2024
20240201,XDCE,B,B2407,N,20240131,21:01,2,1,3520.0,15,0,大商所,2024
20240201,XDCE,J,J2408,N,20240131,21:37,38,2,2313.0,15,0,大商所,2024
20240201,XDCE,JM,JM2406,N,20240131,21:09,10,1,1694.5,15,0,大商所,2024
20240201,XDCE,L,L2406,N,20240131,21:02,3,4,8189.0,15,0,大商所,2024
20240201,XDCE,P,P2410,N,20240131,21:01,2,2,6728.0,15,0,大商所,2024
20240201,XDCE,PP,PP2408,N,20240131,21:01,2,2,7428.0,15,0,大商所,2024
20240201,XDCE,PP,PP2412,N,20240131,22:28,89,1,7466.0,15,0,大商所,2024
20240201,XDCE,V,V2407,N,20240131,21:01,2,4,5867.75,15,0,大商所,2024
20240227,XDCE,B,B2406,N,20240226,21:01,2,3,3473.0,15,0,大商所,2024
20240227,XDCE,EB,EB2407,N,20240226,21:01,2,8,8866.0,15,0,大商所,2024
20240227,XDCE,PG,PG2406,N,20240226,21:01,2,8,4437.62,15,0,大商所,2024
20240227,XDCE,PP,PP2403,N,20240226,21:02,3,1,7316.0,15,0,大商所,2024
20240227,XDCE,PP,PP2410,N,20240226,21:03,4,3,7372.0,15,0,大商所,2024
20240227,XDCE,RR,RR2411,N,20240226,21:10,11,1,3559.0,15,0,大商所,2024
20240227,XDCE,RR,RR2412,N,20240226,21:10,11,1,3566.0,15,0,大商所,2024
20240314,XDCE,B,B2408,N,20240313,21:01,2,4,3826.0,15,0,大商所,2024
20240314,XDCE,EB,EB2403,D,20240314,09:56,56,6,9406.0,15,0,大商所,2024
20240314,XDCE,EB,EB2410,D,20240314,10:33,78,1,8817.0,15,0,大商所,2024
20240314,XDCE,EB,EB2412,D,20240314,10:44,89,1,8700.0,15,0,大商所,2024
20240314,XDCE,EG,EG2404,N,20240313,21:09,10,10,4551.0,15,0,大商所,2024
20240314,XDCE,EG,EG2410,N,20240313,21:01,2,3,4619.0,15,0,大商所,2024
20240314,XDCE,J,J2411,N,20240313,21:49,50,1,2270.0,15,0,大商所,2024
20240314,XDCE,JM,JM2410,N,20240313,22:22,83,1,1675.0,15,0,大商所,2024
20240314,XDCE,L,L2408,N,20240313,21:01,2,2,8153.0,15,0,大商所,2024
20240314,XDCE,PP,PP2407,N,20240313,21:01,2,3,7424.33,15,0,大商所,2024
20240314,XDCE,PP,PP2408,N,20240313,21:01,2,3,7426.33,15,0,大商所,2024
20240314,XDCE,V,V2410,N,20240313,21:01,2,1,6063.0,15,0,大商所,2024
20240401,XDCE,A,A2411,N,20240329,21:01,2,6,4681.67,15,0,大商所,2024
20240401,XDCE,EG,EG2406,N,20240329,21:01,2,3,4487.0,15,0,大商所,2024
20240401,XDCE,I,I2404,N,20240329,21:11,12,1,765.0,15,0,大商所,2024
20240401,XDCE,I,I2412,N,20240329,21:01,2,1,722.0,15,0,大商所,2024
20240401,XDCE,PG,PG2408,N,20240329,21:01,2,1,4464.0,15,0,大商所,2024
20240401,XDCE,PP,PP2408,N,20240329,21:01,2,7,7485.0,15,0,大商所,2024
20240401,XDCE,RR,RR2405,N,20240329,21:18,19,3,3565.0,15,0,大商所,2024
20240419,XDCE,B,B2411,N,20240418,21:01,2,1,3828.0,15,0,大商所,2024
20240419,XDCE,B,B2412,N,20240418,21:01,2,3,3843.0,15,0,大商所,2024
20240419,XDCE,B,B2502,N,20240418,21:01,2,2,3839.0,15,0,大商所,2024
20240419,XDCE,B,B2503,N,20240418,21:01,2,1,3831.0,15,0,大商所,2024
20240419,XDCE,CS,CS2503,N,20240418,21:01,2,1,2793.0,15,0,大商所,2024
20240419,XDCE,EB,EB2501,N,20240418,21:01,2,3,8906.0,15,0,大商所,2024
20240419,XDCE,EB,EB2502,N,20240418,21:01,2,3,8864.0,15,0,大商所,2024
20240419,XDCE,EG,EG2408,N,20240418,21:01,2,1,4515.0,15,0,大商所,2024
20240419,XDCE,EG,EG2410,N,20240418,21:01,2,1,4551.0,15,0,大商所,2024
20240419,XDCE,EG,EG2411,N,20240418,21:01,2,1,4575.0,15,0,大商所,2024
20240419,XDCE,L,L2407,N,20240418,21:01,2,4,8430.0,15,0,大商所,2024
20240419,XDCE,L,L2408,N,20240418,21:01,2,5,8434.4,15,0,大商所,2024
20240419,XDCE,L,L2410,N,20240418,21:01,2,2,8428.0,15,0,大商所,2024
20240419,XDCE,L,L2411,N,20240418,21:01,2,1,8426.0,15,0,大商所,2024
20240419,XDCE,P,P2411,N,20240418,21:01,2,2,7400.0,15,0,大商所,2024
20240419,XDCE,P,P2412,N,20240418,21:01,2,2,7384.0,15,0,大商所,2024
20240419,XDCE,PG,PG2408,N,20240418,21:01,2,3,4550.33,15,0,大商所,2024
20240419,XDCE,RR,RR2410,N,20240418,21:01,2,2,3602.5,15,0,大商所,2024
20240419,XDCE,RR,RR2411,N,20240418,21:01,2,2,3606.5,15,0,大商所,2024
20240419,XDCE,RR,RR2412,N,20240418,21:01,2,2,3599.0,15,0,大商所,2024
20240419,XDCE,RR,RR2501,N,20240418,21:01,2,3,3599.67,15,0,大商所,2024
20240419,XDCE,RR,RR2502,N,20240418,21:01,2,2,3612.5,15,0,大商所,2024
20240419,XDCE,V,V2411,N,20240418,21:01,2,1,6009.0,15,0,大商所,2024
20240419,XDCE,V,V2412,N,20240418,21:01,2,1,6041.0,15,0,大商所,2024
20240510,XGFE,LC,LC2405,D,20240510,09:40,41,70,111000.0,15,0,广期所,2024
20240510,XGFE,SI,SI2405,D,20240510,09:01,2,10,12040.5,15,0,广期所,2024
20240510,XDCE,B,B2412,N,20240509,21:01,2,3,4098.0,15,0,大商所,2024
20240510,XDCE,B,B2503,N,20240509,21:01,2,1,3972.0,15,0,大商所,2024
20240510,XDCE,B,B2504,N,20240509,21:01,2,1,3920.0,15,0,大商所,2024
20240510,XDCE,CS,CS2405,D,20240510,14:01,166,5,2848.0,15,0,大商所,2024
20240510,XDCE,I,I2405,N,20240509,21:10,11,10,892.5,15,0,大商所,2024
20240510,XDCE,JM,JM2408,D,20240510,11:24,129,1,1762.5,15,0,大商所,2024
20240510,XDCE,L,L2410,N,20240509,21:01,2,1,8427.0,15,0,大商所,2024
20240510,XDCE,P,P2412,N,20240509,21:01,2,5,7394.0,15,0,大商所,2024
20240510,XDCE,PG,PG2411,N,20240509,21:01,2,2,4789.0,15,0,大商所,2024
20240510,XDCE,RR,RR2501,N,20240509,21:01,2,1,3570.0,15,0,大商所,2024
20240510,XDCE,RR,RR2502,N,20240509,21:01,2,1,3571.0,15,0,大商所,2024
20240510,XDCE,V,V2410,N,20240509,21:01,2,6,6080.5,15,0,大商所,2024
20240510,XDCE,V,V2411,N,20240509,21:01,2,3,6120.0,15,0,大商所,2024
20240528,XDCE,B,B2412,N,20240527,21:04,5,1,4155.0,15,0,大商所,2024
20240528,XDCE,EB,EB2405,D,20240528,15:00,225,30,9298.0,15,0,大商所,2024
20240528,XDCE,EB,EB2503,N,20240527,21:04,5,1,9086.0,15,0,大商所,2024
20240528,XDCE,EB,EB2504,N,20240527,21:04,5,1,9054.0,15,0,大商所,2024
20240528,XDCE,EG,EG2408,N,20240527,21:01,2,2,4535.0,15,0,大商所,2024
20240528,XDCE,EG,EG2412,N,20240527,21:04,5,4,4644.5,15,0,大商所,2024
20240528,XDCE,JM,JM2408,D,20240528,11:02,107,1,1733.5,15,0,大商所,2024
20240528,XDCE,JM,JM2412,N,20240527,21:04,5,3,1816.67,15,0,大商所,2024
20240528,XDCE,PG,PG2501,N,20240527,21:01,2,2,5066.0,15,0,大商所,2024
20240528,XDCE,PG,PG2502,N,20240527,21:01,2,1,4971.0,15,0,大商所,2024
20240528,XDCE,Y,Y2503,N,20240527,21:01,2,1,7854.0,15,0,大商所,2024
20240614,XGFE,LC,LC2406,D,20240614,09:01,2,5,97400.0,15,0,广期所,2024
20240614,XGFE,SI,SI2406,D,20240614,10:06,67,2,11995.0,15,0,广期所,2024
20240614,XDCE,EB,EB2504,N,20240613,22:45,106,1,8983.0,15,0,大商所,2024
20240614,XDCE,L,L2410,N,20240613,21:01,2,1,8582.0,15,0,大商所,2024
20240614,XDCE,L,L2411,N,20240613,21:01,2,1,8581.0,15,0,大商所,2024
20240614,XDCE,L,L2412,N,20240613,21:01,2,1,8575.0,15,0,大商所,2024
20240614,XDCE,PG,PG2503,N,20240613,21:07,8,2,4623.5,15,0,大商所,2024
20240614,XDCE,PG,PG2504,N,20240613,21:07,8,2,4986.0,15,0,大商所,2024
20240614,XDCE,PG,PG2505,N,20240613,21:07,8,2,4855.0,15,0,大商所,2024
20240614,XDCE,PP,PP2411,D,20240614,11:05,110,2,7713.0,15,0,大商所,2024
20240614,XDCE,RR,RR2503,N,20240613,21:01,2,1,3558.0,15,0,大商所,2024
20240614,XDCE,RR,RR2504,N,20240613,21:01,2,1,3557.0,15,0,大商所,2024
20240702,XDCE,EB,EB2502,N,20240701,21:03,4,1,8952.0,15,0,大商所,2024
20240702,XDCE,EB,EB2503,N,20240701,21:03,4,1,8915.0,15,0,大商所,2024
20240702,XDCE,EB,EB2504,N,20240701,21:03,4,2,8879.0,15,0,大商所,2024
20240702,XDCE,EG,EG2407,N,20240701,22:39,100,50,4642.0,15,0,大商所,2024
20240702,XDCE,EG,EG2410,N,20240701,21:01,2,2,4693.0,15,0,大商所,2024
20240702,XDCE,EG,EG2411,N,20240701,21:01,2,2,4688.0,15,0,大商所,2024
20240702,XDCE,I,I2407,D,20240702,15:00,225,781,848.0,15,0,大商所,2024
20240702,XDCE,J,J2410,N,20240701,21:14,15,1,2340.5,15,0,大商所,2024
20240702,XDCE,JD,JD2503,D,20240702,09:01,2,2,3577.0,15,0,大商所,2024
20240702,XDCE,P,P2412,N,20240701,21:01,2,3,7778.0,15,0,大商所,2024
20240702,XDCE,PG,PG2505,N,20240701,21:07,8,1,4921.0,15,0,大商所,2024
20240702,XDCE,PG,PG2506,N,20240701,21:07,8,1,4863.0,15,0,大商所,2024
20240702,XDCE,V,V2407,N,20240701,21:05,6,120,5975.0,15,0,大商所,2024
20240718,XDCE,B,B2502,N,20240717,22:11,72,1,3729.0,15,0,大商所,2024
20240718,XDCE,EB,EB2502,D,20240718,13:33,138,1,8731.0,15,0,大商所,2024
20240718,XDCE,EG,EG2502,N,20240717,21:01,2,2,4627.0,15,0,大商所,2024
20240718,XDCE,L,L2408,N,20240717,21:09,10,2,8352.0,15,0,大商所,2024
20240718,XDCE,L,L2412,N,20240717,21:34,35,2,8434.0,15,0,大商所,2024
20240718,XDCE,P,P2502,N,20240717,21:01,2,2,7698.0,15,0,大商所,2024
20240718,XDCE,PP,PP2502,N,20240717,21:01,2,2,7662.0,15,0,大商所,2024
20240718,XDCE,V,V2412,N,20240717,21:01,2,11,6038.0,15,0,大商所,2024
20240805,XDCE,EB,EB2506,D,20240805,09:24,24,1,8514.0,15,0,大商所,2024
20240805,XDCE,L,L2502,N,20240802,21:14,15,2,8196.0,15,0,大商所,2024
20240805,XDCE,M,M2408,D,20240805,09:06,6,50,3050.56,15,0,大商所,2024
20240805,XDCE,P,P2408,D,20240805,10:55,100,3,7794.0,15,0,大商所,2024
20240805,XDCE,PG,PG2504,N,20240802,21:01,2,1,4836.0,15,0,大商所,2024
20240805,XDCE,PG,PG2505,N,20240802,21:01,2,1,4677.0,15,0,大商所,2024
20240805,XDCE,PP,PP2504,N,20240802,21:55,56,1,7651.0,15,0,大商所,2024
20240805,XDCE,V,V2408,N,20240802,21:01,2,5,5647.0,15,0,大商所,2024
20240805,XDCE,V,V2502,N,20240802,21:01,2,1,5913.0,15,0,大商所,2024
20240821,XDCE,EG,EG2411,N,20240820,21:01,2,2,4635.0,15,0,大商所,2024
20240821,XDCE,L,L2412,N,20240820,21:01,2,3,8034.67,15,0,大商所,2024
20240821,XDCE,L,L2502,N,20240820,21:01,2,3,7958.67,15,0,大商所,2024
20240821,XDCE,L,L2504,N,20240820,21:55,56,2,8003.0,15,0,大商所,2024
20240821,XDCE,L,L2506,N,20240820,21:55,56,1,7983.0,15,0,大商所,2024
20240821,XDCE,PG,PG2505,N,20240820,21:15,16,4,4655.75,15,0,大商所,2024
20240821,XDCE,RR,RR2503,N,20240820,21:01,2,2,3542.0,15,0,大商所,2024
20240821,XDCE,RR,RR2504,N,20240820,21:01,2,2,3558.5,15,0,大商所,2024
20240821,XDCE,Y,Y2507,N,20240820,21:10,11,5,7218.0,15,0,大商所,2024
20240906,XDCE,JM,JM2502,N,20240905,21:02,3,1,1265.5,15,0,大商所,2024
20240906,XDCE,JM,JM2503,N,20240905,21:21,22,1,1279.5,15,0,大商所,2024
20240906,XDCE,JM,JM2507,N,20240905,21:19,20,1,1279.5,15,0,大商所,2024
20240906,XDCE,P,P2502,N,20240905,21:01,2,4,7883.5,15,0,大商所,2024
20240906,XDCE,P,P2504,N,20240905,21:01,2,3,7826.0,15,0,大商所,2024
20240906,XDCE,PG,PG2503,N,20240905,21:03,4,2,4269.0,15,0,大商所,2024
20240906,XDCE,PG,PG2504,N,20240905,21:03,4,2,4644.0,15,0,大商所,2024
20240906,XDCE,PG,PG2507,N,20240905,21:17,18,1,4422.0,15,0,大商所,2024
20240906,XDCE,RR,RR2501,N,20240905,21:01,2,1,3518.0,15,0,大商所,2024
20240906,XDCE,RR,RR2502,N,20240905,21:01,2,1,3517.0,15,0,大商所,2024
20240906,XDCE,V,V2409,N,20240905,21:04,5,1,5175.0,15,0,大商所,2024
20240906,XDCE,V,V2503,N,20240905,21:01,2,14,5375.64,15,0,大商所,2024
20240906,XDCE,V,V2504,N,20240905,21:01,2,6,5563.0,15,0,大商所,2024
20240926,XDCE,EB,EB2506,N,20240925,21:15,16,1,8250.0,15,0,大商所,2024
20240926,XDCE,EB,EB2508,N,20240925,21:15,16,1,8250.0,15,0,大商所,2024
20240926,XDCE,EG,EG2412,N,20240925,21:01,2,6,4507.0,15,0,大商所,2024
20240926,XDCE,I,I2507,N,20240925,21:01,2,5,688.8,15,0,大商所,2024
20240926,XDCE,I,I2508,N,20240925,21:01,2,1,685.0,15,0,大商所,2024
20240926,XDCE,L,L2504,N,20240925,22:03,64,2,7887.0,15,0,大商所,2024
20240926,XDCE,PG,PG2504,N,20240925,21:45,46,12,4600.0,15,0,大商所,2024
20240926,XDCE,PP,PP2503,N,20240925,22:07,68,2,7341.0,15,0,大商所,2024
20240926,XDCE,RR,RR2502,N,20240925,21:01,2,1,3520.0,15,0,大商所,2024
20240926,XDCE,V,V2506,N,20240925,21:15,16,2,5722.0,15,0,大商所,2024
20241021,XGFE,LC,LC2410,D,20241021,09:37,38,20,70450.0,15,0,广期所,2024
20241021,XDCE,EB,EB2507,N,20241018,21:40,41,1,8406.0,15,0,大商所,2024
20241021,XDCE,EB,EB2508,N,20241018,22:33,94,1,8410.0,15,0,大商所,2024
20241021,XDCE,I,I2410,D,20241021,15:00,225,24,794.0,15,0,大商所,2024
20241021,XDCE,JM,JM2502,N,20241018,22:12,73,1,1360.0,15,0,大商所,2024
20241021,XDCE,JM,JM2509,N,20241018,21:01,2,1,1428.0,15,0,大商所,2024
20241021,XDCE,L,L2410,D,20241021,15:00,225,1,8292.0,15,0,大商所,2024
20241021,XDCE,L,L2502,N,20241018,21:01,2,4,8047.0,15,0,大商所,2024
20241021,XDCE,L,L2503,N,20241018,21:01,2,4,8018.5,15,0,大商所,2024
20241021,XDCE,L,L2509,N,20241018,21:05,6,2,8047.0,15,0,大商所,2024
20241021,XDCE,P,P2504,N,20241018,21:01,2,8,8618.0,15,0,大商所,2024
20241021,XDCE,PG,PG2410,N,20241018,21:25,26,20,4928.0,15,0,大商所,2024
20241021,XDCE,PG,PG2503,N,20241018,21:01,2,5,4366.0,15,0,大商所,2024
20241021,XDCE,PG,PG2504,N,20241018,21:07,8,4,4742.75,15,0,大商所,2024
20241021,XDCE,PG,PG2506,N,20241018,22:46,107,1,4534.0,15,0,大商所,2024
20241021,XDCE,PP,PP2410,D,20241021,15:00,225,3,7570.0,15,0,大商所,2024
20241021,XDCE,PP,PP2504,N,20241018,21:38,39,4,7527.0,15,0,大商所,2024
20241021,XDCE,RR,RR2503,N,20241018,21:01,2,1,3547.0,15,0,大商所,2024
20241021,XDCE,RR,RR2504,N,20241018,21:01,2,1,3559.0,15,0,大商所,2024
20241106,XDCE,M,M2411,N,20241105,22:09,70,18,2920.0,15,0,大商所,2024
20241106,XDCE,PG,PG2504,N,20241105,21:01,2,1,4656.0,15,0,大商所,2024
20241106,XDCE,PP,PP2502,N,20241105,21:01,2,8,7460.12,15,0,大商所,2024
20241106,XDCE,V,V2411,N,20241105,21:15,16,2,5357.0,15,0,大商所,2024
20241106,XDCE,V,V2506,N,20241105,21:01,2,6,5811.5,15,0,大商所,2024
20241106,XDCE,V,V2507,N,20241105,21:01,2,6,5855.0,15,0,大商所,2024
20241106,XDCE,Y,Y2507,N,20241105,21:01,2,3,8014.67,15,0,大商所,2024
20241106,XDCE,Y,Y2508,N,20241105,21:01,2,8,7991.0,15,0,大商所,2024
20241122,XDCE,EG,EG2507,D,20241122,13:49,154,1,4697.0,15,0,大商所,2024
20241122,XDCE,EG,EG2508,D,20241122,14:53,218,1,4733.0,15,0,大商所,2024
20241122,XDCE,L,L2508,N,20241121,22:29,90,1,8096.0,15,0,大商所,2024
20241122,XDCE,L,L2509,N,20241121,21:01,2,1,8040.0,15,0,大商所,2024
20241122,XDCE,PP,PP2510,N,20241121,22:42,103,1,7509.0,15,0,大商所,2024
20241122,XDCE,V,V2506,N,20241121,21:01,2,1,5653.0,15,0,大商所,2024
20241122,XDCE,V,V2507,N,20241121,21:01,2,1,5693.0,15,0,大商所,2024
20241210,XDCE,PP,PP2412,D,20241210,15:00,225,117,7441.0,15,0,大商所,2024
20241226,XDCE,A,A2511,N,20241225,21:01,2,1,3984.0,15,0,大商所,2024
20241226,XDCE,CS,CS2511,N,20241225,21:01,2,5,2612.0,15,0,大商所,2024
20241226,XDCE,EB,EB2412,D,20241226,15:00,225,7,8606.0,15,0,大商所,2024
20241226,XDCE,I,I2511,N,20241225,21:01,2,2,743.5,15,0,大商所,2024
20250114,XDCE,A,A2501,D,20250114,09:59,59,19,3857.0,15,0,大商所,2025
20250114,XDCE,B,B2510,N,20250113,21:01,2,2,3548.5,15,0,大商所,2025
20250114,XDCE,EB,EB2507,N,20250113,21:02,3,2,8452.5,15,0,大商所,2025
20250114,XDCE,EB,EB2508,N,20250113,21:02,3,2,8432.0,15,0,大商所,2025
20250114,XDCE,EG,EG2504,N,20250113,21:22,23,1,4795.0,15,0,大商所,2025
20250114,XDCE,L,L2507,N,20250113,22:04,65,2,7876.0,15,0,大商所,2025
20250114,XDCE,PG,PG2507,N,20250113,21:01,2,2,4489.5,15,0,大商所,2025
20250114,XDCE,PG,PG2508,N,20250113,21:01,2,4,4383.0,15,0,大商所,2025
20250114,XDCE,PG,PG2509,N,20250113,21:01,2,4,4289.75,15,0,大商所,2025
20250114,XDCE,PG,PG2510,N,20250113,21:01,2,2,4752.5,15,0,大商所,2025
20250207,XGFE,SI,SI2502,D,20250207,09:45,46,108,10825.0,15,0,广期所,2025
20250207,XDCE,CS,CS2601,N,20250206,21:03,4,1,2645.0,15,0,大商所,2025
20250207,XDCE,J,J2506,N,20250206,21:13,14,1,1770.5,15,0,大商所,2025
20250207,XDCE,P,P2506,N,20250206,21:01,2,1,8584.0,15,0,大商所,2025
20250207,XDCE,PG,PG2510,N,20250206,21:46,47,2,4712.0,15,0,大商所,2025
20250207,XDCE,PG,PG2511,N,20250206,21:46,47,2,4630.0,15,0,大商所,2025
20250207,XDCE,V,V2507,N,20250206,21:01,2,4,5252.0,15,0,大商所,2025
20250207,XDCE,V,V2508,N,20250206,21:01,2,4,5285.0,15,0,大商所,2025
20250225,XDCE,EB,EB2502,D,20250225,15:00,225,2,8533.0,15,0,大商所,2025
20250225,XDCE,JM,JM2510,N,20250224,21:08,9,1,1230.0,15,0,大商所,2025
20250225,XDCE,JM,JM2511,N,20250224,21:08,9,1,1245.0,15,0,大商所,2025
20250225,XDCE,PP,PP2601,N,20250224,21:05,6,10,7371.0,15,0,大商所,2025
20250319,XDCE,EB,EB2503,N,20250318,21:03,4,600,8122.0,15,0,大商所,2025
20250319,XDCE,EB,EB2512,N,20250318,21:14,15,4,7746.0,15,0,大商所,2025
20250319,XDCE,EB,EB2601,N,20250318,21:14,15,2,7752.0,15,0,大商所,2025
20250319,XDCE,EB,EB2602,N,20250318,22:56,117,1,7765.0,15,0,大商所,2025
20250319,XDCE,EG,EG2510,N,20250318,21:06,7,400,4539.0,15,0,大商所,2025
20250319,XDCE,J,J2504,N,20250318,21:16,17,1,1578.0,15,0,大商所,2025
20250319,XDCE,L,L2508,N,20250318,21:05,6,10,7619.0,15,0,大商所,2025
20250319,XDCE,L,L2510,N,20250318,21:26,27,1,7596.0,15,0,大商所,2025
20250319,XDCE,L,L2511,N,20250318,21:26,27,2,7595.0,15,0,大商所,2025
20250319,XDCE,P,P2511,N,20250318,21:17,18,750,8302.0,15,0,大商所,2025
20250319,XDCE,PG,PG2512,N,20250318,21:47,48,1,4408.0,15,0,大商所,2025
20250319,XDCE,PP,PP2506,N,20250318,21:01,2,1,7222.0,15,0,大商所,2025
20250407,XDCE,EG,EG2504,D,20250407,15:00,225,65,4480.0,15,0,大商所,2025
20250407,XDCE,EG,EG2512,D,20250407,14:38,203,2,4574.0,15,0,大商所,2025
20250407,XDCE,PG,PG2602,D,20250407,09:15,15,2,4364.0,15,0,大商所,2025
20250423,XDCE,B,B2511,N,20250422,21:01,2,1,3721.0,15,0,大商所,2025
20250423,XDCE,B,B2512,N,20250422,21:01,2,1,3720.0,15,0,大商所,2025
20250423,XDCE,EB,EB2602,D,20250423,11:11,116,5,7058.0,15,0,大商所,2025
20250423,XDCE,JM,JM2602,N,20250422,21:07,8,1,1000.0,15,0,大商所,2025
20250423,XDCE,P,P2603,N,20250422,21:27,28,1,8024.0,15,0,大商所,2025
20250423,XDCE,RR,RR2510,N,20250422,21:01,2,2,3591.0,15,0,大商所,2025
20250514,XGFE,SI,SI2505,D,20250514,11:01,107,1,8285.0,15,0,广期所,2025
20250514,XDCE,C,C2505,D,20250514,09:37,37,300,2315.0,15,0,大商所,2025
20250514,XDCE,L,L2602,N,20250513,21:03,4,2,7122.0,15,0,大商所,2025
20250514,XDCE,L,L2603,N,20250513,21:03,4,2,7123.0,15,0,大商所,2025
20250514,XDCE,L,L2604,N,20250513,21:51,52,4,7199.0,15,0,大商所,2025
20250514,XDCE,PG,PG2511,N,20250513,21:01,2,1,4284.0,15,0,大商所,2025
20250514,XDCE,PG,PG2601,N,20250513,21:01,2,1,4143.0,15,0,大商所,2025
20250514,XDCE,PP,PP2604,N,20250513,21:37,38,2,7041.0,15,0,大商所,2025
20250514,XDCE,V,V2602,N,20250513,21:09,10,1,4970.0,15,0,大商所,2025
20250530,XDCE,CS,CS2603,N,20250529,21:01,2,1,2625.0,15,0,大商所,2025
20250530,XDCE,PG,PG2511,N,20250529,21:02,3,1,4260.0,15,0,大商所,2025
20250530,XDCE,PG,PG2512,N,20250529,21:02,3,1,4187.0,15,0,大商所,2025
20250619,XDCE,J,J2602,N,20250618,21:09,10,1,1411.0,15,0,大商所,2025
20250619,XDCE,L,L2602,N,20250618,21:08,9,1,7362.0,15,0,大商所,2025
20250619,XDCE,L,L2603,N,20250618,21:38,39,2,7367.5,15,0,大商所,2025
20250619,XDCE,L,L2604,N,20250618,21:38,39,2,7393.0,15,0,大商所,2025
20250619,XDCE,P,P2604,N,20250618,21:40,41,2,8390.0,15,0,大商所,2025
20250619,XDCE,PG,PG2511,N,20250618,21:02,3,1,4625.0,15,0,大商所,2025
20250619,XDCE,PP,PP2510,N,20250618,21:01,2,1,7164.0,15,0,大商所,2025
20250619,XDCE,PP,PP2511,N,20250618,21:01,2,1,7161.0,15,0,大商所,2025
20250619,XDCE,PP,PP2605,N,20250618,21:02,3,2,7152.0,15,0,大商所,2025
20250707,XGFE,PS,PS2507,D,20250707,09:50,51,1,35735.0,15,0,广期所,2025
20250707,XDCE,EB,EB2507,D,20250707,09:19,19,36,7487.0,15,0,大商所,2025
20250707,XDCE,EB,EB2602,N,20250704,21:06,7,1,7123.0,15,0,大商所,2025
20250707,XDCE,EB,EB2603,N,20250704,21:04,5,2,7141.0,15,0,大商所,2025
20250707,XDCE,I,I2512,N,20250704,21:01,2,3,714.5,15,0,大商所,2025
20250707,XDCE,L,L2605,N,20250704,21:05,6,1,7221.0,15,0,大商所,2025
20250707,XDCE,PG,PG2606,N,20250704,21:18,19,1,4208.0,15,0,大商所,2025
20250707,XDCE,V,V2507,N,20250704,21:01,2,20,4835.0,15,0,大商所,2025
20250707,XDCE,Y,Y2603,N,20250704,21:58,59,1,7832.0,15,0,大商所,2025
20250724,XDCE,EG,EG2508,D,20250724,09:03,3,1,4441.0,15,0,大商所,2025
20250724,XDCE,L,L2602,N,20250723,21:01,2,2,7338.0,15,0,大商所,2025
20250724,XDCE,L,L2606,N,20250723,21:10,11,1,7341.0,15,0,大商所,2025
20250812,XDCE,EB,EB2604,D,20250812,10:03,63,1,7417.0,15,0,大商所,2025
20250812,XDCE,EG,EG2605,N,20250811,22:48,109,5,4497.2,15,0,大商所,2025
20250812,XDCE,FB,FB2601,D,20250812,09:07,8,1,1292.0,15,0,大商所,2025
20250812,XDCE,JM,JM2607,N,20250811,21:01,2,4,1294.62,15,0,大商所,2025
20250812,XDCE,L,L2604,N,20250811,21:07,8,1,7380.0,15,0,大商所,2025
20250812,XDCE,P,P2602,N,20250811,21:01,2,3,9198.67,15,0,大商所,2025
20250828,XDCE,EB,EB2603,N,20250827,21:01,2,5,7340.0,15,0,大商所,2025
20250828,XDCE,EB,EB2604,N,20250827,21:01,2,5,7351.0,15,0,大商所,2025
20250828,XDCE,EG,EG2606,D,20250828,14:31,196,2,4521.5,15,0,大商所,2025
20250828,XDCE,I,I2604,N,20250827,21:01,2,3,761.5,15,0,大商所,2025
20250828,XDCE,P,P2606,D,20250828,09:04,4,2,9166.0,15,0,大商所,2025
20250828,XDCE,PG,PG2604,N,20250827,21:05,6,1,4356.0,15,0,大商所,2025
20250828,XDCE,PG,PG2606,N,20250827,21:17,18,1,4209.0,15,0,大商所,2025
20250828,XDCE,PG,PG2607,N,20250827,21:05,6,1,4126.0,15,0,大商所,2025
20250828,XDCE,PP,PP2606,N,20250827,21:16,17,9,7012.0,15,0,大商所,2025
20250916,XDCE,EB,EB2509,D,20250916,15:00,225,187,6789.0,15,0,大商所,2025
20250916,XDCE,J,J2604,N,20250915,22:02,63,1,1845.0,15,0,大商所,2025
20250916,XDCE,J,J2606,N,20250915,22:06,67,4,1883.12,15,0,大商所,2025
20250916,XDCE,P,P2604,N,20250915,21:01,2,1,9296.0,15,0,大商所,2025
20250916,XDCE,P,P2607,N,20250915,21:04,5,2,8982.0,15,0,大商所,2025
20251010,XGFE,PS,PS2510,D,20251010,09:25,26,4,50800.0,15,0,广期所,2025
20251010,XDCE,EG,EG2510,N,20251009,21:04,5,113,4212.11,15,0,大商所,2025
20251010,XDCE,L,L2602,N,20251009,21:01,2,2,7069.0,15,0,大商所,2025
20251010,XDCE,P,P2604,N,20251009,22:26,87,3,9436.0,15,0,大商所,2025
20251010,XDCE,PP,PP2510,D,20251010,09:34,34,98,6638.0,15,0,大商所,2025
20251010,XDCE,PP,PP2606,N,20251009,21:02,3,4,6753.75,15,0,大商所,2025
20251010,XDCE,V,V2510,N,20251009,21:05,6,2,4664.5,15,0,大商所,2025
20251010,XDCE,V,V2606,N,20251009,21:01,2,6,5128.5,15,0,大商所,2025
20251028,XDCE,EB,EB2510,D,20251028,15:00,225,15,6362.0,15,0,大商所,2025
20251028,XDCE,L,L2604,N,20251027,21:15,16,2,7090.0,15,0,大商所,2025
20251028,XDCE,L,L2607,N,20251027,21:15,16,2,7094.5,15,0,大商所,2025
20251028,XDCE,L,L2608,N,20251027,21:18,19,1,7093.0,15,0,大商所,2025
20251028,XDCE,PG,PG2510,D,20251028,15:00,225,1,4339.0,15,0,大商所,2025
20251028,XDCE,PG,PG2604,N,20251027,21:05,6,1,4255.0,15,0,大商所,2025
20251028,XDCE,PG,PG2606,N,20251027,21:20,21,3,4105.0,15,0,大商所,2025
20251113,XDCE,A,A2511,D,20251113,15:00,225,8,4114.0,15,0,大商所,2025
20251113,XDCE,B,B2606,N,20251112,21:35,36,2,3531.0,15,0,大商所,2025
20251113,XDCE,EB,EB2511,D,20251113,10:59,104,200,6407.0,15,0,大商所,2025
20251113,XDCE,JM,JM2606,N,20251112,21:01,2,2,1297.0,15,0,大商所,2025
20251113,XDCE,L,L2603,N,20251112,21:01,2,1,6814.0,15,0,大商所,2025
20251113,XDCE,M,M2511,N,20251112,22:47,108,1,2977.0,15,0,大商所,2025
20251113,XDCE,PP,PP2604,N,20251112,21:01,2,1,6541.0,15,0,大商所,2025
20251201,XDCE,B,B2512,D,20251201,10:31,76,12,3736.0,15,0,大商所,2025
20251201,XDCE,EB,EB2609,N,20251128,21:05,6,1,6837.0,15,0,大商所,2025
20251201,XDCE,LG,LG2607,D,20251201,09:01,2,2,796.0,15,0,大商所,2025
20251201,XDCE,PG,PG2611,N,20251128,22:45,106,2,4267.0,15,0,大商所,2025
20251217,XGFE,PD,PD2610,D,20251217,09:01,2,1,426.85,15,0,广期所,2025
20251217,XDCE,EB,EB2607,N,20251216,21:01,2,1,6679.0,15,0,大商所,2025
20251217,XDCE,EB,EB2608,N,20251216,21:01,2,1,6691.0,15,0,大商所,2025
20251217,XDCE,JM,JM2606,N,20251216,21:01,2,1,1095.5,15,0,大商所,2025
20251217,XDCE,JM,JM2611,N,20251216,21:28,29,10,1173.1,15,0,大商所,2025
20251217,XDCE,PG,PG2608,N,20251216,21:19,20,1,3826.0,15,0,大商所,2025
20251217,XDCE,PP,PP2610,D,20251217,09:25,25,9,6273.0,15,0,大商所,2025
20251217,XDCE,Y,Y2612,N,20251216,21:37,38,1,7828.0,15,0,大商所,2025
20260106,XGFE,PS,PS2604,D,20260106,09:01,2,20,59762.5,15,0,广期所,2026
20260106,XDCE,EB,EB2610,N,20260105,21:18,19,1,6967.0,15,0,大商所,2026
20260106,XDCE,J,J2604,D,20260106,09:11,11,1,1656.5,15,0,大商所,2026
20260106,XDCE,JM,JM2610,N,20260105,21:01,2,6,1179.75,15,0,大商所,2026
20260106,XDCE,LG,LG2611,D,20260106,15:00,226,21,812.5,15,0,大商所,2026
20260106,XDCE,PP,PP2608,N,20260105,21:01,2,16,6348.06,15,0,大商所,2026
20260106,XDCE,PP,PP2610,N,20260105,21:03,4,78,6326.6,15,0,大商所,2026
20260122,XDCE,B,B2701,N,20260121,21:08,9,1,3607.0,15,0,大商所,2026
20260122,XDCE,EB,EB2601,D,20260122,15:00,225,100,7100.0,15,0,大商所,2026
20260122,XDCE,EB,EB2607,N,20260121,21:01,2,6,7186.5,15,0,大商所,2026
20260122,XDCE,EB,EB2608,N,20260121,21:01,2,8,7196.0,15,0,大商所,2026
20260122,XDCE,EB,EB2609,N,20260121,21:04,5,1,7180.0,15,0,大商所,2026
20260122,XDCE,EG,EG2607,N,20260121,21:01,2,4,3769.25,15,0,大商所,2026
20260122,XDCE,L,L2610,N,20260121,21:07,8,1,6720.0,15,0,大商所,2026
20260122,XDCE,L,L2701,N,20260121,21:01,2,3,6739.0,15,0,大商所,2026
20260122,XDCE,PP,PP2610,N,20260121,21:01,2,1,6475.0,15,0,大商所,2026
20260122,XDCE,PP,PP2611,N,20260121,21:01,2,1,6473.0,15,0,大商所,2026
20260209,XGFE,PS,PS2602,D,20260209,14:52,218,1,49490.0,15,0,广期所,2026
20260209,XGFE,SI,SI2602,D,20260209,09:27,28,3,8420.0,15,0,广期所,2026
20260209,XDCE,EB,EB2610,N,20260206,21:04,5,3,7371.0,15,0,大商所,2026
20260209,XDCE,EB,EB2611,N,20260206,22:13,74,3,7375.0,15,0,大商所,2026
20260209,XDCE,J,J2701,N,20260206,21:03,4,1,1860.0,15,0,大商所,2026
20260209,XDCE,L,L2607,N,20260206,21:01,2,31,6839.0,15,0,大商所,2026
20260209,XDCE,PP,PP2610,N,20260206,21:05,6,3,6671.0,15,0,大商所,2026
20260209,XDCE,V,V2610,N,20260206,21:32,33,1,5141.0,15,0,大商所,2026
20260306,XGFE,PD,PD2612,D,20260306,09:08,9,1,422.55,15,0,广期所,2026
20260306,XGFE,PT,PT2612,D,20260306,09:06,7,2,544.95,15,0,广期所,2026
20260306,XGFE,SI,SI2603,D,20260306,14:43,209,20,8600.0,15,0,广期所,2026
20260306,XDCE,B,B2610,N,20260305,21:06,7,6,3753.0,15,0,大商所,2026
20260306,XDCE,FB,FB2609,D,20260306,09:52,53,1,1302.5,15,0,大商所,2026
20260306,XDCE,FB,FB2610,D,20260306,09:52,53,1,1308.5,15,0,大商所,2026
20260306,XDCE,L,L2611,N,20260305,21:02,3,3,7290.0,15,0,大商所,2026
20260306,XDCE,M,M2603,N,20260305,21:03,4,100,3018.0,15,0,大商所,2026
20260306,XDCE,P,P2611,N,20260305,22:11,72,1,9102.0,15,0,大商所,2026
20260306,XDCE,PG,PG2603,D,20260306,15:00,225,48,4400.0,15,0,大商所,2026
20260306,XDCE,PG,PG2702,N,20260305,21:25,26,1,4642.0,15,0,大商所,2026
20260306,XDCE,PP,PP2610,N,20260305,21:09,10,2,7102.0,15,0,大商所,2026
20260326,XGFE,PD,PD2612,D,20260326,09:19,20,1,368.0,15,0,广期所,2026
20260326,XDCE,EB,EB2611,N,20260325,22:13,74,1,9190.0,15,0,大商所,2026
20260326,XDCE,I,I2610,N,20260325,21:01,2,10,777.0,15,0,大商所,2026
20260326,XDCE,J,J2701,N,20260325,21:43,44,1,1960.0,15,0,大商所,2026
20260326,XDCE,L,L2702,N,20260325,21:04,5,1,8187.0,15,0,大商所,2026
20260326,XDCE,LG,LG2603,D,20260326,15:00,226,4,809.0,15,0,大商所,2026
20260326,XDCE,LH,LH2603,D,20260326,15:00,226,10,9905.0,15,0,大商所,2026
20260326,XDCE,P,P2611,N,20260325,21:04,5,1,9480.0,15,0,大商所,2026
20260326,XDCE,P,P2612,N,20260325,21:04,5,2,9450.0,15,0,大商所,2026
20260326,XDCE,PG,PG2603,D,20260326,15:00,225,1,5655.0,15,0,大商所,2026
20260326,XDCE,PP,PP2604,N,20260325,21:54,55,10,9003.4,15,0,大商所,2026
20260326,XDCE,PP,PP2611,N,20260325,21:48,49,3,8323.0,15,0,大商所,2026
20260326,XDCE,PP,PP2702,D,20260326,09:26,26,2,8367.0,15,0,大商所,2026
20260326,XDCE,V,V2604,N,20260325,21:03,4,150,5650.0,15,0,大商所,2026
20260421,XGFE,PD,PD2610,D,20260421,09:57,58,5,388.3,15,0,广期所,2026
20260421,XGFE,PD,PD2612,D,20260421,09:57,58,5,389.0,15,0,广期所,2026
20260421,XDCE,EG,EG2612,N,20260420,21:01,2,2,4569.0,15,0,大商所,2026
20260421,XDCE,EG,EG2702,N,20260420,21:03,4,2,4505.0,15,0,大商所,2026
20260421,XDCE,L,L2611,N,20260420,21:03,4,2,7778.0,15,0,大商所,2026
20260421,XDCE,L,L2702,N,20260420,21:03,4,1,7623.0,15,0,大商所,2026
20260421,XDCE,P,P2610,N,20260420,21:01,2,1,9476.0,15,0,大商所,2026
20260421,XDCE,P,P2611,N,20260420,21:17,18,1,9443.0,15,0,大商所,2026
20260421,XDCE,PG,PG2611,N,20260420,21:08,9,2,5279.5,15,0,大商所,2026
20260421,XDCE,PG,PG2702,D,20260421,14:43,208,1,5024.0,15,0,大商所,2026
20260421,XDCE,RR,RR2611,N,20260420,21:01,2,2,3603.5,15,0,大商所,2026
20260421,XDCE,RR,RR2612,N,20260420,21:01,2,2,3614.0,15,0,大商所,2026
20260421,XDCE,RR,RR2701,N,20260420,21:01,2,2,3614.0,15,0,大商所,2026
20260513,XDCE,A,A2605,N,20260512,21:22,23,10,4786.0,15,0,大商所,2026
20260513,XDCE,B,B2610,N,20260512,21:01,2,2,3822.0,15,0,大商所,2026
20260513,XDCE,BZ,BZ2605,D,20260513,09:01,2,55,8335.0,15,0,大商所,2026
20260513,XDCE,EB,EB2605,D,20260513,10:05,65,30,9834.0,15,0,大商所,2026
20260513,XDCE,I,I2611,N,20260512,21:01,2,3,802.5,15,0,大商所,2026
20260513,XDCE,L,L2702,N,20260512,21:21,22,1,7955.0,15,0,大商所,2026
20260513,XDCE,P,P2605,D,20260513,09:38,38,10,9297.0,15,0,大商所,2026
20260513,XDCE,P,P2610,N,20260512,21:01,2,4,9625.25,15,0,大商所,2026
20260513,XDCE,P,P2611,N,20260512,21:01,2,4,9647.0,15,0,大商所,2026
20260513,XDCE,P,P2702,N,20260512,21:59,60,2,9687.5,15,0,大商所,2026
20260609,XGFE,PD,PD2612,D,20260609,09:01,2,2,292.9,15,0,广期所,2026
20260609,XDCE,EB,EB2703,N,20260608,21:03,4,60,8196.0,15,0,大商所,2026
20260609,XDCE,EG,EG2704,N,20260608,21:33,34,1,4446.0,15,0,大商所,2026
20260609,XDCE,J,J2705,N,20260608,21:27,28,2,2110.0,15,0,大商所,2026
20260609,XDCE,PP,PP2702,N,20260608,21:01,2,1,8248.0,15,0,大商所,2026
20260609,XDCE,RR,RR2701,N,20260608,21:02,3,2,3626.0,15,0,大商所,2026
20260629,XGFE,PT,PT2702,D,20260629,09:01,2,1,405.95,15,0,广期所,2026
20260629,XDCE,CS,CS2703,N,20260626,21:07,8,1,2658.0,15,0,大商所,2026
20260629,XDCE,EG,EG2702,D,20260629,09:01,1,1,3931.0,15,0,大商所,2026
20260629,XDCE,J,J2608,N,20260626,21:28,29,2,1933.25,15,0,大商所,2026
20260629,XDCE,L,L2703,N,20260626,21:13,14,4,6733.5,15,0,大商所,2026
20260629,XDCE,L,L2704,N,20260626,21:13,14,2,6744.5,15,0,大商所,2026
20260629,XDCE,P,P2702,N,20260626,21:04,5,2,9627.0,15,0,大商所,2026
20260629,XDCE,P,P2703,N,20260626,21:04,5,2,9634.5,15,0,大商所,2026
20260629,XDCE,P,P2704,N,20260626,21:33,34,2,9600.0,15,0,大商所,2026
20260629,XDCE,PG,PG2702,D,20260629,09:15,15,1,4342.0,15,0,大商所,2026
20260716,XGFE,PD,PD2702,D,20260716,09:07,8,1,320.1,15,0,广期所,2026
20260716,XDCE,B,B2707,N,20260715,21:25,26,2,3577.0,15,0,大商所,2026
20260716,XDCE,BZ,BZ2612,D,20260716,09:00,1,1,6831.0,15,0,大商所,2026
20260716,XDCE,CS,CS2703,N,20260715,21:03,4,1,2626.0,15,0,大商所,2026
20260716,XDCE,CS,CS2705,N,20260715,21:40,41,5,2666.0,15,0,大商所,2026
20260716,XDCE,EG,EG2702,N,20260715,21:06,7,8,4352.0,15,0,大商所,2026
20260716,XDCE,EG,EG2703,N,20260715,21:01,2,2,4350.0,15,0,大商所,2026
20260716,XDCE,J,J2610,N,20260715,22:28,89,3,1910.0,15,0,大商所,2026
20260716,XDCE,PG,PG2701,N,20260715,21:05,6,1,5040.0,15,0,大商所,2026
20260716,XDCE,PG,PG2702,N,20260715,21:46,47,4,4932.25,15,0,大商所,2026
20260716,XDCE,PP,PP2706,N,20260715,21:09,10,2,7330.5,15,0,大商所,2026
20260806,XGFE,PD,PD2608,D,20260806,09:14,15,7,326.05,15,0,广期所,2026
20260806,XGFE,PS,PS2608,D,20260806,09:11,12,5,36225.0,15,0,广期所,2026
20260806,XDCE,B,B2608,D,20260806,15:00,225,5,3730.6,15,0,大商所,2026
20260806,XDCE,EG,EG2702,N,20260805,21:01,2,1,4212.0,15,0,大商所,2026
20260806,XDCE,JM,JM2703,N,20260805,21:01,2,1,1368.5,15,0,大商所,2026
20260806,XDCE,P,P2608,D,20260806,09:40,40,3,9185.0,15,0,大商所,2026
20260806,XDCE,PG,PG2706,N,20260805,21:43,44,2,4701.0,15,0,大商所,2026
20260806,XDCE,PP,PP2704,N,20260805,21:18,19,1,7183.0,15,0,大商所,2026
20260806,XDCE,V,V2706,N,20260805,21:20,21,20,4929.0,15,0,大商所,2026
20260806,XDCE,V,V2707,N,20260805,21:01,2,1,4944.0,15,0,大商所,2026
20150123,XDCE,Y,Y1601,N,20150122,21:07,8,5,5758.0,15,0,大商所,2015
20161103,XDCE,JM,JM1709,N,20161102,21:02,3,5,1096.5,15,0,大商所,2016
20170309,XDCE,JM,JM1801,N,20170308,21:13,14,1,1194.0,15,0,大商所,2017
20170327,XDCE,J,J1801,N,20170324,21:09,10,2,1617.5,15,0,大商所,2017
20170414,XDCE,J,J1801,N,20170413,21:01,2,2,1585.75,15,0,大商所,2017
20170519,XDCE,B,B1801,D,20170519,13:32,137,1,3959.0,15,0,大商所,2017
20170608,XDCE,A,A1805,N,20170607,21:01,2,1,3881.0,15,0,大商所,2017
20170626,XDCE,Y,Y1805,N,20170623,21:03,4,6,6014.67,15,0,大商所,2017
20170712,XDCE,J,J1805,N,20170711,21:01,2,1,1693.0,15,0,大商所,2017
20170815,XDCE,CS,CS1805,D,20170815,09:01,2,2,2044.5,5,0,大商所,2017
20170918,XDCE,L,L1809,D,20170918,09:46,47,3,9805.0,15,0,大商所,2017
20171130,XDCE,A,A1809,N,20171129,21:12,13,2,3835.0,15,0,大商所,2017
20171130,XDCE,J,J1809,N,20171129,21:01,2,7,2029.57,5,0,大商所,2017
20180122,XDCE,JM,JM1901,N,20180119,22:09,70,2,1250.75,5,0,大商所,2018
20180122,XDCE,P,P1901,N,20180119,21:20,21,1,5220.0,15,0,大商所,2018
20180122,XDCE,PP,PP1901,D,20180122,15:00,226,3,9349.0,15,0,大商所,2018
20180302,XDCE,B,B1805,N,20180301,21:01,2,18,3391.61,5,0,大商所,2018
20180302,XDCE,B,B1809,N,20180301,21:01,2,10,3465.5,5,0,大商所,2018
20180302,XDCE,JM,JM1901,N,20180301,21:18,19,1,1302.0,15,0,大商所,2018
20180320,XDCE,A,A1901,N,20180319,21:01,2,1,3828.0,15,0,大商所,2018
20180320,XDCE,PP,PP1901,D,20180320,09:12,13,3,8900.0,15,0,大商所,2018
20180425,XDCE,B,B1901,N,20180424,21:01,2,7,3627.29,5,0,大商所,2018
20180425,XDCE,JM,JM1901,N,20180424,21:01,2,3,1141.17,5,0,大商所,2018
20180515,XDCE,L,L1805,D,20180515,15:00,226,287,9470.0,15,0,大商所,2018
20180515,XDCE,M,M1805,D,20180515,15:00,225,211,3096.0,15,0,大商所,2018
20180515,XDCE,Y,Y1805,D,20180515,15:00,225,100,5544.0,15,0,大商所,2018
20180531,XDCE,A,A1905,N,20180530,21:10,11,3,3855.67,15,0,大商所,2018
20180531,XDCE,JM,JM1905,N,20180530,21:03,4,1,1180.5,15,0,大商所,2018
20180723,XDCE,JM,JM1905,N,20180720,21:05,6,1,1134.5,15,0,大商所,2018
20180911,XDCE,B,B1811,N,20180910,23:12,133,1268,3692.0,15,0,大商所,2018
20180911,XDCE,B,B1903,N,20180910,23:04,125,858,3413.0,15,0,大商所,2018
20181023,XDCE,B,B1903,N,20181022,21:53,54,1104,3597.0,15,0,大商所,2018
20181023,XDCE,B,B1907,N,20181022,21:51,52,4618,3385.0,15,0,大商所,2018
20181023,XDCE,B,B1909,N,20181022,21:01,2,1,3296.0,15,0,大商所,2018
20181023,XDCE,M,M1811,N,20181022,21:03,4,5,3502.6,5,0,大商所,2018
20181108,XDCE,B,B1907,D,20181108,09:13,13,1312,3285.0,15,0,大商所,2018
20181108,XDCE,CS,CS1909,D,20181108,09:01,2,45,2513.2,5,0,大商所,2018
20181108,XDCE,Y,Y1909,N,20181107,21:01,2,23,5731.39,5,0,大商所,2018
20181126,XDCE,B,B1903,N,20181123,21:09,10,450,3227.0,15,0,大商所,2018
20181126,XDCE,B,B1907,D,20181126,09:29,29,106,3230.0,15,0,大商所,2018
20181212,XDCE,B,B1907,N,20181211,21:05,6,700,3164.0,15,0,大商所,2018
20181212,XDCE,B,B1911,N,20181211,23:03,124,2642,3202.0,15,0,大商所,2018
20190117,XDCE,B,B1907,N,20190116,22:16,77,3720,2956.0,15,0,大商所,2019
20190117,XDCE,J,J2001,N,20190116,21:05,6,1,1928.5,15,0,大商所,2019
20190117,XDCE,JM,JM2001,N,20190116,21:04,5,2,1280.5,15,0,大商所,2019
20190227,XDCE,B,B1907,N,20190226,21:09,10,900,3000.0,15,0,大商所,2019
20190227,XDCE,JM,JM2001,N,20190226,21:04,5,1,1353.5,15,0,大商所,2019
20190315,XDCE,I,I1911,N,20190314,21:01,2,1,564.0,15,0,大商所,2019
20190402,XDCE,I,I2003,N,20190401,21:11,12,1,556.0,15,0,大商所,2019
20190528,XDCE,I,I1911,N,20190527,21:01,2,6,734.667,5,0,大商所,2019
20190614,XDCE,B,B2001,N,20190613,21:16,17,2,3166.0,15,0,大商所,2019
20190614,XDCE,PP,PP2005,N,20190613,21:01,2,1,7600.0,15,0,大商所,2019
20190702,XDCE,C,C1907,N,20190701,21:34,35,50,1899.0,15,0,大商所,2019
20190718,XDCE,B,B2005,N,20190717,21:03,4,5,3054.0,15,0,大商所,2019
20190718,XDCE,C,C2003,D,20190718,09:04,4,3,2007.0,15,0,大商所,2019
20190718,XDCE,EG,EG2005,N,20190717,21:05,6,1,4447.0,15,0,大商所,2019
20190718,XDCE,I,I2007,N,20190717,21:01,2,1,671.5,15,0,大商所,2019
20190718,XDCE,P,P2005,N,20190717,21:03,4,3,4660.0,15,0,大商所,2019
20190805,XDCE,CS,CS2005,N,20190802,21:23,24,1,2437.0,15,0,大商所,2019
20190805,XDCE,EG,EG2005,N,20190802,21:12,13,2,4465.0,15,0,大商所,2019
20190805,XDCE,M,M2007,N,20190802,21:24,25,2,2712.0,15,0,大商所,2019
20190821,XDCE,CS,CS2005,N,20190820,21:01,2,5,2347.0,5,0,大商所,2019
20190821,XDCE,V,V2005,N,20190820,21:01,2,1,6560.0,15,0,大商所,2019
20190906,XDCE,P,P1909,D,20190906,10:05,65,15,4626.0,15,0,大商所,2019
20190925,XDCE,M,M2007,N,20190924,21:02,3,5,2773.0,15,0,大商所,2019
20191018,XDCE,C,C2007,N,20191017,21:06,7,5,1948.0,15,0,大商所,2019
20191018,XDCE,CS,CS2009,N,20191017,21:01,2,1,2349.0,15,0,大商所,2019
20191018,XDCE,RR,RR2009,D,20191018,14:12,177,3,3575.0,15,0,大商所,2019
20191105,XDCE,M,M2007,N,20191104,21:01,2,5,2890.0,15,0,大商所,2019
20191121,XDCE,B,B2005,N,20191120,21:01,2,1,3211.0,15,0,大商所,2019
20191121,XDCE,PP,PP2009,N,20191120,21:01,2,2,7381.0,15,0,大商所,2019
20191209,XDCE,J,J2009,N,20191206,21:01,2,2,1774.25,15,0,大商所,2019
20191225,XDCE,M,M2007,N,20191224,21:02,3,1,2776.0,15,0,大商所,2019
20200113,XDCE,I,I2007,N,20200110,21:01,2,4,636.0,15,0,大商所,2020
20200206,XDCE,CS,CS2101,D,20200206,13:33,139,1,2370.0,15,0,大商所,2020
20200327,XDCE,M,M2103,D,20200327,09:01,2,1,2876.0,15,0,大商所,2020
20200415,XDCE,I,I2004,D,20200415,15:00,226,15,669.5,15,0,大商所,2020
20200415,XDCE,M,M2011,D,20200415,09:01,2,26,2832.0,5,0,大商所,2020
20200522,XDCE,I,I2103,N,20200521,21:10,11,5,637.0,15,0,大商所,2020
20200522,XDCE,JM,JM2105,N,20200521,21:01,2,1,1088.0,15,0,大商所,2020
20200522,XDCE,PG,PG2012,N,20200521,21:01,2,21,3401.38,5,0,大商所,2020
20200522,XDCE,V,V2105,N,20200521,21:01,2,10,5964.5,15,0,大商所,2020
20200609,XDCE,B,B2105,N,20200608,21:05,6,1,3103.0,15,0,大商所,2020
20200715,XDCE,B,B2101,N,20200714,21:02,3,2,3206.0,15,0,大商所,2020
20200715,XDCE,CS,CS2105,N,20200714,21:02,3,3,2508.67,5,0,大商所,2020
20200715,XDCE,J,J2105,N,20200714,21:01,2,2,1805.0,15,0,大商所,2020
20200715,XDCE,JM,JM2105,N,20200714,21:02,3,5,1126.5,15,0,大商所,2020
20200731,XDCE,M,M2103,N,20200730,21:01,2,12,2759.83,5,0,大商所,2020
20200818,XDCE,EB,EB2010,N,20200817,21:01,2,17,5434.35,5,0,大商所,2020
20200818,XDCE,EB,EB2011,N,20200817,21:01,2,7,5547.43,5,0,大商所,2020
20200818,XDCE,EG,EG2011,N,20200817,21:01,2,3,3907.33,15,0,大商所,2020
20200818,XDCE,JM,JM2011,N,20200817,21:06,7,1,1215.5,15,0,大商所,2020
20200818,XDCE,JM,JM2105,N,20200817,21:11,12,4,1175.0,5,0,大商所,2020
20200818,XDCE,L,L2010,N,20200817,21:01,2,1,7080.0,15,0,大商所,2020
20200818,XDCE,L,L2012,N,20200817,21:01,2,1,7065.0,15,0,大商所,2020
20200818,XDCE,M,M2107,N,20200817,21:03,4,4,2767.25,15,0,大商所,2020
20200818,XDCE,PP,PP2011,N,20200817,21:01,2,3,7565.0,15,0,大商所,2020
20200818,XDCE,V,V2010,N,20200817,21:01,2,45,6632.67,5,0,大商所,2020
20200903,XDCE,A,A2105,N,20200902,21:01,2,5,4475.2,5,0,大商所,2020
20200903,XDCE,C,C2107,N,20200902,21:01,2,25,2347.2,5,0,大商所,2020
20200903,XDCE,EG,EG2011,N,20200902,21:01,2,33,3989.18,15,0,大商所,2020
20200903,XDCE,EG,EG2012,N,20200902,21:01,2,25,4028.04,5,0,大商所,2020
20200903,XDCE,J,J2103,N,20200902,21:01,2,1,1990.5,15,0,大商所,2020
20200903,XDCE,JM,JM2103,N,20200902,21:01,2,2,1249.5,15,0,大商所,2020
20200903,XDCE,M,M2107,N,20200902,21:01,2,18,2813.94,15,0,大商所,2020
20200903,XDCE,PP,PP2103,N,20200902,21:01,2,3,7980.33,15,0,大商所,2020
20200903,XDCE,PP,PP2104,N,20200902,21:01,2,3,7940.0,15,0,大商所,2020
20200903,XDCE,V,V2010,N,20200902,21:01,2,44,6776.36,5,0,大商所,2020
20200903,XDCE,V,V2011,N,20200902,21:01,2,2,6785.0,15,0,大商所,2020
20200903,XDCE,V,V2102,N,20200902,21:01,2,5,6687.0,15,0,大商所,2020
20200903,XDCE,V,V2103,N,20200902,21:01,2,4,6645.0,15,0,大商所,2020
20200903,XDCE,V,V2104,N,20200902,21:01,2,1,6645.0,15,0,大商所,2020
20200921,XDCE,EG,EG2103,N,20200918,21:01,2,15,3970.0,15,0,大商所,2020
20200921,XDCE,EG,EG2104,D,20200921,09:01,1,3,4001.33,5,0,大商所,2020
20200921,XDCE,EG,EG2105,N,20200918,21:02,3,1,4035.0,15,0,大商所,2020
20200921,XDCE,J,J2104,N,20200918,21:01,2,1,1918.0,15,0,大商所,2020
20200921,XDCE,P,P2103,N,20200918,21:01,2,13,6318.77,15,0,大商所,2020
20201015,XDCE,C,C2103,N,20201014,21:01,2,52,2572.31,5,0,大商所,2020
20201015,XDCE,EB,EB2103,N,20201014,21:01,2,2,6178.5,15,0,大商所,2020
20201015,XDCE,EG,EG2012,N,20201014,21:01,2,37,3943.76,5,0,大商所,2020
20201015,XDCE,EG,EG2102,N,20201014,21:01,2,150,3986.45,5,0,大商所,2020
20201015,XDCE,EG,EG2103,N,20201014,21:01,2,24,4014.67,5,0,大商所,2020
20201015,XDCE,EG,EG2104,N,20201014,21:06,7,459,4050.3,15,0,大商所,2020
20201015,XDCE,I,I2107,N,20201014,21:45,46,1,720.0,15,0,大商所,2020
20201015,XDCE,L,L2102,N,20201014,21:01,2,35,7396.14,5,0,大商所,2020
20201015,XDCE,PP,PP2102,N,20201014,21:01,2,175,7892.22,5,0,大商所,2020
20201015,XDCE,PP,PP2103,N,20201014,21:01,2,5,7811.0,15,0,大商所,2020
20201015,XDCE,Y,Y2107,N,20201014,21:01,2,72,6848.64,5,0,大商所,2020
20201015,XDCE,Y,Y2108,N,20201014,21:01,2,2,6832.0,15,0,大商所,2020
20201102,XDCE,EG,EG2103,N,20201030,21:01,2,6,3774.0,5,0,大商所,2020
20201102,XDCE,EG,EG2104,N,20201030,21:02,3,5,3908.0,15,0,大商所,2020
20201102,XDCE,I,I2107,N,20201030,21:28,29,1,715.5,15,0,大商所,2020
20201102,XDCE,M,M2108,N,20201030,21:01,2,22,3050.23,5,0,大商所,2020
20201102,XDCE,P,P2104,N,20201030,21:02,3,40,5990.0,15,0,大商所,2020
20201102,XDCE,PG,PG2011,N,20201030,21:01,2,1,3889.0,15,0,大商所,2020
20201102,XDCE,V,V2012,N,20201030,21:28,29,10,7065.0,15,0,大商所,2020
20201102,XDCE,V,V2104,N,20201030,21:01,2,1,6690.0,15,0,大商所,2020
20201102,XDCE,Y,Y2108,N,20201030,21:08,9,1,6692.0,15,0,大商所,2020
20201118,XDCE,EB,EB2104,N,20201117,21:01,2,35,7008.09,5,0,大商所,2020
20201118,XDCE,J,J2102,N,20201117,21:01,2,71,2361.96,5,0,大商所,2020
20201118,XDCE,J,J2103,N,20201117,21:01,2,20,2308.5,15,0,大商所,2020
20201118,XDCE,L,L2102,N,20201117,21:01,2,64,7674.92,5,0,大商所,2020
20201118,XDCE,P,P2104,N,20201117,21:01,2,6,6569.0,5,0,大商所,2020
20201118,XDCE,PG,PG2103,N,20201117,21:01,2,9,3394.0,5,0,大商所,2020
20201118,XDCE,PP,PP2102,N,20201117,21:01,2,50,8208.72,5,0,大商所,2020
20201118,XDCE,PP,PP2103,N,20201117,21:01,2,3,8132.0,5,0,大商所,2020
20201118,XDCE,Y,Y2107,N,20201117,21:01,2,89,7270.52,5,0,大商所,2020
20201118,XDCE,Y,Y2108,N,20201117,21:01,2,7,7189.14,5,0,大商所,2020
20201204,XDCE,EB,EB2104,N,20201203,21:01,2,85,6732.38,5,0,大商所,2020
20201222,XDCE,EG,EG2102,N,20201221,21:01,2,120,4072.03,5,0,大商所,2020
20201222,XDCE,L,L2103,N,20201221,21:01,2,5,7785.0,15,0,大商所,2020
20201222,XDCE,L,L2104,N,20201221,21:01,2,19,7808.16,5,0,大商所,2020
20201222,XDCE,M,M2108,N,20201221,21:01,2,13,3300.0,5,0,大商所,2020
20201222,XDCE,P,P2103,N,20201221,21:01,2,47,7029.62,5,0,大商所,2020
20201222,XDCE,PG,PG2104,N,20201221,21:01,2,6,3950.0,5,0,大商所,2020
20210108,XDCE,CS,CS2103,N,20210107,21:01,2,45,3092.16,5,0,大商所,2021
20210108,XDCE,EB,EB2109,N,20210107,21:08,9,1,6878.0,15,0,大商所,2021
20210108,XDCE,EG,EG2109,N,20210107,21:01,2,5,4543.0,15,0,大商所,2021
20210108,XDCE,J,J2104,N,20210107,21:01,2,4,3026.25,5,0,大商所,2021
20210108,XDCE,L,L2104,N,20210107,21:01,2,1,7595.0,15,0,大商所,2021
20210108,XDCE,L,L2109,N,20210107,21:01,2,71,7554.37,5,0,大商所,2021
20210108,XDCE,P,P2104,N,20210107,21:01,2,3,7451.33,5,0,大商所,2021
20210108,XDCE,V,V2102,N,20210107,21:01,2,183,7158.03,5,0,大商所,2021
20210126,XDCE,EB,EB2104,N,20210125,21:01,2,35,6923.29,5,0,大商所,2021
20210126,XDCE,J,J2109,N,20210125,21:01,2,138,2475.34,5,0,大商所,2021
20210126,XDCE,JM,JM2104,N,20210125,21:01,2,1,1630.0,15,0,大商所,2021
20210126,XDCE,L,L2102,N,20210125,21:05,6,4,7705.0,15,0,大商所,2021
20210126,XDCE,M,M2108,N,20210125,21:01,2,2,3425.0,15,0,大商所,2021
20210126,XDCE,PG,PG2104,N,20210125,21:01,2,32,3522.75,5,0,大商所,2021
20210218,XDCE,JM,JM2107,D,20210218,09:01,2,16,1524.81,5,0,大商所,2021
20210218,XDCE,P,P2107,D,20210218,09:01,2,7,6730.29,5,0,大商所,2021
20210308,XDCE,EG,EG2106,N,20210305,21:01,2,5,5564.4,5,0,大商所,2021
20210308,XDCE,EG,EG2111,N,20210305,21:01,2,10,5053.3,15,0,大商所,2021
20210308,XDCE,J,J2106,N,20210305,21:01,2,12,2299.62,5,0,大商所,2021
20210308,XDCE,J,J2107,N,20210305,21:05,6,1,2284.0,15,0,大商所,2021
20210308,XDCE,L,L2106,N,20210305,21:01,2,36,8872.08,5,0,大商所,2021
20210308,XDCE,L,L2111,N,20210305,21:01,2,22,8667.95,15,0,大商所,2021
20210308,XDCE,P,P2111,N,20210305,21:01,2,2,6666.0,15,0,大商所,2021
20210308,XDCE,PG,PG2109,N,20210305,21:44,45,1,3964.0,15,0,大商所,2021
20210308,XDCE,V,V2110,N,20210305,21:01,2,17,8191.18,5,0,大商所,2021
20210324,XDCE,CS,CS2111,N,20210323,21:01,2,5,3167.4,5,0,大商所,2021
20210324,XDCE,EB,EB2104,N,20210323,21:20,21,1,8065.0,15,0,大商所,2021
20210324,XDCE,EG,EG2111,N,20210323,21:01,2,8,4861.0,15,0,大商所,2021
20210324,XDCE,J,J2108,N,20210323,21:04,5,1,2169.5,15,0,大商所,2021
20210324,XDCE,L,L2111,N,20210323,21:01,2,10,8387.0,5,0,大商所,2021
20210324,XDCE,P,P2111,N,20210323,21:01,2,8,7058.25,5,0,大商所,2021
20210324,XDCE,V,V2111,N,20210323,21:01,2,1,8290.0,15,0,大商所,2021
20210412,XDCE,EB,EB2108,N,20210409,21:01,2,14,8228.64,5,0,大商所,2021
20210412,XDCE,EG,EG2112,N,20210409,21:01,2,12,4853.0,15,0,大商所,2021
20210412,XDCE,I,I2107,N,20210409,21:06,7,2,1060.5,15,0,大商所,2021
20210412,XDCE,PG,PG2107,N,20210409,21:01,2,17,3655.06,5,0,大商所,2021
20210412,XDCE,Y,Y2201,N,20210409,21:01,2,26,7827.77,5,0,大商所,2021
20210428,XDCE,C,C2201,N,20210427,21:01,2,173,2713.97,5,0,大商所,2021
20210428,XDCE,EG,EG2106,N,20210427,21:48,49,1,4674.0,15,0,大商所,2021
20210428,XDCE,EG,EG2108,N,20210427,22:34,95,1,4672.0,15,0,大商所,2021
20210428,XDCE,EG,EG2112,N,20210427,21:01,2,10,4690.0,15,0,大商所,2021
20210428,XDCE,I,I2107,N,20210427,21:01,2,1,1222.5,15,0,大商所,2021
20210519,XDCE,EB,EB2105,N,20210518,21:03,4,9,10339.0,15,0,大商所,2021
20210519,XDCE,EG,EG2108,D,20210519,10:57,102,1,4915.0,15,0,大商所,2021
20210519,XDCE,EG,EG2201,N,20210518,21:01,2,19,5053.53,5,0,大商所,2021
20210519,XDCE,J,J2201,N,20210518,21:01,2,14,2666.04,5,0,大商所,2021
20210519,XDCE,PP,PP2112,N,20210518,21:01,2,26,8700.69,15,0,大商所,2021
20210604,XDCE,A,A2201,N,20210603,21:01,2,16,5933.38,5,0,大商所,2021
20210604,XDCE,EB,EB2201,N,20210603,21:11,12,1,8442.0,15,0,大商所,2021
20210604,XDCE,J,J2112,N,20210603,21:02,3,5,2634.0,15,0,大商所,2021
20210604,XDCE,M,M2108,N,20210603,21:01,2,3,3601.0,15,0,大商所,2021
20210604,XDCE,PP,PP2108,N,20210603,21:14,15,2,8396.0,15,0,大商所,2021
20210604,XDCE,PP,PP2112,N,20210603,21:01,2,5,8303.0,15,0,大商所,2021
20210604,XDCE,V,V2112,N,20210603,21:01,2,8,8506.25,15,0,大商所,2021
20210623,XDCE,EG,EG2112,N,20210622,21:01,2,3,4864.0,15,0,大商所,2021
20210623,XDCE,Y,Y2108,D,20210623,11:17,122,1,8222.0,15,0,大商所,2021
20210709,XDCE,EB,EB2110,N,20210708,21:01,2,116,8765.34,5,0,大商所,2021
20210709,XDCE,I,I2111,N,20210708,21:01,2,1,1117.5,15,0,大商所,2021
20210709,XDCE,JD,JD2111,D,20210709,09:01,2,8,4460.0,5,0,大商所,2021
20210709,XDCE,JM,JM2108,N,20210708,21:01,2,1,1924.5,15,0,大商所,2021
20210709,XDCE,L,L2112,N,20210708,21:01,2,1,8100.0,15,0,大商所,2021
20210709,XDCE,P,P2111,N,20210708,21:01,2,15,7331.87,5,0,大商所,2021
20210727,XDCE,EG,EG2112,N,20210726,21:01,2,1,5273.0,15,0,大商所,2021
20210727,XDCE,I,I2110,N,20210726,21:01,2,3,1112.5,5,0,大商所,2021
20210727,XDCE,I,I2111,N,20210726,21:01,2,1,1071.5,15,0,大商所,2021
20210727,XDCE,I,I2112,N,20210726,21:01,2,3,1045.33,5,0,大商所,2021
20210727,XDCE,L,L2108,D,20210727,14:47,212,2,8380.0,15,0,大商所,2021
20210727,XDCE,PG,PG2107,D,20210727,15:00,225,36,4936.0,15,0,大商所,2021
20210727,XDCE,PP,PP2112,N,20210726,21:01,2,16,8445.06,5,0,大商所,2021
20210727,XDCE,PP,PP2205,N,20210726,21:12,13,1,8385.0,15,0,大商所,2021
20210727,XDCE,RR,RR2201,N,20210726,21:01,2,1,3601.0,15,0,大商所,2021
20210812,XDCE,CS,CS2205,N,20210811,21:12,13,3,2985.0,15,0,大商所,2021
20210812,XDCE,V,V2112,N,20210811,21:01,2,5,9105.0,15,0,大商所,2021
20210915,XDCE,EG,EG2112,N,20210914,21:01,2,41,5495.44,5,0,大商所,2021
20211012,XDCE,EB,EB2205,N,20211011,21:08,9,3,9854.0,15,0,大商所,2021
20211012,XDCE,EG,EG2112,N,20211011,21:01,2,34,6901.29,5,0,大商所,2021
20211012,XDCE,I,I2110,D,20211012,15:00,225,1,756.5,15,0,大商所,2021
20211028,XDCE,L,L2202,N,20211027,21:01,2,312,8709.65,5,0,大商所,2021
20211115,XDCE,B,B2205,N,20211112,21:03,4,1,3826.0,15,0,大商所,2021
20211115,XDCE,EG,EG2203,N,20211112,21:01,2,16,5040.62,5,0,大商所,2021
20211115,XDCE,L,L2204,N,20211112,21:01,2,12,8918.92,5,0,大商所,2021
20211115,XDCE,PG,PG2111,D,20211115,09:46,46,300,4800.0,15,0,大商所,2021
20211115,XDCE,PP,PP2203,N,20211112,21:01,2,57,8591.91,5,0,大商所,2021
20211115,XDCE,PP,PP2204,N,20211112,21:01,2,30,8579.23,5,0,大商所,2021
20211115,XDCE,V,V2203,N,20211112,21:01,2,28,8478.0,5,0,大商所,2021
20211115,XDCE,V,V2204,N,20211112,21:01,2,45,8482.2,5,0,大商所,2021
20211201,XDCE,L,L2203,N,20211130,21:01,2,16,8377.5,5,0,大商所,2021
20211201,XDCE,PP,PP2203,N,20211130,21:01,2,60,7994.67,5,0,大商所,2021
20211201,XDCE,V,V2203,N,20211130,21:01,2,91,8451.93,5,0,大商所,2021
20220121,XDCE,B,B2209,D,20220121,14:43,208,1,4181.0,15,0,大商所,2022
20220121,XDCE,EB,EB2209,N,20220120,22:50,111,1,8682.0,15,0,大商所,2022
20220121,XDCE,L,L2202,N,20220120,21:01,2,2,8976.0,15,0,大商所,2022
20220121,XDCE,PG,PG2209,N,20220120,21:06,7,1,4861.0,15,0,大商所,2022
20220215,XDCE,L,L2202,D,20220215,09:55,55,5,9396.0,15,0,大商所,2022
20220303,XDCE,PP,PP2301,N,20220302,21:01,2,4,8807.0,15,0,大商所,2022
20220321,XDCE,EG,EG2204,D,20220321,10:31,76,50,5239.0,15,0,大商所,2022
20220321,XDCE,FB,FB2209,D,20220321,09:15,16,1,1381.5,15,0,大商所,2022
20220321,XDCE,I,I2204,N,20220318,21:30,31,1,866.0,15,0,大商所,2022
20220321,XDCE,L,L2204,N,20220318,21:47,48,5,8990.2,15,0,大商所,2022
20220408,XDCE,EB,EB2204,N,20220407,21:17,18,18,10013.0,15,0,大商所,2022
20220408,XDCE,I,I2204,N,20220407,21:03,4,1,930.0,15,0,大商所,2022
20220517,XDCE,L,L2205,D,20220517,10:32,77,3,8748.0,15,0,大商所,2022
20220517,XDCE,PP,PP2208,N,20220516,21:01,2,23,8618.43,15,0,大商所,2022
20220602,XDCE,L,L2206,D,20220602,10:59,104,10,8983.0,15,0,大商所,2022
20220621,XDCE,B,B2210,N,20220620,21:01,2,2,5116.0,15,0,大商所,2022
20220621,XDCE,B,B2301,N,20220620,21:09,10,1,5002.0,15,0,大商所,2022
20220621,XDCE,PP,PP2207,N,20220620,21:05,6,1,8445.0,15,0,大商所,2022
20220707,XDCE,EB,EB2301,N,20220706,21:08,9,1,8926.0,15,0,大商所,2022
20220707,XDCE,V,V2207,D,20220707,10:41,86,45,6946.0,15,0,大商所,2022
20220725,XDCE,EB,EB2207,D,20220725,10:04,64,41,9706.0,15,0,大商所,2022
20220725,XDCE,EG,EG2208,N,20220722,21:03,4,3,4192.0,15,0,大商所,2022
20220810,XDCE,L,L2208,D,20220810,13:35,140,6,7871.0,15,0,大商所,2022
20220810,XDCE,PP,PP2212,N,20220809,21:01,2,25,7817.52,15,0,大商所,2022
20221026,XDCE,EB,EB2210,D,20221026,15:00,225,100,8556.0,15,0,大商所,2022
20221026,XDCE,PG,PG2302,N,20221025,21:01,2,1,4765.0,15,0,大商所,2022
20221026,XDCE,PG,PG2305,N,20221025,21:16,17,2,4819.0,15,0,大商所,2022
20221111,XDCE,EG,EG2304,N,20221110,21:01,2,1,3868.0,15,0,大商所,2022
20230103,XGFE,SI,SI2310,D,20230103,10:39,85,12,17687.5,15,0,广期所,2023
20230213,XDCE,L,L2302,N,20230210,21:10,11,60,8159.0,15,0,大商所,2023
20230301,XDCE,Y,Y2303,N,20230228,22:18,79,1,9298.0,15,0,大商所,2023
20230404,XDCE,B,B2308,N,20230403,21:12,13,1,4251.0,15,0,大商所,2023
20230404,XDCE,EB,EB2304,N,20230403,21:03,4,16,8711.0,15,0,大商所,2023
20230404,XDCE,EB,EB2308,N,20230403,21:01,2,1,8528.0,15,0,大商所,2023
20230404,XDCE,V,V2304,N,20230403,21:35,36,5,6244.0,15,0,大商所,2023
20230512,XDCE,EB,EB2401,N,20230511,21:01,2,1,7660.0,15,0,大商所,2023
20230530,XDCE,I,I2404,N,20230529,21:01,2,1,647.5,15,0,大商所,2023
20230706,XDCE,EB,EB2405,N,20230705,21:01,2,2,7198.0,15,0,大商所,2023
20230706,XDCE,EG,EG2405,N,20230705,21:11,12,2,4206.0,15,0,大商所,2023
20230706,XDCE,JM,JM2402,N,20230705,21:01,2,2,1297.25,15,0,大商所,2023
20230706,XDCE,JM,JM2403,N,20230705,21:01,2,2,1297.0,15,0,大商所,2023
20230706,XDCE,L,L2312,N,20230705,21:01,2,2,7828.5,15,0,大商所,2023
20230706,XDCE,L,L2402,N,20230705,21:01,2,4,7786.0,15,0,大商所,2023
20230724,XDCE,B,B2402,N,20230721,21:43,44,1,4313.0,15,0,大商所,2023
20230724,XDCE,B,B2404,N,20230721,22:17,78,130,4110.0,15,0,大商所,2023
20230724,XDCE,CS,CS2405,N,20230721,21:01,2,1,2895.0,15,0,大商所,2023
20230724,XDCE,EB,EB2402,N,20230721,21:01,2,2,7751.5,15,0,大商所,2023
20230724,XDCE,J,J2405,N,20230721,21:10,11,1,2173.0,15,0,大商所,2023
20230724,XDCE,PG,PG2402,N,20230721,21:08,9,2,4244.5,15,0,大商所,2023
20230809,XDCE,B,B2404,D,20230809,14:59,224,1,4101.0,15,0,大商所,2023
20230809,XDCE,J,J2310,N,20230808,21:11,12,2,2204.5,15,0,大商所,2023
20230809,XDCE,PG,PG2402,N,20230808,21:02,3,4,4471.0,15,0,大商所,2023
20230809,XDCE,PP,PP2406,N,20230808,22:15,76,2,7292.0,15,0,大商所,2023
20230825,XDCE,EB,EB2308,N,20230824,21:36,37,7,8799.0,15,0,大商所,2023
20230825,XDCE,JD,JD2404,D,20230825,09:01,2,1,4021.0,15,0,大商所,2023
20230825,XDCE,PG,PG2404,N,20230824,21:10,11,1,4817.0,15,0,大商所,2023
20230825,XDCE,PP,PP2403,N,20230824,21:01,2,25,7602.88,15,0,大商所,2023
20230825,XDCE,RR,RR2403,N,20230824,21:09,10,1,3665.0,15,0,大商所,2023
20230825,XDCE,RR,RR2406,N,20230824,21:05,6,1,3684.0,15,0,大商所,2023
20230912,XDCE,B,B2403,N,20230911,21:25,26,1,4428.0,15,0,大商所,2023
20230912,XDCE,B,B2404,N,20230911,22:27,88,2,4284.0,15,0,大商所,2023
20230912,XDCE,JM,JM2312,N,20230911,21:01,2,1,1727.5,15,0,大商所,2023
20230912,XDCE,RR,RR2310,N,20230911,21:03,4,1,3667.0,15,0,大商所,2023
20230928,XDCE,B,B2404,N,20230927,21:08,9,1,4150.0,15,0,大商所,2023
20230928,XDCE,EB,EB2406,N,20230927,21:08,9,2,8313.0,15,0,大商所,2023
20230928,XDCE,EB,EB2407,N,20230927,21:08,9,2,8283.0,15,0,大商所,2023
20230928,XDCE,P,P2403,N,20230927,21:01,2,1,7386.0,15,0,大商所,2023
20230928,XDCE,PG,PG2406,N,20230927,22:16,77,1,5026.0,15,0,大商所,2023
20230928,XDCE,PP,PP2403,N,20230927,21:01,2,30,7666.2,15,0,大商所,2023
20230928,XDCE,PP,PP2404,N,20230927,21:01,2,30,7676.0,15,0,大商所,2023
20230928,XDCE,V,V2406,N,20230927,21:04,5,1,6201.0,15,0,大商所,2023
20231024,XDCE,CS,CS2409,N,20231023,21:01,2,1,2877.0,15,0,大商所,2023
20231024,XDCE,JM,JM2406,D,20231024,14:43,208,2,1568.25,15,0,大商所,2023
20231024,XDCE,PP,PP2409,N,20231023,21:01,2,10,7399.0,15,0,大商所,2023
20231109,XDCE,B,B2406,N,20231108,21:01,2,1,4116.0,15,0,大商所,2023
20231109,XDCE,I,I2408,N,20231108,21:01,2,17,841.412,15,0,大商所,2023
20231109,XDCE,J,J2409,N,20231108,21:24,25,1,2393.5,15,0,大商所,2023
20231109,XDCE,L,L2311,N,20231108,21:08,9,3,8113.0,15,0,大商所,2023
20231109,XDCE,RR,RR2402,N,20231108,21:37,38,1,3578.0,15,0,大商所,2023
20231109,XDCE,V,V2408,N,20231108,21:08,9,2,6320.0,15,0,大商所,2023
20231127,XDCE,PP,PP2410,D,20231127,14:18,183,2,7455.0,15,0,大商所,2023
20231213,XDCE,P,P2408,N,20231212,21:01,2,1,7118.0,15,0,大商所,2023
20231213,XDCE,PP,PP2408,D,20231213,09:15,15,3,7450.0,15,0,大商所,2023
20231213,XDCE,RR,RR2408,N,20231212,21:59,60,1,3640.0,15,0,大商所,2023
20231213,XDCE,RR,RR2409,N,20231212,21:59,60,1,3627.0,15,0,大商所,2023
20231213,XDCE,V,V2312,N,20231212,21:01,2,10,5809.5,15,0,大商所,2023
20231229,XDCE,B,B2406,N,20231228,21:01,2,2,3921.0,15,0,大商所,2023
20231229,XDCE,J,J2408,D,20231229,11:14,119,1,2479.0,15,0,大商所,2023
20231229,XDCE,JM,JM2402,N,20231228,21:01,2,1,1888.5,15,0,大商所,2023
20231229,XDCE,JM,JM2406,N,20231228,21:01,2,3,1874.17,15,0,大商所,2023
20231229,XDCE,JM,JM2408,N,20231228,22:53,114,1,1842.5,15,0,大商所,2023
20231229,XDCE,P,P2407,N,20231228,21:01,2,5,7152.0,15,0,大商所,2023
20231229,XDCE,P,P2408,N,20231228,21:01,2,4,7102.0,15,0,大商所,2023
20240117,XDCE,EB,EB2411,N,20240116,22:29,90,1,8478.0,15,0,大商所,2024
20240117,XDCE,FB,FB2404,D,20240117,09:03,4,60,1305.55,15,0,大商所,2024
20240117,XDCE,J,J2406,N,20240116,21:05,6,1,2426.0,15,0,大商所,2024
20240117,XDCE,L,L2406,N,20240116,21:01,2,1,8150.0,15,0,大商所,2024
20240117,XDCE,P,P2408,N,20240116,21:01,2,2,7037.0,15,0,大商所,2024
20240117,XDCE,P,P2410,N,20240116,21:01,2,1,6872.0,15,0,大商所,2024
20240117,XDCE,P,P2411,N,20240116,21:01,2,1,6834.0,15,0,大商所,2024
20240117,XDCE,PG,PG2409,N,20240116,21:01,2,4,4363.0,15,0,大商所,2024
20240117,XDCE,PG,PG2410,N,20240116,21:01,2,4,4793.0,15,0,大商所,2024
20240117,XDCE,V,V2407,N,20240116,21:01,2,7,5934.14,15,0,大商所,2024
20240202,XDCE,A,A2411,N,20240201,21:17,18,1,4624.0,15,0,大商所,2024
20240202,XDCE,EB,EB2407,N,20240201,21:01,2,16,8675.0,15,0,大商所,2024
20240202,XDCE,EG,EG2407,N,20240201,21:01,2,2,4671.0,15,0,大商所,2024
20240202,XDCE,EG,EG2408,N,20240201,21:01,2,1,4661.0,15,0,大商所,2024
20240202,XDCE,I,I2410,N,20240201,21:01,2,6,885.5,15,0,大商所,2024
20240202,XDCE,I,I2411,N,20240201,21:01,2,9,871.167,15,0,大商所,2024
20240202,XDCE,I,I2412,N,20240201,21:01,2,6,859.167,15,0,大商所,2024
20240202,XDCE,J,J2404,N,20240201,21:02,3,1,2339.0,15,0,大商所,2024
20240202,XDCE,L,L2408,N,20240201,21:18,19,1,8096.0,15,0,大商所,2024
20240202,XDCE,P,P2407,N,20240201,21:01,2,1,6924.0,15,0,大商所,2024
20240202,XDCE,PG,PG2406,N,20240201,21:01,2,7,4523.0,15,0,大商所,2024
20240202,XDCE,PG,PG2408,N,20240201,21:29,30,1,4349.0,15,0,大商所,2024
20240202,XDCE,PP,PP2407,N,20240201,21:01,2,5,7347.8,15,0,大商所,2024
20240202,XDCE,PP,PP2408,N,20240201,21:01,2,4,7350.0,15,0,大商所,2024
20240228,XDCE,B,B2406,N,20240227,21:01,2,8,3520.5,15,0,大商所,2024
20240228,XDCE,B,B2407,N,20240227,21:01,2,9,3539.0,15,0,大商所,2024
20240228,XDCE,B,B2408,N,20240227,21:01,2,2,3607.5,15,0,大商所,2024
20240228,XDCE,EG,EG2408,N,20240227,21:01,2,3,4629.33,15,0,大商所,2024
20240228,XDCE,EG,EG2410,N,20240227,22:11,72,2,4612.0,15,0,大商所,2024
20240228,XDCE,J,J2404,N,20240227,21:01,2,1,2375.0,15,0,大商所,2024
20240228,XDCE,JM,JM2501,N,20240227,21:09,10,1,1701.5,15,0,大商所,2024
20240228,XDCE,L,L2407,N,20240227,21:01,2,1,8199.0,15,0,大商所,2024
20240228,XDCE,L,L2408,N,20240227,21:01,2,1,8215.0,15,0,大商所,2024
20240228,XDCE,PP,PP2412,D,20240228,10:49,94,10,7471.0,15,0,大商所,2024
20240315,XDCE,EG,EG2404,N,20240314,21:02,3,1,4553.0,15,0,大商所,2024
20240315,XDCE,EG,EG2406,N,20240314,21:01,2,6,4615.33,15,0,大商所,2024
20240315,XDCE,EG,EG2407,N,20240314,21:01,2,4,4627.0,15,0,大商所,2024
20240315,XDCE,EG,EG2408,N,20240314,21:01,2,2,4637.0,15,0,大商所,2024
20240315,XDCE,I,I2411,N,20240314,21:01,2,4,761.5,15,0,大商所,2024
20240315,XDCE,I,I2412,N,20240314,21:01,2,4,755.5,15,0,大商所,2024
20240315,XDCE,J,J2404,N,20240314,21:17,18,4,2185.5,15,0,大商所,2024
20240315,XDCE,L,L2407,N,20240314,21:01,2,2,8170.0,15,0,大商所,2024
20240315,XDCE,L,L2408,N,20240314,21:01,2,2,8175.5,15,0,大商所,2024
20240315,XDCE,L,L2410,N,20240314,21:01,2,4,8163.0,15,0,大商所,2024
20240315,XDCE,L,L2411,N,20240314,22:05,66,2,8207.0,15,0,大商所,2024
20240315,XDCE,PP,PP2410,N,20240314,21:19,20,2,7477.0,15,0,大商所,2024
20240315,XDCE,PP,PP2411,N,20240314,21:19,20,2,7480.0,15,0,大商所,2024
20240315,XDCE,V,V2407,N,20240314,21:01,2,11,5950.91,15,0,大商所,2024
20240315,XDCE,V,V2410,N,20240314,21:01,2,2,6044.5,15,0,大商所,2024
20240315,XDCE,V,V2411,N,20240314,21:01,2,1,6070.0,15,0,大商所,2024
20240402,XDCE,B,B2411,N,20240401,21:08,9,1,3936.0,15,0,大商所,2024
20240402,XDCE,EB,EB2404,N,20240401,21:07,8,1,9480.0,15,0,大商所,2024
20240402,XDCE,EB,EB2501,N,20240401,21:13,14,2,8836.5,15,0,大商所,2024
20240402,XDCE,EG,EG2404,D,20240402,09:01,1,50,4478.0,15,0,大商所,2024
20240402,XDCE,EG,EG2501,N,20240401,21:04,5,5,4644.0,15,0,大商所,2024
20240402,XDCE,PG,PG2408,N,20240401,21:01,2,1,4511.0,15,0,大商所,2024
20240402,XDCE,V,V2408,N,20240401,21:01,2,3,5935.33,15,0,大商所,2024
20240422,XDCE,B,B2503,N,20240419,21:56,57,1,3829.0,15,0,大商所,2024
20240422,XDCE,EB,EB2502,D,20240422,11:23,128,1,8864.0,15,0,大商所,2024
20240422,XDCE,EG,EG2408,N,20240419,21:01,2,1,4523.0,15,0,大商所,2024
20240422,XDCE,J,J2410,N,20240419,21:29,30,5,2342.0,15,0,大商所,2024
20240422,XDCE,J,J2501,N,20240419,21:01,2,1,2330.5,15,0,大商所,2024
20240422,XDCE,JD,JD2503,D,20240422,09:01,2,1,3620.0,15,0,大商所,2024
20240422,XDCE,JM,JM2408,N,20240419,22:31,92,2,1802.0,15,0,大商所,2024
20240422,XDCE,L,L2407,N,20240419,21:01,2,11,8453.0,15,0,大商所,2024
20240422,XDCE,L,L2408,N,20240419,21:01,2,8,8458.75,15,0,大商所,2024
20240422,XDCE,L,L2410,N,20240419,21:01,2,4,8457.0,15,0,大商所,2024
20240422,XDCE,L,L2502,N,20240419,21:30,31,3,8453.67,15,0,大商所,2024
20240422,XDCE,L,L2503,N,20240419,21:30,31,3,8460.0,15,0,大商所,2024
20240513,XGFE,LC,LC2405,D,20240513,09:30,31,30,107000.0,15,0,广期所,2024
20240513,XDCE,CS,CS2405,D,20240513,10:50,95,790,2856.63,15,0,大商所,2024
20240513,XDCE,EG,EG2407,N,20240510,21:01,2,1,4328.0,15,0,大商所,2024
20240513,XDCE,J,J2405,D,20240513,13:47,152,3,2216.0,15,0,大商所,2024
20240513,XDCE,JM,JM2405,D,20240513,10:41,86,38,1480.0,15,0,大商所,2024
20240513,XDCE,JM,JM2410,N,20240510,22:17,78,1,1761.0,15,0,大商所,2024
20240513,XDCE,JM,JM2411,N,20240510,21:31,32,2,1824.75,15,0,大商所,2024
20240513,XDCE,L,L2408,N,20240510,21:01,2,1,8427.0,15,0,大商所,2024
20240513,XDCE,L,L2410,N,20240510,21:01,2,3,8428.0,15,0,大商所,2024
20240513,XDCE,PG,PG2501,N,20240510,21:03,4,1,4746.0,15,0,大商所,2024
20240513,XDCE,PG,PG2503,N,20240510,21:03,4,1,4601.0,15,0,大商所,2024
20240513,XDCE,PP,PP2407,N,20240510,21:01,2,5,7509.6,15,0,大商所,2024
20240513,XDCE,PP,PP2408,N,20240510,21:01,2,9,7522.0,15,0,大商所,2024
20240513,XDCE,PP,PP2410,N,20240510,21:01,2,6,7527.67,15,0,大商所,2024
20240529,XDCE,B,B2504,N,20240528,21:43,44,3,3939.0,15,0,大商所,2024
20240529,XDCE,L,L2408,N,20240528,21:07,8,2,8605.0,15,0,大商所,2024
20240529,XDCE,L,L2410,N,20240528,21:01,2,1,8616.0,15,0,大商所,2024
20240529,XDCE,P,P2412,N,20240528,21:01,2,9,7797.33,15,0,大商所,2024
20240529,XDCE,PG,PG2502,N,20240528,21:50,51,3,5018.0,15,0,大商所,2024
20240529,XDCE,Y,Y2412,N,20240528,21:01,2,4,8193.5,15,0,大商所,2024
20240617,XDCE,B,B2410,N,20240614,21:02,3,6,4013.0,15,0,大商所,2024
20240617,XDCE,B,B2502,D,20240617,09:09,9,5,3942.0,15,0,大商所,2024
20240617,XDCE,B,B2503,N,20240614,21:10,11,3,3860.0,15,0,大商所,2024
20240617,XDCE,B,B2504,N,20240614,21:10,11,3,3811.0,15,0,大商所,2024
20240617,XDCE,EB,EB2502,D,20240617,14:28,193,1,8991.0,15,0,大商所,2024
20240617,XDCE,EB,EB2503,N,20240614,21:11,12,1,8955.0,15,0,大商所,2024
20240617,XDCE,EB,EB2505,N,20240614,21:11,12,1,8901.0,15,0,大商所,2024
20240617,XDCE,EG,EG2410,N,20240614,21:01,2,2,4514.0,15,0,大商所,2024
20240617,XDCE,L,L2406,D,20240617,15:00,225,1,8431.0,15,0,大商所,2024
20240617,XDCE,PP,PP2410,N,20240614,21:01,2,1,7699.0,15,0,大商所,2024
20240617,XDCE,RR,RR2410,N,20240614,21:01,2,1,3524.0,15,0,大商所,2024
20240617,XDCE,V,V2502,N,20240614,21:01,2,8,6401.62,15,0,大商所,2024
20240703,XDCE,EB,EB2502,N,20240702,21:35,36,1,8997.0,15,0,大商所,2024
20240703,XDCE,EB,EB2503,N,20240702,21:34,35,1,8953.0,15,0,大商所,2024
20240703,XDCE,EB,EB2505,N,20240702,22:05,66,1,8780.0,15,0,大商所,2024
20240703,XDCE,EG,EG2410,N,20240702,21:01,2,1,4685.0,15,0,大商所,2024
20240703,XDCE,EG,EG2411,N,20240702,21:01,2,1,4683.0,15,0,大商所,2024
20240703,XDCE,PG,PG2506,N,20240702,22:10,71,1,4872.0,15,0,大商所,2024
20240703,XDCE,PP,PP2502,D,20240703,09:01,1,1,7834.0,15,0,大商所,2024
20240703,XDCE,V,V2411,N,20240702,21:01,2,3,6215.67,15,0,大商所,2024
20240703,XDCE,V,V2412,N,20240702,21:01,2,2,6257.5,15,0,大商所,2024
20240719,XDCE,B,B2502,N,20240718,22:19,80,1,3739.0,15,0,大商所,2024
20240719,XDCE,EB,EB2412,N,20240718,21:01,2,1,8864.0,15,0,大商所,2024
20240719,XDCE,EB,EB2501,N,20240718,21:01,2,1,8791.0,15,0,大商所,2024
20240719,XDCE,EG,EG2408,N,20240718,21:03,4,8,4649.0,15,0,大商所,2024
20240719,XDCE,EG,EG2411,N,20240718,21:04,5,14,4653.0,15,0,大商所,2024
20240719,XDCE,EG,EG2412,N,20240718,21:04,5,14,4632.86,15,0,大商所,2024
20240719,XDCE,L,L2408,N,20240718,21:51,52,5,8363.0,15,0,大商所,2024
20240719,XDCE,L,L2505,N,20240718,21:02,3,1,8364.0,15,0,大商所,2024
20240719,XDCE,P,P2408,N,20240718,21:04,5,1,7862.0,15,0,大商所,2024
20240719,XDCE,PG,PG2502,N,20240718,22:58,119,2,4755.0,15,0,大商所,2024
20240719,XDCE,PG,PG2505,N,20240718,21:16,17,1,4819.0,15,0,大商所,2024
20240719,XDCE,PG,PG2506,N,20240718,22:10,71,2,4745.5,15,0,大商所,2024
20240719,XDCE,PP,PP2410,N,20240718,21:01,2,1,7691.0,15,0,大商所,2024
20240719,XDCE,PP,PP2411,N,20240718,21:01,2,1,7702.0,15,0,大商所,2024
20240719,XDCE,PP,PP2502,N,20240718,21:01,2,1,7663.0,15,0,大商所,2024
20240719,XDCE,V,V2412,N,20240718,21:01,2,4,6016.5,15,0,大商所,2024
20240806,XGFE,SI,SI2408,D,20240806,10:07,68,20,10400.0,15,0,广期所,2024
20240806,XDCE,L,L2408,D,20240806,15:00,225,1,8311.0,15,0,大商所,2024
20240806,XDCE,PG,PG2504,N,20240805,21:01,2,1,4718.0,15,0,大商所,2024
20240806,XDCE,Y,Y2408,D,20240806,14:56,221,150,7430.0,15,0,大商所,2024
20240822,XDCE,B,B2502,N,20240821,21:01,2,5,3494.0,15,0,大商所,2024
20240822,XDCE,EG,EG2504,N,20240821,21:43,44,1,4724.0,15,0,大商所,2024
20240822,XDCE,P,P2506,N,20240821,21:01,2,1,7446.0,15,0,大商所,2024
20240822,XDCE,P,P2507,N,20240821,21:01,2,1,7408.0,15,0,大商所,2024
20240822,XDCE,PP,PP2412,N,20240821,21:02,3,4,7594.0,15,0,大商所,2024
20240822,XDCE,PP,PP2502,N,20240821,21:02,3,4,7512.0,15,0,大商所,2024
20240822,XDCE,PP,PP2503,N,20240821,21:01,2,2,7539.0,15,0,大商所,2024
20240822,XDCE,RR,RR2411,N,20240821,21:01,2,1,3493.0,15,0,大商所,2024
20240822,XDCE,RR,RR2412,N,20240821,21:01,2,1,3524.0,15,0,大商所,2024
20240909,XGFE,SI,SI2409,D,20240909,14:39,205,1,9660.0,15,0,广期所,2024
20240909,XDCE,L,L2503,D,20240909,09:01,1,4,7844.0,15,0,大商所,2024
20240909,XDCE,L,L2506,N,20240906,21:34,35,1,7823.0,15,0,大商所,2024
20240909,XDCE,P,P2409,D,20240909,09:40,40,10,8004.0,15,0,大商所,2024
20240909,XDCE,P,P2502,N,20240906,21:02,3,4,7872.0,15,0,大商所,2024
20240909,XDCE,PP,PP2412,N,20240906,21:19,20,2,7402.0,15,0,大商所,2024
20240909,XDCE,PP,PP2507,N,20240906,22:09,70,2,7266.0,15,0,大商所,2024
20240909,XDCE,V,V2503,N,20240906,21:01,2,11,5395.0,15,0,大商所,2024
20240927,XDCE,EB,EB2504,N,20240926,22:54,115,1,8305.0,15,0,大商所,2024
20240927,XDCE,L,L2502,N,20240926,21:50,51,1,7882.0,15,0,大商所,2024
20240927,XDCE,PG,PG2504,N,20240926,21:15,16,28,4571.0,15,0,大商所,2024
20240927,XDCE,PG,PG2506,D,20240927,10:44,89,1,4379.0,15,0,大商所,2024
20240927,XDCE,PP,PP2410,N,20240926,21:01,2,9,7363.0,15,0,大商所,2024
20241022,XDCE,A,A2507,N,20241021,21:01,2,2,4002.0,15,0,大商所,2024
20241022,XDCE,A,A2509,N,20241021,21:01,2,1,4016.0,15,0,大商所,2024
20241022,XDCE,EB,EB2410,N,20241021,21:05,6,200,8604.0,15,0,大商所,2024
20241022,XDCE,L,L2502,N,20241021,21:01,2,3,7990.33,15,0,大商所,2024
20241022,XDCE,L,L2508,N,20241021,22:16,77,1,8025.0,15,0,大商所,2024
20241022,XDCE,P,P2506,N,20241021,21:20,21,1,8478.0,15,0,大商所,2024
20241022,XDCE,PG,PG2410,D,20241022,13:46,151,15,4928.0,15,0,大商所,2024
20241022,XDCE,PG,PG2507,N,20241021,22:33,94,2,4450.0,15,0,大商所,2024
20241022,XDCE,PG,PG2508,N,20241021,22:33,94,2,4400.0,15,0,大商所,2024
20241022,XDCE,PG,PG2509,N,20241021,21:15,16,1,4380.0,15,0,大商所,2024
20241022,XDCE,PP,PP2507,N,20241021,21:23,24,2,7486.0,15,0,大商所,2024
20241022,XDCE,V,V2506,N,20241021,21:01,2,14,5722.0,15,0,大商所,2024
20241107,XDCE,J,J2509,N,20241106,21:13,14,1,2131.0,15,0,大商所,2024
20241107,XDCE,L,L2503,N,20241106,21:02,3,4,8021.0,15,0,大商所,2024
20241107,XDCE,L,L2504,N,20241106,21:02,3,4,8050.0,15,0,大商所,2024
20241107,XDCE,L,L2506,N,20241106,21:40,41,1,8094.0,15,0,大商所,2024
20241107,XDCE,M,M2411,N,20241106,22:39,100,27,3025.0,15,0,大商所,2024
20241107,XDCE,P,P2506,N,20241106,21:16,17,1,9014.0,15,0,大商所,2024
20241125,XDCE,PG,PG2508,N,20241122,21:14,15,3,4325.0,15,0,大商所,2024
20241125,XDCE,PG,PG2509,N,20241122,21:14,15,3,4262.0,15,0,大商所,2024
20241125,XDCE,RR,RR2503,N,20241122,21:01,2,1,3516.0,15,0,大商所,2024
20241125,XDCE,RR,RR2504,N,20241122,21:01,2,1,3530.0,15,0,大商所,2024
20241125,XDCE,V,V2506,N,20241122,21:01,2,1,5591.0,15,0,大商所,2024
20241125,XDCE,V,V2507,N,20241122,21:01,2,1,5629.0,15,0,大商所,2024
20241211,XGFE,SI,SI2412,D,20241211,09:04,5,100,11800.0,15,0,广期所,2024
20241211,XDCE,EG,EG2509,N,20241210,21:05,6,1,4798.0,15,0,大商所,2024
20241211,XDCE,L,L2504,N,20241210,21:18,19,5,8141.0,15,0,大商所,2024
20241211,XDCE,PP,PP2504,N,20241210,21:02,3,1,7440.0,15,0,大商所,2024
20241211,XDCE,RR,RR2501,N,20241210,21:01,2,1,3487.0,15,0,大商所,2024
20241211,XDCE,V,V2508,N,20241210,21:01,2,1,5454.0,15,0,大商所,2024
20241227,XDCE,B,B2507,N,20241226,21:01,2,1,3296.0,15,0,大商所,2024
20241227,XDCE,L,L2510,N,20241226,21:42,43,3,7995.0,15,0,大商所,2024
20241227,XDCE,PG,PG2508,N,20241226,22:53,114,1,4246.0,15,0,大商所,2024
20241227,XDCE,PG,PG2510,N,20241226,22:35,96,1,4625.0,15,0,大商所,2024
20250115,XGFE,LC,LC2501,D,20250115,09:58,59,130,77580.0,15,0,广期所,2025
20250115,XDCE,EB,EB2512,D,20250115,09:31,31,1,8269.0,15,0,大商所,2025
20250115,XDCE,I,I2501,D,20250115,15:00,225,236,773.0,15,0,大商所,2025
20250115,XDCE,PG,PG2510,N,20250114,21:06,7,7,4733.0,15,0,大商所,2025
20250115,XDCE,PG,PG2511,N,20250114,21:06,7,2,4638.0,15,0,大商所,2025
20250210,XDCE,CS,CS2511,N,20250207,21:01,2,2,2630.0,15,0,大商所,2025
20250210,XDCE,CS,CS2601,N,20250207,21:01,2,2,2635.0,15,0,大商所,2025
20250210,XDCE,EB,EB2509,N,20250207,21:13,14,1,8410.0,15,0,大商所,2025
20250210,XDCE,PG,PG2508,N,20250207,21:14,15,1,4374.0,15,0,大商所,2025
20250210,XDCE,PP,PP2510,N,20250207,21:14,15,9,7407.0,15,0,大商所,2025
20250210,XDCE,V,V2510,N,20250207,21:23,24,2,5412.0,15,0,大商所,2025
20250210,XDCE,V,V2511,N,20250207,21:23,24,2,5441.0,15,0,大商所,2025
20250226,XDCE,EG,EG2506,N,20250225,21:12,13,4,4638.0,15,0,大商所,2025
20250226,XDCE,P,P2507,N,20250225,21:06,7,6,8800.67,15,0,大商所,2025
20250226,XDCE,P,P2510,D,20250226,14:07,172,2,8582.0,15,0,大商所,2025
20250226,XDCE,P,P2511,N,20250225,21:41,42,2,8501.0,15,0,大商所,2025
20250226,XDCE,PG,PG2512,N,20250225,22:38,99,2,4475.0,15,0,大商所,2025
20250226,XDCE,PP,PP2510,N,20250225,21:43,44,1,7369.0,15,0,大商所,2025
20250226,XDCE,PP,PP2512,N,20250225,21:28,29,2,7375.0,15,0,大商所,2025
20250226,XDCE,V,V2506,N,20250225,21:01,2,8,5252.0,15,0,大商所,2025
20250226,XDCE,V,V2507,N,20250225,21:01,2,9,5288.22,15,0,大商所,2025
20250320,XDCE,EG,EG2508,N,20250319,21:51,52,1,4527.0,15,0,大商所,2025
20250320,XDCE,I,I2508,N,20250319,21:02,3,1,734.5,15,0,大商所,2025
20250320,XDCE,L,L2512,N,20250319,21:29,30,2,7578.0,15,0,大商所,2025
20250320,XDCE,P,P2510,N,20250319,21:15,16,2,8226.0,15,0,大商所,2025
20250320,XDCE,PG,PG2512,D,20250320,09:06,6,2,4388.5,15,0,大商所,2025
20250320,XDCE,PG,PG2601,D,20250320,09:06,6,2,4316.0,15,0,大商所,2025
20250320,XDCE,PG,PG2602,D,20250320,14:05,170,1,4250.0,15,0,大商所,2025
20250408,XDCE,B,B2504,D,20250408,15:00,225,1,3463.0,15,0,大商所,2025
20250408,XDCE,J,J2601,N,20250407,21:34,35,1,1674.5,15,0,大商所,2025
20250408,XDCE,L,L2510,N,20250407,21:01,2,2,7271.5,15,0,大商所,2025
20250408,XDCE,L,L2511,N,20250407,21:01,2,2,7276.0,15,0,大商所,2025
20250408,XDCE,L,L2602,N,20250407,21:01,2,4,7268.5,15,0,大商所,2025
20250408,XDCE,PP,PP2603,N,20250407,21:57,58,1,7145.0,15,0,大商所,2025
20250424,XDCE,J,J2511,D,20250424,14:51,216,1,1579.0,15,0,大商所,2025
20250424,XDCE,P,P2512,N,20250423,21:21,22,1,8166.0,15,0,大商所,2025
20250424,XDCE,P,P2602,N,20250423,21:21,22,2,8140.0,15,0,大商所,2025
20250424,XDCE,PG,PG2504,D,20250424,14:31,196,1,4705.0,15,0,大商所,2025
20250424,XDCE,PG,PG2511,N,20250423,21:51,52,2,4400.0,15,0,大商所,2025
20250424,XDCE,PG,PG2602,N,20250423,23:00,121,1,4173.0,15,0,大商所,2025
20250424,XDCE,V,V2602,N,20250423,21:18,19,2,5155.0,15,0,大商所,2025
20250515,XDCE,C,C2505,N,20250514,21:04,5,19,2323.0,15,0,大商所,2025
20250515,XDCE,EG,EG2511,N,20250514,21:01,2,2,4489.0,15,0,大商所,2025
20250515,XDCE,EG,EG2512,N,20250514,21:01,2,2,4473.0,15,0,大商所,2025
20250515,XDCE,JM,JM2602,N,20250514,21:03,4,1,914.5,15,0,大商所,2025
20250515,XDCE,L,L2510,N,20250514,21:02,3,4,7293.0,15,0,大商所,2025
20250515,XDCE,L,L2511,N,20250514,21:02,3,5,7286.2,15,0,大商所,2025
20250515,XDCE,Y,Y2603,N,20250514,21:20,21,2,7840.0,15,0,大商所,2025
20250620,XDCE,L,L2604,N,20250619,21:39,40,2,7418.0,15,0,大商所,2025
20250620,XDCE,P,P2605,N,20250619,21:02,3,1,8390.0,15,0,大商所,2025
20250620,XDCE,PG,PG2601,N,20250619,21:09,10,3,4460.0,15,0,大商所,2025
20250620,XDCE,PG,PG2602,N,20250619,21:09,10,3,4367.67,15,0,大商所,2025
20250620,XDCE,Y,Y2511,N,20250619,21:01,2,1,8146.0,15,0,大商所,2025
20250708,XDCE,B,B2603,N,20250707,21:07,8,1,3538.0,15,0,大商所,2025
20250708,XDCE,I,I2512,N,20250707,21:01,2,3,712.0,15,0,大商所,2025
20250708,XDCE,L,L2510,N,20250707,21:02,3,1,7253.0,15,0,大商所,2025
20250708,XDCE,PG,PG2605,D,20250708,09:03,3,1,4279.0,15,0,大商所,2025
20250708,XDCE,PP,PP2606,N,20250707,22:55,116,2,7011.0,15,0,大商所,2025
20250728,XDCE,EB,EB2507,D,20250728,15:00,225,87,7330.0,15,0,大商所,2025
20250728,XDCE,JD,JD2507,D,20250728,15:00,226,6,2917.0,15,0,大商所,2025
20250728,XDCE,L,L2603,N,20250725,21:33,34,2,7472.0,15,0,大商所,2025
20250728,XDCE,LH,LH2507,D,20250728,15:00,226,7,14000.0,15,0,大商所,2025
20250728,XDCE,P,P2604,N,20250725,22:41,102,2,8767.0,15,0,大商所,2025
20250813,XGFE,LC,LC2508,D,20250813,09:01,2,11,86140.0,15,0,广期所,2025
20250813,XDCE,P,P2508,D,20250813,09:18,18,1,9268.0,15,0,大商所,2025
20250813,XDCE,P,P2604,N,20250812,21:48,49,1,9198.0,15,0,大商所,2025
20250813,XDCE,V,V2508,N,20250812,21:02,3,200,5003.0,15,0,大商所,2025
20250829,XDCE,EB,EB2606,D,20250829,13:58,163,2,7341.0,15,0,大商所,2025
20250829,XDCE,EG,EG2606,D,20250829,13:53,158,1,4522.0,15,0,大商所,2025
20250829,XDCE,I,I2602,N,20250828,21:01,2,4,784.5,15,0,大商所,2025
20250829,XDCE,PG,PG2603,N,20250828,21:01,2,7,4058.86,15,0,大商所,2025
20250829,XDCE,PG,PG2604,N,20250828,21:01,2,7,4359.0,15,0,大商所,2025
20250829,XDCE,PG,PG2605,N,20250828,21:05,6,8,4273.0,15,0,大商所,2025
20250829,XDCE,PG,PG2606,N,20250828,21:05,6,7,4210.71,15,0,大商所,2025
20250829,XDCE,PG,PG2607,N,20250828,21:05,6,3,4152.0,15,0,大商所,2025
20250829,XDCE,RR,RR2602,D,20250829,11:15,120,6,3606.0,15,0,大商所,2025
20250917,XDCE,EG,EG2607,D,20250917,13:55,160,10,4365.0,15,0,大商所,2025
20250917,XDCE,J,J2606,N,20250916,21:10,11,1,1892.5,15,0,大商所,2025
20250917,XDCE,P,P2607,N,20250916,21:52,53,1,9058.0,15,0,大商所,2025
20250917,XDCE,P,P2608,N,20250916,21:52,53,1,8988.0,15,0,大商所,2025
20250917,XDCE,PG,PG2603,N,20250916,21:05,6,1,4148.0,15,0,大商所,2025
20250917,XDCE,PG,PG2604,N,20250916,21:28,29,1,4460.0,15,0,大商所,2025
20250917,XDCE,PG,PG2605,N,20250916,21:28,29,1,4376.0,15,0,大商所,2025
20250917,XDCE,PP,PP2609,N,20250916,21:32,33,4,6983.0,15,0,大商所,2025
20251013,XGFE,PS,PS2510,D,20251013,09:24,25,8,49440.0,15,0,广期所,2025
20251013,XDCE,JM,JM2607,N,20251010,21:01,2,1,1304.0,15,0,大商所,2025
20251013,XDCE,L,L2607,N,20251010,21:02,3,2,7090.0,15,0,大商所,2025
20251013,XDCE,P,P2607,N,20251010,21:11,12,2,9054.0,15,0,大商所,2025
20251013,XDCE,PG,PG2604,N,20251010,21:10,11,7,4185.57,15,0,大商所,2025
20251013,XDCE,PG,PG2606,N,20251010,21:28,29,3,4054.0,15,0,大商所,2025
20251013,XDCE,PG,PG2607,N,20251010,22:04,65,2,4019.0,15,0,大商所,2025
20251029,XDCE,CS,CS2609,N,20251028,21:15,16,9,2593.0,15,0,大商所,2025
20251029,XDCE,EB,EB2606,N,20251028,21:03,4,1,6855.0,15,0,大商所,2025
20251029,XDCE,EB,EB2607,N,20251028,21:03,4,1,6894.0,15,0,大商所,2025
20251029,XDCE,J,J2609,N,20251028,21:03,4,1,1975.5,15,0,大商所,2025
20251029,XDCE,L,L2604,N,20251028,21:01,2,6,7059.0,15,0,大商所,2025
20251029,XDCE,L,L2606,N,20251028,21:01,2,5,7058.2,15,0,大商所,2025
20251029,XDCE,L,L2607,N,20251028,21:01,2,2,7072.0,15,0,大商所,2025
20251029,XDCE,L,L2608,N,20251028,21:01,2,6,7084.0,15,0,大商所,2025
20251029,XDCE,LG,LG2609,D,20251029,09:04,5,2,828.0,15,0,大商所,2025
20251029,XDCE,P,P2608,N,20251028,21:44,45,3,8808.0,15,0,大商所,2025
20251029,XDCE,PG,PG2608,N,20251028,21:32,33,1,3994.0,15,0,大商所,2025
20251114,XGFE,LC,LC2511,D,20251114,10:41,87,20,86400.0,15,0,广期所,2025
20251114,XGFE,SI,SI2511,D,20251114,15:00,226,36,8675.0,15,0,广期所,2025
20251114,XDCE,B,B2511,D,20251114,15:00,225,3,3844.0,15,0,大商所,2025
20251114,XDCE,B,B2607,N,20251113,21:05,6,1,3538.0,15,0,大商所,2025
20251114,XDCE,I,I2511,D,20251114,15:00,225,8,803.5,15,0,大商所,2025
20251114,XDCE,J,J2609,N,20251113,21:01,2,1,1912.0,15,0,大商所,2025
20251114,XDCE,L,L2606,N,20251113,21:47,48,2,6910.5,15,0,大商所,2025
20251114,XDCE,L,L2607,N,20251113,21:47,48,2,6916.0,15,0,大商所,2025
20251114,XDCE,L,L2608,N,20251113,21:47,48,2,6934.5,15,0,大商所,2025
20251114,XDCE,M,M2511,D,20251114,15:00,225,217,2963.0,15,0,大商所,2025
20251114,XDCE,P,P2604,N,20251113,21:04,5,2,8890.0,15,0,大商所,2025
20251114,XDCE,PP,PP2511,D,20251114,09:03,3,11,6404.0,15,0,大商所,2025
20251114,XDCE,PP,PP2604,N,20251113,21:01,2,1,6561.0,15,0,大商所,2025
20251202,XGFE,SI,SI2512,D,20251202,11:07,113,151,9155.0,15,0,广期所,2025
20251202,XDCE,PP,PP2608,N,20251201,21:01,2,1,6480.0,15,0,大商所,2025
20251218,XDCE,BB,BB2601,D,20251218,15:00,226,3,144.65,15,0,大商所,2025
20251218,XDCE,EB,EB2512,D,20251218,15:00,225,600,6550.0,15,0,大商所,2025
20251218,XDCE,J,J2604,N,20251217,21:44,45,1,1701.5,15,0,大商所,2025
20251218,XDCE,M,M2612,N,20251217,21:01,2,2,2921.0,15,0,大商所,2025
20251218,XDCE,P,P2606,N,20251217,21:54,55,2,8367.0,15,0,大商所,2025
20251218,XDCE,P,P2610,N,20251217,21:10,11,3,8260.0,15,0,大商所,2025
20251218,XDCE,P,P2611,N,20251217,21:10,11,3,8260.0,15,0,大商所,2025
20251218,XDCE,PP,PP2610,N,20251217,21:02,3,1,6285.0,15,0,大商所,2025
20260107,XDCE,I,I2611,N,20260106,21:01,2,12,774.0,15,0,大商所,2026
20260107,XDCE,L,L2607,N,20260106,22:29,90,2,6672.0,15,0,大商所,2026
20260107,XDCE,P,P2601,D,20260107,10:58,103,1,8420.0,15,0,大商所,2026
20260107,XDCE,PG,PG2612,N,20260106,21:30,31,1,4130.0,15,0,大商所,2026
20260107,XDCE,PP,PP2607,N,20260106,21:02,3,20,6431.0,15,0,大商所,2026
20260107,XDCE,PP,PP2610,N,20260106,21:01,2,1,6424.0,15,0,大商所,2026
20260107,XDCE,RR,RR2603,N,20260106,21:01,2,1,3557.0,15,0,大商所,2026
20260123,XDCE,A,A2701,N,20260122,21:02,3,4,4377.25,15,0,大商所,2026
20260123,XDCE,EB,EB2601,D,20260123,15:00,225,39,6994.0,15,0,大商所,2026
20260123,XDCE,EB,EB2610,N,20260122,21:14,15,6,7423.33,15,0,大商所,2026
20260123,XDCE,J,J2604,D,20260123,10:34,79,1,1695.0,15,0,大商所,2026
20260123,XDCE,L,L2610,N,20260122,21:07,8,1,6874.0,15,0,大商所,2026
20260123,XDCE,P,P2604,N,20260122,21:02,3,1,8916.0,15,0,大商所,2026
20260123,XDCE,PP,PP2608,N,20260122,21:01,2,8,6618.0,15,0,大商所,2026
20260123,XDCE,PP,PP2610,N,20260122,21:01,2,8,6583.0,15,0,大商所,2026
20260123,XDCE,PP,PP2701,N,20260122,21:01,2,5,6599.0,15,0,大商所,2026
20260210,XDCE,EB,EB2608,N,20260209,21:01,2,5,7300.2,15,0,大商所,2026
20260210,XDCE,EB,EB2701,N,20260209,21:34,35,1,7299.0,15,0,大商所,2026
20260210,XDCE,PG,PG2612,D,20260210,14:06,171,1,4271.0,15,0,大商所,2026
20260210,XDCE,PP,PP2610,N,20260209,21:03,4,5,6633.0,15,0,大商所,2026
20260310,XGFE,PD,PD2608,D,20260310,09:02,3,2,414.15,15,0,广期所,2026
20260310,XGFE,PD,PD2612,D,20260310,09:02,3,2,410.6,15,0,广期所,2026
20260310,XGFE,PS,PS2603,D,20260310,13:36,142,2,43700.0,15,0,广期所,2026
20260310,XDCE,BZ,BZ2603,D,20260310,13:42,148,20,7857.0,15,0,大商所,2026
20260310,XDCE,P,P2610,N,20260309,21:04,5,2,9644.0,15,0,大商所,2026
20260310,XDCE,PP,PP2603,D,20260310,15:00,225,429,7580.0,15,0,大商所,2026
20260310,XDCE,Y,Y2701,N,20260309,21:01,2,6,8586.0,15,0,大商所,2026
20260327,XGFE,PS,PS2604,D,20260327,09:15,16,10,35400.0,15,0,广期所,2026
20260327,XDCE,BZ,BZ2611,D,20260327,09:08,9,1,7645.0,15,0,大商所,2026
20260327,XDCE,JM,JM2702,N,20260326,21:01,2,1,1573.5,15,0,大商所,2026
20260327,XDCE,JM,JM2703,N,20260326,21:01,2,1,1578.0,15,0,大商所,2026
20260327,XDCE,L,L2702,N,20260326,22:08,69,13,8335.23,15,0,大商所,2026
20260327,XDCE,PP,PP2611,N,20260326,21:08,9,4,8638.0,15,0,大商所,2026
20260327,XDCE,PP,PP2702,D,20260327,09:54,54,1,8267.0,15,0,大商所,2026
20260327,XDCE,PP,PP2703,D,20260327,09:54,54,1,8232.0,15,0,大商所,2026
20260422,XGFE,PT,PT2612,D,20260422,09:35,36,1,521.3,15,0,广期所,2026
20260422,XDCE,B,B2702,N,20260421,21:18,19,2,3815.0,15,0,大商所,2026
20260422,XDCE,BZ,BZ2611,D,20260422,09:00,1,3,7454.67,15,0,大商所,2026
20260422,XDCE,BZ,BZ2612,D,20260422,09:00,1,3,7319.33,15,0,大商所,2026
20260422,XDCE,EB,EB2612,D,20260422,09:20,20,1,8508.0,15,0,大商所,2026
20260422,XDCE,EG,EG2612,N,20260421,21:01,2,1,4618.0,15,0,大商所,2026
20260422,XDCE,EG,EG2702,N,20260421,21:03,4,1,4561.0,15,0,大商所,2026
20260422,XDCE,FB,FB2607,D,20260422,09:01,2,1,1353.0,15,0,大商所,2026
20260422,XDCE,FB,FB2608,D,20260422,09:01,2,1,1355.0,15,0,大商所,2026
20260422,XDCE,J,J2607,N,20260421,21:31,32,1,1797.0,15,0,大商所,2026
20260422,XDCE,J,J2608,N,20260421,21:31,32,1,1814.5,15,0,大商所,2026
20260422,XDCE,L,L2610,N,20260421,21:01,2,7,7900.14,15,0,大商所,2026
20260422,XDCE,L,L2611,N,20260421,21:02,3,2,7800.0,15,0,大商所,2026
20260422,XDCE,P,P2611,N,20260421,21:01,2,4,9697.0,15,0,大商所,2026
20260422,XDCE,PG,PG2612,N,20260421,21:27,28,1,5164.0,15,0,大商所,2026
20260514,XGFE,PS,PS2605,D,20260514,09:36,37,1,31550.0,15,0,广期所,2026
20260514,XDCE,EG,EG2605,D,20260514,15:00,225,78,4908.0,15,0,大商所,2026
20260514,XDCE,I,I2704,N,20260513,21:03,4,1,791.0,15,0,大商所,2026
20260514,XDCE,M,M2605,N,20260513,22:15,76,3,2866.0,15,0,大商所,2026
20260514,XDCE,P,P2610,N,20260513,21:01,2,4,9558.25,15,0,大商所,2026
20260514,XDCE,P,P2611,N,20260513,21:01,2,4,9581.0,15,0,大商所,2026
20260514,XDCE,PG,PG2704,N,20260513,22:57,118,1,5649.0,15,0,大商所,2026
20260514,XDCE,PP,PP2611,N,20260513,21:04,5,1,8456.0,15,0,大商所,2026
20260610,XGFE,SI,SI2606,D,20260610,10:02,63,1,8550.0,15,0,广期所,2026
20260610,XDCE,CS,CS2705,N,20260609,21:04,5,1,2702.0,15,0,大商所,2026
20260610,XDCE,J,J2611,N,20260609,21:18,19,2,2016.5,15,0,大商所,2026
20260610,XDCE,J,J2612,N,20260609,21:18,19,2,2032.0,15,0,大商所,2026
20260610,XDCE,P,P2612,N,20260609,21:01,2,6,9531.0,15,0,大商所,2026
20260610,XDCE,P,P2704,N,20260609,21:01,2,1,9615.0,15,0,大商所,2026
20260610,XDCE,PG,PG2704,N,20260609,22:33,94,2,5294.0,15,0,大商所,2026
20260610,XDCE,PG,PG2705,N,20260609,22:33,94,2,5125.0,15,0,大商所,2026
20260630,XGFE,PT,PT2702,D,20260630,09:01,2,1,406.1,15,0,广期所,2026
20260630,XDCE,B,B2703,N,20260629,22:00,61,1,3689.0,15,0,大商所,2026
20260630,XDCE,J,J2612,N,20260629,23:00,121,2,1987.5,15,0,大商所,2026
20260630,XDCE,J,J2703,D,20260630,10:07,67,1,2049.5,15,0,大商所,2026
20260630,XDCE,J,J2704,D,20260630,10:07,67,1,2055.0,15,0,大商所,2026
20260630,XDCE,JM,JM2704,N,20260629,21:02,3,2,1515.5,15,0,大商所,2026
20260630,XDCE,L,L2612,N,20260629,21:01,2,1,6843.0,15,0,大商所,2026
20260630,XDCE,P,P2703,N,20260629,21:03,4,1,9684.0,15,0,大商所,2026
20260630,XDCE,PG,PG2701,N,20260629,21:01,2,1,4431.0,15,0,大商所,2026
20260630,XDCE,PG,PG2702,N,20260629,21:03,4,5,4342.0,15,0,大商所,2026
20260630,XDCE,PG,PG2703,N,20260629,21:01,2,2,4240.0,15,0,大商所,2026
20260630,XDCE,PG,PG2704,N,20260629,21:01,2,1,4647.0,15,0,大商所,2026
20260630,XDCE,PG,PG2705,N,20260629,21:03,4,2,4503.0,15,0,大商所,2026
20260630,XDCE,PP,PP2702,N,20260629,21:07,8,2,6937.0,15,0,大商所,2026
20260630,XDCE,PP,PP2704,N,20260629,21:04,5,2,6890.0,15,0,大商所,2026
20260630,XDCE,V,V2612,N,20260629,21:01,2,1,4503.0,15,0,大商所,2026
20260717,XGFE,PT,PT2612,D,20260717,09:01,2,1,415.55,15,0,广期所,2026
20260717,XGFE,PT,PT2702,D,20260717,09:25,26,4,416.3,15,0,广期所,2026
20260717,XDCE,EB,EB2607,D,20260717,09:13,13,1,8623.0,15,0,大商所,2026
20260717,XDCE,L,L2702,N,20260716,21:01,2,2,7292.0,15,0,大商所,2026
20260807,XGFE,PT,PT2608,D,20260807,14:15,181,8,433.35,15,0,广期所,2026
20260807,XGFE,SI,SI2608,D,20260807,13:40,146,2,8555.0,15,0,广期所,2026
20260807,XDCE,BZ,BZ2702,D,20260807,09:00,1,2,6500.0,15,0,大商所,2026
20260807,XDCE,BZ,BZ2706,D,20260807,09:00,1,2,6563.5,15,0,大商所,2026
20260807,XDCE,BZ,BZ2707,D,20260807,09:00,1,2,6574.0,15,0,大商所,2026
20260807,XDCE,EG,EG2608,N,20260806,21:13,14,60,5067.0,15,0,大商所,2026
20260807,XDCE,L,L2702,N,20260806,21:01,2,1,7106.0,15,0,大商所,2026
20260807,XDCE,L,L2704,N,20260806,22:31,92,2,7017.0,15,0,大商所,2026
20260807,XDCE,PG,PG2705,N,20260806,21:01,2,1,4658.0,15,0,大商所,2026
20260807,XDCE,PP,PP2702,N,20260806,21:01,2,3,7199.0,15,0,大商所,2026
20260807,XDCE,PP,PP2703,D,20260807,10:37,82,8,7112.88,15,0,大商所,2026
20260807,XDCE,PP,PP2704,D,20260807,10:36,81,4,7147.0,15,0,大商所,2026
20260807,XDCE,PP,PP2706,D,20260807,09:26,26,2,7056.0,15,0,大商所,2026
20260807,XDCE,V,V2707,N,20260806,21:04,5,1,4981.0,15,0,大商所,2026
20160926,XDCE,V,V1709,D,20160926,09:02,3,5,5447.0,15,0,大商所,2016
20161104,XDCE,B,B1705,N,20161103,21:55,56,2,3930.5,15,0,大商所,2016
20161104,XDCE,B,B1709,N,20161103,21:55,56,2,3773.5,15,0,大商所,2016
20170112,XDCE,Y,Y1701,D,20170112,10:34,79,10,6868.6,5,0,大商所,2017
20170310,XDCE,JM,JM1801,N,20170309,21:17,18,1,1194.0,15,0,大商所,2017
20170504,XDCE,M,M1705,N,20170503,23:03,124,50,2880.0,15,0,大商所,2017
20170627,XDCE,J,J1805,N,20170626,21:01,2,1,1498.0,15,0,大商所,2017
20170627,XDCE,P,P1805,N,20170626,21:01,2,18,5160.33,5,0,大商所,2017
20170731,XDCE,CS,CS1805,D,20170731,09:01,2,20,1998.65,5,0,大商所,2017
20170919,XDCE,P,P1809,N,20170918,21:01,2,4,5618.0,15,0,大商所,2017
20171012,XDCE,CS,CS1809,D,20171012,09:18,19,15,2075.0,15,0,大商所,2017
20180105,XDCE,CS,CS1809,D,20180105,09:01,2,36,2189.78,5,0,大商所,2018
20180105,XDCE,J,J1809,N,20180104,21:01,2,1,1994.5,15,0,大商所,2018
20180123,XDCE,J,J1809,N,20180122,21:01,2,1,1947.0,15,0,大商所,2018
20180123,XDCE,JM,JM1901,N,20180122,21:04,5,1,1231.0,15,0,大商所,2018
20180208,XDCE,PP,PP1901,D,20180208,09:10,11,1,9270.0,15,0,大商所,2018
20180305,XDCE,J,J1901,N,20180302,21:09,10,1,2055.0,15,0,大商所,2018
20180305,XDCE,L,L1901,D,20180305,09:01,2,1,9450.0,15,0,大商所,2018
20180426,XDCE,J,J1901,N,20180425,21:01,2,1,1871.5,15,0,大商所,2018
20180516,XDCE,Y,Y1905,N,20180515,21:02,3,10,6078.0,15,0,大商所,2018
20180601,XDCE,V,V1905,D,20180601,09:11,12,2,6515.0,15,0,大商所,2018
20180620,XDCE,PP,PP1901,D,20180620,09:01,2,57,9130.44,5,0,大商所,2018
20180724,XDCE,C,C1811,D,20180724,09:01,2,8,1805.25,5,0,大商所,2018
20180724,XDCE,JM,JM1905,N,20180723,21:05,6,2,1133.0,15,0,大商所,2018
20180912,XDCE,I,I1907,N,20180911,21:01,2,1,507.0,15,0,大商所,2018
20181008,XDCE,B,B1907,D,20181008,14:00,166,418,3331.0,15,0,大商所,2018
20181008,XDCE,C,C1811,D,20181008,09:01,2,2,1824.0,15,0,大商所,2018
20181008,XDCE,V,V1909,D,20181008,09:01,2,3,6630.0,5,0,大商所,2018
20181024,XDCE,B,B1903,D,20181024,09:28,28,432,3597.0,15,0,大商所,2018
20181024,XDCE,B,B1907,D,20181024,09:09,9,1094,3383.0,15,0,大商所,2018
20181109,XDCE,B,B1907,N,20181108,22:13,74,1320,3270.0,15,0,大商所,2018
20181109,XDCE,J,J1909,N,20181108,21:01,2,2,2026.75,5,0,大商所,2018
20181109,XDCE,V,V1909,D,20181109,09:01,2,3,6203.33,5,0,大商所,2018
20181127,XDCE,B,B1903,N,20181126,23:16,137,1316,3188.0,15,0,大商所,2018
20181127,XDCE,B,B1909,N,20181126,21:01,2,5,3148.0,15,0,大商所,2018
20181127,XDCE,M,M1911,N,20181126,21:07,8,4,2727.0,15,0,大商所,2018
20181213,XDCE,B,B1907,N,20181212,21:49,50,329,3149.0,15,0,大商所,2018
20181213,XDCE,B,B1911,N,20181212,22:37,98,1978,3202.0,15,0,大商所,2018
20181213,XDCE,I,I1907,N,20181212,21:01,2,1,466.0,15,0,大商所,2018
20190102,XDCE,B,B1907,D,20190102,13:38,144,1534,3034.0,15,0,大商所,2019
20190102,XDCE,I,I1907,D,20190102,09:01,2,3,479.5,5,0,大商所,2019
20190118,XDCE,B,B1911,N,20190117,22:35,96,2266,3037.0,15,0,大商所,2019
20190118,XDCE,I,I1907,N,20190117,21:02,3,1,503.5,15,0,大商所,2019
20190118,XDCE,M,M1911,N,20190117,21:01,2,21,2606.0,15,0,大商所,2019
20190118,XDCE,M,M2001,N,20190117,21:01,2,53,2646.17,5,0,大商所,2019
20190118,XDCE,Y,Y2001,N,20190117,21:04,5,1,5668.0,15,0,大商所,2019
20190212,XDCE,B,B1907,D,20190212,09:10,10,1758,3070.75,15,0,大商所,2019
20190212,XDCE,JM,JM2001,N,20190211,21:59,60,2,1335.0,15,0,大商所,2019
20190212,XDCE,M,M1907,N,20190211,21:01,2,9,2622.78,5,0,大商所,2019
20190228,XDCE,B,B1907,N,20190227,21:13,14,300,2980.0,15,0,大商所,2019
20190228,XDCE,CS,CS2001,D,20190228,09:01,2,7,2307.29,15,0,大商所,2019
20190228,XDCE,JM,JM2001,N,20190227,21:10,11,2,1360.75,15,0,大商所,2019
20190318,XDCE,JM,JM2001,N,20190315,21:42,43,2,1295.0,15,0,大商所,2019
20190403,XDCE,I,I2003,N,20190402,21:05,6,5,560.5,15,0,大商所,2019
20190403,XDCE,JM,JM2001,N,20190402,21:08,9,5,1292.0,15,0,大商所,2019
20190403,XDCE,M,M1911,N,20190402,21:03,4,4,2656.0,15,0,大商所,2019
20190422,XDCE,B,B1911,N,20190419,21:10,11,46,2969.0,15,0,大商所,2019
20190422,XDCE,JM,JM2001,N,20190419,21:02,3,5,1307.0,15,0,大商所,2019
20190513,XDCE,B,B2001,N,20190510,21:01,2,2,3014.0,15,0,大商所,2019
20190529,XDCE,B,B2001,N,20190528,21:05,6,1,3105.0,15,0,大商所,2019
20190529,XDCE,I,I2003,N,20190528,21:01,2,3,676.5,15,0,大商所,2019
20190617,XDCE,B,B2005,N,20190614,21:21,22,1,3090.0,15,0,大商所,2019
20190617,XDCE,I,I1906,D,20190617,15:00,225,14,790.0,15,0,大商所,2019
20190719,XDCE,C,C2007,N,20190718,21:01,2,2,2070.0,15,0,大商所,2019
20190719,XDCE,EG,EG2005,N,20190718,21:01,2,2,4471.0,15,0,大商所,2019
20190719,XDCE,I,I2003,N,20190718,21:01,2,2,720.5,15,0,大商所,2019
20190806,XDCE,B,B2005,N,20190805,21:03,4,2,3097.5,5,0,大商所,2019
20190806,XDCE,L,L2005,N,20190805,21:01,2,45,7382.78,5,0,大商所,2019
20190822,XDCE,I,I1911,N,20190821,21:01,2,56,633.33,5,0,大商所,2019
20190822,XDCE,I,I2003,N,20190821,21:03,4,1,554.0,15,0,大商所,2019
20191021,XDCE,C,C1911,N,20191018,21:01,2,9,1823.56,5,0,大商所,2019
20191021,XDCE,I,I1910,D,20191021,15:00,225,23,803.0,15,0,大商所,2019
20191021,XDCE,J,J1910,D,20191021,15:00,225,8,1714.0,15,0,大商所,2019
20191106,XDCE,RR,RR2009,D,20191106,11:02,107,10,3560.0,15,0,大商所,2019
20191122,XDCE,B,B2005,N,20191121,21:02,3,14,3208.21,5,0,大商所,2019
20191122,XDCE,M,M2007,N,20191121,21:01,2,5,2784.0,15,0,大商所,2019
20191226,XDCE,M,M2007,N,20191225,22:31,92,1,2770.0,15,0,大商所,2019
20191226,XDCE,V,V2009,N,20191225,22:31,92,401,6430.41,5,0,大商所,2019
20200114,XDCE,M,M2007,N,20200113,21:01,2,5,2688.0,15,0,大商所,2020
20200207,XDCE,C,C2007,D,20200207,09:01,2,146,1959.03,5,0,大商所,2020
20200207,XDCE,CS,CS2101,D,20200207,09:03,4,1,2376.0,15,0,大商所,2020
20200207,XDCE,I,I2007,D,20200207,09:01,2,3,589.0,15,0,大商所,2020
20200207,XDCE,V,V2101,D,20200207,09:01,2,10,6246.0,15,0,大商所,2020
20200312,XDCE,J,J2101,D,20200312,09:04,5,1,1787.5,15,0,大商所,2020
20200330,XDCE,B,B2007,D,20200330,09:01,2,30,3212.3,5,0,大商所,2020
20200416,XDCE,C,C2103,D,20200416,09:01,2,81,2107.85,5,0,大商所,2020
20200416,XDCE,JM,JM2101,D,20200416,09:01,2,5,1082.0,15,0,大商所,2020
20200507,XDCE,M,M2011,N,20200506,21:01,2,47,2786.87,5,0,大商所,2020
20200507,XDCE,P,P2005,N,20200506,21:30,31,8,4374.0,15,0,大商所,2020
20200525,XDCE,M,M2011,N,20200522,21:01,2,50,2791.3,5,0,大商所,2020
20200525,XDCE,PG,PG2012,N,20200522,21:01,2,34,3389.32,5,0,大商所,2020
20200630,XDCE,B,B2011,N,20200629,21:01,2,1,3157.0,15,0,大商所,2020
20200630,XDCE,EG,EG2105,D,20200630,09:07,7,1,3954.0,15,0,大商所,2020
20200630,XDCE,J,J2105,N,20200629,21:06,7,3,1763.17,15,0,大商所,2020
20200716,XDCE,B,B2101,N,20200715,21:01,2,2,3227.0,15,0,大商所,2020
20200716,XDCE,EG,EG2105,D,20200716,10:33,78,10,3925.0,15,0,大商所,2020
20200803,XDCE,A,A2105,N,20200731,21:01,2,11,4337.09,5,0,大商所,2020
20200803,XDCE,C,C2103,N,20200731,21:01,2,7,2252.0,15,0,大商所,2020
20200803,XDCE,EG,EG2105,N,20200731,22:20,81,1,4034.0,15,0,大商所,2020
20200803,XDCE,JM,JM2105,N,20200731,21:06,7,1,1160.0,15,0,大商所,2020
20200803,XDCE,M,M2103,N,20200731,21:01,2,2,2777.0,15,0,大商所,2020
20200803,XDCE,M,M2107,N,20200731,21:12,13,1,2754.0,15,0,大商所,2020
20200803,XDCE,PP,PP2105,N,20200731,21:03,4,1,7249.0,15,0,大商所,2020
20200819,XDCE,EG,EG2010,N,20200818,21:01,2,150,3853.07,5,0,大商所,2020
20200819,XDCE,EG,EG2011,N,20200818,21:01,2,1,3901.0,15,0,大商所,2020
20200819,XDCE,EG,EG2105,N,20200818,21:01,2,1,4125.0,15,0,大商所,2020
20200819,XDCE,J,J2105,N,20200818,21:01,2,1,1920.5,15,0,大商所,2020
20200819,XDCE,L,L2010,N,20200818,21:01,2,35,7196.0,5,0,大商所,2020
20200819,XDCE,L,L2011,N,20200818,21:01,2,26,7201.35,5,0,大商所,2020
20200819,XDCE,L,L2012,N,20200818,21:01,2,12,7188.33,5,0,大商所,2020
20200819,XDCE,L,L2105,N,20200818,21:01,2,12,7140.0,5,0,大商所,2020
20200819,XDCE,M,M2011,N,20200818,21:01,2,134,2892.99,5,0,大商所,2020
20200819,XDCE,M,M2103,N,20200818,21:01,2,4,2787.25,5,0,大商所,2020
20200819,XDCE,PP,PP2010,N,20200818,21:01,2,18,7733.33,5,0,大商所,2020
20200819,XDCE,PP,PP2011,N,20200818,21:01,2,11,7699.91,5,0,大商所,2020
20200819,XDCE,PP,PP2012,N,20200818,21:01,2,8,7684.12,5,0,大商所,2020
20200819,XDCE,V,V2012,N,20200818,21:01,2,2,6670.0,15,0,大商所,2020
20200904,XDCE,B,B2107,D,20200904,13:41,146,2,3419.5,5,0,大商所,2020
20200904,XDCE,C,C2107,N,20200903,21:01,2,75,2350.8,5,0,大商所,2020
20200904,XDCE,EB,EB2010,N,20200903,21:01,2,2,5425.5,5,0,大商所,2020
20200904,XDCE,EB,EB2012,N,20200903,21:01,2,1,5652.0,15,0,大商所,2020
20200904,XDCE,EG,EG2011,N,20200903,21:01,2,20,3985.0,15,0,大商所,2020
20200904,XDCE,EG,EG2102,N,20200903,21:01,2,13,4089.54,5,0,大商所,2020
20200904,XDCE,EG,EG2103,N,20200903,21:01,2,1,4133.0,15,0,大商所,2020
20200904,XDCE,J,J2102,N,20200903,21:01,2,7,2029.93,5,0,大商所,2020
20200904,XDCE,J,J2104,N,20200903,21:01,2,2,1998.5,15,0,大商所,2020
20200904,XDCE,L,L2102,N,20200903,21:01,2,52,7611.73,5,0,大商所,2020
20200904,XDCE,L,L2103,N,20200903,21:01,2,11,7590.0,15,0,大商所,2020
20200904,XDCE,L,L2104,N,20200903,21:01,2,2,7575.0,15,0,大商所,2020
20200904,XDCE,M,M2009,N,20200903,21:24,25,50,2926.0,15,0,大商所,2020
20200904,XDCE,M,M2107,N,20200903,21:01,2,9,2834.22,5,0,大商所,2020
20200904,XDCE,PP,PP2102,N,20200903,21:01,2,12,8005.75,15,0,大商所,2020
20200904,XDCE,PP,PP2103,N,20200903,21:01,2,12,7966.0,15,0,大商所,2020
20200904,XDCE,V,V2010,N,20200903,21:01,2,86,6723.9,5,0,大商所,2020
20200904,XDCE,V,V2012,N,20200903,21:01,2,67,6707.39,5,0,大商所,2020
20200904,XDCE,V,V2102,N,20200903,21:01,2,1,6650.0,15,0,大商所,2020
20200904,XDCE,V,V2103,N,20200903,21:01,2,1,6600.0,15,0,大商所,2020
20200904,XDCE,Y,Y2009,N,20200903,21:26,27,100,6738.0,15,0,大商所,2020
20200904,XDCE,Y,Y2012,N,20200903,21:01,2,13,6789.08,5,0,大商所,2020
20200922,XDCE,EB,EB2012,N,20200921,21:01,2,3,5633.0,15,0,大商所,2020
20200922,XDCE,I,I2107,N,20200921,21:20,21,3,694.0,15,0,大商所,2020
20200922,XDCE,J,J2104,N,20200921,21:01,2,2,1878.5,15,0,大商所,2020
20200922,XDCE,JM,JM2102,N,20200921,21:01,2,33,1262.61,5,0,大商所,2020
20200922,XDCE,JM,JM2103,N,20200921,21:01,2,16,1250.5,15,0,大商所,2020
20200922,XDCE,L,L2102,N,20200921,21:01,2,88,7372.1,5,0,大商所,2020
20200922,XDCE,M,M2107,N,20200921,21:01,2,8,2941.0,15,0,大商所,2020
20200922,XDCE,M,M2108,N,20200921,21:01,2,8,2973.0,15,0,大商所,2020
20200922,XDCE,P,P2103,N,20200921,21:01,2,94,6338.02,5,0,大商所,2020
20200922,XDCE,PP,PP2103,N,20200921,21:01,2,1,7715.0,15,0,大商所,2020
20200922,XDCE,PP,PP2104,N,20200921,21:01,2,2,7666.0,15,0,大商所,2020
20200922,XDCE,V,V2102,N,20200921,21:01,2,26,6661.35,5,0,大商所,2020
20200922,XDCE,Y,Y2107,N,20200921,21:01,2,59,7112.27,5,0,大商所,2020
20201016,XDCE,EG,EG2012,N,20201015,21:01,2,12,3901.0,15,0,大商所,2020
20201016,XDCE,EG,EG2103,N,20201015,21:01,2,27,3952.44,5,0,大商所,2020
20201016,XDCE,EG,EG2104,N,20201015,22:17,78,1,4021.0,15,0,大商所,2020
20201016,XDCE,I,I2104,N,20201015,21:01,2,41,733.841,5,0,大商所,2020
20201016,XDCE,I,I2107,N,20201015,21:04,5,2,704.75,5,0,大商所,2020
20201016,XDCE,J,J2102,N,20201015,21:01,2,48,2044.75,5,0,大商所,2020
20201016,XDCE,L,L2104,N,20201015,21:03,4,1,7255.0,15,0,大商所,2020
20201016,XDCE,V,V2103,N,20201015,21:01,2,1,6640.0,15,0,大商所,2020
20201103,XDCE,EB,EB2103,N,20201102,21:01,2,34,6459.73,5,0,大商所,2020
20201103,XDCE,I,I2104,N,20201102,21:01,2,4,757.0,15,0,大商所,2020
20201103,XDCE,J,J2103,N,20201102,21:01,2,5,2131.6,5,0,大商所,2020
20201103,XDCE,L,L2103,N,20201102,21:01,2,4,7375.0,15,0,大商所,2020
20201103,XDCE,P,P2104,N,20201102,21:02,3,45,5884.0,15,0,大商所,2020
20201103,XDCE,P,P2107,N,20201102,22:00,61,30,5676.0,15,0,大商所,2020
20201103,XDCE,PP,PP2103,N,20201102,21:01,2,18,7950.0,15,0,大商所,2020
20201103,XDCE,V,V2103,N,20201102,21:01,2,2,6840.0,15,0,大商所,2020
20201103,XDCE,Y,Y2108,N,20201102,21:01,2,2,6634.0,15,0,大商所,2020
20201119,XDCE,B,B2107,N,20201118,21:11,12,1,3768.0,15,0,大商所,2020
20201119,XDCE,CS,CS2103,N,20201118,21:01,2,46,2924.02,5,0,大商所,2020
20201119,XDCE,EG,EG2102,N,20201118,21:01,2,64,3794.86,5,0,大商所,2020
20201119,XDCE,EG,EG2103,N,20201118,21:01,2,3,3820.67,5,0,大商所,2020
20201119,XDCE,I,I2104,N,20201118,21:01,2,10,802.75,5,0,大商所,2020
20201119,XDCE,I,I2107,N,20201118,21:18,19,1,765.5,15,0,大商所,2020
20201119,XDCE,J,J2103,N,20201118,21:01,2,7,2285.21,15,0,大商所,2020
20201119,XDCE,JM,JM2103,N,20201118,21:01,2,32,1300.31,5,0,大商所,2020
20201119,XDCE,JM,JM2104,N,20201118,21:01,2,11,1303.09,15,0,大商所,2020
20201119,XDCE,PP,PP2103,N,20201118,21:01,2,98,8301.63,5,0,大商所,2020
20201119,XDCE,Y,Y2108,N,20201118,21:01,2,18,7274.11,5,0,大商所,2020
20201207,XDCE,EB,EB2104,N,20201204,21:01,2,11,6685.36,5,0,大商所,2020
20201207,XDCE,I,I2107,N,20201204,21:01,2,1,866.5,15,0,大商所,2020
20201207,XDCE,JM,JM2104,N,20201204,21:01,2,5,1459.5,5,0,大商所,2020
20201207,XDCE,PP,PP2103,N,20201204,21:01,2,65,8258.03,5,0,大商所,2020
20201207,XDCE,Y,Y2108,N,20201204,21:01,2,4,7138.0,15,0,大商所,2020
20201223,XDCE,JM,JM2103,N,20201222,21:01,2,26,1564.77,5,0,大商所,2020
20201223,XDCE,JM,JM2104,N,20201222,21:01,2,21,1586.38,5,0,大商所,2020
20201223,XDCE,L,L2103,N,20201222,21:01,2,18,7754.72,15,0,大商所,2020
20201223,XDCE,V,V2102,N,20201222,21:01,2,105,7463.29,5,0,大商所,2020
20201223,XDCE,V,V2103,N,20201222,21:01,2,5,7460.0,15,0,大商所,2020
20210111,XDCE,CS,CS2101,D,20210111,09:18,18,1,3218.0,15,0,大商所,2021
20210111,XDCE,EG,EG2102,N,20210108,21:01,2,1,4387.0,15,0,大商所,2021
20210127,XDCE,L,L2102,N,20210126,21:03,4,10,7800.0,15,0,大商所,2021
20210127,XDCE,L,L2104,N,20210126,21:01,2,2,7800.0,15,0,大商所,2021
20210219,XDCE,C,C2201,N,20210218,21:01,2,5,2692.8,5,0,大商所,2021
20210219,XDCE,I,I2102,D,20210219,15:00,225,286,1160.0,15,0,大商所,2021
20210219,XDCE,J,J2107,N,20210218,21:01,2,2,2603.25,15,0,大商所,2021
20210219,XDCE,L,L2102,D,20210219,15:00,225,12,7955.0,15,0,大商所,2021
20210219,XDCE,L,L2107,N,20210218,21:01,2,1,8490.0,15,0,大商所,2021
20210219,XDCE,M,M2108,N,20210218,21:01,2,7,3489.86,5,0,大商所,2021
20210219,XDCE,RR,RR2105,N,20210218,21:01,2,6,3647.5,5,0,大商所,2021
20210219,XDCE,RR,RR2106,N,20210218,21:01,2,1,3654.0,15,0,大商所,2021
20210219,XDCE,V,V2102,D,20210219,09:36,36,29,7950.0,15,0,大商所,2021
20210219,XDCE,V,V2103,N,20210218,21:02,3,16,8000.0,15,0,大商所,2021
20210219,XDCE,V,V2104,N,20210218,21:02,3,2,8020.0,15,0,大商所,2021
20210309,XDCE,B,B2109,N,20210308,21:03,4,1,4245.0,15,0,大商所,2021
20210309,XDCE,EB,EB2107,N,20210308,21:01,2,17,8704.47,5,0,大商所,2021
20210309,XDCE,EG,EG2111,N,20210308,21:01,2,9,5157.33,15,0,大商所,2021
20210309,XDCE,JM,JM2107,N,20210308,21:05,6,2,1478.5,15,0,大商所,2021
20210309,XDCE,L,L2106,N,20210308,21:01,2,7,9104.29,5,0,大商所,2021
20210309,XDCE,L,L2107,N,20210308,21:01,2,1,9055.0,15,0,大商所,2021
20210309,XDCE,L,L2111,N,20210308,21:01,2,11,8900.0,15,0,大商所,2021
20210309,XDCE,L,L2112,N,20210308,21:01,2,2,8855.0,15,0,大商所,2021
20210309,XDCE,P,P2111,N,20210308,21:01,2,1,6958.0,15,0,大商所,2021
20210309,XDCE,PG,PG2109,N,20210308,21:25,26,10,3896.8,5,0,大商所,2021
20210309,XDCE,PP,PP2111,N,20210308,21:01,2,1,9020.0,15,0,大商所,2021
20210309,XDCE,V,V2111,N,20210308,21:02,3,20,8355.0,15,0,大商所,2021
20210309,XDCE,Y,Y2112,N,20210308,21:01,2,7,8076.0,5,0,大商所,2021
20210309,XDCE,Y,Y2201,N,20210308,21:01,2,4,8009.5,5,0,大商所,2021
20210325,XDCE,EB,EB2108,N,20210324,21:04,5,1,7974.0,15,0,大商所,2021
20210325,XDCE,EG,EG2104,N,20210324,21:04,5,1,5261.0,15,0,大商所,2021
20210325,XDCE,EG,EG2107,N,20210324,21:04,5,1,5007.0,15,0,大商所,2021
20210325,XDCE,EG,EG2111,N,20210324,21:01,2,5,4932.2,5,0,大商所,2021
20210325,XDCE,EG,EG2112,N,20210324,21:01,2,5,4947.6,5,0,大商所,2021
20210325,XDCE,J,J2104,D,20210325,14:24,189,1,2204.5,15,0,大商所,2021
20210325,XDCE,JM,JM2107,N,20210324,21:01,2,6,1554.17,5,0,大商所,2021
20210325,XDCE,L,L2111,N,20210324,21:01,2,2,8425.0,5,0,大商所,2021
20210325,XDCE,P,P2111,N,20210324,21:01,2,4,7074.0,15,0,大商所,2021
20210325,XDCE,PG,PG2109,N,20210324,22:07,68,1,3802.0,15,0,大商所,2021
20210413,XDCE,EG,EG2112,N,20210412,21:01,2,8,4763.75,15,0,大商所,2021
20210413,XDCE,I,I2107,N,20210412,21:01,2,1,1076.0,15,0,大商所,2021
20210413,XDCE,JM,JM2106,N,20210412,21:01,2,17,1593.71,5,0,大商所,2021
20210413,XDCE,PP,PP2112,N,20210412,21:01,2,3,8308.0,5,0,大商所,2021
20210413,XDCE,V,V2112,N,20210412,21:03,4,1,8225.0,15,0,大商所,2021
20210429,XDCE,EG,EG2107,N,20210428,21:14,15,2,4747.0,15,0,大商所,2021
20210429,XDCE,EG,EG2111,N,20210428,21:01,2,6,4720.0,15,0,大商所,2021
20210429,XDCE,EG,EG2112,N,20210428,21:01,2,34,4732.77,5,0,大商所,2021
20210429,XDCE,PP,PP2112,N,20210428,21:01,2,17,8460.76,15,0,大商所,2021
20210520,XDCE,CS,CS2111,N,20210519,21:01,2,117,3198.32,5,0,大商所,2021
20210520,XDCE,EG,EG2105,D,20210520,09:47,47,32,4850.0,15,0,大商所,2021
20210520,XDCE,PP,PP2112,N,20210519,21:01,2,13,8582.0,15,0,大商所,2021
20210607,XDCE,B,B2106,D,20210607,10:08,68,10,4468.0,15,0,大商所,2021
20210607,XDCE,PG,PG2109,N,20210604,21:01,2,36,4382.33,5,0,大商所,2021
20210607,XDCE,PP,PP2112,N,20210604,21:01,2,20,8214.4,15,0,大商所,2021
20210607,XDCE,V,V2108,N,20210604,21:26,27,1,9180.0,15,0,大商所,2021
20210607,XDCE,V,V2112,N,20210604,21:01,2,61,8505.16,15,0,大商所,2021
20210624,XDCE,EG,EG2112,N,20210623,21:01,2,7,4962.71,5,0,大商所,2021
20210624,XDCE,M,M2112,N,20210623,21:01,2,5,3405.0,15,0,大商所,2021
20210624,XDCE,V,V2112,N,20210623,21:01,2,20,8270.0,15,0,大商所,2021
20210624,XDCE,Y,Y2107,N,20210623,21:03,4,1,8670.0,15,0,大商所,2021
20210712,XDCE,EG,EG2112,N,20210709,21:01,2,50,5052.94,5,0,大商所,2021
20210712,XDCE,EG,EG2201,N,20210709,21:01,2,34,5061.97,5,0,大商所,2021
20210712,XDCE,J,J2112,N,20210709,21:01,2,2,2439.75,15,0,大商所,2021
20210712,XDCE,L,L2112,N,20210709,21:01,2,701,8242.15,15,0,大商所,2021
20210712,XDCE,PG,PG2110,N,20210709,21:01,2,18,4872.61,15,0,大商所,2021
20210712,XDCE,V,V2112,N,20210709,21:02,3,500,8700.0,15,0,大商所,2021
20210728,XDCE,M,M2112,N,20210727,21:01,2,69,3572.36,5,0,大商所,2021
20210813,XDCE,B,B2201,N,20210812,21:01,2,3,4347.33,5,0,大商所,2021
20210813,XDCE,EB,EB2111,N,20210812,21:01,2,41,8621.02,5,0,大商所,2021
20210813,XDCE,I,I2108,D,20210813,15:00,225,23,1119.0,15,0,大商所,2021
20210813,XDCE,JD,JD2111,D,20210813,09:01,2,134,4312.99,5,0,大商所,2021
20210813,XDCE,PG,PG2111,N,20210812,21:01,2,9,5165.67,15,0,大商所,2021
20210813,XDCE,PP,PP2205,N,20210812,21:01,2,4,8429.5,5,0,大商所,2021
20210916,XDCE,M,M2112,N,20210915,21:01,2,6,3695.17,5,0,大商所,2021
20211116,XDCE,EG,EG2112,N,20211115,21:01,2,2,5290.0,15,0,大商所,2021
20211116,XDCE,EG,EG2204,N,20211115,21:01,2,1,5102.0,15,0,大商所,2021
20211116,XDCE,P,P2202,N,20211115,21:01,2,185,9278.9,5,0,大商所,2021
20211116,XDCE,PP,PP2204,N,20211115,21:01,2,82,8344.07,5,0,大商所,2021
20211116,XDCE,PP,PP2206,N,20211115,21:01,2,5,8299.4,5,0,大商所,2021
20211116,XDCE,V,V2203,N,20211115,21:01,2,40,8387.8,5,0,大商所,2021
20211116,XDCE,V,V2204,N,20211115,21:01,2,18,8366.94,5,0,大商所,2021
20211202,XDCE,EG,EG2203,N,20211201,21:01,2,13,4977.0,15,0,大商所,2021
20211202,XDCE,EG,EG2204,N,20211201,21:01,2,2,4986.0,15,0,大商所,2021
20211202,XDCE,M,M2112,N,20211201,21:13,14,73,3250.0,15,0,大商所,2021
20211202,XDCE,PP,PP2112,D,20211202,14:05,170,10,8125.0,15,0,大商所,2021
20211202,XDCE,PP,PP2206,N,20211201,21:01,2,7,8093.57,5,0,大商所,2021
20211202,XDCE,V,V2203,N,20211201,21:01,2,49,8532.71,5,0,大商所,2021
20211202,XDCE,V,V2204,N,20211201,21:01,2,34,8534.74,5,0,大商所,2021
20220106,XDCE,EG,EG2209,N,20220105,21:17,18,1,5087.0,15,0,大商所,2022
20220124,XDCE,A,A2209,N,20220121,21:02,3,5,5984.0,15,0,大商所,2022
20220124,XDCE,PG,PG2209,N,20220121,22:25,86,1,4841.0,15,0,大商所,2022
20220124,XDCE,PP,PP2202,N,20220121,21:09,10,5,8537.0,15,0,大商所,2022
20220216,XDCE,EB,EB2209,N,20220215,21:57,58,5,9005.0,15,0,大商所,2022
20220216,XDCE,L,L2202,D,20220216,13:59,164,52,8887.0,15,0,大商所,2022
20220322,XDCE,I,I2204,N,20220321,21:23,24,1,862.0,15,0,大商所,2022
20220322,XDCE,P,P2204,N,20220321,21:15,16,1,12010.0,15,0,大商所,2022
20220518,XDCE,C,C2205,D,20220518,10:42,87,30,2919.0,15,0,大商所,2022
20220518,XDCE,EB,EB2301,D,20220518,09:05,5,1,9753.0,15,0,大商所,2022
20220518,XDCE,I,I2205,D,20220518,15:00,225,38,982.5,15,0,大商所,2022
20220518,XDCE,J,J2205,D,20220518,15:00,225,4,3893.0,15,0,大商所,2022
20220518,XDCE,L,L2205,D,20220518,15:00,225,653,8747.0,15,0,大商所,2022
20220518,XDCE,V,V2205,D,20220518,15:00,225,1340,8878.0,15,0,大商所,2022
20220606,XDCE,PP,PP2206,D,20220606,09:06,7,8,8936.0,15,0,大商所,2022
20220606,XDCE,PP,PP2305,D,20220606,09:15,16,1,8850.0,15,0,大商所,2022
20220622,XDCE,EG,EG2206,D,20220622,13:46,151,1,4640.0,15,0,大商所,2022
20220708,XDCE,C,C2207,D,20220708,09:01,1,50,2688.0,15,0,大商所,2022
20220708,XDCE,CS,CS2305,N,20220707,21:01,2,1,3183.0,15,0,大商所,2022
20220708,XDCE,PG,PG2211,N,20220707,21:01,2,3,5370.67,15,0,大商所,2022
20220708,XDCE,PG,PG2301,N,20220707,21:21,22,2,5318.5,15,0,大商所,2022
20220708,XDCE,RR,RR2210,N,20220707,21:01,2,1,3389.0,15,0,大商所,2022
20220708,XDCE,RR,RR2211,N,20220707,21:01,2,1,3431.0,15,0,大商所,2022
20220726,XDCE,EB,EB2207,D,20220726,15:00,225,9,9732.0,15,0,大商所,2022
20220726,XDCE,L,L2212,N,20220725,21:01,2,6,7767.0,15,0,大商所,2022
20220829,XDCE,B,B2212,N,20220826,21:01,2,1,4891.0,15,0,大商所,2022
20220829,XDCE,RR,RR2211,N,20220826,21:06,7,1,3403.0,15,0,大商所,2022
20220915,XDCE,CS,CS2209,N,20220914,21:45,46,1,3100.0,15,0,大商所,2022
20220915,XDCE,EB,EB2305,N,20220914,21:16,17,1,8228.0,15,0,大商所,2022
20220915,XDCE,JM,JM2209,D,20220915,15:00,225,1,2132.0,15,0,大商所,2022
20220915,XDCE,P,P2209,D,20220915,14:51,216,3,8196.0,15,0,大商所,2022
20220915,XDCE,PP,PP2305,N,20220914,21:01,2,4,7964.0,15,0,大商所,2022
20221011,XDCE,EG,EG2210,N,20221010,21:02,3,4,4310.0,15,0,大商所,2022
20221027,XDCE,PG,PG2305,N,20221026,21:12,13,1,4855.0,15,0,大商所,2022
20221114,XDCE,EB,EB2211,D,20221114,09:32,32,15,8420.0,15,0,大商所,2022
20221114,XDCE,I,I2211,D,20221114,15:00,225,1,650.0,15,0,大商所,2022
20230120,XDCE,PP,PP2309,N,20230119,21:01,2,1,8067.0,15,0,大商所,2023
20230214,XDCE,B,B2307,N,20230213,21:01,2,1,4532.0,15,0,大商所,2023
20230214,XDCE,B,B2309,N,20230213,21:14,15,1,4519.0,15,0,大商所,2023
20230214,XDCE,L,L2302,D,20230214,14:10,175,10,8155.5,15,0,大商所,2023
20230214,XDCE,PP,PP2302,D,20230214,15:00,225,35,7877.0,15,0,大商所,2023
20230214,XDCE,V,V2302,D,20230214,15:00,225,15,6238.0,15,0,大商所,2023
20230406,XDCE,PG,PG2304,D,20230406,09:24,24,1,4637.0,15,0,大商所,2023
20230406,XDCE,PP,PP2304,D,20230406,10:43,88,1,7711.0,15,0,大商所,2023
20230406,XDCE,V,V2304,D,20230406,09:21,21,1,6250.0,15,0,大商所,2023
20230707,XDCE,JM,JM2406,N,20230706,21:22,23,1,1279.0,15,0,大商所,2023
20230707,XDCE,RR,RR2404,N,20230706,21:16,17,1,3620.0,15,0,大商所,2023
20230707,XDCE,RR,RR2405,N,20230706,21:16,17,1,3626.0,15,0,大商所,2023
20230725,XDCE,B,B2404,N,20230724,21:01,2,1,4118.0,15,0,大商所,2023
20230725,XDCE,B,B2405,N,20230724,21:01,2,1,4000.0,15,0,大商所,2023
20230725,XDCE,J,J2402,N,20230724,21:01,2,1,2196.0,15,0,大商所,2023
20230725,XDCE,J,J2404,D,20230725,10:06,66,1,2186.5,15,0,大商所,2023
20230725,XDCE,L,L2403,N,20230724,21:01,2,4,7946.0,15,0,大商所,2023
20230725,XDCE,L,L2404,N,20230724,21:01,2,4,7950.25,15,0,大商所,2023
20230725,XDCE,PP,PP2406,N,20230724,22:57,118,1,7204.0,15,0,大商所,2023
20230810,XDCE,B,B2403,N,20230809,21:04,5,2,4111.0,15,0,大商所,2023
20230810,XDCE,B,B2404,N,20230809,21:04,5,2,4066.5,15,0,大商所,2023
20230810,XDCE,EB,EB2403,N,20230809,21:01,2,1,7682.0,15,0,大商所,2023
20230810,XDCE,EB,EB2404,N,20230809,21:01,2,1,7659.0,15,0,大商所,2023
20230810,XDCE,P,P2404,N,20230809,21:01,2,2,7370.0,15,0,大商所,2023
20230828,XDCE,B,B2402,N,20230825,21:05,6,1,4524.0,15,0,大商所,2023
20230828,XDCE,JM,JM2404,D,20230828,09:45,45,1,1465.5,15,0,大商所,2023
20230828,XDCE,PG,PG2308,D,20230828,15:00,225,50,4492.0,15,0,大商所,2023
20230828,XDCE,RR,RR2404,N,20230825,21:15,16,2,3665.0,15,0,大商所,2023
20230828,XDCE,RR,RR2405,N,20230825,21:15,16,2,3681.0,15,0,大商所,2023
20230913,XDCE,CS,CS2407,N,20230912,21:04,5,1,2881.0,15,0,大商所,2023
20230913,XDCE,JM,JM2312,N,20230912,21:01,2,3,1777.0,15,0,大商所,2023
20231009,XDCE,B,B2404,D,20231009,09:01,1,1,4171.0,15,0,大商所,2023
20231009,XDCE,J,J2402,D,20231009,09:26,26,1,2522.0,15,0,大商所,2023
20231009,XDCE,RR,RR2406,D,20231009,09:01,1,2,3669.0,15,0,大商所,2023
20231009,XDCE,RR,RR2407,D,20231009,09:01,1,2,3686.0,15,0,大商所,2023
20231025,XDCE,B,B2402,N,20231024,21:01,2,3,4317.33,15,0,大商所,2023
20231025,XDCE,B,B2403,N,20231024,21:01,2,2,4209.0,15,0,大商所,2023
20231025,XDCE,EB,EB2405,N,20231024,21:01,2,13,8228.0,15,0,大商所,2023
20231025,XDCE,JM,JM2409,N,20231024,21:01,2,1,1546.0,15,0,大商所,2023
20231110,XDCE,B,B2404,N,20231109,21:03,4,2,4287.0,15,0,大商所,2023
20231110,XDCE,J,J2312,N,20231109,21:10,11,1,2530.0,15,0,大商所,2023
20231110,XDCE,L,L2311,N,20231109,22:15,76,10,8110.0,15,0,大商所,2023
20231110,XDCE,L,L2407,N,20231109,21:08,9,3,8163.0,15,0,大商所,2023
20231128,XDCE,B,B2406,N,20231127,21:01,2,1,4051.0,15,0,大商所,2023
20231128,XDCE,B,B2407,N,20231127,21:01,2,1,4019.0,15,0,大商所,2023
20231128,XDCE,B,B2408,N,20231127,21:01,2,1,4051.0,15,0,大商所,2023
20231128,XDCE,JD,JD2408,D,20231128,09:01,2,2,4514.0,15,0,大商所,2023
20231128,XDCE,JM,JM2408,N,20231127,21:17,18,1,2045.5,15,0,大商所,2023
20231128,XDCE,P,P2410,N,20231127,22:13,74,1,7274.0,15,0,大商所,2023
20231128,XDCE,PP,PP2409,N,20231127,21:01,2,2,7456.0,15,0,大商所,2023
20231128,XDCE,PP,PP2410,D,20231128,11:02,107,3,7458.0,15,0,大商所,2023
20231214,XDCE,B,B2407,N,20231213,21:01,2,1,3982.0,15,0,大商所,2023
20231214,XDCE,B,B2408,N,20231213,21:01,2,1,4030.0,15,0,大商所,2023
20231214,XDCE,CS,CS2411,N,20231213,21:01,2,1,2820.0,15,0,大商所,2023
20231214,XDCE,EG,EG2407,N,20231213,21:01,2,5,4313.6,15,0,大商所,2023
20231214,XDCE,EG,EG2408,N,20231213,21:01,2,5,4324.0,15,0,大商所,2023
20231214,XDCE,L,L2312,D,20231214,15:00,225,50,7846.0,15,0,大商所,2023
20231214,XDCE,P,P2407,N,20231213,21:01,2,2,7023.0,15,0,大商所,2023
20231214,XDCE,RR,RR2409,N,20231213,21:51,52,1,3628.0,15,0,大商所,2023
20240102,XDCE,CS,CS2411,D,20240102,09:01,226,2,2832.5,15,0,大商所,2024
20240102,XDCE,J,J2403,D,20240102,09:01,226,1,2467.5,15,0,大商所,2024
20240118,XDCE,EB,EB2410,N,20240117,21:09,10,1,8480.0,15,0,大商所,2024
20240118,XDCE,L,L2407,N,20240117,21:01,2,3,8120.0,15,0,大商所,2024
20240118,XDCE,PP,PP2411,N,20240117,21:03,4,1,7350.0,15,0,大商所,2024
20240118,XDCE,PP,PP2412,N,20240117,21:03,4,1,7351.0,15,0,大商所,2024
20240118,XDCE,V,V2407,N,20240117,21:01,2,4,5931.0,15,0,大商所,2024
20240118,XDCE,V,V2408,N,20240117,21:01,2,4,5948.0,15,0,大商所,2024
20240205,XDCE,B,B2406,N,20240202,21:01,2,1,3509.0,15,0,大商所,2024
20240205,XDCE,B,B2407,N,20240202,21:01,2,2,3523.0,15,0,大商所,2024
20240205,XDCE,B,B2408,N,20240202,21:01,2,2,3589.0,15,0,大商所,2024
20240205,XDCE,L,L2412,D,20240205,09:49,49,2,8069.5,15,0,大商所,2024
20240205,XDCE,P,P2407,N,20240202,21:01,2,1,6860.0,15,0,大商所,2024
20240205,XDCE,PG,PG2411,N,20240202,21:17,18,1,4570.0,15,0,大商所,2024
20240205,XDCE,PP,PP2408,N,20240202,21:04,5,3,7318.0,15,0,大商所,2024
20240205,XDCE,V,V2407,N,20240202,21:01,2,15,5877.13,15,0,大商所,2024
20240229,XDCE,B,B2406,N,20240228,21:01,2,7,3532.29,15,0,大商所,2024
20240229,XDCE,B,B2408,N,20240228,21:01,2,7,3608.0,15,0,大商所,2024
20240229,XDCE,EG,EG2408,N,20240228,21:01,2,1,4590.0,15,0,大商所,2024
20240229,XDCE,EG,EG2411,N,20240228,22:39,100,2,4578.0,15,0,大商所,2024
20240229,XDCE,J,J2406,N,20240228,21:50,51,1,2357.0,15,0,大商所,2024
20240229,XDCE,JM,JM2408,N,20240228,21:59,60,1,1732.5,15,0,大商所,2024
20240229,XDCE,P,P2408,N,20240228,21:01,2,1,7034.0,15,0,大商所,2024
20240229,XDCE,PG,PG2407,N,20240228,21:01,2,1,4418.0,15,0,大商所,2024
20240229,XDCE,PG,PG2411,N,20240228,21:02,3,2,4666.0,15,0,大商所,2024
20240229,XDCE,PG,PG2412,N,20240228,21:02,3,2,4605.0,15,0,大商所,2024
20240229,XDCE,PP,PP2411,N,20240228,21:38,39,3,7475.0,15,0,大商所,2024
20240229,XDCE,PP,PP2501,N,20240228,21:42,43,1,7453.0,15,0,大商所,2024
20240229,XDCE,V,V2408,N,20240228,21:01,2,7,5996.0,15,0,大商所,2024
20240229,XDCE,V,V2410,N,20240228,21:01,2,2,6034.5,15,0,大商所,2024
20240229,XDCE,V,V2411,N,20240228,21:01,2,1,6058.0,15,0,大商所,2024
20240229,XDCE,Y,Y2408,N,20240228,21:01,2,1,7234.0,15,0,大商所,2024
20240229,XDCE,Y,Y2412,N,20240228,21:01,2,1,7250.0,15,0,大商所,2024
20240318,XDCE,B,B2408,N,20240315,21:01,2,2,3877.0,15,0,大商所,2024
20240318,XDCE,EB,EB2408,N,20240315,21:01,2,1,9072.0,15,0,大商所,2024
20240318,XDCE,EG,EG2404,N,20240315,21:06,7,1,4586.0,15,0,大商所,2024
20240318,XDCE,JD,JD2411,D,20240318,09:01,2,5,3966.0,15,0,大商所,2024
20240318,XDCE,JM,JM2404,N,20240315,21:33,34,1,1491.0,15,0,大商所,2024
20240318,XDCE,PP,PP2404,N,20240315,21:01,2,2,7552.0,15,0,大商所,2024
20240318,XDCE,V,V2408,N,20240315,21:01,2,6,6040.0,15,0,大商所,2024
20240318,XDCE,V,V2410,N,20240315,21:01,2,4,6103.75,15,0,大商所,2024
20240403,XDCE,A,A2411,N,20240402,21:01,2,6,4703.0,15,0,大商所,2024
20240403,XDCE,A,A2501,N,20240402,21:01,2,1,4669.0,15,0,大商所,2024
20240403,XDCE,EG,EG2404,N,20240402,21:21,22,45,4490.0,15,0,大商所,2024
20240403,XDCE,EG,EG2407,N,20240402,21:01,2,3,4523.67,15,0,大商所,2024
20240403,XDCE,EG,EG2408,N,20240402,21:01,2,3,4547.0,15,0,大商所,2024
20240403,XDCE,I,I2412,N,20240402,21:01,2,5,745.5,15,0,大商所,2024
20240403,XDCE,J,J2406,N,20240402,21:01,2,1,2010.0,15,0,大商所,2024
20240403,XDCE,L,L2410,N,20240402,21:01,2,2,8315.0,15,0,大商所,2024
20240403,XDCE,PG,PG2408,N,20240402,21:01,2,3,4578.33,15,0,大商所,2024
20240403,XDCE,PP,PP2410,N,20240402,21:01,2,1,7579.0,15,0,大商所,2024
20240403,XDCE,RR,RR2407,N,20240402,21:01,2,2,3525.0,15,0,大商所,2024
20240403,XDCE,RR,RR2409,N,20240402,21:01,2,3,3556.0,15,0,大商所,2024
20240423,XDCE,EB,EB2410,N,20240422,21:01,2,2,9140.0,15,0,大商所,2024
20240423,XDCE,EG,EG2407,N,20240422,21:01,2,8,4502.75,15,0,大商所,2024
20240423,XDCE,EG,EG2408,N,20240422,21:01,2,2,4532.0,15,0,大商所,2024
20240423,XDCE,L,L2407,N,20240422,21:01,2,2,8447.0,15,0,大商所,2024
20240423,XDCE,P,P2412,N,20240422,21:01,2,2,7289.0,15,0,大商所,2024
20240423,XDCE,PG,PG2410,N,20240422,21:01,2,1,4986.0,15,0,大商所,2024
20240423,XDCE,RR,RR2409,N,20240422,21:01,2,2,3542.0,15,0,大商所,2024
20240423,XDCE,V,V2410,N,20240422,21:01,2,10,5974.1,15,0,大商所,2024
20240423,XDCE,V,V2502,N,20240422,21:01,2,2,6087.0,15,0,大商所,2024
20240423,XDCE,Y,Y2503,N,20240422,21:01,2,5,7474.8,15,0,大商所,2024
20240514,XGFE,LC,LC2405,D,20240514,09:03,4,1,107000.0,15,0,广期所,2024
20240514,XDCE,EB,EB2504,N,20240513,22:22,83,3,8721.0,15,0,大商所,2024
20240514,XDCE,EG,EG2412,N,20240513,21:01,2,3,4493.33,15,0,大商所,2024
20240514,XDCE,J,J2408,D,20240514,09:51,51,1,2197.5,15,0,大商所,2024
20240514,XDCE,L,L2412,N,20240513,21:01,2,2,8471.5,15,0,大商所,2024
20240514,XDCE,PG,PG2411,D,20240514,09:04,4,1,4800.0,15,0,大商所,2024
20240514,XDCE,PP,PP2502,N,20240513,21:01,2,1,7574.0,15,0,大商所,2024
20240530,XDCE,B,B2411,N,20240529,21:59,60,1,4131.0,15,0,大商所,2024
20240530,XDCE,EB,EB2411,N,20240529,21:40,41,5,9436.0,15,0,大商所,2024
20240530,XDCE,EB,EB2412,N,20240529,21:40,41,5,9364.0,15,0,大商所,2024
20240530,XDCE,EB,EB2502,N,20240529,21:42,43,1,9241.0,15,0,大商所,2024
20240530,XDCE,EB,EB2503,N,20240529,21:42,43,1,9202.0,15,0,大商所,2024
20240530,XDCE,J,J2406,D,20240530,09:59,59,3,2277.67,15,0,大商所,2024
20240530,XDCE,P,P2406,N,20240529,21:01,2,1,7864.0,15,0,大商所,2024
20240530,XDCE,RR,RR2501,D,20240530,09:01,1,3,3567.67,15,0,大商所,2024
20240530,XDCE,RR,RR2502,D,20240530,09:01,1,3,3572.0,15,0,大商所,2024
20240618,XDCE,B,B2504,N,20240617,21:27,28,1,3743.0,15,0,大商所,2024
20240618,XDCE,CS,CS2503,N,20240617,21:01,2,3,2809.0,15,0,大商所,2024
20240618,XDCE,EB,EB2406,D,20240618,11:18,123,48,9474.0,15,0,大商所,2024
20240618,XDCE,EB,EB2503,N,20240617,21:56,57,2,8842.5,15,0,大商所,2024
20240618,XDCE,EB,EB2505,N,20240617,21:56,57,2,8780.0,15,0,大商所,2024
20240618,XDCE,I,I2412,N,20240617,21:01,2,7,799.929,15,0,大商所,2024
20240618,XDCE,P,P2411,N,20240617,21:01,2,4,7511.0,15,0,大商所,2024
20240618,XDCE,PG,PG2502,D,20240618,10:54,99,1,4779.0,15,0,大商所,2024
20240618,XDCE,PP,PP2410,N,20240617,21:01,2,2,7662.5,15,0,大商所,2024
20240618,XDCE,RR,RR2503,D,20240618,09:01,1,2,3557.0,15,0,大商所,2024
20240618,XDCE,RR,RR2504,D,20240618,09:01,1,2,3557.0,15,0,大商所,2024
20240618,XDCE,V,V2411,N,20240617,21:01,2,7,6226.0,15,0,大商所,2024
20240704,XDCE,EB,EB2503,N,20240703,21:26,27,2,8877.0,15,0,大商所,2024
20240704,XDCE,EG,EG2411,N,20240703,21:01,2,1,4720.0,15,0,大商所,2024
20240704,XDCE,JM,JM2412,N,20240703,21:02,3,1,1755.5,15,0,大商所,2024
20240704,XDCE,L,L2411,N,20240703,21:01,2,2,8647.0,15,0,大商所,2024
20240704,XDCE,P,P2412,N,20240703,21:01,2,1,7890.0,15,0,大商所,2024
20240704,XDCE,PG,PG2504,N,20240703,21:44,45,1,5070.0,15,0,大商所,2024
20240704,XDCE,V,V2411,N,20240703,21:01,2,2,6214.0,15,0,大商所,2024
20240704,XDCE,V,V2503,N,20240703,21:03,4,1,6330.0,15,0,大商所,2024
20240704,XDCE,V,V2504,N,20240703,21:03,4,1,6557.0,15,0,大商所,2024
20240722,XDCE,B,B2412,N,20240719,21:01,2,2,3797.5,15,0,大商所,2024
20240722,XDCE,EB,EB2407,D,20240722,15:00,225,400,9250.0,15,0,大商所,2024
20240722,XDCE,EB,EB2501,N,20240719,21:01,2,4,8741.0,15,0,大商所,2024
20240722,XDCE,EG,EG2410,N,20240719,21:01,2,1,4647.0,15,0,大商所,2024
20240722,XDCE,EG,EG2411,N,20240719,21:01,2,1,4653.0,15,0,大商所,2024
20240722,XDCE,EG,EG2412,N,20240719,21:04,5,3,4639.0,15,0,大商所,2024
20240722,XDCE,L,L2411,N,20240719,21:01,2,1,8416.0,15,0,大商所,2024
20240722,XDCE,L,L2503,N,20240719,22:49,110,2,8367.0,15,0,大商所,2024
20240722,XDCE,PG,PG2502,D,20240722,09:02,2,2,4730.0,15,0,大商所,2024
20240722,XDCE,PP,PP2410,N,20240719,21:04,5,5,7650.0,15,0,大商所,2024
20240722,XDCE,PP,PP2412,N,20240719,21:07,8,1,7679.0,15,0,大商所,2024
20240722,XDCE,PP,PP2504,N,20240719,21:22,23,1,7659.0,15,0,大商所,2024
20240722,XDCE,PP,PP2506,N,20240719,21:22,23,1,7641.0,15,0,大商所,2024
20240807,XGFE,SI,SI2408,D,20240807,13:40,146,10,10330.0,15,0,广期所,2024
20240807,XDCE,B,B2408,D,20240807,09:53,53,7,3527.0,15,0,大商所,2024
20240807,XDCE,CS,CS2505,N,20240806,21:01,2,2,2696.5,15,0,大商所,2024
20240807,XDCE,EB,EB2506,N,20240806,21:14,15,2,8396.0,15,0,大商所,2024
20240807,XDCE,PG,PG2504,N,20240806,21:12,13,1,4728.0,15,0,大商所,2024
20240807,XDCE,PG,PG2506,N,20240806,21:26,27,1,4533.0,15,0,大商所,2024
20240807,XDCE,PG,PG2507,N,20240806,21:26,27,1,4480.0,15,0,大商所,2024
20240823,XDCE,B,B2506,N,20240822,21:01,2,1,3383.0,15,0,大商所,2024
20240823,XDCE,EB,EB2503,N,20240822,21:01,2,1,8628.0,15,0,大商所,2024
20240823,XDCE,L,L2410,N,20240822,21:01,2,5,8083.2,15,0,大商所,2024
20240823,XDCE,P,P2502,N,20240822,21:01,2,2,7746.0,15,0,大商所,2024
20240823,XDCE,P,P2503,N,20240822,21:01,2,10,7711.6,15,0,大商所,2024
20240823,XDCE,PG,PG2503,N,20240822,21:03,4,3,4400.0,15,0,大商所,2024
20240823,XDCE,PG,PG2504,N,20240822,21:03,4,3,4762.0,15,0,大商所,2024
20240823,XDCE,PG,PG2506,D,20240823,14:09,174,2,4571.0,15,0,大商所,2024
20240823,XDCE,PP,PP2410,N,20240822,21:01,2,4,7556.0,15,0,大商所,2024
20240823,XDCE,PP,PP2411,N,20240822,21:01,2,4,7562.0,15,0,大商所,2024
20240823,XDCE,PP,PP2506,N,20240822,21:37,38,1,7490.0,15,0,大商所,2024
20240823,XDCE,RR,RR2412,D,20240823,09:01,1,1,3518.0,15,0,大商所,2024
20240910,XDCE,B,B2502,N,20240909,21:01,2,4,3630.0,15,0,大商所,2024
20240910,XDCE,CS,CS2507,N,20240909,21:01,2,4,2657.0,15,0,大商所,2024
20240910,XDCE,EG,EG2409,D,20240910,09:34,34,300,4561.0,15,0,大商所,2024
20240910,XDCE,P,P2409,D,20240910,14:27,192,3,8004.0,15,0,大商所,2024
20240910,XDCE,PG,PG2508,N,20240909,21:52,53,2,4310.0,15,0,大商所,2024
20240910,XDCE,RR,RR2503,N,20240909,21:01,2,2,3535.0,15,0,大商所,2024
20240910,XDCE,RR,RR2504,N,20240909,21:01,2,2,3558.0,15,0,大商所,2024
20240930,XDCE,B,B2503,N,20240927,21:02,3,1,3636.0,15,0,大商所,2024
20240930,XDCE,B,B2504,N,20240927,21:02,3,1,3561.0,15,0,大商所,2024
20240930,XDCE,EG,EG2411,N,20240927,21:01,2,6,4494.0,15,0,大商所,2024
20240930,XDCE,EG,EG2412,N,20240927,21:01,2,6,4518.0,15,0,大商所,2024
20240930,XDCE,I,I2508,N,20240927,21:01,2,6,727.417,15,0,大商所,2024
20240930,XDCE,J,J2410,N,20240927,21:03,4,1,1914.5,15,0,大商所,2024
20240930,XDCE,J,J2411,N,20240927,21:03,4,1,1952.0,15,0,大商所,2024
20240930,XDCE,P,P2507,N,20240927,21:22,23,1,8062.0,15,0,大商所,2024
20240930,XDCE,RR,RR2502,D,20240930,10:55,100,2,3523.0,15,0,大商所,2024
20240930,XDCE,RR,RR2503,D,20240930,09:01,1,1,3528.0,15,0,大商所,2024
20241023,XDCE,B,B2504,N,20241022,21:01,2,2,3484.0,15,0,大商所,2024
20241023,XDCE,EB,EB2506,N,20241022,21:02,3,1,8521.0,15,0,大商所,2024
20241023,XDCE,EB,EB2507,D,20241023,10:31,76,1,8525.0,15,0,大商所,2024
20241023,XDCE,J,J2509,N,20241022,21:01,2,4,2100.5,15,0,大商所,2024
20241023,XDCE,L,L2502,N,20241022,21:09,10,2,8030.0,15,0,大商所,2024
20241023,XDCE,L,L2506,N,20241022,23:00,121,2,7996.0,15,0,大商所,2024
20241023,XDCE,L,L2507,N,20241022,23:00,121,2,7991.0,15,0,大商所,2024
20241023,XDCE,L,L2508,N,20241022,21:38,39,1,8003.0,15,0,大商所,2024
20241023,XDCE,L,L2509,N,20241022,21:04,5,50,8026.0,15,0,大商所,2024
20241023,XDCE,P,P2506,N,20241022,21:01,2,2,8587.0,15,0,大商所,2024
20241023,XDCE,P,P2507,N,20241022,21:01,2,2,8465.0,15,0,大商所,2024
20241023,XDCE,P,P2508,N,20241022,21:02,3,4,8377.0,15,0,大商所,2024
20241023,XDCE,PG,PG2504,N,20241022,21:01,2,2,4702.0,15,0,大商所,2024
20241023,XDCE,PG,PG2509,N,20241022,21:14,15,1,4378.0,15,0,大商所,2024
20241023,XDCE,PP,PP2503,D,20241023,09:31,31,1,7472.0,15,0,大商所,2024
20241023,XDCE,RR,RR2502,N,20241022,21:05,6,1,3545.0,15,0,大商所,2024
20241023,XDCE,RR,RR2506,N,20241022,21:04,5,1,3582.0,15,0,大商所,2024
20241108,XGFE,SI,SI2411,D,20241108,09:01,2,21,9810.0,15,0,广期所,2024
20241126,XDCE,B,B2509,N,20241125,21:01,2,2,3545.0,15,0,大商所,2024
20241126,XDCE,EB,EB2411,D,20241126,15:00,225,157,8627.0,15,0,大商所,2024
20241126,XDCE,EG,EG2509,N,20241125,21:05,6,1,4734.0,15,0,大商所,2024
20241126,XDCE,EG,EG2510,N,20241125,21:05,6,1,4701.0,15,0,大商所,2024
20241126,XDCE,LH,LH2411,D,20241126,15:00,226,9,16545.0,15,0,大商所,2024
20241126,XDCE,V,V2506,N,20241125,21:01,2,1,5600.0,15,0,大商所,2024
20241126,XDCE,V,V2507,N,20241125,21:01,2,1,5638.0,15,0,大商所,2024
20241212,XDCE,B,B2509,N,20241211,21:01,2,1,3495.0,15,0,大商所,2024
20241212,XDCE,EB,EB2412,D,20241212,09:09,9,90,8529.0,15,0,大商所,2024
20241212,XDCE,L,L2503,N,20241211,21:10,11,2,8118.0,15,0,大商所,2024
20241212,XDCE,M,M2412,D,20241212,09:05,5,3,2847.0,15,0,大商所,2024
20241212,XDCE,PG,PG2510,N,20241211,22:43,104,2,4670.5,15,0,大商所,2024
20241212,XDCE,V,V2412,N,20241211,21:02,3,350,4996.0,15,0,大商所,2024
20241212,XDCE,V,V2508,N,20241211,21:01,2,1,5507.0,15,0,大商所,2024
20241212,XDCE,Y,Y2412,D,20241212,11:26,131,50,8084.0,15,0,大商所,2024
20241230,XDCE,EG,EG2503,N,20241227,21:01,2,4,4677.0,15,0,大商所,2024
20241230,XDCE,EG,EG2507,N,20241227,21:14,15,1,4796.0,15,0,大商所,2024
20241230,XDCE,I,I2511,N,20241227,21:01,2,1,733.5,15,0,大商所,2024
20241230,XDCE,L,L2507,D,20241230,13:33,138,4,8038.0,15,0,大商所,2024
20241230,XDCE,L,L2508,D,20241230,13:33,138,5,8013.2,15,0,大商所,2024
20250116,XDCE,B,B2510,N,20250115,21:01,2,1,3590.0,15,0,大商所,2025
20250116,XDCE,B,B2511,N,20250115,21:01,2,1,3596.0,15,0,大商所,2025
20250116,XDCE,B,B2512,N,20250115,21:01,2,2,3614.0,15,0,大商所,2025
20250116,XDCE,J,J2502,N,20250115,21:11,12,1,1745.0,15,0,大商所,2025
20250116,XDCE,L,L2507,N,20250115,21:06,7,1,7841.0,15,0,大商所,2025
20250116,XDCE,L,L2508,N,20250115,21:06,7,2,7843.0,15,0,大商所,2025
20250116,XDCE,PP,PP2511,D,20250116,14:17,182,1,7489.0,15,0,大商所,2025
20250211,XDCE,EB,EB2601,N,20250210,21:33,34,1,8258.0,15,0,大商所,2025
20250211,XDCE,L,L2502,D,20250211,09:08,8,40,7959.0,15,0,大商所,2025
20250211,XDCE,PP,PP2503,N,20250210,21:01,2,2,7382.0,15,0,大商所,2025
20250211,XDCE,PP,PP2510,D,20250211,09:37,37,1,7424.0,15,0,大商所,2025
20250211,XDCE,RR,RR2506,N,20250210,21:23,24,2,3485.0,15,0,大商所,2025
20250227,XDCE,EB,EB2512,N,20250226,21:09,10,2,8212.0,15,0,大商所,2025
20250227,XDCE,P,P2506,N,20250226,21:04,5,1,9014.0,15,0,大商所,2025
20250227,XDCE,P,P2510,N,20250226,21:11,12,2,8537.0,15,0,大商所,2025
20250227,XDCE,PG,PG2512,D,20250227,14:51,216,1,4393.0,15,0,大商所,2025
20250321,XDCE,B,B2504,N,20250320,21:01,2,2,3602.0,15,0,大商所,2025
20250321,XDCE,EG,EG2508,D,20250321,14:30,195,1,4524.0,15,0,大商所,2025
20250321,XDCE,J,J2504,N,20250320,22:34,95,1,1522.0,15,0,大商所,2025
20250321,XDCE,Y,Y2511,N,20250320,21:01,2,2,7944.0,15,0,大商所,2025
20250409,XDCE,J,J2601,N,20250408,21:10,11,1,1640.5,15,0,大商所,2025
20250409,XDCE,JM,JM2601,N,20250408,21:02,3,1,1071.0,15,0,大商所,2025
20250409,XDCE,L,L2511,N,20250408,21:04,5,2,7228.0,15,0,大商所,2025
20250409,XDCE,PG,PG2510,N,20250408,21:02,3,1,4507.0,15,0,大商所,2025
20250409,XDCE,PG,PG2511,N,20250408,21:46,47,2,4460.5,15,0,大商所,2025
20250409,XDCE,PG,PG2512,N,20250408,21:47,48,1,4373.0,15,0,大商所,2025
20250409,XDCE,PG,PG2601,N,20250408,21:46,47,2,4320.0,15,0,大商所,2025
20250409,XDCE,V,V2512,N,20250408,21:01,2,2,5150.0,15,0,大商所,2025
20250425,XDCE,EB,EB2504,D,20250425,15:00,225,219,7465.0,15,0,大商所,2025
20250425,XDCE,I,I2511,N,20250424,21:01,2,3,706.5,15,0,大商所,2025
20250425,XDCE,JD,JD2504,D,20250425,15:00,226,1,3264.0,15,0,大商所,2025
20250425,XDCE,L,L2508,N,20250424,21:01,2,4,7190.0,15,0,大商所,2025
20250425,XDCE,L,L2511,N,20250424,21:07,8,1,7121.0,15,0,大商所,2025
20250425,XDCE,L,L2603,N,20250424,21:48,49,1,7079.0,15,0,大商所,2025
20250425,XDCE,M,M2512,N,20250424,21:01,2,5,3093.0,15,0,大商所,2025
20250425,XDCE,PG,PG2512,N,20250424,21:12,13,1,4316.0,15,0,大商所,2025
20250425,XDCE,PG,PG2602,N,20250424,21:12,13,1,4173.0,15,0,大商所,2025
20250425,XDCE,PG,PG2603,N,20250424,21:12,13,1,4087.0,15,0,大商所,2025
20250425,XDCE,V,V2602,N,20250424,21:29,30,3,5133.0,15,0,大商所,2025
20250516,XDCE,C,C2505,D,20250516,13:54,159,11,2314.0,15,0,大商所,2025
20250516,XDCE,EB,EB2602,N,20250515,21:07,8,1,7259.0,15,0,大商所,2025
20250516,XDCE,EB,EB2603,N,20250515,21:07,8,1,7260.0,15,0,大商所,2025
20250516,XDCE,RR,RR2509,N,20250515,21:01,2,1,3651.0,15,0,大商所,2025
20250516,XDCE,RR,RR2601,N,20250515,21:01,2,1,3631.0,15,0,大商所,2025
20250516,XDCE,V,V2602,N,20250515,21:13,14,1,5150.0,15,0,大商所,2025
20250604,XDCE,J,J2602,D,20250604,09:01,1,1,1344.5,15,0,大商所,2025
20250604,XDCE,J,J2603,D,20250604,09:01,1,1,1344.5,15,0,大商所,2025
20250604,XDCE,L,L2510,N,20250603,21:02,3,7,6950.71,15,0,大商所,2025
20250604,XDCE,L,L2511,N,20250603,21:02,3,6,6950.67,15,0,大商所,2025
20250604,XDCE,PG,PG2602,N,20250603,22:50,111,1,4001.0,15,0,大商所,2025
20250604,XDCE,PG,PG2605,D,20250604,10:03,63,1,4147.0,15,0,大商所,2025
20250604,XDCE,PP,PP2602,N,20250603,21:02,3,5,6827.0,15,0,大商所,2025
20250604,XDCE,V,V2506,N,20250603,22:17,78,1,4693.0,15,0,大商所,2025
20250604,XDCE,V,V2512,N,20250603,21:01,2,1,4766.0,15,0,大商所,2025
20250623,XDCE,EB,EB2603,N,20250620,21:01,2,2,7321.0,15,0,大商所,2025
20250623,XDCE,I,I2512,N,20250620,21:01,2,4,684.0,15,0,大商所,2025
20250623,XDCE,J,J2602,N,20250620,21:10,11,1,1437.0,15,0,大商所,2025
20250623,XDCE,J,J2603,N,20250620,21:10,11,1,1449.0,15,0,大商所,2025
20250623,XDCE,J,J2605,N,20250620,21:17,18,1,1435.0,15,0,大商所,2025
20250623,XDCE,L,L2512,N,20250620,21:01,2,1,7368.0,15,0,大商所,2025
20250623,XDCE,L,L2603,N,20250620,21:01,2,3,7341.0,15,0,大商所,2025
20250623,XDCE,L,L2605,N,20250620,21:01,2,3,7334.0,15,0,大商所,2025
20250623,XDCE,P,P2510,N,20250620,21:01,2,2,8484.0,15,0,大商所,2025
20250623,XDCE,P,P2511,N,20250620,21:01,2,2,8482.0,15,0,大商所,2025
20250623,XDCE,P,P2512,N,20250620,21:01,2,7,8504.0,15,0,大商所,2025
20250709,XDCE,B,B2602,N,20250708,22:33,94,1,3621.0,15,0,大商所,2025
20250709,XDCE,B,B2603,N,20250708,21:01,2,1,3547.0,15,0,大商所,2025
20250709,XDCE,L,L2602,N,20250708,21:05,6,2,7207.0,15,0,大商所,2025
20250709,XDCE,L,L2603,N,20250708,21:05,6,2,7205.0,15,0,大商所,2025
20250709,XDCE,P,P2512,N,20250708,21:01,2,2,8624.0,15,0,大商所,2025
20250709,XDCE,P,P2602,N,20250708,21:01,2,2,8592.0,15,0,大商所,2025
20250709,XDCE,P,P2603,N,20250708,21:01,2,1,8546.0,15,0,大商所,2025
20250709,XDCE,P,P2604,N,20250708,21:01,2,1,8494.0,15,0,大商所,2025
20250709,XDCE,PG,PG2511,N,20250708,21:01,2,1,4398.0,15,0,大商所,2025
20250709,XDCE,PG,PG2602,D,20250709,10:02,62,2,4172.5,15,0,大商所,2025
20250709,XDCE,PG,PG2604,N,20250708,21:07,8,1,4378.0,15,0,大商所,2025
20250709,XDCE,PG,PG2605,N,20250708,21:07,8,1,4277.0,15,0,大商所,2025
20250709,XDCE,PG,PG2606,N,20250708,21:58,59,1,4204.0,15,0,大商所,2025
20250709,XDCE,PP,PP2603,D,20250709,10:02,62,1,7004.0,15,0,大商所,2025
20250729,XDCE,EG,EG2512,N,20250728,21:01,2,4,4471.0,15,0,大商所,2025
20250729,XDCE,L,L2606,D,20250729,09:48,48,1,7406.0,15,0,大商所,2025
20250729,XDCE,P,P2512,N,20250728,21:14,15,1,8938.0,15,0,大商所,2025
20250729,XDCE,P,P2602,N,20250728,22:03,64,2,8905.0,15,0,大商所,2025
20250729,XDCE,P,P2604,N,20250728,22:03,64,2,8785.0,15,0,大商所,2025
20250729,XDCE,PP,PP2508,N,20250728,21:01,2,11,7096.36,15,0,大商所,2025
20250729,XDCE,PP,PP2604,D,20250729,14:05,170,4,7141.0,15,0,大商所,2025
20250814,XGFE,LC,LC2508,D,20250814,09:12,13,1,86240.0,15,0,广期所,2025
20250814,XDCE,EG,EG2605,N,20250813,21:41,42,25,4493.0,15,0,大商所,2025
20250814,XDCE,PP,PP2607,N,20250813,21:05,6,2,7094.5,15,0,大商所,2025
20250814,XDCE,V,V2508,D,20250814,09:02,2,154,4990.0,15,0,大商所,2025
20250902,XDCE,EB,EB2607,N,20250901,21:01,2,1,7210.0,15,0,大商所,2025
20250902,XDCE,EB,EB2608,N,20250901,21:01,2,1,7246.0,15,0,大商所,2025
20250902,XDCE,JM,JM2606,N,20250901,21:12,13,1,1178.0,15,0,大商所,2025
20250902,XDCE,JM,JM2607,N,20250901,21:11,12,6,1193.5,15,0,大商所,2025
20250902,XDCE,P,P2604,N,20250901,21:06,7,2,9247.0,15,0,大商所,2025
20250902,XDCE,PP,PP2606,N,20250901,21:02,3,2,6949.0,15,0,大商所,2025
20250918,XDCE,EB,EB2603,N,20250917,21:01,2,2,7237.5,15,0,大商所,2025
20250918,XDCE,EB,EB2604,N,20250917,21:01,2,1,7268.0,15,0,大商所,2025
20250918,XDCE,EG,EG2509,N,20250917,21:56,57,40,4340.0,15,0,大商所,2025
20250918,XDCE,EG,EG2603,N,20250917,21:01,2,1,4310.0,15,0,大商所,2025
20250918,XDCE,EG,EG2604,N,20250917,21:01,2,1,4337.0,15,0,大商所,2025
20250918,XDCE,EG,EG2605,N,20250917,21:11,12,2,4358.0,15,0,大商所,2025
20250918,XDCE,J,J2602,N,20250917,22:07,68,1,1754.0,15,0,大商所,2025
20250918,XDCE,J,J2603,N,20250917,22:07,68,1,1775.5,15,0,大商所,2025
20250918,XDCE,J,J2608,D,20250918,10:09,69,1,1906.0,15,0,大商所,2025
20250918,XDCE,L,L2602,N,20250917,21:01,2,5,7239.0,15,0,大商所,2025
20250918,XDCE,P,P2608,N,20250917,21:20,21,1,8952.0,15,0,大商所,2025
20250918,XDCE,PG,PG2604,N,20250917,21:01,2,1,4491.0,15,0,大商所,2025
20250918,XDCE,V,V2602,N,20250917,21:01,2,1,5009.0,15,0,大商所,2025
20251014,XGFE,PS,PS2510,D,20251014,14:46,212,40,49430.0,15,0,广期所,2025
20251014,XDCE,BB,BB2511,D,20251014,15:00,226,1,144.65,15,0,大商所,2025
20251014,XDCE,CS,CS2607,N,20251013,21:01,2,7,2524.0,15,0,大商所,2025
20251014,XDCE,EB,EB2608,N,20251013,21:09,10,1,6952.0,15,0,大商所,2025
20251014,XDCE,JM,JM2608,N,20251013,21:22,23,1,1311.0,15,0,大商所,2025
20251014,XDCE,P,P2604,N,20251013,21:04,5,1,9298.0,15,0,大商所,2025
20251014,XDCE,P,P2609,N,20251013,21:01,2,3,8872.67,15,0,大商所,2025
20251014,XDCE,PG,PG2606,N,20251013,21:13,14,2,4025.0,15,0,大商所,2025
20251014,XDCE,PG,PG2607,N,20251013,21:19,20,1,3972.0,15,0,大商所,2025
20251014,XDCE,PG,PG2609,N,20251013,21:13,14,2,3858.5,15,0,大商所,2025
20251014,XDCE,PP,PP2603,N,20251013,21:02,3,6,6682.0,15,0,大商所,2025
20251014,XDCE,Y,Y2603,N,20251013,21:16,17,1,8230.0,15,0,大商所,2025
20251030,XDCE,EB,EB2606,N,20251029,21:13,14,1,6851.0,15,0,大商所,2025
20251030,XDCE,EB,EB2607,N,20251029,21:13,14,1,6883.0,15,0,大商所,2025
20251030,XDCE,EG,EG2604,D,20251030,14:03,168,6,4150.0,15,0,大商所,2025
20251030,XDCE,J,J2511,N,20251029,21:23,24,2,1726.5,15,0,大商所,2025
20251030,XDCE,J,J2608,D,20251030,10:34,79,1,2008.5,15,0,大商所,2025
20251030,XDCE,L,L2603,N,20251029,21:01,2,7,7012.0,15,0,大商所,2025
20251030,XDCE,L,L2606,N,20251029,21:02,3,2,7070.5,15,0,大商所,2025
20251030,XDCE,L,L2607,N,20251029,21:02,3,3,7082.33,15,0,大商所,2025
20251030,XDCE,L,L2608,N,20251029,21:02,3,2,7093.0,15,0,大商所,2025
20251030,XDCE,P,P2604,N,20251029,21:21,22,5,8918.0,15,0,大商所,2025
20251030,XDCE,P,P2606,N,20251029,21:21,22,1,8824.0,15,0,大商所,2025
20251030,XDCE,P,P2607,N,20251029,22:13,74,1,8766.0,15,0,大商所,2025
20251030,XDCE,PG,PG2606,N,20251029,21:02,3,1,4165.0,15,0,大商所,2025
20251030,XDCE,PG,PG2607,N,20251029,21:02,3,1,4097.0,15,0,大商所,2025
20251030,XDCE,PP,PP2607,N,20251029,21:01,2,2,6707.0,15,0,大商所,2025
20251030,XDCE,PP,PP2608,N,20251029,21:01,2,2,6730.0,15,0,大商所,2025
20251030,XDCE,V,V2610,N,20251029,21:06,7,2,5191.5,15,0,大商所,2025
20251117,XDCE,B,B2607,N,20251114,21:02,3,3,3543.0,15,0,大商所,2025
20251117,XDCE,J,J2609,N,20251114,21:09,10,1,1902.0,15,0,大商所,2025
20251117,XDCE,J,J2610,D,20251117,14:34,199,1,1947.5,15,0,大商所,2025
20251203,XDCE,EB,EB2607,N,20251202,21:32,33,2,6798.0,15,0,大商所,2025
20251203,XDCE,P,P2610,N,20251202,21:27,28,1,8566.0,15,0,大商所,2025
20251203,XDCE,PG,PG2608,N,20251202,21:40,41,1,3979.0,15,0,大商所,2025
20251203,XDCE,RR,RR2603,N,20251202,21:01,2,2,3579.0,15,0,大商所,2025
20251203,XDCE,RR,RR2604,N,20251202,21:01,2,2,3585.0,15,0,大商所,2025
20251203,XDCE,V,V2512,N,20251202,21:04,5,75,4530.0,15,0,大商所,2025
20251203,XDCE,Y,Y2512,D,20251203,15:00,225,2,8388.0,15,0,大商所,2025
20251219,XDCE,A,A2611,N,20251218,21:01,2,1,4088.0,15,0,大商所,2025
20251219,XDCE,Y,Y2611,N,20251218,21:02,3,2,7742.0,15,0,大商所,2025
20260108,XDCE,A,A2601,N,20260107,21:08,9,1,4340.0,15,0,大商所,2026
20260108,XDCE,EB,EB2610,N,20260107,21:11,12,1,6991.0,15,0,大商所,2026
20260108,XDCE,P,P2610,N,20260107,21:07,8,4,8470.0,15,0,大商所,2026
20260108,XDCE,PG,PG2608,N,20260107,21:39,40,2,3986.0,15,0,大商所,2026
20260108,XDCE,PP,PP2608,N,20260107,21:02,3,5,6526.0,15,0,大商所,2026
20260126,XDCE,EB,EB2608,N,20260123,21:01,2,2,7445.0,15,0,大商所,2026
20260126,XDCE,J,J2602,N,20260123,21:46,47,1,1385.0,15,0,大商所,2026
20260126,XDCE,L,L2608,N,20260123,21:01,2,3,6924.0,15,0,大商所,2026
20260126,XDCE,L,L2612,N,20260123,21:08,9,1,6941.0,15,0,大商所,2026
20260126,XDCE,P,P2608,N,20260123,21:01,2,2,8895.0,15,0,大商所,2026
20260211,XGFE,PD,PD2610,D,20260211,10:39,85,2,429.3,15,0,广期所,2026
20260211,XDCE,B,B2611,D,20260211,09:01,1,1,3626.0,15,0,大商所,2026
20260211,XDCE,EG,EG2610,N,20260210,22:45,106,1,3868.0,15,0,大商所,2026
20260211,XDCE,EG,EG2611,N,20260210,22:45,106,1,3899.0,15,0,大商所,2026
20260211,XDCE,J,J2604,N,20260210,22:48,109,1,1642.0,15,0,大商所,2026
20260211,XDCE,J,J2701,N,20260210,21:01,2,1,1833.5,15,0,大商所,2026
20260211,XDCE,JM,JM2606,N,20260210,21:01,2,6,1129.25,15,0,大商所,2026
20260211,XDCE,JM,JM2612,N,20260210,21:10,11,1,1255.0,15,0,大商所,2026
20260211,XDCE,L,L2606,N,20260210,21:01,2,22,6797.0,15,0,大商所,2026
20260211,XDCE,PG,PG2608,N,20260210,21:23,24,2,4230.5,15,0,大商所,2026
20260211,XDCE,PG,PG2611,D,20260211,14:32,197,2,4367.0,15,0,大商所,2026
20260211,XDCE,V,V2602,N,20260210,21:51,52,100,4680.0,15,0,大商所,2026
20260311,XGFE,PS,PS2606,D,20260311,09:03,4,1,44185.0,15,0,广期所,2026
20260311,XDCE,B,B2702,N,20260310,21:05,6,1,3860.0,15,0,大商所,2026
20260311,XDCE,BZ,BZ2603,D,20260311,15:00,226,21,7600.0,15,0,大商所,2026
20260311,XDCE,L,L2610,N,20260310,21:01,2,20,7483.5,15,0,大商所,2026
20260311,XDCE,P,P2610,N,20260310,21:06,7,1,9394.0,15,0,大商所,2026
20260311,XDCE,PG,PG2608,N,20260310,21:01,2,13,4820.92,15,0,大商所,2026
20260311,XDCE,PG,PG2612,N,20260310,21:03,4,5,4878.2,15,0,大商所,2026
20260311,XDCE,PG,PG2701,N,20260310,21:03,4,4,4792.0,15,0,大商所,2026
20260311,XDCE,PG,PG2702,N,20260310,21:50,51,2,4712.0,15,0,大商所,2026
20260401,XGFE,SI,SI2604,D,20260401,09:01,2,21,8319.76,15,0,广期所,2026
20260401,XDCE,CS,CS2703,D,20260401,09:45,45,1,2719.0,15,0,大商所,2026
20260401,XDCE,EB,EB2610,N,20260331,21:01,2,1,9592.0,15,0,大商所,2026
20260401,XDCE,EB,EB2611,N,20260331,21:01,2,1,9473.0,15,0,大商所,2026
20260401,XDCE,EB,EB2612,N,20260331,21:53,54,2,9285.0,15,0,大商所,2026
20260401,XDCE,EB,EB2703,D,20260401,13:31,136,1,9008.0,15,0,大商所,2026
20260401,XDCE,EG,EG2611,N,20260331,21:06,7,6,4974.5,15,0,大商所,2026
20260401,XDCE,EG,EG2702,N,20260331,21:05,6,2,4807.5,15,0,大商所,2026
20260423,XDCE,EG,EG2612,N,20260422,21:01,2,2,4669.0,15,0,大商所,2026
20260423,XDCE,EG,EG2702,N,20260422,21:03,4,1,4608.0,15,0,大商所,2026
20260423,XDCE,JM,JM2610,N,20260422,21:01,2,6,1298.67,15,0,大商所,2026
20260423,XDCE,P,P2610,N,20260422,21:05,6,2,9856.0,15,0,大商所,2026
20260515,XGFE,LC,LC2605,D,20260515,09:37,38,26,189140.0,15,0,广期所,2026
20260515,XGFE,PS,PS2605,D,20260515,09:50,51,4,31000.0,15,0,广期所,2026
20260515,XDCE,EB,EB2605,D,20260515,10:59,104,200,9570.0,15,0,大商所,2026
20260515,XDCE,EB,EB2701,N,20260514,21:01,2,1,8437.0,15,0,大商所,2026
20260515,XDCE,EB,EB2703,N,20260514,21:17,18,1,8401.0,15,0,大商所,2026
20260515,XDCE,EG,EG2611,N,20260514,21:02,3,2,4628.0,15,0,大商所,2026
20260515,XDCE,L,L2605,D,20260515,09:01,1,30,8230.0,15,0,大商所,2026
20260515,XDCE,P,P2610,N,20260514,21:01,2,3,9470.0,15,0,大商所,2026
20260515,XDCE,PG,PG2606,N,20260514,21:01,2,11,5991.0,15,0,大商所,2026
20260515,XDCE,PP,PP2612,N,20260514,21:01,2,11,8174.27,15,0,大商所,2026
20260515,XDCE,PP,PP2702,N,20260514,21:08,9,1,8081.0,15,0,大商所,2026
20260611,XDCE,B,B2702,N,20260610,21:12,13,2,3702.5,15,0,大商所,2026
20260611,XDCE,CS,CS2705,N,20260610,21:03,4,1,2694.0,15,0,大商所,2026
20260611,XDCE,EG,EG2702,N,20260610,21:04,5,2,4390.5,15,0,大商所,2026
20260611,XDCE,I,I2703,N,20260610,21:01,2,30,747.0,15,0,大商所,2026
20260611,XDCE,J,J2607,N,20260610,21:29,30,1,1934.5,15,0,大商所,2026
20260611,XDCE,JM,JM2702,N,20260610,21:01,2,8,1599.0,15,0,大商所,2026
20260611,XDCE,P,P2704,N,20260610,21:02,3,4,9675.5,15,0,大商所,2026
20260611,XDCE,PG,PG2612,N,20260610,21:13,14,1,5291.0,15,0,大商所,2026
20260611,XDCE,PP,PP2702,D,20260611,10:53,98,2,8023.0,15,0,大商所,2026
20260701,XDCE,CS,CS2703,N,20260630,21:05,6,1,2665.0,15,0,大商所,2026
20260701,XDCE,EB,EB2612,N,20260630,21:05,6,6,7268.67,15,0,大商所,2026
20260701,XDCE,P,P2704,N,20260630,21:02,3,1,9604.0,15,0,大商所,2026
20260701,XDCE,P,P2706,D,20260701,09:20,20,1,9525.0,15,0,大商所,2026
20260701,XDCE,PG,PG2704,N,20260630,21:04,5,1,4651.0,15,0,大商所,2026
20260721,XGFE,PT,PT2702,D,20260721,11:07,113,2,403.05,15,0,广期所,2026
20260721,XDCE,EB,EB2703,N,20260720,21:01,2,1,8320.0,15,0,大商所,2026
20260721,XDCE,EG,EG2703,N,20260720,21:01,2,2,4464.0,15,0,大商所,2026
20260721,XDCE,L,L2704,N,20260720,21:42,43,2,7482.0,15,0,大商所,2026
20260721,XDCE,PG,PG2702,N,20260720,21:01,2,1,5232.0,15,0,大商所,2026
20260721,XDCE,PG,PG2704,N,20260720,21:01,2,1,5346.0,15,0,大商所,2026
20260721,XDCE,PP,PP2702,N,20260720,21:08,9,1,7817.0,15,0,大商所,2026
20260721,XDCE,PP,PP2704,N,20260720,21:01,2,2,7649.0,15,0,大商所,2026
20260721,XDCE,PP,PP2706,N,20260720,21:01,2,2,7555.0,15,0,大商所,2026
20260721,XDCE,V,V2704,N,20260720,21:01,2,2,5048.0,15,0,大商所,2026
20260810,XGFE,PS,PS2608,D,20260810,09:10,11,5,36995.0,15,0,广期所,2026
20260810,XGFE,PT,PT2608,D,20260810,09:04,5,1,434.95,15,0,广期所,2026
20260810,XDCE,BZ,BZ2705,D,20260810,09:40,41,1,6656.0,15,0,大商所,2026
20260810,XDCE,BZ,BZ2706,D,20260810,09:09,10,1,6550.0,15,0,大商所,2026
20260810,XDCE,BZ,BZ2707,D,20260810,09:09,10,1,6574.0,15,0,大商所,2026
20260810,XDCE,EB,EB2703,N,20260807,21:19,20,1,7674.0,15,0,大商所,2026
20260810,XDCE,PG,PG2702,N,20260807,21:08,9,1,4738.0,15,0,大商所,2026
20260810,XDCE,PG,PG2704,N,20260807,21:08,9,1,4863.0,15,0,大商所,2026
20260810,XDCE,PP,PP2707,D,20260810,10:37,82,2,7068.0,15,0,大商所,2026
20150127,XDCE,J,J1601,D,20150127,09:37,37,5,1058.0,15,0,大商所,2015
20160719,XDCE,J,J1705,N,20160718,21:01,2,2,994.75,15,0,大商所,2016
20160804,XDCE,J,J1705,N,20160803,21:03,4,1,1111.5,15,0,大商所,2016
20161020,XDCE,JM,JM1709,N,20161019,21:01,2,7,1047.0,15,0,大商所,2016
20161209,XDCE,A,A1709,N,20161208,21:01,2,1,4213.0,15,0,大商所,2016
20170418,XDCE,JM,JM1801,N,20170417,21:01,2,3,1082.0,15,0,大商所,2017
20170523,XDCE,J,J1805,N,20170522,21:04,5,1,1354.0,15,0,大商所,2017
20170523,XDCE,Y,Y1805,N,20170522,21:01,2,1,6288.0,15,0,大商所,2017
20170612,XDCE,PP,PP1805,D,20170612,09:06,7,21,7844.05,5,0,大商所,2017
20170628,XDCE,JM,JM1805,N,20170627,21:01,2,2,987.0,5,0,大商所,2017
20170714,XDCE,M,M1707,D,20170714,15:00,225,49,2807.0,15,0,大商所,2017
20170920,XDCE,L,L1809,D,20170920,09:47,48,2,9675.0,15,0,大商所,2017
20170920,XDCE,PP,PP1809,D,20170920,09:04,5,1,8827.0,15,0,大商所,2017
20170920,XDCE,V,V1809,D,20170920,09:02,3,1,6700.0,15,0,大商所,2017
20170920,XDCE,Y,Y1809,N,20170919,21:02,3,1,6500.0,15,0,大商所,2017
20171013,XDCE,A,A1809,N,20171012,21:38,39,3,3878.0,5,0,大商所,2017
20171013,XDCE,Y,Y1809,N,20171012,21:01,2,1,6274.0,15,0,大商所,2017
20171116,XDCE,CS,CS1809,D,20171116,09:01,2,4,2145.75,5,0,大商所,2017
20171116,XDCE,JM,JM1809,N,20171115,21:05,6,1,1165.5,15,0,大商所,2017
20180124,XDCE,JM,JM1901,N,20180123,22:47,108,1,1242.0,15,0,大商所,2018
20180124,XDCE,PP,PP1901,D,20180124,10:13,74,3,9417.0,15,0,大商所,2018
20180209,XDCE,PP,PP1901,D,20180209,09:54,55,1,9170.0,15,0,大商所,2018
20180306,XDCE,JM,JM1901,D,20180306,09:01,1,1,1278.5,15,0,大商所,2018
20180306,XDCE,PP,PP1901,D,20180306,09:09,10,1,9239.0,15,0,大商所,2018
20180322,XDCE,J,J1901,N,20180321,21:07,8,1,1817.0,15,0,大商所,2018
20180517,XDCE,L,L1905,D,20180517,09:01,2,19,9337.1,15,0,大商所,2018
20180517,XDCE,PP,PP1905,D,20180517,09:23,24,1,9216.0,15,0,大商所,2018
20180517,XDCE,V,V1905,D,20180517,09:09,10,6,6628.33,15,0,大商所,2018
20180604,XDCE,A,A1905,N,20180601,21:56,57,2,3846.0,15,0,大商所,2018
20180604,XDCE,J,J1905,N,20180601,21:31,32,1,1985.5,15,0,大商所,2018
20180604,XDCE,Y,Y1905,N,20180601,21:04,5,6,6110.0,5,0,大商所,2018
20180621,XDCE,C,C1905,D,20180621,09:01,2,29,1887.31,5,0,大商所,2018
20180725,XDCE,V,V1905,D,20180725,09:01,2,2,6745.0,15,0,大商所,2018
20180810,XDCE,JM,JM1905,N,20180809,21:01,2,1,1257.5,15,0,大商所,2018
20180913,XDCE,M,M1903,N,20180912,21:02,3,12,2992.0,5,0,大商所,2018
20181009,XDCE,B,B1903,D,20181009,10:39,84,514,3616.0,15,0,大商所,2018
20181009,XDCE,B,B1907,D,20181009,10:52,97,650,3395.0,15,0,大商所,2018
20181009,XDCE,PP,PP1909,D,20181009,09:01,2,5,9637.6,5,0,大商所,2018
20181025,XDCE,B,B1903,D,20181025,09:20,20,3469,3597.0,15,0,大商所,2018
20181025,XDCE,B,B1907,D,20181025,09:11,11,3834,3378.0,15,0,大商所,2018
20181112,XDCE,B,B1903,D,20181112,14:36,201,950,3335.0,15,0,大商所,2018
20181112,XDCE,B,B1907,D,20181112,14:36,201,1998,3261.0,15,0,大商所,2018
20181112,XDCE,B,B1909,N,20181109,21:31,32,1,3217.0,15,0,大商所,2018
20181128,XDCE,B,B1903,D,20181128,10:11,71,256,3211.0,15,0,大商所,2018
20181128,XDCE,B,B1907,D,20181128,09:21,21,344,3167.0,15,0,大商所,2018
20181128,XDCE,M,M1911,N,20181127,21:14,15,1,2729.0,15,0,大商所,2018
20181214,XDCE,B,B1911,N,20181213,21:50,51,1300,3200.0,15,0,大商所,2018
20181214,XDCE,CS,CS1909,D,20181214,09:01,2,32,2366.22,5,0,大商所,2018
20190103,XDCE,B,B1907,D,20190103,11:02,107,454,3012.0,15,0,大商所,2019
20190103,XDCE,B,B1911,D,20190103,11:11,116,1738,3080.0,15,0,大商所,2019
20190103,XDCE,I,I1911,N,20190102,21:10,11,1,462.5,15,0,大商所,2019
20190103,XDCE,JD,JD1909,D,20190103,09:01,2,1,3931.0,15,0,大商所,2019
20190121,XDCE,B,B1911,N,20190118,21:25,26,770,3053.5,15,0,大商所,2019
20190121,XDCE,I,I1911,N,20190118,21:21,22,5,504.0,15,0,大商所,2019
20190121,XDCE,J,J2001,N,20190118,21:08,9,1,1927.5,15,0,大商所,2019
20190121,XDCE,JM,JM2001,N,20190118,21:09,10,2,1293.75,15,0,大商所,2019
20190213,XDCE,B,B1907,D,20190213,09:08,8,1020,3075.0,15,0,大商所,2019
20190213,XDCE,B,B1911,D,20190213,09:27,27,872,3069.0,15,0,大商所,2019
20190213,XDCE,CS,CS2001,D,20190213,09:02,3,6,2376.0,15,0,大商所,2019
20190301,XDCE,B,B1907,D,20190301,13:31,136,892,3013.5,15,0,大商所,2019
20190301,XDCE,C,C1911,D,20190301,09:03,4,3,1868.0,15,0,大商所,2019
20190301,XDCE,JM,JM2001,D,20190301,09:02,2,1,1356.0,15,0,大商所,2019
20190301,XDCE,V,V2001,D,20190301,09:01,2,6,6337.5,5,0,大商所,2019
20190404,XDCE,B,B2003,D,20190404,13:31,136,1,3101.0,15,0,大商所,2019
20190423,XDCE,B,B1911,N,20190422,21:09,10,47,2978.0,15,0,大商所,2019
20190423,XDCE,B,B2001,N,20190422,21:12,13,10,3025.0,15,0,大商所,2019
20190423,XDCE,EG,EG2001,N,20190422,21:01,2,4,4934.5,5,0,大商所,2019
20190423,XDCE,I,I2003,N,20190422,21:03,4,20,566.9,15,0,大商所,2019
20190423,XDCE,J,J2001,N,20190422,21:01,2,16,1995.09,5,0,大商所,2019
20190423,XDCE,JM,JM2001,N,20190422,21:24,25,9,1306.33,5,0,大商所,2019
20190423,XDCE,M,M1911,N,20190422,21:11,12,1,2638.0,15,0,大商所,2019
20190514,XDCE,B,B1911,N,20190513,22:56,117,61,2996.82,15,0,大商所,2019
20190514,XDCE,C,C1911,N,20190513,21:01,2,3,1967.67,5,0,大商所,2019
20190530,XDCE,B,B2005,N,20190529,21:07,8,1,3139.0,15,0,大商所,2019
20190618,XDCE,CS,CS2005,N,20190617,21:01,2,1,2505.0,15,0,大商所,2019
20190704,XDCE,I,I2003,N,20190703,21:01,2,2,758.0,5,0,大商所,2019
20190807,XDCE,CS,CS2005,N,20190806,21:01,2,3,2435.0,15,0,大商所,2019
20190910,XDCE,C,C2003,N,20190909,21:01,2,10,1907.0,15,0,大商所,2019
20190910,XDCE,M,M2007,N,20190909,21:09,10,8,2755.0,15,0,大商所,2019
20190927,XDCE,C,C2007,N,20190926,21:01,2,3,1939.67,5,0,大商所,2019
20190927,XDCE,CS,CS2009,N,20190926,21:13,14,1,2361.0,15,0,大商所,2019
20190927,XDCE,JM,JM2009,N,20190926,21:04,5,1,1171.0,15,0,大商所,2019
20191022,XDCE,C,C2007,N,20191021,21:01,2,3,1948.0,15,0,大商所,2019
20191022,XDCE,I,I2003,N,20191021,21:01,2,5,576.8,5,0,大商所,2019
20191022,XDCE,JM,JM2009,N,20191021,21:22,23,1,1152.0,15,0,大商所,2019
20191022,XDCE,PP,PP2009,N,20191021,21:01,2,2,7540.0,15,0,大商所,2019
20191107,XDCE,A,A2009,N,20191106,21:01,2,2,3775.0,5,0,大商所,2019
20191107,XDCE,M,M2007,N,20191106,21:01,2,1,2847.0,15,0,大商所,2019
20191125,XDCE,B,B2009,D,20191125,09:33,33,1,3252.0,15,0,大商所,2019
20191125,XDCE,JM,JM2009,N,20191122,21:03,4,13,1141.38,5,0,大商所,2019
20191211,XDCE,B,B2003,N,20191210,21:07,8,1,3191.0,15,0,大商所,2019
20191227,XDCE,C,C2007,N,20191226,21:01,2,35,1943.23,5,0,大商所,2019
20200210,XDCE,I,I2011,D,20200210,09:01,2,6,565.667,5,0,大商所,2020
20200210,XDCE,JM,JM2101,D,20200210,09:19,20,1,1170.0,15,0,大商所,2020
20200226,XDCE,C,C2007,D,20200226,09:01,2,87,1940.7,5,0,大商所,2020
20200331,XDCE,M,M2103,D,20200331,09:04,5,1,2907.0,15,0,大商所,2020
20200417,XDCE,B,B2011,D,20200417,09:26,27,1,3081.0,15,0,大商所,2020
20200508,XDCE,C,C2011,N,20200507,21:01,2,2,2084.0,15,0,大商所,2020
20200508,XDCE,CS,CS2005,N,20200507,22:19,80,1,2307.0,15,0,大商所,2020
20200508,XDCE,V,V2005,N,20200507,21:17,18,1,5735.0,15,0,大商所,2020
20200526,XDCE,C,C2103,N,20200525,21:01,2,4,2104.25,5,0,大商所,2020
20200526,XDCE,JM,JM2105,N,20200525,21:12,13,3,1071.0,5,0,大商所,2020
20200611,XDCE,EG,EG2105,D,20200611,10:38,83,1,4015.0,15,0,大商所,2020
20200611,XDCE,M,M2103,N,20200610,21:23,24,2,2781.0,15,0,大商所,2020
20200701,XDCE,B,B2011,N,20200630,21:13,14,1,3168.0,15,0,大商所,2020
20200717,XDCE,CS,CS2105,N,20200716,21:01,2,1,2506.0,15,0,大商所,2020
20200717,XDCE,L,L2105,N,20200716,21:01,2,2,7015.0,15,0,大商所,2020
20200717,XDCE,PP,PP2105,N,20200716,21:01,2,15,7203.6,15,0,大商所,2020
20200804,XDCE,EB,EB2010,N,20200803,21:01,2,2,5583.5,15,0,大商所,2020
20200804,XDCE,EB,EB2011,N,20200803,21:01,2,1,5663.0,15,0,大商所,2020
20200804,XDCE,EB,EB2012,N,20200803,21:01,2,1,5772.0,15,0,大商所,2020
20200804,XDCE,EG,EG2105,N,20200803,21:06,7,2,4025.5,15,0,大商所,2020
20200804,XDCE,L,L2010,N,20200803,21:01,2,41,7079.02,5,0,大商所,2020
20200804,XDCE,L,L2011,N,20200803,21:01,2,6,7063.33,5,0,大商所,2020
20200804,XDCE,L,L2012,N,20200803,21:01,2,6,7045.0,5,0,大商所,2020
20200804,XDCE,P,P2105,N,20200803,21:01,2,8,5564.5,5,0,大商所,2020
20200820,XDCE,EG,EG2010,N,20200819,21:01,2,15,3811.47,15,0,大商所,2020
20200820,XDCE,EG,EG2011,N,20200819,21:01,2,12,3851.0,15,0,大商所,2020
20200820,XDCE,EG,EG2012,N,20200819,21:01,2,3,3889.67,15,0,大商所,2020
20200820,XDCE,J,J2010,N,20200819,21:01,2,29,2000.1,5,0,大商所,2020
20200820,XDCE,J,J2011,N,20200819,21:01,2,4,2005.12,5,0,大商所,2020
20200820,XDCE,J,J2105,N,20200819,21:01,2,2,1928.0,5,0,大商所,2020
20200820,XDCE,JM,JM2010,N,20200819,21:01,2,4,1200.0,15,0,大商所,2020
20200820,XDCE,JM,JM2011,N,20200819,21:01,2,3,1214.0,15,0,大商所,2020
20200820,XDCE,JM,JM2012,N,20200819,21:01,2,1,1211.0,15,0,大商所,2020
20200820,XDCE,L,L2011,N,20200819,21:01,2,12,7128.75,5,0,大商所,2020
20200820,XDCE,L,L2012,N,20200819,21:01,2,10,7128.5,5,0,大商所,2020
20200820,XDCE,M,M2107,N,20200819,21:50,51,1,2773.0,15,0,大商所,2020
20200820,XDCE,PP,PP2010,N,20200819,21:01,2,177,7673.86,5,0,大商所,2020
20200820,XDCE,PP,PP2011,N,20200819,21:01,2,135,7654.04,5,0,大商所,2020
20200820,XDCE,PP,PP2012,N,20200819,21:01,2,22,7622.0,5,0,大商所,2020
20200820,XDCE,V,V2010,N,20200819,21:01,2,50,6692.5,15,0,大商所,2020
20200820,XDCE,V,V2011,N,20200819,21:01,2,34,6680.0,15,0,大商所,2020
20200820,XDCE,V,V2012,N,20200819,21:01,2,1,6650.0,15,0,大商所,2020
20200907,XDCE,C,C2103,N,20200904,21:01,2,129,2332.2,5,0,大商所,2020
20200907,XDCE,EB,EB2010,N,20200904,21:01,2,2,5439.5,5,0,大商所,2020
20200907,XDCE,EB,EB2011,N,20200904,21:01,2,71,5537.18,5,0,大商所,2020
20200907,XDCE,EB,EB2012,N,20200904,21:01,2,7,5633.43,5,0,大商所,2020
20200907,XDCE,I,I2103,N,20200904,21:01,2,15,816.233,5,0,大商所,2020
20200907,XDCE,I,I2104,N,20200904,21:01,2,4,798.5,15,0,大商所,2020
20200907,XDCE,J,J2010,N,20200904,21:02,3,1,2014.0,15,0,大商所,2020
20200907,XDCE,L,L2103,N,20200904,21:01,2,5,7625.0,15,0,大商所,2020
20200907,XDCE,M,M2108,N,20200904,21:01,2,2,2893.0,15,0,大商所,2020
20200907,XDCE,P,P2102,N,20200904,21:01,2,19,5821.16,5,0,大商所,2020
20200907,XDCE,V,V2103,N,20200904,21:01,2,5,6545.0,15,0,大商所,2020
20200907,XDCE,Y,Y2012,N,20200904,21:01,2,5,6729.2,5,0,大商所,2020
20200923,XDCE,EB,EB2011,N,20200922,21:01,2,2,5481.0,15,0,大商所,2020
20200923,XDCE,EG,EG2103,N,20200922,21:01,2,20,3851.0,15,0,大商所,2020
20200923,XDCE,EG,EG2104,N,20200922,21:14,15,2,3905.0,5,0,大商所,2020
20200923,XDCE,I,I2107,N,20200922,22:26,87,2,694.25,15,0,大商所,2020
20200923,XDCE,J,J2104,N,20200922,21:01,2,2,1901.5,15,0,大商所,2020
20200923,XDCE,J,J2105,N,20200922,21:01,2,10,1869.65,5,0,大商所,2020
20200923,XDCE,JM,JM2012,D,20200923,10:12,72,1,1280.0,15,0,大商所,2020
20200923,XDCE,M,M2108,N,20200922,21:01,2,22,2956.23,5,0,大商所,2020
20200923,XDCE,P,P2103,N,20200922,21:01,2,54,6137.74,5,0,大商所,2020
20200923,XDCE,PP,PP2105,N,20200922,21:01,2,95,7521.55,5,0,大商所,2020
20200923,XDCE,V,V2103,N,20200922,21:01,2,1,6545.0,15,0,大商所,2020
20200923,XDCE,Y,Y2107,N,20200922,21:01,2,100,6970.38,5,0,大商所,2020
20200923,XDCE,Y,Y2108,N,20200922,21:01,2,2,6932.0,15,0,大商所,2020
20201019,XDCE,CS,CS2107,N,20201016,21:01,2,1,2959.0,15,0,大商所,2020
20201019,XDCE,EB,EB2103,N,20201016,21:01,2,2,6167.0,15,0,大商所,2020
20201019,XDCE,EG,EG2104,N,20201016,22:08,69,1,4030.0,15,0,大商所,2020
20201019,XDCE,J,J2103,N,20201016,21:01,2,5,2022.3,5,0,大商所,2020
20201019,XDCE,L,L2010,N,20201016,21:06,7,9,7285.0,15,0,大商所,2020
20201019,XDCE,L,L2011,N,20201016,21:06,7,9,7295.0,15,0,大商所,2020
20201019,XDCE,PP,PP2103,N,20201016,21:01,2,18,7745.5,15,0,大商所,2020
20201019,XDCE,V,V2012,N,20201016,21:01,2,2,6925.0,15,0,大商所,2020
20201019,XDCE,Y,Y2108,N,20201016,21:01,2,4,6702.0,5,0,大商所,2020
20201104,XDCE,EG,EG2102,N,20201103,21:01,2,227,3861.39,5,0,大商所,2020
20201104,XDCE,EG,EG2103,N,20201103,21:01,2,35,3891.06,5,0,大商所,2020
20201104,XDCE,I,I2107,N,20201103,21:28,29,1,713.0,15,0,大商所,2020
20201104,XDCE,L,L2012,N,20201103,21:11,12,64,7545.0,15,0,大商所,2020
20201104,XDCE,M,M2108,N,20201103,21:01,2,36,3089.06,5,0,大商所,2020
20201104,XDCE,P,P2103,N,20201103,21:01,2,8,6204.5,5,0,大商所,2020
20201104,XDCE,P,P2107,N,20201103,21:02,3,48,5842.0,15,0,大商所,2020
20201104,XDCE,V,V2012,N,20201103,22:12,73,120,7290.0,15,0,大商所,2020
20201104,XDCE,Y,Y2108,N,20201103,21:01,2,2,6759.0,15,0,大商所,2020
20201120,XDCE,EB,EB2103,N,20201119,21:01,2,25,6669.32,5,0,大商所,2020
20201120,XDCE,EB,EB2104,N,20201119,21:01,2,26,6661.73,5,0,大商所,2020
20201120,XDCE,EG,EG2102,N,20201119,21:01,2,20,3826.7,5,0,大商所,2020
20201120,XDCE,EG,EG2103,N,20201119,21:01,2,1,3871.0,15,0,大商所,2020
20201120,XDCE,I,I2107,N,20201119,21:28,29,1,766.5,15,0,大商所,2020
20201120,XDCE,JM,JM2102,N,20201119,21:01,2,118,1299.24,5,0,大商所,2020
20201120,XDCE,JM,JM2103,N,20201119,21:01,2,11,1288.23,15,0,大商所,2020
20201120,XDCE,L,L2102,N,20201119,21:01,2,23,7810.0,5,0,大商所,2020
20201120,XDCE,P,P2103,N,20201119,21:01,2,38,6779.9,5,0,大商所,2020
20201120,XDCE,PP,PP2103,N,20201119,21:01,2,1,8365.0,15,0,大商所,2020
20201120,XDCE,Y,Y2108,N,20201119,21:01,2,7,7320.0,15,0,大商所,2020
20201208,XDCE,J,J2104,N,20201207,21:01,2,9,2463.56,5,0,大商所,2020
20201208,XDCE,L,L2103,N,20201207,21:01,2,14,7920.0,15,0,大商所,2020
20201208,XDCE,L,L2104,N,20201207,21:01,2,22,7933.41,5,0,大商所,2020
20201208,XDCE,M,M2108,N,20201207,21:01,2,11,3142.82,5,0,大商所,2020
20201208,XDCE,P,P2103,N,20201207,21:01,2,4,6713.5,15,0,大商所,2020
20201208,XDCE,PP,PP2103,N,20201207,21:01,2,83,8373.36,5,0,大商所,2020
20201208,XDCE,Y,Y2108,N,20201207,21:01,2,4,7134.0,15,0,大商所,2020
20201224,XDCE,EG,EG2102,N,20201223,21:01,2,445,4127.34,5,0,大商所,2020
20201224,XDCE,EG,EG2103,N,20201223,21:01,2,84,4153.19,5,0,大商所,2020
20201224,XDCE,JM,JM2103,N,20201223,21:01,2,8,1566.19,15,0,大商所,2020
20201224,XDCE,L,L2103,N,20201223,21:01,2,4,7728.75,5,0,大商所,2020
20201224,XDCE,L,L2104,N,20201223,21:01,2,4,7795.0,15,0,大商所,2020
20210112,XDCE,EG,EG2102,N,20210111,21:01,2,6,4428.0,15,0,大商所,2021
20210112,XDCE,EG,EG2109,N,20210111,21:01,2,1,4520.0,15,0,大商所,2021
20210112,XDCE,JM,JM2104,N,20210111,21:02,3,2,1757.0,15,0,大商所,2021
20210112,XDCE,P,P2103,N,20210111,21:01,2,23,7490.44,5,0,大商所,2021
20210112,XDCE,P,P2104,N,20210111,21:01,2,1,7280.0,15,0,大商所,2021
20210112,XDCE,PG,PG2101,D,20210112,13:48,153,5,3857.0,15,0,大商所,2021
20210128,XDCE,EB,EB2109,N,20210127,21:31,32,1,7117.0,15,0,大商所,2021
20210128,XDCE,M,M2108,N,20210127,21:01,2,6,3526.83,5,0,大商所,2021
20210128,XDCE,V,V2102,N,20210127,21:05,6,8,7336.25,15,0,大商所,2021
20210222,XDCE,EG,EG2107,N,20210219,21:01,2,2,4846.0,5,0,大商所,2021
20210222,XDCE,J,J2107,N,20210219,21:01,2,1,2571.5,15,0,大商所,2021
20210222,XDCE,JM,JM2107,N,20210219,21:01,2,4,1525.5,5,0,大商所,2021
20210222,XDCE,JM,JM2109,N,20210219,21:03,4,1,1511.5,15,0,大商所,2021
20210310,XDCE,C,C2201,N,20210309,21:01,2,63,2671.19,5,0,大商所,2021
20210310,XDCE,EB,EB2107,N,20210309,21:01,2,3,8345.0,5,0,大商所,2021
20210310,XDCE,J,J2107,N,20210309,21:01,2,1,2243.5,15,0,大商所,2021
20210310,XDCE,L,L2107,N,20210309,21:01,2,1,9050.0,15,0,大商所,2021
20210310,XDCE,L,L2111,N,20210309,21:01,2,9,8762.78,15,0,大商所,2021
20210310,XDCE,P,P2111,N,20210309,21:01,2,1,6920.0,15,0,大商所,2021
20210310,XDCE,Y,Y2112,N,20210309,21:01,2,3,8109.33,5,0,大商所,2021
20210326,XDCE,EG,EG2106,N,20210325,21:01,2,10,4895.7,5,0,大商所,2021
20210326,XDCE,EG,EG2107,D,20210326,09:20,20,1,4974.0,15,0,大商所,2021
20210326,XDCE,EG,EG2111,N,20210325,21:01,2,5,4880.0,15,0,大商所,2021
20210326,XDCE,I,I2107,N,20210325,21:06,7,1,970.5,15,0,大商所,2021
20210326,XDCE,J,J2107,N,20210325,21:57,58,1,2189.0,15,0,大商所,2021
20210326,XDCE,JM,JM2107,N,20210325,21:01,2,1,1559.5,15,0,大商所,2021
20210326,XDCE,L,L2107,N,20210325,21:01,2,10,8540.0,15,0,大商所,2021
20210326,XDCE,L,L2111,N,20210325,21:01,2,7,8435.0,15,0,大商所,2021
20210326,XDCE,P,P2111,N,20210325,21:01,2,8,7035.0,5,0,大商所,2021
20210326,XDCE,V,V2106,N,20210325,21:01,2,20,8585.0,15,0,大商所,2021
20210326,XDCE,V,V2107,N,20210325,21:01,2,20,8555.0,15,0,大商所,2021
20210326,XDCE,Y,Y2112,N,20210325,21:01,2,20,8278.0,15,0,大商所,2021
20210414,XDCE,EG,EG2106,N,20210413,21:05,6,1,4845.0,15,0,大商所,2021
20210414,XDCE,J,J2108,N,20210413,21:10,11,1,2428.0,15,0,大商所,2021
20210414,XDCE,PP,PP2104,N,20210413,21:34,35,30,8700.0,15,0,大商所,2021
20210414,XDCE,PP,PP2111,N,20210413,21:01,2,6,8305.33,15,0,大商所,2021
20210430,XDCE,EG,EG2106,N,20210429,21:24,25,4,4743.5,15,0,大商所,2021
20210430,XDCE,EG,EG2112,N,20210429,21:01,2,10,4773.0,15,0,大商所,2021
20210430,XDCE,J,J2112,N,20210429,21:01,2,1,2674.0,15,0,大商所,2021
20210430,XDCE,L,L2108,N,20210429,21:30,31,1,8160.0,15,0,大商所,2021
20210430,XDCE,PP,PP2112,N,20210429,21:01,2,67,8520.25,15,0,大商所,2021
20210430,XDCE,RR,RR2105,N,20210429,22:01,62,3,3529.0,15,0,大商所,2021
20210521,XDCE,EG,EG2112,N,20210520,21:01,2,21,4963.29,15,0,大商所,2021
20210521,XDCE,JM,JM2108,N,20210520,21:01,2,3,1764.0,15,0,大商所,2021
20210521,XDCE,P,P2108,N,20210520,21:27,28,1,8290.0,15,0,大商所,2021
20210521,XDCE,PG,PG2108,N,20210520,21:01,2,7,4069.14,5,0,大商所,2021
20210521,XDCE,PP,PP2112,N,20210520,21:01,2,7,8378.0,15,0,大商所,2021
20210521,XDCE,RR,RR2107,N,20210520,21:01,2,58,3574.53,5,0,大商所,2021
20210521,XDCE,RR,RR2108,N,20210520,21:01,2,31,3601.97,5,0,大商所,2021
20210608,XDCE,PG,PG2110,N,20210607,21:01,2,3,4339.0,5,0,大商所,2021
20210608,XDCE,Y,Y2107,N,20210607,21:32,33,1,9450.0,15,0,大商所,2021
20210625,XDCE,EG,EG2112,N,20210624,21:01,2,3,4977.0,15,0,大商所,2021
20210625,XDCE,V,V2112,N,20210624,21:01,2,15,8167.33,5,0,大商所,2021
20210713,XDCE,EG,EG2112,N,20210712,21:01,2,4,5058.0,15,0,大商所,2021
20210713,XDCE,I,I2112,N,20210712,21:01,2,6,1088.5,5,0,大商所,2021
20210713,XDCE,I,I2202,N,20210712,21:01,2,192,1031.45,5,0,大商所,2021
20210713,XDCE,L,L2108,N,20210712,22:43,104,3,8335.0,15,0,大商所,2021
20210713,XDCE,M,M2112,N,20210712,21:01,2,17,3585.0,5,0,大商所,2021
20210713,XDCE,PG,PG2110,N,20210712,21:01,2,13,4839.69,5,0,大商所,2021
20210713,XDCE,V,V2112,N,20210712,21:01,2,16,8693.75,15,0,大商所,2021
20210729,XDCE,EG,EG2112,N,20210728,21:01,2,11,5248.73,5,0,大商所,2021
20210729,XDCE,PP,PP2112,N,20210728,21:01,2,21,8440.43,5,0,大商所,2021
20210729,XDCE,V,V2108,D,20210729,14:19,184,2,9317.5,15,0,大商所,2021
20210816,XDCE,I,I2206,N,20210813,21:01,2,3,778.667,5,0,大商所,2021
20210901,XDCE,A,A2205,N,20210831,21:01,2,13,5798.46,5,0,大商所,2021
20210901,XDCE,L,L2205,N,20210831,21:01,2,9,7975.0,5,0,大商所,2021
20211014,XDCE,EB,EB2205,N,20211013,21:21,22,125,9445.0,15,0,大商所,2021
20211014,XDCE,EG,EG2203,N,20211013,21:01,2,33,6294.88,15,0,大商所,2021
20211014,XDCE,V,V2203,N,20211013,21:01,2,23,11603.9,5,0,大商所,2021
20211101,XDCE,EG,EG2204,N,20211029,21:09,10,1,5453.0,15,0,大商所,2021
20211101,XDCE,PP,PP2204,N,20211029,21:01,2,42,8660.33,5,0,大商所,2021
20211101,XDCE,PP,PP2206,N,20211029,21:01,2,4,8699.0,15,0,大商所,2021
20211117,XDCE,EB,EB2202,N,20211116,21:01,2,73,8479.26,5,0,大商所,2021
20211117,XDCE,EB,EB2203,N,20211116,21:01,2,3,8455.67,15,0,大商所,2021
20211117,XDCE,EG,EG2112,N,20211116,22:46,107,2,5200.0,15,0,大商所,2021
20211117,XDCE,EG,EG2204,N,20211116,21:01,2,38,5109.18,5,0,大商所,2021
20211117,XDCE,PP,PP2204,N,20211116,21:01,2,55,8260.36,5,0,大商所,2021
20211117,XDCE,V,V2112,N,20211116,21:15,16,1,8963.0,15,0,大商所,2021
20211117,XDCE,V,V2204,N,20211116,21:01,2,49,8177.84,5,0,大商所,2021
20211203,XDCE,PP,PP2112,D,20211203,09:01,1,13,8000.0,15,0,大商所,2021
20211203,XDCE,PP,PP2206,N,20211202,21:01,2,13,7915.85,5,0,大商所,2021
20211203,XDCE,V,V2203,N,20211202,21:01,2,34,8171.65,5,0,大商所,2021
20220107,XDCE,JM,JM2209,N,20220106,21:01,2,2,2184.25,15,0,大商所,2022
20220125,XDCE,B,B2209,D,20220125,13:51,156,1,4135.0,15,0,大商所,2022
20220125,XDCE,EG,EG2201,D,20220125,10:41,86,1,5118.0,15,0,大商所,2022
20220125,XDCE,EG,EG2209,N,20220124,21:01,2,1,5387.0,15,0,大商所,2022
20220125,XDCE,L,L2209,N,20220124,21:01,2,1,8816.0,15,0,大商所,2022
20220125,XDCE,PG,PG2201,D,20220125,15:00,225,34,4916.0,15,0,大商所,2022
20220125,XDCE,PG,PG2209,N,20220124,21:05,6,1,4722.0,15,0,大商所,2022
20220125,XDCE,PP,PP2202,N,20220124,21:05,6,1,8414.0,15,0,大商所,2022
20220217,XDCE,L,L2202,N,20220216,21:07,8,5,8887.0,15,0,大商所,2022
20220217,XDCE,PG,PG2209,N,20220216,21:02,3,1,5096.0,15,0,大商所,2022
20220307,XDCE,I,I2203,D,20220307,11:29,134,28,855.5,15,0,大商所,2022
20220323,XDCE,EG,EG2204,N,20220322,21:12,13,1,5148.0,15,0,大商所,2022
20220323,XDCE,PP,PP2204,N,20220322,21:14,15,3,8840.0,15,0,大商所,2022
20220412,XDCE,L,L2204,N,20220411,22:11,72,18,8761.0,15,0,大商所,2022
20220412,XDCE,PP,PP2208,N,20220411,21:01,2,12,8681.0,15,0,大商所,2022
20220428,XDCE,PP,PP2301,N,20220427,21:01,2,20,8516.0,15,0,大商所,2022
20220519,XDCE,PP,PP2301,N,20220518,21:01,2,12,8483.17,15,0,大商所,2022
20220607,XDCE,B,B2301,D,20220607,14:13,178,1,5140.0,15,0,大商所,2022
20220607,XDCE,I,I2212,N,20220606,21:01,2,2,883.75,15,0,大商所,2022
20220607,XDCE,L,L2206,N,20220606,21:09,10,1,9005.0,15,0,大商所,2022
20220607,XDCE,PP,PP2206,D,20220607,11:27,132,1,8939.0,15,0,大商所,2022
20220623,XDCE,PP,PP2305,N,20220622,21:21,22,1,8390.0,15,0,大商所,2022
20220711,XDCE,B,B2301,N,20220708,21:01,2,1,4395.0,15,0,大商所,2022
20220711,XDCE,EG,EG2207,N,20220708,21:04,5,2,4397.0,15,0,大商所,2022
20220711,XDCE,Y,Y2207,N,20220708,21:40,41,1,9364.0,15,0,大商所,2022
20221012,XDCE,EG,EG2210,D,20221012,14:59,224,3,4220.0,15,0,大商所,2022
20221012,XDCE,L,L2210,D,20221012,09:31,31,25,8346.0,15,0,大商所,2022
20221012,XDCE,PG,PG2302,N,20221011,21:02,3,2,4834.0,15,0,大商所,2022
20221012,XDCE,PG,PG2305,N,20221011,22:41,102,1,4791.0,15,0,大商所,2022
20221012,XDCE,V,V2210,D,20221012,09:53,53,3,6340.0,15,0,大商所,2022
20221028,XDCE,B,B2305,N,20221027,21:38,39,3,4430.33,15,0,大商所,2022
20221028,XDCE,PG,PG2305,N,20221027,21:36,37,1,4935.0,15,0,大商所,2022
20221219,XDCE,EB,EB2212,D,20221219,10:37,82,70,8310.0,15,0,大商所,2022
20230105,XDCE,EG,EG2301,D,20230105,10:41,86,200,4020.0,15,0,大商所,2023
20230105,XDCE,PG,PG2301,N,20230104,21:30,31,10,4342.0,15,0,大商所,2023
20230105,XDCE,Y,Y2301,N,20230104,21:35,36,1,9206.0,15,0,大商所,2023
20230303,XDCE,B,B2309,N,20230302,21:46,47,1,4491.0,15,0,大商所,2023
20230321,XDCE,PP,PP2401,N,20230320,21:01,2,1,7518.0,15,0,大商所,2023
20230407,XDCE,V,V2304,N,20230406,21:02,3,60,6229.0,15,0,大商所,2023
20230425,XDCE,EB,EB2304,D,20230425,15:00,225,18,8656.0,15,0,大商所,2023
20230516,XDCE,PG,PG2311,N,20230515,21:01,2,2,4363.0,15,0,大商所,2023
20230516,XDCE,Y,Y2305,D,20230516,14:53,218,84,7890.0,15,0,大商所,2023
20230601,XDCE,JM,JM2307,N,20230531,22:44,105,1,1288.5,15,0,大商所,2023
20230726,XDCE,J,J2402,N,20230725,21:01,2,2,2209.5,15,0,大商所,2023
20230726,XDCE,L,L2404,N,20230725,21:01,2,1,8043.0,15,0,大商所,2023
20230726,XDCE,PP,PP2405,N,20230725,21:01,2,3,7253.0,15,0,大商所,2023
20230811,XDCE,B,B2312,N,20230810,21:02,3,1,4583.0,15,0,大商所,2023
20230811,XDCE,EB,EB2405,N,20230810,21:01,2,1,7780.0,15,0,大商所,2023
20230811,XDCE,EB,EB2406,N,20230810,21:01,2,1,7763.0,15,0,大商所,2023
20230811,XDCE,J,J2310,N,20230810,21:04,5,1,2199.0,15,0,大商所,2023
20230811,XDCE,J,J2311,N,20230810,21:04,5,1,2178.0,15,0,大商所,2023
20230811,XDCE,P,P2407,N,20230810,21:16,17,1,7254.0,15,0,大商所,2023
20230914,XDCE,A,A2309,D,20230914,15:00,225,100,5274.0,15,0,大商所,2023
20230914,XDCE,B,B2402,N,20230913,21:01,2,2,4429.5,15,0,大商所,2023
20230914,XDCE,B,B2403,N,20230913,21:01,2,2,4313.0,15,0,大商所,2023
20230914,XDCE,B,B2404,N,20230913,21:06,7,2,4180.5,15,0,大商所,2023
20230914,XDCE,B,B2405,N,20230913,21:01,2,2,4052.0,15,0,大商所,2023
20230914,XDCE,B,B2406,N,20230913,21:01,2,4,4041.5,15,0,大商所,2023
20230914,XDCE,B,B2407,N,20230913,21:01,2,2,4049.0,15,0,大商所,2023
20230914,XDCE,JD,JD2404,D,20230914,09:01,2,2,4030.0,15,0,大商所,2023
20230914,XDCE,JD,JD2406,D,20230914,09:01,2,1,3982.0,15,0,大商所,2023
20230914,XDCE,JD,JD2407,D,20230914,09:01,2,1,4176.0,15,0,大商所,2023
20230914,XDCE,P,P2309,D,20230914,15:00,225,23,7778.0,15,0,大商所,2023
20231010,XDCE,B,B2403,N,20231009,21:02,3,1,4191.0,15,0,大商所,2023
20231010,XDCE,EG,EG2403,N,20231009,21:01,2,2,4180.0,15,0,大商所,2023
20231010,XDCE,J,J2403,N,20231009,22:17,78,1,2416.0,15,0,大商所,2023
20231010,XDCE,JM,JM2406,N,20231009,21:01,2,1,1659.0,15,0,大商所,2023
20231010,XDCE,RR,RR2402,N,20231009,21:01,2,1,3586.0,15,0,大商所,2023
20231010,XDCE,RR,RR2403,N,20231009,21:01,2,1,3596.0,15,0,大商所,2023
20231010,XDCE,RR,RR2404,N,20231009,21:01,2,5,3616.6,15,0,大商所,2023
20231010,XDCE,RR,RR2405,N,20231009,21:01,2,5,3638.0,15,0,大商所,2023
20231010,XDCE,V,V2310,N,20231009,21:11,12,30,5920.0,15,0,大商所,2023
20231026,XDCE,EB,EB2406,N,20231025,21:06,7,6,8106.0,15,0,大商所,2023
20231026,XDCE,PP,PP2408,N,20231025,21:10,11,2,7446.0,15,0,大商所,2023
20231026,XDCE,V,V2406,N,20231025,21:02,3,1,6175.0,15,0,大商所,2023
20231113,XDCE,B,B2407,N,20231110,21:02,3,1,4077.0,15,0,大商所,2023
20231113,XDCE,B,B2408,N,20231110,21:02,3,1,4085.0,15,0,大商所,2023
20231113,XDCE,EB,EB2406,N,20231110,21:01,2,1,8251.0,15,0,大商所,2023
20231113,XDCE,EB,EB2409,D,20231113,09:01,1,3,8148.0,15,0,大商所,2023
20231113,XDCE,EG,EG2311,D,20231113,11:21,126,1,4122.0,15,0,大商所,2023
20231113,XDCE,L,L2407,N,20231110,21:43,44,1,8192.0,15,0,大商所,2023
20231113,XDCE,L,L2408,N,20231110,21:43,44,1,8184.0,15,0,大商所,2023
20231113,XDCE,PP,PP2406,N,20231110,21:01,2,1,7681.0,15,0,大商所,2023
20231113,XDCE,Y,Y2311,D,20231113,13:48,153,5,8394.0,15,0,大商所,2023
20231129,XDCE,EB,EB2406,N,20231128,21:01,2,2,7942.0,15,0,大商所,2023
20231129,XDCE,JD,JD2410,D,20231129,09:01,2,5,4154.0,15,0,大商所,2023
20231129,XDCE,JM,JM2406,D,20231129,14:07,172,1,2050.5,15,0,大商所,2023
20231215,XDCE,B,B2407,N,20231214,21:03,4,4,3950.0,15,0,大商所,2023
20231215,XDCE,B,B2408,N,20231214,21:03,4,4,3996.0,15,0,大商所,2023
20231215,XDCE,EB,EB2407,N,20231214,21:05,6,1,8059.0,15,0,大商所,2023
20231215,XDCE,PG,PG2406,N,20231214,21:01,2,1,4693.0,15,0,大商所,2023
20231215,XDCE,PP,PP2406,N,20231214,21:01,2,7,7439.0,15,0,大商所,2023
20240103,XDCE,EB,EB2401,N,20240102,21:40,41,40,8502.0,15,0,大商所,2024
20240103,XDCE,EB,EB2412,D,20240103,14:49,214,1,8254.0,15,0,大商所,2024
20240103,XDCE,JM,JM2402,N,20240102,21:01,2,1,1896.0,15,0,大商所,2024
20240103,XDCE,P,P2407,N,20240102,21:01,2,4,6985.5,15,0,大商所,2024
20240103,XDCE,PG,PG2401,D,20240103,09:15,15,1,4898.0,15,0,大商所,2024
20240103,XDCE,PG,PG2409,N,20240102,21:38,39,1,4643.0,15,0,大商所,2024
20240103,XDCE,PP,PP2407,N,20240102,21:01,2,5,7490.0,15,0,大商所,2024
20240103,XDCE,PP,PP2410,D,20240103,09:15,15,1,7490.0,15,0,大商所,2024
20240103,XDCE,RR,RR2411,D,20240103,10:58,103,4,3578.0,15,0,大商所,2024
20240119,XDCE,J,J2404,N,20240118,21:07,8,1,2431.5,15,0,大商所,2024
20240119,XDCE,J,J2406,D,20240119,13:31,136,2,2419.5,15,0,大商所,2024
20240119,XDCE,L,L2407,N,20240118,21:01,2,4,8145.5,15,0,大商所,2024
20240119,XDCE,L,L2408,N,20240118,21:08,9,2,8144.0,15,0,大商所,2024
20240119,XDCE,PG,PG2406,N,20240118,21:04,5,1,4572.0,15,0,大商所,2024
20240119,XDCE,V,V2407,N,20240118,21:01,2,3,5924.0,15,0,大商所,2024
20240119,XDCE,Y,Y2408,N,20240118,21:01,2,1,7400.0,15,0,大商所,2024
20240206,XDCE,B,B2410,N,20240205,21:01,2,2,3605.0,15,0,大商所,2024
20240206,XDCE,B,B2411,N,20240205,21:01,2,2,3623.0,15,0,大商所,2024
20240206,XDCE,EB,EB2402,D,20240206,13:37,142,100,8824.0,15,0,大商所,2024
20240206,XDCE,EB,EB2411,N,20240205,21:22,23,2,8449.0,15,0,大商所,2024
20240206,XDCE,EB,EB2412,N,20240205,21:22,23,2,8411.5,15,0,大商所,2024
20240206,XDCE,L,L2410,N,20240205,21:09,10,1,8071.0,15,0,大商所,2024
20240206,XDCE,L,L2411,N,20240205,21:09,10,1,8069.0,15,0,大商所,2024
20240206,XDCE,P,P2410,N,20240205,21:01,2,2,6680.0,15,0,大商所,2024
20240206,XDCE,PG,PG2407,N,20240205,21:02,3,1,4342.0,15,0,大商所,2024
20240206,XDCE,PP,PP2412,D,20240206,10:41,86,1,7312.0,15,0,大商所,2024
20240206,XDCE,RR,RR2412,D,20240206,09:09,9,1,3584.0,15,0,大商所,2024
20240206,XDCE,V,V2411,N,20240205,21:03,4,3,5950.0,15,0,大商所,2024
20240301,XDCE,I,I2410,N,20240229,21:01,2,2,811.5,15,0,大商所,2024
20240301,XDCE,J,J2403,D,20240301,14:48,213,10,2286.5,15,0,大商所,2024
20240301,XDCE,J,J2501,N,20240229,21:16,17,2,2360.75,15,0,大商所,2024
20240301,XDCE,P,P2408,N,20240229,21:01,2,5,7094.0,15,0,大商所,2024
20240301,XDCE,P,P2410,N,20240229,21:01,2,3,6932.0,15,0,大商所,2024
20240301,XDCE,PG,PG2407,N,20240229,21:16,17,4,4427.0,15,0,大商所,2024
20240319,XDCE,EB,EB2408,N,20240318,21:01,2,2,9085.0,15,0,大商所,2024
20240319,XDCE,EG,EG2406,N,20240318,21:01,2,1,4542.0,15,0,大商所,2024
20240319,XDCE,EG,EG2407,N,20240318,21:01,2,1,4560.0,15,0,大商所,2024
20240319,XDCE,J,J2404,N,20240318,21:25,26,1,2118.0,15,0,大商所,2024
20240319,XDCE,P,P2404,N,20240318,21:04,5,2,8260.0,15,0,大商所,2024
20240319,XDCE,P,P2410,N,20240318,21:01,2,2,7470.0,15,0,大商所,2024
20240319,XDCE,PG,PG2411,N,20240318,21:50,51,2,4839.0,15,0,大商所,2024
20240319,XDCE,PP,PP2404,N,20240318,21:04,5,5,7564.0,15,0,大商所,2024
20240319,XDCE,RR,RR2409,N,20240318,21:01,2,3,3554.0,15,0,大商所,2024
20240319,XDCE,RR,RR2410,N,20240318,21:01,2,3,3575.0,15,0,大商所,2024
20240408,XDCE,A,A2411,D,20240408,09:01,1,2,4703.0,15,0,大商所,2024
20240408,XDCE,A,A2501,D,20240408,09:01,1,2,4675.0,15,0,大商所,2024
20240408,XDCE,B,B2410,D,20240408,09:33,33,1,3932.0,15,0,大商所,2024
20240408,XDCE,PP,PP2404,D,20240408,09:13,13,2,7543.5,15,0,大商所,2024
20240424,XDCE,EB,EB2404,D,20240424,10:07,67,350,9550.0,15,0,大商所,2024
20240424,XDCE,EB,EB2411,D,20240424,09:34,34,2,9015.0,15,0,大商所,2024
20240424,XDCE,EB,EB2412,D,20240424,09:36,36,2,8918.5,15,0,大商所,2024
20240424,XDCE,PP,PP2411,N,20240423,21:01,2,2,7544.0,15,0,大商所,2024
20240424,XDCE,PP,PP2412,N,20240423,21:01,2,2,7552.0,15,0,大商所,2024
20240424,XDCE,PP,PP2503,N,20240423,21:19,20,2,7581.0,15,0,大商所,2024
20240424,XDCE,V,V2412,N,20240423,21:01,2,2,6011.0,15,0,大商所,2024
20240515,XDCE,P,P2504,N,20240514,21:21,22,1,7470.0,15,0,大商所,2024
20240515,XDCE,PP,PP2405,N,20240514,21:57,58,30,7512.0,15,0,大商所,2024
20240515,XDCE,PP,PP2407,N,20240514,21:01,2,5,7540.0,15,0,大商所,2024
20240515,XDCE,PP,PP2411,N,20240514,21:04,5,4,7574.0,15,0,大商所,2024
20240515,XDCE,RR,RR2409,N,20240514,21:01,2,4,3514.5,15,0,大商所,2024
20240515,XDCE,RR,RR2410,N,20240514,21:01,2,4,3561.0,15,0,大商所,2024
20240515,XDCE,RR,RR2411,N,20240514,21:01,2,2,3564.0,15,0,大商所,2024
20240515,XDCE,RR,RR2412,N,20240514,21:01,2,2,3568.5,15,0,大商所,2024
20240515,XDCE,RR,RR2501,N,20240514,21:01,2,3,3567.33,15,0,大商所,2024
20240515,XDCE,RR,RR2502,N,20240514,21:01,2,3,3569.0,15,0,大商所,2024
20240531,XDCE,B,B2503,D,20240531,09:35,35,2,3914.0,15,0,大商所,2024
20240531,XDCE,B,B2504,D,20240531,09:35,35,2,3868.0,15,0,大商所,2024
20240531,XDCE,EB,EB2411,N,20240530,21:02,3,1,9469.0,15,0,大商所,2024
20240531,XDCE,EB,EB2502,N,20240530,21:16,17,2,9238.5,15,0,大商所,2024
20240531,XDCE,JM,JM2412,N,20240530,21:14,15,1,1789.0,15,0,大商所,2024
20240531,XDCE,L,L2410,N,20240530,21:01,2,1,8667.0,15,0,大商所,2024
20240531,XDCE,P,P2411,N,20240530,21:01,2,1,7746.0,15,0,大商所,2024
20240531,XDCE,PP,PP2410,N,20240530,21:01,2,2,7853.0,15,0,大商所,2024
20240531,XDCE,V,V2412,N,20240530,21:01,2,10,6636.2,15,0,大商所,2024
20240619,XDCE,CS,CS2503,N,20240618,21:01,2,6,2796.0,15,0,大商所,2024
20240619,XDCE,I,I2503,N,20240618,21:01,2,3,791.5,15,0,大商所,2024
20240619,XDCE,I,I2504,N,20240618,21:01,2,3,788.5,15,0,大商所,2024
20240619,XDCE,J,J2407,D,20240619,11:11,116,1,2238.0,15,0,大商所,2024
20240619,XDCE,P,P2411,N,20240618,21:02,3,2,7594.0,15,0,大商所,2024
20240619,XDCE,P,P2412,N,20240618,21:01,2,6,7596.0,15,0,大商所,2024
20240619,XDCE,PP,PP2502,N,20240618,21:01,2,1,7681.0,15,0,大商所,2024
20240619,XDCE,RR,RR2409,N,20240618,21:01,2,1,3499.0,15,0,大商所,2024
20240619,XDCE,RR,RR2410,N,20240618,21:01,2,1,3520.0,15,0,大商所,2024
20240619,XDCE,RR,RR2501,N,20240618,21:01,2,1,3560.0,15,0,大商所,2024
20240619,XDCE,RR,RR2502,N,20240618,21:01,2,1,3567.0,15,0,大商所,2024
20240705,XDCE,B,B2502,N,20240704,21:06,7,1,3939.0,15,0,大商所,2024
20240705,XDCE,B,B2503,N,20240704,21:06,7,1,3851.0,15,0,大商所,2024
20240705,XDCE,C,C2407,D,20240705,14:20,185,50,2445.0,15,0,大商所,2024
20240705,XDCE,P,P2412,N,20240704,21:01,2,2,7898.0,15,0,大商所,2024
20240705,XDCE,V,V2412,N,20240704,21:01,2,5,6188.8,15,0,大商所,2024
20240705,XDCE,V,V2504,N,20240704,22:07,68,1,6499.0,15,0,大商所,2024
20240705,XDCE,Y,Y2412,N,20240704,21:01,2,7,8071.71,15,0,大商所,2024
20240723,XDCE,P,P2408,N,20240722,21:01,2,1,7908.0,15,0,大商所,2024
20240723,XDCE,PG,PG2407,D,20240723,15:00,225,113,5128.0,15,0,大商所,2024
20240723,XDCE,V,V2502,N,20240722,21:01,2,1,6050.0,15,0,大商所,2024
20240723,XDCE,V,V2504,N,20240722,21:24,25,1,6309.0,15,0,大商所,2024
20240808,XGFE,SI,SI2408,D,20240808,09:24,25,200,10200.0,15,0,广期所,2024
20240808,XDCE,EG,EG2412,N,20240807,21:01,2,1,4604.0,15,0,大商所,2024
20240808,XDCE,J,J2410,D,20240808,10:42,87,1,2050.0,15,0,大商所,2024
20240808,XDCE,JM,JM2505,N,20240807,21:03,4,1,1496.0,15,0,大商所,2024
20240808,XDCE,L,L2502,N,20240807,21:07,8,1,8126.0,15,0,大商所,2024
20240808,XDCE,L,L2503,N,20240807,22:57,118,2,8106.5,15,0,大商所,2024
20240808,XDCE,PP,PP2502,N,20240807,21:04,5,1,7498.0,15,0,大商所,2024
20240808,XDCE,RR,RR2501,N,20240807,21:01,2,1,3555.0,15,0,大商所,2024
20240808,XDCE,RR,RR2502,N,20240807,21:01,2,1,3581.0,15,0,大商所,2024
20240826,XDCE,A,A2507,N,20240823,21:01,2,4,4153.75,15,0,大商所,2024
20240826,XDCE,EG,EG2503,N,20240823,21:57,58,1,4650.0,15,0,大商所,2024
20240826,XDCE,L,L2504,N,20240823,21:17,18,4,7999.5,15,0,大商所,2024
20240826,XDCE,PG,PG2506,N,20240823,21:33,34,1,4571.0,15,0,大商所,2024
20240826,XDCE,PG,PG2507,N,20240823,21:33,34,1,4491.0,15,0,大商所,2024
20240826,XDCE,V,V2503,N,20240823,21:01,2,4,5603.0,15,0,大商所,2024
20240911,XDCE,EG,EG2504,N,20240910,21:44,45,1,4500.0,15,0,大商所,2024
20240911,XDCE,J,J2505,N,20240910,21:01,2,1,1836.0,15,0,大商所,2024
20240911,XDCE,P,P2412,N,20240910,21:01,2,2,7902.0,15,0,大商所,2024
20240911,XDCE,P,P2507,N,20240910,22:03,64,1,7610.0,15,0,大商所,2024
20240911,XDCE,V,V2506,N,20240910,21:01,2,1,5589.0,15,0,大商所,2024
20240911,XDCE,V,V2507,N,20240910,21:01,2,1,5615.0,15,0,大商所,2024
20241008,XDCE,B,B2504,D,20241008,09:01,1,1,3595.0,15,0,大商所,2024
20241008,XDCE,J,J2411,D,20241008,10:01,61,2,2154.75,15,0,大商所,2024
20241008,XDCE,J,J2412,D,20241008,10:01,61,3,2206.5,15,0,大商所,2024
20241008,XDCE,RR,RR2503,D,20241008,09:01,1,1,3526.0,15,0,大商所,2024
20241008,XDCE,RR,RR2504,D,20241008,09:01,1,1,3541.0,15,0,大商所,2024
20241024,XDCE,EB,EB2507,D,20241024,10:00,60,1,8507.0,15,0,大商所,2024
20241024,XDCE,EB,EB2508,D,20241024,14:35,200,1,8556.0,15,0,大商所,2024
20241024,XDCE,L,L2508,D,20241024,09:24,24,5,8035.4,15,0,大商所,2024
20241024,XDCE,P,P2507,N,20241023,21:46,47,2,8608.0,15,0,大商所,2024
20241024,XDCE,PG,PG2506,N,20241023,21:46,47,1,4545.0,15,0,大商所,2024
20241024,XDCE,PG,PG2507,N,20241023,21:36,37,2,4484.0,15,0,大商所,2024
20241024,XDCE,V,V2506,N,20241023,21:01,2,3,5741.0,15,0,大商所,2024
20241024,XDCE,V,V2507,N,20241023,21:01,2,3,5779.0,15,0,大商所,2024
20241111,XDCE,A,A2411,D,20241111,10:13,73,1,4020.0,15,0,大商所,2024
20241111,XDCE,EB,EB2411,N,20241108,21:39,40,42,8463.0,15,0,大商所,2024
20241111,XDCE,JM,JM2502,N,20241108,21:09,10,1,1353.0,15,0,大商所,2024
20241111,XDCE,PG,PG2507,D,20241111,10:52,97,2,4335.0,15,0,大商所,2024
20241111,XDCE,PG,PG2508,D,20241111,10:45,90,2,4280.0,15,0,大商所,2024
20241111,XDCE,V,V2411,D,20241111,10:44,89,200,5300.0,15,0,大商所,2024
20241111,XDCE,V,V2504,N,20241108,21:01,2,4,5690.0,15,0,大商所,2024
20241127,XDCE,B,B2412,N,20241126,21:08,9,7,3657.0,15,0,大商所,2024
20241127,XDCE,P,P2506,N,20241126,21:28,29,2,8846.0,15,0,大商所,2024
20241127,XDCE,PG,PG2507,N,20241126,22:39,100,1,4389.0,15,0,大商所,2024
20241127,XDCE,PG,PG2508,N,20241126,22:39,100,1,4318.0,15,0,大商所,2024
20241127,XDCE,PP,PP2412,N,20241126,21:02,3,2,7506.0,15,0,大商所,2024
20241127,XDCE,Y,Y2412,N,20241126,21:01,2,12,8041.5,15,0,大商所,2024
20241213,XGFE,LC,LC2412,D,20241213,09:08,9,50,76400.0,15,0,广期所,2024
20241213,XGFE,SI,SI2412,D,20241213,13:31,137,200,11685.0,15,0,广期所,2024
20241213,XDCE,EB,EB2412,D,20241213,09:04,4,20,8544.0,15,0,大商所,2024
20241213,XDCE,L,L2412,D,20241213,15:00,225,2,8703.0,15,0,大商所,2024
20241213,XDCE,PG,PG2510,N,20241212,21:21,22,2,4687.0,15,0,大商所,2024
20241231,XDCE,P,P2510,N,20241230,21:02,3,3,8224.0,15,0,大商所,2024
20241231,XDCE,P,P2511,N,20241230,21:02,3,1,8184.0,15,0,大商所,2024
20241231,XDCE,PG,PG2507,N,20241230,21:12,13,1,4359.0,15,0,大商所,2024
20241231,XDCE,PG,PG2508,N,20241230,21:01,2,2,4223.0,15,0,大商所,2024
20241231,XDCE,PG,PG2509,N,20241230,21:01,2,2,4143.0,15,0,大商所,2024
20241231,XDCE,PP,PP2510,N,20241230,21:50,51,1,7422.0,15,0,大商所,2024
20241231,XDCE,PP,PP2511,N,20241230,21:50,51,1,7429.0,15,0,大商所,2024
20250117,XDCE,B,B2511,N,20250116,21:02,3,1,3561.0,15,0,大商所,2025
20250117,XDCE,J,J2509,N,20250116,21:01,2,1,1839.5,15,0,大商所,2025
20250117,XDCE,L,L2510,N,20250116,22:56,117,2,7821.0,15,0,大商所,2025
20250212,XGFE,LC,LC2502,D,20250212,09:11,12,12,75060.0,15,0,广期所,2025
20250212,XDCE,B,B2508,N,20250211,21:01,2,3,3650.67,15,0,大商所,2025
20250212,XDCE,EB,EB2508,N,20250211,21:03,4,1,8487.0,15,0,大商所,2025
20250212,XDCE,P,P2506,N,20250211,21:01,2,2,8907.0,15,0,大商所,2025
20250212,XDCE,P,P2508,N,20250211,21:01,2,2,8651.0,15,0,大商所,2025
20250212,XDCE,PG,PG2510,N,20250211,21:26,27,1,4757.0,15,0,大商所,2025
20250212,XDCE,PP,PP2510,N,20250211,22:22,83,1,7424.0,15,0,大商所,2025
20250212,XDCE,PP,PP2511,N,20250211,22:22,83,1,7433.0,15,0,大商所,2025
20250228,XDCE,J,J2503,N,20250227,21:09,10,2,1631.5,15,0,大商所,2025
20250228,XDCE,JM,JM2508,N,20250227,21:01,2,2,1152.75,15,0,大商所,2025
20250228,XDCE,P,P2506,N,20250227,21:01,2,4,8902.0,15,0,大商所,2025
20250228,XDCE,P,P2507,N,20250227,21:01,2,4,8722.5,15,0,大商所,2025
20250324,XDCE,P,P2510,N,20250321,21:02,3,2,8295.0,15,0,大商所,2025
20250324,XDCE,P,P2511,N,20250321,21:01,2,4,8272.0,15,0,大商所,2025
20250324,XDCE,P,P2512,N,20250321,21:01,2,4,8254.0,15,0,大商所,2025
20250324,XDCE,P,P2602,N,20250321,22:50,111,2,8194.0,15,0,大商所,2025
20250410,XGFE,SI,SI2504,D,20250410,09:13,14,50,9500.0,15,0,广期所,2025
20250410,XDCE,B,B2603,N,20250409,21:03,4,1,3607.0,15,0,大商所,2025
20250410,XDCE,EG,EG2508,N,20250409,21:01,2,1,4116.0,15,0,大商所,2025
20250410,XDCE,EG,EG2510,N,20250409,21:01,2,1,4119.0,15,0,大商所,2025
20250410,XDCE,EG,EG2601,N,20250409,21:01,2,4,4151.0,15,0,大商所,2025
20250410,XDCE,J,J2511,N,20250409,21:31,32,2,1597.25,15,0,大商所,2025
20250410,XDCE,L,L2504,D,20250410,15:00,225,266,7733.0,15,0,大商所,2025
20250410,XDCE,PG,PG2510,N,20250409,21:04,5,1,4343.0,15,0,大商所,2025
20250410,XDCE,PG,PG2511,N,20250409,21:15,16,4,4281.0,15,0,大商所,2025
20250410,XDCE,PP,PP2504,D,20250410,11:24,129,100,7276.0,15,0,大商所,2025
20250410,XDCE,V,V2504,N,20250409,21:20,21,1,4830.0,15,0,大商所,2025
20250428,XDCE,L,L2602,N,20250425,21:16,17,1,7079.0,15,0,大商所,2025
20250428,XDCE,V,V2508,N,20250425,21:01,2,1,4939.0,15,0,大商所,2025
20250519,XDCE,EB,EB2505,D,20250519,09:20,20,500,7951.0,15,0,大商所,2025
20250519,XDCE,EG,EG2508,N,20250516,21:01,2,4,4487.0,15,0,大商所,2025
20250519,XDCE,L,L2511,N,20250516,21:01,2,2,7190.5,15,0,大商所,2025
20250519,XDCE,L,L2512,N,20250516,21:01,2,2,7186.5,15,0,大商所,2025
20250519,XDCE,P,P2505,D,20250519,15:00,225,204,8334.0,15,0,大商所,2025
20250519,XDCE,Y,Y2505,D,20250519,15:00,225,198,7910.0,15,0,大商所,2025
20250605,XGFE,SI,SI2506,D,20250605,10:03,64,20,7135.0,15,0,广期所,2025
20250605,XDCE,EB,EB2603,D,20250605,09:54,54,1,6842.0,15,0,大商所,2025
20250605,XDCE,EB,EB2604,D,20250605,09:54,54,1,6857.0,15,0,大商所,2025
20250605,XDCE,EG,EG2506,N,20250604,21:25,26,50,4288.0,15,0,大商所,2025
20250605,XDCE,EG,EG2510,N,20250604,21:12,13,2,4269.0,15,0,大商所,2025
20250605,XDCE,EG,EG2512,N,20250604,21:14,15,2,4259.0,15,0,大商所,2025
20250605,XDCE,EG,EG2602,N,20250604,21:26,27,1,4256.0,15,0,大商所,2025
20250605,XDCE,J,J2506,D,20250605,14:16,181,10,1350.0,15,0,大商所,2025
20250605,XDCE,L,L2602,N,20250604,21:51,52,1,7007.0,15,0,大商所,2025
20250605,XDCE,PP,PP2602,N,20250604,21:08,9,1,6860.0,15,0,大商所,2025
20250605,XDCE,PP,PP2604,N,20250604,21:04,5,2,6878.0,15,0,大商所,2025
20250605,XDCE,PP,PP2605,N,20250604,21:01,2,3,6880.33,15,0,大商所,2025
20250624,XDCE,EG,EG2603,N,20250623,22:51,112,4,4465.0,15,0,大商所,2025
20250624,XDCE,J,J2507,N,20250623,21:23,24,1,1320.5,15,0,大商所,2025
20250624,XDCE,J,J2605,N,20250623,21:03,4,1,1450.0,15,0,大商所,2025
20250624,XDCE,L,L2603,N,20250623,21:01,2,1,7351.0,15,0,大商所,2025
20250624,XDCE,L,L2604,N,20250623,21:22,23,2,7367.5,15,0,大商所,2025
20250624,XDCE,P,P2510,N,20250623,21:01,2,5,8478.0,15,0,大商所,2025
20250624,XDCE,P,P2511,N,20250623,21:01,2,3,8469.33,15,0,大商所,2025
20250624,XDCE,P,P2603,N,20250623,21:04,5,2,8426.0,15,0,大商所,2025
20250624,XDCE,P,P2604,N,20250623,21:04,5,2,8416.0,15,0,大商所,2025
20250624,XDCE,V,V2604,N,20250623,21:05,6,1,5093.0,15,0,大商所,2025
20250710,XDCE,B,B2603,N,20250709,21:12,13,1,3529.0,15,0,大商所,2025
20250710,XDCE,C,C2507,D,20250710,14:01,166,1,2288.0,15,0,大商所,2025
20250710,XDCE,I,I2510,N,20250709,21:01,2,4,731.0,15,0,大商所,2025
20250710,XDCE,L,L2510,N,20250709,21:01,2,8,7272.88,15,0,大商所,2025
20250710,XDCE,L,L2511,N,20250709,21:03,4,2,7269.5,15,0,大商所,2025
20250710,XDCE,L,L2602,N,20250709,21:34,35,2,7233.0,15,0,大商所,2025
20250710,XDCE,L,L2603,N,20250709,21:34,35,2,7226.0,15,0,大商所,2025
20250710,XDCE,P,P2602,N,20250709,21:01,2,2,8600.0,15,0,大商所,2025
20250710,XDCE,P,P2603,N,20250709,21:01,2,2,8545.0,15,0,大商所,2025
20250710,XDCE,PG,PG2507,D,20250710,13:51,156,10,4225.0,15,0,大商所,2025
20250730,XDCE,BZ,BZ2605,D,20250730,10:15,76,2,6264.0,15,0,大商所,2025
20250730,XDCE,EB,EB2602,N,20250729,21:03,4,5,7449.0,15,0,大商所,2025
20250730,XDCE,EB,EB2603,N,20250729,21:03,4,5,7444.0,15,0,大商所,2025
20250730,XDCE,EB,EB2604,N,20250729,21:06,7,7,7444.0,15,0,大商所,2025
20250730,XDCE,EB,EB2605,N,20250729,22:19,80,1,7449.0,15,0,大商所,2025
20250730,XDCE,EB,EB2606,N,20250729,22:19,80,1,7455.0,15,0,大商所,2025
20250730,XDCE,J,J2512,N,20250729,21:12,13,1,1729.0,15,0,大商所,2025
20250730,XDCE,J,J2605,N,20250729,21:01,2,2,1757.5,15,0,大商所,2025
20250730,XDCE,L,L2508,N,20250729,21:06,7,4,7347.0,15,0,大商所,2025
20250730,XDCE,L,L2603,D,20250730,09:03,3,1,7445.0,15,0,大商所,2025
20250730,XDCE,P,P2602,N,20250729,21:04,5,2,8939.0,15,0,大商所,2025
20250730,XDCE,P,P2603,N,20250729,21:01,2,2,8882.0,15,0,大商所,2025
20250730,XDCE,P,P2604,N,20250729,21:01,2,2,8834.0,15,0,大商所,2025
20250730,XDCE,PG,PG2605,N,20250729,21:29,30,2,4300.0,15,0,大商所,2025
20250730,XDCE,PG,PG2606,N,20250729,21:29,30,2,4234.0,15,0,大商所,2025
20250730,XDCE,V,V2512,N,20250729,21:02,3,109,5282.0,15,0,大商所,2025
20250730,XDCE,Y,Y2508,N,20250729,22:21,82,1,8288.0,15,0,大商所,2025
20250903,XGFE,LC,LC2509,D,20250903,09:14,15,20,73280.0,15,0,广期所,2025
20250903,XDCE,EG,EG2606,N,20250902,21:55,56,3,4410.0,15,0,大商所,2025
20250903,XDCE,EG,EG2608,D,20250903,11:13,118,3,4483.0,15,0,大商所,2025
20250903,XDCE,J,J2509,N,20250902,22:15,76,4,1485.0,15,0,大商所,2025
20250903,XDCE,L,L2604,N,20250902,21:01,2,2,7270.0,15,0,大商所,2025
20250903,XDCE,L,L2606,N,20250902,21:01,2,2,7248.5,15,0,大商所,2025
20250903,XDCE,P,P2604,N,20250902,21:05,6,1,9260.0,15,0,大商所,2025
20250903,XDCE,PG,PG2604,N,20250902,21:19,20,1,4405.0,15,0,大商所,2025
20250903,XDCE,PP,PP2606,N,20250902,21:01,2,10,6928.7,15,0,大商所,2025
20250919,XDCE,EB,EB2606,D,20250919,11:07,112,1,7260.0,15,0,大商所,2025
20250919,XDCE,J,J2510,D,20250919,09:01,1,3,1607.5,15,0,大商所,2025
20250919,XDCE,J,J2602,N,20250918,21:12,13,1,1754.0,15,0,大商所,2025
20250919,XDCE,J,J2603,N,20250918,21:12,13,1,1775.0,15,0,大商所,2025
20250919,XDCE,J,J2607,D,20250919,09:46,46,2,1883.0,15,0,大商所,2025
20250919,XDCE,PP,PP2604,N,20250918,21:03,4,9,6945.0,15,0,大商所,2025
20251015,XGFE,LC,LC2510,D,20251015,09:08,9,300,73480.0,15,0,广期所,2025
20251015,XGFE,PS,PS2510,D,20251015,13:31,137,40,50650.0,15,0,广期所,2025
20251015,XDCE,C,C2609,N,20251014,21:02,3,9,2235.0,15,0,大商所,2025
20251015,XDCE,CS,CS2609,N,20251014,21:02,3,9,2570.44,15,0,大商所,2025
20251015,XDCE,L,L2510,D,20251015,14:16,181,14,6862.0,15,0,大商所,2025
20251015,XDCE,P,P2606,N,20251014,21:16,17,1,9136.0,15,0,大商所,2025
20251015,XDCE,PP,PP2603,N,20251014,21:01,2,4,6593.0,15,0,大商所,2025
20251031,XDCE,EB,EB2607,D,20251031,10:44,89,10,6830.0,15,0,大商所,2025
20251031,XDCE,EB,EB2608,N,20251030,22:38,99,1,6894.0,15,0,大商所,2025
20251031,XDCE,EG,EG2606,D,20251031,10:37,82,1,4144.0,15,0,大商所,2025
20251031,XDCE,J,J2511,N,20251030,21:44,45,3,1737.5,15,0,大商所,2025
20251031,XDCE,J,J2609,N,20251030,22:37,98,1,2016.0,15,0,大商所,2025
20251031,XDCE,L,L2602,N,20251030,21:02,3,1,6968.0,15,0,大商所,2025
20251031,XDCE,L,L2603,N,20251030,21:02,3,2,6978.5,15,0,大商所,2025
20251031,XDCE,L,L2608,N,20251030,21:02,3,2,7059.5,15,0,大商所,2025
20251031,XDCE,L,L2609,N,20251030,21:02,3,2,7076.0,15,0,大商所,2025
20251031,XDCE,P,P2606,N,20251030,21:08,9,2,8817.0,15,0,大商所,2025
20251031,XDCE,P,P2607,N,20251030,21:08,9,2,8746.0,15,0,大商所,2025
20251031,XDCE,P,P2608,N,20251030,21:08,9,2,8683.0,15,0,大商所,2025
20251031,XDCE,PG,PG2605,N,20251030,21:07,8,1,4213.0,15,0,大商所,2025
20251031,XDCE,PG,PG2608,N,20251030,21:35,36,1,4011.0,15,0,大商所,2025
20251031,XDCE,V,V2610,N,20251030,21:11,12,2,5173.0,15,0,大商所,2025
20251118,XDCE,CS,CS2609,N,20251117,21:14,15,1,2617.0,15,0,大商所,2025
20251118,XDCE,EG,EG2603,N,20251117,21:01,2,1,3968.0,15,0,大商所,2025
20251118,XDCE,J,J2609,N,20251117,21:04,5,1,1928.5,15,0,大商所,2025
20251118,XDCE,J,J2610,N,20251117,21:04,5,1,1931.0,15,0,大商所,2025
20251118,XDCE,L,L2608,N,20251117,21:25,26,2,6944.5,15,0,大商所,2025
20251118,XDCE,P,P2610,D,20251118,14:40,205,1,8670.0,15,0,大商所,2025
20251118,XDCE,PG,PG2604,N,20251117,21:01,2,1,4259.0,15,0,大商所,2025
20251118,XDCE,PG,PG2605,N,20251117,21:01,2,2,4181.5,15,0,大商所,2025
20251118,XDCE,PP,PP2602,N,20251117,21:01,2,1,6483.0,15,0,大商所,2025
20251118,XDCE,PP,PP2607,N,20251117,21:01,2,4,6563.0,15,0,大商所,2025
20251118,XDCE,PP,PP2608,N,20251117,21:01,2,4,6588.0,15,0,大商所,2025
20251118,XDCE,Y,Y2607,N,20251117,21:03,4,1,8030.0,15,0,大商所,2025
20251118,XDCE,Y,Y2608,N,20251117,21:08,9,2,8022.0,15,0,大商所,2025
20251204,XGFE,SI,SI2512,D,20251204,14:50,216,100,8960.0,15,0,广期所,2025
20251204,XDCE,B,B2609,N,20251203,21:01,2,5,3659.0,15,0,大商所,2025
20251204,XDCE,B,B2610,N,20251203,21:01,2,5,3685.4,15,0,大商所,2025
20251204,XDCE,I,I2512,D,20251204,15:00,225,73,795.0,15,0,大商所,2025
20251204,XDCE,PG,PG2608,N,20251203,21:40,41,1,3970.0,15,0,大商所,2025
20251204,XDCE,PG,PG2610,N,20251203,21:24,25,3,4265.0,15,0,大商所,2025
20251204,XDCE,Y,Y2611,N,20251203,21:01,2,2,8020.0,15,0,大商所,2025
20251222,XDCE,L,L2610,N,20251219,21:02,3,4,6386.0,15,0,大商所,2025
20251222,XDCE,PG,PG2608,N,20251219,21:13,14,2,3838.0,15,0,大商所,2025
20260109,XGFE,PS,PS2601,D,20260109,09:07,8,10,54550.0,15,0,广期所,2026
20260109,XDCE,EB,EB2607,N,20260108,21:01,2,5,6979.8,15,0,大商所,2026
20260109,XDCE,FB,FB2604,D,20260109,09:01,2,6,1281.83,15,0,大商所,2026
20260109,XDCE,JM,JM2608,N,20260108,21:01,2,1,1245.0,15,0,大商所,2026
20260109,XDCE,PG,PG2608,N,20260108,21:02,3,2,3953.0,15,0,大商所,2026
20260127,XDCE,EB,EB2601,D,20260127,15:00,225,4,6994.0,15,0,大商所,2026
20260127,XDCE,EG,EG2601,D,20260127,15:00,225,115,3608.0,15,0,大商所,2026
20260127,XDCE,JM,JM2612,N,20260126,21:01,2,1,1294.5,15,0,大商所,2026
20260127,XDCE,P,P2604,N,20260126,21:01,2,2,9058.0,15,0,大商所,2026
20260127,XDCE,PG,PG2608,N,20260126,21:26,27,2,4242.0,15,0,大商所,2026
20260127,XDCE,PG,PG2611,N,20260126,21:35,36,1,4414.0,15,0,大商所,2026
20260127,XDCE,PP,PP2612,N,20260126,21:03,4,1,6693.0,15,0,大商所,2026
20260127,XDCE,V,V2610,N,20260126,21:01,2,2,5103.0,15,0,大商所,2026
20260127,XDCE,V,V2611,N,20260126,21:01,2,2,5119.0,15,0,大商所,2026
20260212,XGFE,PD,PD2608,D,20260212,09:01,2,2,436.0,15,0,广期所,2026
20260212,XGFE,PT,PT2608,D,20260212,09:01,2,4,545.0,15,0,广期所,2026
20260212,XDCE,EG,EG2610,N,20260211,21:01,2,1,3906.0,15,0,大商所,2026
20260212,XDCE,EG,EG2611,N,20260211,21:01,2,1,3937.0,15,0,大商所,2026
20260212,XDCE,EG,EG2701,N,20260211,22:01,62,3,3977.0,15,0,大商所,2026
20260212,XDCE,P,P2611,N,20260211,21:25,26,2,8874.0,15,0,大商所,2026
20260212,XDCE,PG,PG2612,D,20260212,09:12,12,1,4310.0,15,0,大商所,2026
20260212,XDCE,V,V2612,N,20260211,21:13,14,1,5174.0,15,0,大商所,2026
20260312,XGFE,PD,PD2610,D,20260312,10:31,77,4,419.8,15,0,广期所,2026
20260312,XGFE,PT,PT2612,D,20260312,10:51,97,4,563.35,15,0,广期所,2026
20260312,XDCE,EG,EG2604,N,20260311,21:01,2,12,4637.0,15,0,大商所,2026
20260312,XDCE,J,J2701,N,20260311,21:01,2,4,1887.5,15,0,大商所,2026
20260312,XDCE,JM,JM2702,N,20260311,21:01,2,2,1473.75,15,0,大商所,2026
20260312,XDCE,L,L2610,N,20260311,21:01,2,6,7810.17,15,0,大商所,2026
20260312,XDCE,P,P2611,N,20260311,21:17,18,2,9525.0,15,0,大商所,2026
20260312,XDCE,PG,PG2611,N,20260311,21:17,18,1,5185.0,15,0,大商所,2026
20260312,XDCE,PG,PG2612,N,20260311,21:39,40,1,4959.0,15,0,大商所,2026
20260312,XDCE,PP,PP2611,N,20260311,21:01,2,2,7553.0,15,0,大商所,2026
20260402,XGFE,LC,LC2604,D,20260402,09:28,29,100,161500.0,15,0,广期所,2026
20260402,XGFE,PD,PD2608,D,20260402,09:04,5,4,376.7,15,0,广期所,2026
20260402,XDCE,BZ,BZ2604,D,20260402,09:18,19,28,8250.0,15,0,大商所,2026
20260402,XDCE,EG,EG2604,D,20260402,13:45,150,14,5167.0,15,0,大商所,2026
20260402,XDCE,L,L2604,N,20260401,21:30,31,100,8378.0,15,0,大商所,2026
20260402,XDCE,PG,PG2611,N,20260401,21:05,6,2,5675.5,15,0,大商所,2026
20260402,XDCE,PG,PG2612,N,20260401,21:05,6,2,5591.5,15,0,大商所,2026
20260402,XDCE,PG,PG2701,N,20260401,21:02,3,1,5450.0,15,0,大商所,2026
20260402,XDCE,PP,PP2604,D,20260402,09:14,14,30,8944.0,15,0,大商所,2026
20260402,XDCE,PP,PP2702,D,20260402,09:05,5,4,8073.5,15,0,大商所,2026
20260402,XDCE,PP,PP2703,D,20260402,09:05,5,4,8054.0,15,0,大商所,2026
20260402,XDCE,V,V2604,N,20260401,21:18,19,150,5300.0,15,0,大商所,2026
20260424,XDCE,BZ,BZ2610,D,20260424,09:00,1,1,7685.0,15,0,大商所,2026
20260424,XDCE,EB,EB2612,N,20260423,21:01,2,4,8765.0,15,0,大商所,2026
20260424,XDCE,EG,EG2611,N,20260423,21:05,6,1,4725.0,15,0,大商所,2026
20260424,XDCE,EG,EG2612,N,20260423,21:10,11,2,4673.0,15,0,大商所,2026
20260424,XDCE,EG,EG2702,N,20260423,21:27,28,2,4619.0,15,0,大商所,2026
20260424,XDCE,L,L2611,N,20260423,21:08,9,2,7984.0,15,0,大商所,2026
20260424,XDCE,L,L2612,N,20260423,21:08,9,2,7919.0,15,0,大商所,2026
20260424,XDCE,PG,PG2611,N,20260423,21:50,51,1,5386.0,15,0,大商所,2026
20260424,XDCE,PP,PP2612,N,20260423,21:17,18,1,7928.0,15,0,大商所,2026
20260424,XDCE,RR,RR2608,N,20260423,21:55,56,2,3605.0,15,0,大商所,2026
20260518,XGFE,LC,LC2605,D,20260518,09:01,2,5,186880.0,15,0,广期所,2026
20260518,XDCE,BZ,BZ2605,D,20260518,15:00,226,7,8000.0,15,0,大商所,2026
20260518,XDCE,EB,EB2611,N,20260515,21:04,5,4,8669.0,15,0,大商所,2026
20260518,XDCE,EB,EB2701,N,20260515,21:34,35,1,8566.0,15,0,大商所,2026
20260518,XDCE,EG,EG2605,D,20260518,15:00,225,7,4908.0,15,0,大商所,2026
20260518,XDCE,EG,EG2612,N,20260515,21:03,4,2,4651.0,15,0,大商所,2026
20260518,XDCE,J,J2703,N,20260515,21:02,3,1,1931.5,15,0,大商所,2026
20260518,XDCE,J,J2704,N,20260515,21:02,3,1,1970.5,15,0,大商所,2026
20260518,XDCE,L,L2612,N,20260515,21:42,43,1,7855.0,15,0,大商所,2026
20260518,XDCE,L,L2702,N,20260515,21:26,27,2,7763.0,15,0,大商所,2026
20260518,XDCE,PG,PG2612,N,20260515,21:38,39,1,5726.0,15,0,大商所,2026
20260518,XDCE,PG,PG2701,N,20260515,21:38,39,5,5625.0,15,0,大商所,2026
20260518,XDCE,PG,PG2702,N,20260515,21:38,39,4,5516.0,15,0,大商所,2026
20260518,XDCE,PG,PG2703,D,20260518,09:06,6,1,5367.0,15,0,大商所,2026
20260518,XDCE,PG,PG2704,D,20260518,09:06,6,1,5602.0,15,0,大商所,2026
20260518,XDCE,PP,PP2702,N,20260515,21:26,27,1,8149.0,15,0,大商所,2026
20260612,XGFE,PT,PT2606,D,20260612,09:20,21,5,426.3,15,0,广期所,2026
20260612,XDCE,B,B2702,N,20260611,21:01,2,4,3707.75,15,0,大商所,2026
20260612,XDCE,B,B2705,N,20260611,21:05,6,2,3497.0,15,0,大商所,2026
20260612,XDCE,JM,JM2606,D,20260612,15:00,225,30,1187.0,15,0,大商所,2026
20260612,XDCE,P,P2703,N,20260611,21:13,14,1,9744.0,15,0,大商所,2026
20260612,XDCE,P,P2704,N,20260611,21:14,15,1,9727.0,15,0,大商所,2026
20260612,XDCE,PG,PG2702,N,20260611,22:00,61,1,5143.0,15,0,大商所,2026
20260612,XDCE,PP,PP2705,N,20260611,21:01,2,2,7917.0,15,0,大商所,2026
20260612,XDCE,V,V2606,D,20260612,09:36,36,2,4589.0,15,0,大商所,2026
20260612,XDCE,V,V2702,N,20260611,21:01,2,1,4871.0,15,0,大商所,2026
20260702,XGFE,PD,PD2612,D,20260702,09:01,2,1,303.2,15,0,广期所,2026
20260702,XGFE,PS,PS2607,D,20260702,10:08,69,15,35665.0,15,0,广期所,2026
20260702,XDCE,B,B2706,N,20260701,21:18,19,1,3497.0,15,0,大商所,2026
20260702,XDCE,BZ,BZ2607,D,20260702,09:27,28,8,6650.0,15,0,大商所,2026
20260702,XDCE,EG,EG2612,N,20260701,21:01,2,3,3886.0,15,0,大商所,2026
20260702,XDCE,J,J2610,N,20260701,21:01,2,3,1910.5,15,0,大商所,2026
20260702,XDCE,J,J2611,N,20260701,21:01,2,3,1927.0,15,0,大商所,2026
20260702,XDCE,JM,JM2607,D,20260702,15:00,225,400,1180.0,15,0,大商所,2026
20260702,XDCE,P,P2704,N,20260701,21:14,15,1,9578.0,15,0,大商所,2026
20260702,XDCE,PG,PG2704,N,20260701,21:18,19,1,4688.0,15,0,大商所,2026
20260702,XDCE,PP,PP2703,N,20260701,21:08,9,1,6812.0,15,0,大商所,2026
20260702,XDCE,PP,PP2706,N,20260701,21:08,9,1,6786.0,15,0,大商所,2026
20260723,XDCE,BZ,BZ2701,D,20260723,09:00,1,4,7081.0,15,0,大商所,2026
20260723,XDCE,BZ,BZ2702,D,20260723,09:00,1,1,7112.0,15,0,大商所,2026
20260723,XDCE,BZ,BZ2704,D,20260723,09:00,1,1,7113.0,15,0,大商所,2026
20260723,XDCE,EG,EG2612,N,20260722,21:01,2,9,4535.11,15,0,大商所,2026
20260723,XDCE,FB,FB2610,D,20260723,09:02,3,5,1322.5,15,0,大商所,2026
20260723,XDCE,J,J2706,D,20260723,11:30,135,1,1974.5,15,0,大商所,2026
20260723,XDCE,JM,JM2702,N,20260722,21:03,4,11,1467.73,15,0,大商所,2026
20260723,XDCE,JM,JM2703,N,20260722,21:03,4,11,1466.0,15,0,大商所,2026
20260723,XDCE,JM,JM2704,N,20260722,21:03,4,4,1470.5,15,0,大商所,2026
20260723,XDCE,PG,PG2705,N,20260722,21:37,38,2,5168.5,15,0,大商所,2026
20260723,XDCE,PG,PG2706,N,20260722,21:37,38,1,5084.0,15,0,大商所,2026
20260723,XDCE,PP,PP2703,N,20260722,22:56,117,2,7622.0,15,0,大商所,2026
20260723,XDCE,PP,PP2704,N,20260722,22:56,117,2,7547.0,15,0,大商所,2026
20260723,XDCE,Y,Y2608,N,20260722,21:01,2,10,8416.2,15,0,大商所,2026
20260811,XGFE,PT,PT2702,D,20260811,09:01,2,3,445.15,15,0,广期所,2026
20260811,XDCE,BZ,BZ2703,D,20260811,09:00,1,1,6533.0,15,0,大商所,2026
20260811,XDCE,BZ,BZ2704,D,20260811,09:00,1,1,6548.0,15,0,大商所,2026
20260811,XDCE,EB,EB2703,N,20260810,21:01,2,2,7658.5,15,0,大商所,2026
20260811,XDCE,EB,EB2704,N,20260810,21:01,2,2,7646.0,15,0,大商所,2026
20260811,XDCE,EB,EB2705,N,20260810,21:01,2,2,7618.5,15,0,大商所,2026
20260811,XDCE,EG,EG2702,N,20260810,21:04,5,2,4289.5,15,0,大商所,2026
20260811,XDCE,L,L2707,N,20260810,21:07,8,1,7038.0,15,0,大商所,2026
20260811,XDCE,P,P2703,N,20260810,21:01,2,1,9789.0,15,0,大商所,2026
20260811,XDCE,P,P2704,N,20260810,21:01,2,1,9836.0,15,0,大商所,2026
20260811,XDCE,V,V2703,N,20260810,21:13,14,8,4706.0,15,0,大商所,2026
20150112,XDCE,A,A1601,N,20150109,21:01,2,13,4449.08,5,0,大商所,2015
20150128,XDCE,CS,CS1601,D,20150128,14:46,212,1,2778.0,15,0,大商所,2015
20160720,XDCE,A,A1705,N,20160719,21:01,2,4,3851.25,5,0,大商所,2016
20160823,XDCE,V,V1705,D,20160823,09:01,2,1,5560.0,15,0,大商所,2016
20160908,XDCE,Y,Y1609,N,20160907,21:37,38,1,6122.0,15,0,大商所,2016
20161212,XDCE,A,A1709,N,20161209,21:01,2,1,4197.0,15,0,大商所,2016
20170314,XDCE,BB,BB1703,D,20170314,15:00,226,1,101.35,15,0,大商所,2017
20170314,XDCE,PP,PP1801,D,20170314,09:01,2,1,8410.0,15,0,大商所,2017
20170314,XDCE,V,V1801,D,20170314,09:09,10,2,6482.5,5,0,大商所,2017
20170419,XDCE,J,J1801,N,20170418,21:01,2,21,1490.0,5,0,大商所,2017
20170419,XDCE,JM,JM1801,N,20170418,21:01,2,18,1034.33,5,0,大商所,2017
20170524,XDCE,JM,JM1805,N,20170523,21:04,5,1,974.5,15,0,大商所,2017
20170524,XDCE,P,P1805,N,20170523,21:01,2,4,5308.0,5,0,大商所,2017
20170613,XDCE,L,L1805,D,20170613,09:01,2,19,8871.84,5,0,大商所,2017
20170613,XDCE,Y,Y1805,N,20170612,21:01,2,2,6092.0,15,0,大商所,2017
20170905,XDCE,L,L1709,D,20170905,09:05,6,60,10135.0,15,0,大商所,2017
20170921,XDCE,A,A1805,N,20170920,21:01,2,68,3828.41,5,0,大商所,2017
20170921,XDCE,A,A1809,N,20170920,21:01,2,20,3881.0,15,0,大商所,2017
20170921,XDCE,L,L1809,D,20170921,09:02,3,1,9655.0,15,0,大商所,2017
20170921,XDCE,V,V1809,D,20170921,09:01,2,9,6620.0,15,0,大商所,2017
20171101,XDCE,P,P1809,N,20171031,21:01,2,4,5656.5,5,0,大商所,2017
20171117,XDCE,A,A1809,N,20171116,21:09,10,17,3824.0,15,0,大商所,2017
20171117,XDCE,L,L1809,D,20171117,09:01,2,3,9505.0,15,0,大商所,2017
20171205,XDCE,J,J1809,N,20171204,21:01,2,1,2089.0,15,0,大商所,2017
20180109,XDCE,Y,Y1801,D,20180109,10:06,66,20,5400.0,15,0,大商所,2018
20180125,XDCE,JM,JM1901,N,20180124,22:29,90,1,1244.5,15,0,大商所,2018
20180125,XDCE,P,P1901,N,20180124,21:01,2,2,5298.0,5,0,大商所,2018
20180125,XDCE,Y,Y1901,N,20180124,21:01,2,4,6024.0,15,0,大商所,2018
20180212,XDCE,A,A1901,N,20180209,21:02,3,1,3703.0,15,0,大商所,2018
20180212,XDCE,J,J1901,N,20180209,21:23,24,1,1990.5,15,0,大商所,2018
20180212,XDCE,JM,JM1901,D,20180212,09:12,12,1,1255.0,15,0,大商所,2018
20180212,XDCE,PP,PP1901,D,20180212,09:24,25,6,9148.0,15,0,大商所,2018
20180502,XDCE,Y,Y1805,D,20180502,09:01,2,36,5508.17,5,0,大商所,2018
20180518,XDCE,V,V1905,D,20180518,09:41,42,1,6520.0,15,0,大商所,2018
20180605,XDCE,P,P1905,N,20180604,21:06,7,27,5328.89,5,0,大商所,2018
20180622,XDCE,I,I1905,N,20180621,21:01,2,35,462.343,5,0,大商所,2018
20180726,XDCE,JM,JM1905,N,20180725,21:01,2,1,1156.5,15,0,大商所,2018
20180726,XDCE,V,V1905,D,20180726,09:03,4,8,6748.12,15,0,大商所,2018
20180813,XDCE,I,I1903,N,20180810,21:08,9,1,511.5,15,0,大商所,2018
20180813,XDCE,JM,JM1905,N,20180810,21:07,8,1,1224.0,15,0,大商所,2018
20180829,XDCE,I,I1903,N,20180828,21:08,9,5,490.0,15,0,大商所,2018
20180829,XDCE,JM,JM1905,N,20180828,21:01,2,23,1257.61,5,0,大商所,2018
20180829,XDCE,P,P1809,N,20180828,21:01,2,13,4706.77,5,0,大商所,2018
20180914,XDCE,B,B1811,D,20180914,09:48,48,842,3600.0,15,0,大商所,2018
20180914,XDCE,B,B1903,D,20180914,09:41,41,1282,3380.0,15,0,大商所,2018
20180914,XDCE,BB,BB1809,D,20180914,15:00,226,1,212.0,15,0,大商所,2018
20180914,XDCE,L,L1809,D,20180914,15:00,226,684,9370.0,15,0,大商所,2018
20180914,XDCE,V,V1809,D,20180914,15:00,226,340,6920.0,15,0,大商所,2018
20181010,XDCE,B,B1903,D,20181010,09:07,7,777,3608.33,15,0,大商所,2018
20181010,XDCE,B,B1907,D,20181010,09:18,18,424,3425.0,15,0,大商所,2018
20181010,XDCE,P,P1909,N,20181009,21:04,5,1,5042.0,15,0,大商所,2018
20181026,XDCE,B,B1903,N,20181025,23:19,140,444,3597.0,15,0,大商所,2018
20181026,XDCE,B,B1907,N,20181025,23:11,132,1144,3377.0,15,0,大商所,2018
20181113,XDCE,B,B1903,N,20181112,23:13,134,72,3298.0,15,0,大商所,2018
20181113,XDCE,B,B1907,D,20181113,09:28,28,652,3255.0,15,0,大商所,2018
20181129,XDCE,B,B1903,N,20181128,21:47,48,233,3180.56,5,0,大商所,2018
20181217,XDCE,B,B1907,D,20181217,09:10,10,770,3090.0,15,0,大商所,2018
20181217,XDCE,B,B1911,D,20181217,09:16,16,281,3178.0,15,0,大商所,2018
20181217,XDCE,I,I1911,N,20181214,21:01,2,1,463.0,15,0,大商所,2018
20190104,XDCE,B,B1907,N,20190103,21:14,15,604,3018.0,15,0,大商所,2019
20190104,XDCE,B,B1911,D,20190104,09:37,37,1312,3080.0,15,0,大商所,2019
20190104,XDCE,C,C1907,D,20190104,09:01,2,23,1891.22,5,0,大商所,2019
20190104,XDCE,C,C1911,D,20190104,09:01,2,1,1919.0,15,0,大商所,2019
20190104,XDCE,Y,Y1901,N,20190103,21:44,45,10,5034.0,15,0,大商所,2019
20190122,XDCE,B,B1907,N,20190121,22:22,83,756,3005.0,15,0,大商所,2019
20190122,XDCE,B,B1911,D,20190122,13:40,145,870,3049.0,15,0,大商所,2019
20190122,XDCE,B,B2001,D,20190122,13:51,156,860,3075.0,15,0,大商所,2019
20190122,XDCE,L,L2001,D,20190122,09:01,2,1,8425.0,15,0,大商所,2019
20190122,XDCE,V,V2001,D,20190122,09:01,2,1,6335.0,15,0,大商所,2019
20190214,XDCE,B,B2001,D,20190214,09:21,21,974,3150.0,15,0,大商所,2019
20190214,XDCE,JM,JM2001,N,20190213,22:22,83,2,1324.75,15,0,大商所,2019
20190214,XDCE,P,P2001,N,20190213,21:03,4,1,4876.0,15,0,大商所,2019
20190214,XDCE,Y,Y2001,N,20190213,21:03,4,1,5916.0,15,0,大商所,2019
20190304,XDCE,JM,JM2001,N,20190301,21:08,9,2,1368.25,15,0,大商所,2019
20190320,XDCE,I,I1911,N,20190319,21:06,7,1,584.0,15,0,大商所,2019
20190320,XDCE,I,I2003,N,20190319,21:04,5,6,550.5,15,0,大商所,2019
20190515,XDCE,I,I2003,N,20190514,21:01,2,2,566.0,15,0,大商所,2019
20190531,XDCE,I,I2003,N,20190530,21:02,3,2,655.5,15,0,大商所,2019
20190619,XDCE,CS,CS2005,N,20190618,22:04,65,2,2492.0,15,0,大商所,2019
20190619,XDCE,J,J2005,N,20190618,21:02,3,2,1900.0,15,0,大商所,2019
20190705,XDCE,B,B2001,N,20190704,21:36,37,1,3115.0,15,0,大商所,2019
20190705,XDCE,EG,EG2005,N,20190704,21:11,12,3,4659.0,15,0,大商所,2019
20190808,XDCE,B,B2005,N,20190807,21:04,5,2,3115.5,5,0,大商所,2019
20190826,XDCE,I,I2007,N,20190823,21:01,2,1,551.0,15,0,大商所,2019
20190911,XDCE,C,C2003,N,20190910,21:39,40,1,1901.0,15,0,大商所,2019
20190911,XDCE,I,I2007,N,20190910,21:02,3,5,561.0,15,0,大商所,2019
20190930,XDCE,B,B2005,N,20190927,21:03,4,1,3140.0,15,0,大商所,2019
20190930,XDCE,C,C2003,N,20190927,21:01,2,15,1855.33,5,0,大商所,2019
20190930,XDCE,C,C2007,N,20190927,21:01,2,7,1933.86,5,0,大商所,2019
20190930,XDCE,CS,CS2009,N,20190927,21:09,10,1,2349.0,15,0,大商所,2019
20191023,XDCE,I,I2003,N,20191022,21:01,2,1,579.5,15,0,大商所,2019
20191023,XDCE,V,V2009,N,20191022,21:01,2,4,6212.5,15,0,大商所,2019
20191108,XDCE,B,B2009,N,20191107,21:09,10,1,3269.0,15,0,大商所,2019
20191108,XDCE,J,J2009,N,20191107,21:03,4,1,1671.0,15,0,大商所,2019
20191108,XDCE,P,P2009,N,20191107,21:01,2,15,5333.2,5,0,大商所,2019
20191126,XDCE,A,A2009,N,20191125,21:01,2,2,3768.0,15,0,大商所,2019
20191126,XDCE,B,B2009,D,20191126,11:27,132,1,3267.0,15,0,大商所,2019
20191126,XDCE,C,C2009,N,20191125,21:01,2,19,1977.32,5,0,大商所,2019
20191126,XDCE,C,C2011,N,20191125,21:01,2,3,1989.67,5,0,大商所,2019
20191126,XDCE,EG,EG2009,N,20191125,21:02,3,2,4483.0,5,0,大商所,2019
20191212,XDCE,C,C2007,N,20191211,21:01,2,4,1932.0,15,0,大商所,2019
20191212,XDCE,I,I2007,N,20191211,21:03,4,1,635.5,15,0,大商所,2019
20191212,XDCE,I,I2011,N,20191211,21:01,2,11,595.273,5,0,大商所,2019
20191212,XDCE,L,L2009,N,20191211,21:01,2,45,7214.89,5,0,大商所,2019
20191212,XDCE,M,M2007,N,20191211,21:01,2,1,2805.0,15,0,大商所,2019
20191212,XDCE,V,V2009,N,20191211,21:01,2,5,6544.0,5,0,大商所,2019
20191230,XDCE,EG,EG2009,N,20191227,21:01,2,22,4608.91,5,0,大商所,2019
20191230,XDCE,J,J2009,N,20191227,21:01,2,86,1816.68,5,0,大商所,2019
20191230,XDCE,M,M2007,N,20191227,21:01,2,10,2761.6,15,0,大商所,2019
20200116,XDCE,A,A2101,N,20200115,21:01,2,1,3907.0,15,0,大商所,2020
20200116,XDCE,M,M2007,N,20200115,21:01,2,1,2723.0,15,0,大商所,2020
20200116,XDCE,M,M2011,N,20200115,21:01,2,2,2807.0,15,0,大商所,2020
20200116,XDCE,Y,Y2101,N,20200115,21:01,2,102,6644.0,15,0,大商所,2020
20200211,XDCE,JM,JM2101,D,20200211,09:27,28,6,1169.33,15,0,大商所,2020
20200211,XDCE,M,M2011,D,20200211,09:01,2,20,2771.0,15,0,大商所,2020
20200401,XDCE,B,B2007,D,20200401,09:01,2,1,3199.0,15,0,大商所,2020
20200401,XDCE,JM,JM2101,D,20200401,09:02,3,6,1097.25,5,0,大商所,2020
20200420,XDCE,B,B2011,D,20200420,09:57,58,10,3081.0,15,0,大商所,2020
20200511,XDCE,I,I2103,N,20200508,21:02,3,1,570.5,15,0,大商所,2020
20200511,XDCE,M,M2103,N,20200508,21:10,11,1,2785.0,15,0,大商所,2020
20200527,XDCE,C,C2007,N,20200526,21:01,2,15,2014.0,15,0,大商所,2020
20200527,XDCE,JM,JM2105,N,20200526,21:01,2,15,1066.5,15,0,大商所,2020
20200527,XDCE,V,V2105,N,20200526,21:01,2,21,6025.0,15,0,大商所,2020
20200612,XDCE,EB,EB2105,N,20200611,21:06,7,1,6348.0,15,0,大商所,2020
20200612,XDCE,EG,EG2105,N,20200611,21:13,14,1,3999.0,15,0,大商所,2020
20200612,XDCE,I,I2006,D,20200612,15:00,225,1100,784.0,15,0,大商所,2020
20200612,XDCE,J,J2101,N,20200611,21:01,2,26,1875.23,5,0,大商所,2020
20200612,XDCE,J,J2105,N,20200611,21:01,2,1,1803.5,15,0,大商所,2020
20200702,XDCE,B,B2011,N,20200701,21:01,2,4,3250.5,5,0,大商所,2020
20200702,XDCE,M,M2007,N,20200701,21:41,42,50,2723.0,15,0,大商所,2020
20200702,XDCE,PG,PG2012,N,20200701,21:01,2,26,3551.11,5,0,大商所,2020
20200720,XDCE,B,B2101,N,20200717,21:01,2,1,3269.0,15,0,大商所,2020
20200720,XDCE,B,B2103,N,20200717,21:01,2,1,3242.0,15,0,大商所,2020
20200720,XDCE,B,B2107,D,20200720,10:33,78,1,3186.0,15,0,大商所,2020
20200720,XDCE,L,L2105,N,20200717,21:01,2,20,6982.5,5,0,大商所,2020
20200720,XDCE,M,M2011,N,20200717,21:01,2,91,2918.64,5,0,大商所,2020
20200805,XDCE,B,B2105,N,20200804,21:05,6,1,3197.0,15,0,大商所,2020
20200805,XDCE,EG,EG2105,N,20200804,21:19,20,1,4074.0,15,0,大商所,2020
20200805,XDCE,I,I2011,N,20200804,21:01,2,44,840.489,5,0,大商所,2020
20200805,XDCE,I,I2012,N,20200804,21:01,2,9,822.5,5,0,大商所,2020
20200805,XDCE,JM,JM2010,N,20200804,21:01,2,2,1215.5,15,0,大商所,2020
20200805,XDCE,JM,JM2011,N,20200804,21:01,2,2,1217.0,15,0,大商所,2020
20200805,XDCE,L,L2010,N,20200804,21:01,2,2,7170.0,15,0,大商所,2020
20200805,XDCE,L,L2012,N,20200804,21:01,2,3,7128.33,5,0,大商所,2020
20200805,XDCE,M,M2107,N,20200804,21:06,7,4,2750.0,15,0,大商所,2020
20200821,XDCE,A,A2105,N,20200820,21:01,2,1,4537.0,15,0,大商所,2020
20200821,XDCE,C,C2103,N,20200820,21:01,2,39,2339.05,5,0,大商所,2020
20200821,XDCE,EG,EG2010,N,20200820,21:03,4,1,3780.0,15,0,大商所,2020
20200821,XDCE,EG,EG2012,N,20200820,21:03,4,1,3858.0,15,0,大商所,2020
20200821,XDCE,EG,EG2105,N,20200820,21:01,2,1,4036.0,15,0,大商所,2020
20200821,XDCE,JM,JM2010,N,20200820,21:01,2,3,1203.0,15,0,大商所,2020
20200821,XDCE,JM,JM2011,N,20200820,21:01,2,3,1211.5,15,0,大商所,2020
20200821,XDCE,L,L2010,N,20200820,21:01,2,52,7221.64,5,0,大商所,2020
20200821,XDCE,L,L2011,N,20200820,21:01,2,9,7259.44,5,0,大商所,2020
20200821,XDCE,M,M2107,N,20200820,21:02,3,6,2764.17,5,0,大商所,2020
20200821,XDCE,PP,PP2010,N,20200820,21:01,2,64,7733.25,5,0,大商所,2020
20200821,XDCE,PP,PP2011,N,20200820,21:01,2,29,7735.0,15,0,大商所,2020
20200821,XDCE,PP,PP2012,N,20200820,21:01,2,18,7713.5,5,0,大商所,2020
20200821,XDCE,V,V2010,N,20200820,21:01,2,31,6706.77,5,0,大商所,2020
20200821,XDCE,V,V2011,N,20200820,21:01,2,5,6740.0,15,0,大商所,2020
20200821,XDCE,V,V2012,N,20200820,21:01,2,28,6668.04,5,0,大商所,2020
20200908,XDCE,EG,EG2105,N,20200907,21:01,2,13,4131.15,5,0,大商所,2020
20200908,XDCE,I,I2104,N,20200907,21:01,2,5,797.5,15,0,大商所,2020
20200908,XDCE,JM,JM2012,N,20200907,21:47,48,30,1276.0,15,0,大商所,2020
20200908,XDCE,JM,JM2102,N,20200907,21:01,2,11,1268.0,5,0,大商所,2020
20200908,XDCE,JM,JM2103,N,20200907,21:05,6,4,1254.0,15,0,大商所,2020
20200908,XDCE,JM,JM2104,N,20200907,21:04,5,1,1244.0,15,0,大商所,2020
20200908,XDCE,L,L2102,N,20200907,21:01,2,26,7556.15,5,0,大商所,2020
20200908,XDCE,L,L2103,N,20200907,21:01,2,17,7530.0,15,0,大商所,2020
20200908,XDCE,M,M2107,N,20200907,21:01,2,3,2869.0,15,0,大商所,2020
20200908,XDCE,V,V2102,N,20200907,21:01,2,11,6549.09,5,0,大商所,2020
20200908,XDCE,V,V2103,N,20200907,21:01,2,2,6500.0,15,0,大商所,2020
20200908,XDCE,Y,Y2011,N,20200907,21:01,2,18,6757.11,5,0,大商所,2020
20200908,XDCE,Y,Y2108,N,20200907,21:17,18,4,6598.0,15,0,大商所,2020
20200924,XDCE,EB,EB2011,N,20200923,21:01,2,17,5464.77,5,0,大商所,2020
20200924,XDCE,EB,EB2012,N,20200923,21:01,2,13,5554.0,15,0,大商所,2020
20200924,XDCE,I,I2104,N,20200923,21:01,2,3,722.0,5,0,大商所,2020
20200924,XDCE,JM,JM2012,N,20200923,21:13,14,12,1269.0,15,0,大商所,2020
20200924,XDCE,JM,JM2103,N,20200923,21:03,4,8,1262.5,15,0,大商所,2020
20200924,XDCE,JM,JM2104,N,20200923,21:01,2,2,1243.0,15,0,大商所,2020
20200924,XDCE,JM,JM2105,N,20200923,21:01,2,2,1205.75,15,0,大商所,2020
20200924,XDCE,P,P2103,N,20200923,21:01,2,75,5911.41,5,0,大商所,2020
20200924,XDCE,P,P2104,N,20200923,21:09,10,54,5954.0,15,0,大商所,2020
20200924,XDCE,P,P2107,N,20200923,21:28,29,92,5830.0,15,0,大商所,2020
20201020,XDCE,B,B2105,N,20201019,21:01,2,1,3627.0,15,0,大商所,2020
20201020,XDCE,B,B2107,N,20201019,21:01,2,1,3570.0,15,0,大商所,2020
20201020,XDCE,EB,EB2103,N,20201019,21:01,2,15,6243.0,15,0,大商所,2020
20201020,XDCE,EG,EG2012,N,20201019,21:01,2,5,3923.0,15,0,大商所,2020
20201020,XDCE,EG,EG2102,N,20201019,21:01,2,48,3967.17,5,0,大商所,2020
20201020,XDCE,I,I2104,N,20201019,21:01,2,54,741.407,5,0,大商所,2020
20201020,XDCE,L,L2010,N,20201019,21:39,40,15,7270.0,15,0,大商所,2020
20201020,XDCE,L,L2104,D,20201020,15:00,225,2,7225.0,15,0,大商所,2020
20201020,XDCE,P,P2103,N,20201019,21:01,2,22,5733.27,5,0,大商所,2020
20201020,XDCE,PP,PP2103,N,20201019,21:01,2,14,7669.86,15,0,大商所,2020
20201020,XDCE,PP,PP2104,N,20201019,21:01,2,4,7670.0,5,0,大商所,2020
20201020,XDCE,V,V2012,N,20201019,21:01,2,2,6880.0,15,0,大商所,2020
20201020,XDCE,Y,Y2109,N,20201019,21:01,2,38,6505.74,5,0,大商所,2020
20201105,XDCE,EB,EB2103,N,20201104,21:01,2,4,6823.0,5,0,大商所,2020
20201105,XDCE,EB,EB2105,N,20201104,21:01,2,31,6615.65,5,0,大商所,2020
20201105,XDCE,EG,EG2102,N,20201104,21:01,2,154,3877.9,5,0,大商所,2020
20201105,XDCE,EG,EG2104,N,20201104,21:03,4,100,3947.0,15,0,大商所,2020
20201105,XDCE,I,I2107,N,20201104,21:36,37,1,706.0,15,0,大商所,2020
20201105,XDCE,M,M2108,N,20201104,21:01,2,3,3091.33,15,0,大商所,2020
20201105,XDCE,P,P2107,N,20201104,21:16,17,80,5856.0,15,0,大商所,2020
20201105,XDCE,V,V2012,N,20201104,21:35,36,330,7216.67,15,0,大商所,2020
20201105,XDCE,V,V2104,N,20201104,21:01,2,4,6795.0,15,0,大商所,2020
20201105,XDCE,Y,Y2108,N,20201104,21:01,2,2,6756.0,15,0,大商所,2020
20201123,XDCE,CS,CS2103,N,20201120,21:01,2,211,2931.47,5,0,大商所,2020
20201123,XDCE,EG,EG2104,N,20201120,21:04,5,1,3923.0,15,0,大商所,2020
20201123,XDCE,I,I2107,N,20201120,21:02,3,1,771.0,15,0,大商所,2020
20201123,XDCE,L,L2103,N,20201120,21:01,2,36,7655.0,15,0,大商所,2020
20201123,XDCE,L,L2104,N,20201120,21:01,2,20,7610.0,15,0,大商所,2020
20201123,XDCE,P,P2103,N,20201120,21:01,2,3,6614.0,15,0,大商所,2020
20201123,XDCE,P,P2104,N,20201120,21:01,2,8,6514.0,5,0,大商所,2020
20201123,XDCE,P,P2107,N,20201120,21:01,2,1,6320.0,15,0,大商所,2020
20201123,XDCE,PP,PP2102,N,20201120,21:01,2,28,8404.79,5,0,大商所,2020
20201123,XDCE,Y,Y2108,N,20201120,21:01,2,11,7295.82,5,0,大商所,2020
20201209,XDCE,CS,CS2103,N,20201208,21:01,2,119,2908.58,5,0,大商所,2020
20201209,XDCE,I,I2107,N,20201208,21:02,3,1,878.5,15,0,大商所,2020
20201209,XDCE,J,J2104,N,20201208,21:01,2,6,2431.5,5,0,大商所,2020
20201209,XDCE,JM,JM2104,N,20201208,21:04,5,40,1466.0,15,0,大商所,2020
20201209,XDCE,L,L2104,N,20201208,21:02,3,2,7870.0,15,0,大商所,2020
20201209,XDCE,PG,PG2103,N,20201208,21:01,2,5,3665.0,5,0,大商所,2020
20201209,XDCE,PP,PP2103,N,20201208,21:01,2,40,8292.17,5,0,大商所,2020
20201209,XDCE,V,V2103,N,20201208,21:01,2,22,7495.0,15,0,大商所,2020
20201209,XDCE,V,V2104,N,20201208,21:01,2,4,7470.0,15,0,大商所,2020
20201209,XDCE,Y,Y2108,N,20201208,21:01,2,20,6982.3,5,0,大商所,2020
20201225,XDCE,P,P2104,N,20201224,21:01,2,17,7186.0,5,0,大商所,2020
20201225,XDCE,P,P2107,N,20201224,22:13,74,240,6560.0,15,0,大商所,2020
20201225,XDCE,V,V2103,N,20201224,21:01,2,26,7388.08,5,0,大商所,2020
20210113,XDCE,A,A2109,N,20210112,21:01,2,1,5734.0,15,0,大商所,2021
20210113,XDCE,CS,CS2101,D,20210113,09:04,4,1,3293.0,15,0,大商所,2021
20210113,XDCE,I,I2107,D,20210113,09:45,45,2,1007.25,5,0,大商所,2021
20210113,XDCE,J,J2101,N,20210112,21:30,31,1,2984.0,15,0,大商所,2021
20210113,XDCE,JM,JM2104,N,20210112,21:01,2,2,1722.25,5,0,大商所,2021
20210113,XDCE,JM,JM2109,N,20210112,21:01,2,4,1649.62,5,0,大商所,2021
20210113,XDCE,RR,RR2105,N,20210112,21:01,2,2,3726.5,5,0,大商所,2021
20210113,XDCE,Y,Y2108,N,20210112,21:01,2,6,7640.0,15,0,大商所,2021
20210129,XDCE,L,L2103,N,20210128,21:02,3,19,7906.84,5,0,大商所,2021
20210129,XDCE,M,M2108,N,20210128,21:01,2,12,3518.33,5,0,大商所,2021
20210129,XDCE,PP,PP2104,N,20210128,21:01,2,169,8253.07,5,0,大商所,2021
20210223,XDCE,J,J2107,N,20210222,21:01,2,3,2494.83,5,0,大商所,2021
20210223,XDCE,JM,JM2107,N,20210222,21:01,2,2,1484.5,15,0,大商所,2021
20210223,XDCE,Y,Y2108,N,20210222,21:01,2,5,7808.4,5,0,大商所,2021
20210311,XDCE,EG,EG2110,N,20210310,21:01,2,74,5016.35,15,0,大商所,2021
20210311,XDCE,EG,EG2111,N,20210310,21:01,2,19,4965.0,15,0,大商所,2021
20210311,XDCE,L,L2106,N,20210310,21:01,2,40,8783.38,5,0,大商所,2021
20210311,XDCE,L,L2107,N,20210310,21:01,2,1,8815.0,15,0,大商所,2021
20210311,XDCE,L,L2111,N,20210310,21:01,2,16,8635.0,15,0,大商所,2021
20210311,XDCE,P,P2110,N,20210310,21:01,2,11,6958.73,5,0,大商所,2021
20210311,XDCE,PP,PP2111,N,20210310,21:01,2,2,8704.0,15,0,大商所,2021
20210311,XDCE,V,V2111,N,20210310,21:09,10,7,8275.0,15,0,大商所,2021
20210311,XDCE,Y,Y2112,N,20210310,21:01,2,2,8114.0,15,0,大商所,2021
20210311,XDCE,Y,Y2201,N,20210310,21:01,2,15,8046.53,5,0,大商所,2021
20210329,XDCE,C,C2201,N,20210326,21:01,2,5,2646.4,5,0,大商所,2021
20210329,XDCE,EG,EG2111,N,20210326,21:01,2,7,4911.0,15,0,大商所,2021
20210329,XDCE,J,J2107,N,20210326,21:01,2,2,2224.0,15,0,大商所,2021
20210329,XDCE,L,L2104,N,20210326,21:58,59,1,8685.0,15,0,大商所,2021
20210329,XDCE,L,L2106,N,20210326,21:01,2,12,8610.0,15,0,大商所,2021
20210329,XDCE,P,P2111,N,20210326,21:01,2,15,6733.87,15,0,大商所,2021
20210329,XDCE,Y,Y2112,N,20210326,21:01,2,27,7946.15,15,0,大商所,2021
20210415,XDCE,EG,EG2108,D,20210415,14:21,186,1,4875.0,15,0,大商所,2021
20210415,XDCE,EG,EG2112,N,20210414,21:01,2,42,4801.05,15,0,大商所,2021
20210415,XDCE,I,I2104,D,20210415,15:00,225,704,1192.0,15,0,大商所,2021
20210415,XDCE,I,I2112,N,20210414,22:46,107,1,948.0,15,0,大商所,2021
20210415,XDCE,PP,PP2104,N,20210414,21:05,6,30,8650.0,15,0,大商所,2021
20210506,XDCE,EG,EG2112,D,20210506,09:01,2,7,4799.86,15,0,大商所,2021
20210506,XDCE,J,J2110,D,20210506,09:01,2,580,2694.04,5,0,大商所,2021
20210524,XDCE,B,B2201,N,20210521,21:01,2,1,4211.0,15,0,大商所,2021
20210524,XDCE,B,B2203,N,20210521,21:02,3,1,4238.0,15,0,大商所,2021
20210524,XDCE,CS,CS2111,N,20210521,21:01,2,42,3172.41,5,0,大商所,2021
20210524,XDCE,EG,EG2112,N,20210521,21:01,2,6,4982.33,15,0,大商所,2021
20210524,XDCE,PP,PP2112,N,20210521,21:01,2,18,8335.33,15,0,大商所,2021
20210609,XDCE,A,A2201,N,20210608,21:01,2,96,5870.07,5,0,大商所,2021
20210609,XDCE,M,M2112,N,20210608,21:01,2,1,3631.0,15,0,大商所,2021
20210628,XDCE,EB,EB2201,N,20210625,21:01,2,1,8444.0,15,0,大商所,2021
20210628,XDCE,EG,EG2110,N,20210625,21:01,2,135,5013.27,5,0,大商所,2021
20210628,XDCE,EG,EG2112,N,20210625,21:01,2,3,5059.0,15,0,大商所,2021
20210628,XDCE,I,I2110,N,20210625,21:01,2,6,1157.92,15,0,大商所,2021
20210628,XDCE,L,L2108,D,20210628,13:55,160,2,8185.0,15,0,大商所,2021
20210628,XDCE,V,V2108,D,20210628,14:42,207,1,8725.0,15,0,大商所,2021
20210628,XDCE,V,V2112,N,20210625,21:01,2,16,8265.62,15,0,大商所,2021
20210714,XDCE,B,B2111,N,20210713,21:01,2,6,4397.67,5,0,大商所,2021
20210714,XDCE,J,J2112,N,20210713,21:02,3,1,2452.0,15,0,大商所,2021
20210714,XDCE,PG,PG2110,N,20210713,21:01,2,8,4920.0,15,0,大商所,2021
20210714,XDCE,V,V2108,D,20210714,09:50,50,2,9065.0,15,0,大商所,2021
20210714,XDCE,V,V2112,N,20210713,21:04,5,40,8720.0,15,0,大商所,2021
20210817,XDCE,B,B2111,N,20210816,21:01,2,31,4527.68,5,0,大商所,2021
20210817,XDCE,FB,FB2201,D,20210817,09:10,11,1,1382.0,15,0,大商所,2021
20210902,XDCE,C,C2203,N,20210901,21:01,2,367,2487.24,5,0,大商所,2021
20210902,XDCE,I,I2112,N,20210901,21:01,2,3,793.333,15,0,大商所,2021
20210902,XDCE,M,M2109,N,20210901,21:02,3,20,3695.0,15,0,大商所,2021
20210922,XDCE,I,I2112,D,20210922,09:01,2,68,628.5,5,0,大商所,2021
20210922,XDCE,PP,PP2110,D,20210922,09:01,2,7,8922.43,5,0,大商所,2021
20211102,XDCE,EG,EG2203,N,20211101,21:01,2,15,5651.6,5,0,大商所,2021
20211118,XDCE,EB,EB2203,N,20211117,21:01,2,24,8240.08,5,0,大商所,2021
20211118,XDCE,EG,EG2202,N,20211117,21:01,2,92,5082.19,5,0,大商所,2021
20211118,XDCE,L,L2112,N,20211117,21:13,14,1,8754.0,15,0,大商所,2021
20211118,XDCE,L,L2204,N,20211117,21:01,2,55,8586.45,5,0,大商所,2021
20211118,XDCE,V,V2203,N,20211117,21:01,2,38,8138.1,5,0,大商所,2021
20211206,XDCE,EG,EG2204,N,20211203,21:02,3,11,4829.18,5,0,大商所,2021
20211206,XDCE,L,L2203,N,20211203,21:01,2,13,8405.61,5,0,大商所,2021
20211206,XDCE,P,P2203,N,20211203,21:01,2,26,8908.69,5,0,大商所,2021
20211206,XDCE,PP,PP2206,N,20211203,21:01,2,28,7899.14,5,0,大商所,2021
20220110,XDCE,EB,EB2209,D,20220110,09:14,14,1,8522.0,15,0,大商所,2022
20220110,XDCE,M,M2201,D,20220110,09:59,59,5,3491.0,15,0,大商所,2022
20220110,XDCE,PG,PG2209,N,20220107,21:02,3,1,4839.0,15,0,大商所,2022
20220126,XDCE,B,B2209,N,20220125,21:50,51,1,4174.0,15,0,大商所,2022
20220126,XDCE,EB,EB2209,D,20220126,09:54,54,3,8772.0,15,0,大商所,2022
20220126,XDCE,L,L2202,N,20220125,21:07,8,5,8842.0,15,0,大商所,2022
20220126,XDCE,PG,PG2209,N,20220125,21:31,32,1,4651.0,15,0,大商所,2022
20220218,XDCE,I,I2202,D,20220218,15:00,225,500,808.0,15,0,大商所,2022
20220218,XDCE,L,L2202,D,20220218,09:05,5,52,8641.0,15,0,大商所,2022
20220218,XDCE,P,P2202,D,20220218,15:00,225,614,11084.0,15,0,大商所,2022
20220218,XDCE,PP,PP2202,N,20220217,21:03,4,98,8299.0,15,0,大商所,2022
20220308,XDCE,EG,EG2203,D,20220308,11:24,129,1,5291.0,15,0,大商所,2022
20220308,XDCE,FB,FB2209,D,20220308,09:05,6,1,1412.5,15,0,大商所,2022
20220324,XDCE,EB,EB2209,N,20220323,21:53,54,1,9623.0,15,0,大商所,2022
20220324,XDCE,L,L2204,N,20220323,21:18,19,1,9119.0,15,0,大商所,2022
20220324,XDCE,PP,PP2204,D,20220324,09:59,59,2,9039.0,15,0,大商所,2022
20220324,XDCE,PP,PP2301,N,20220323,21:01,2,6,8931.17,15,0,大商所,2022
20220413,XDCE,EB,EB2208,N,20220412,21:02,3,6,9710.0,15,0,大商所,2022
20220413,XDCE,L,L2204,D,20220413,14:04,169,3,8803.0,15,0,大商所,2022
20220413,XDCE,L,L2208,N,20220412,21:01,2,23,8966.57,15,0,大商所,2022
20220413,XDCE,PP,PP2204,D,20220413,10:55,100,1,8653.0,15,0,大商所,2022
20220520,XDCE,A,A2301,N,20220519,21:02,3,16,5882.75,15,0,大商所,2022
20220520,XDCE,EB,EB2301,N,20220519,21:45,46,1,9753.0,15,0,大商所,2022
20220608,XDCE,L,L2206,D,20220608,09:15,15,27,9069.0,15,0,大商所,2022
20220624,XDCE,B,B2301,N,20220623,21:02,3,1,4646.0,15,0,大商所,2022
20220712,XDCE,PP,PP2305,N,20220711,21:01,2,1,8072.0,15,0,大商所,2022
20220728,XDCE,EG,EG2208,N,20220727,21:02,3,17,4295.35,15,0,大商所,2022
20220728,XDCE,EG,EG2212,N,20220727,21:01,2,17,4359.82,15,0,大商所,2022
20220815,XDCE,PP,PP2212,N,20220812,21:01,2,16,7788.0,15,0,大商所,2022
20221013,XDCE,PG,PG2302,N,20221012,21:01,2,2,4805.0,15,0,大商所,2022
20221013,XDCE,PP,PP2309,N,20221012,21:03,4,1,7769.0,15,0,大商所,2022
20230106,XGFE,SI,SI2309,D,20230106,09:04,5,1,17530.0,15,0,广期所,2023
20230306,XDCE,PG,PG2303,N,20230303,21:12,13,23,4818.0,15,0,大商所,2023
20230410,XDCE,PP,PP2304,D,20230410,13:42,147,1,7711.0,15,0,大商所,2023
20230410,XDCE,V,V2304,D,20230410,13:43,148,3,6229.0,15,0,大商所,2023
20230517,XDCE,I,I2305,D,20230517,15:00,225,163,832.0,15,0,大商所,2023
20230517,XDCE,L,L2305,D,20230517,15:00,225,40,8155.0,15,0,大商所,2023
20230517,XDCE,Y,Y2305,D,20230517,15:00,225,1,8002.0,15,0,大商所,2023
20230602,XDCE,EB,EB2401,N,20230601,21:01,2,2,7216.0,15,0,大商所,2023
20230602,XDCE,EG,EG2306,N,20230601,22:57,118,1,3948.0,15,0,大商所,2023
20230602,XDCE,J,J2405,N,20230601,21:07,8,1,1880.0,15,0,大商所,2023
20230602,XDCE,PG,PG2401,N,20230601,21:01,2,2,3967.0,15,0,大商所,2023
20230602,XDCE,V,V2405,N,20230601,21:01,2,2,5807.0,15,0,大商所,2023
20230711,XDCE,Y,Y2307,D,20230711,14:15,180,5,8036.0,15,0,大商所,2023
20230727,XDCE,L,L2403,N,20230726,21:01,2,2,8087.0,15,0,大商所,2023
20230727,XDCE,L,L2404,N,20230726,21:01,2,2,8093.0,15,0,大商所,2023
20230727,XDCE,PG,PG2402,N,20230726,21:31,32,1,4321.0,15,0,大商所,2023
20230814,XDCE,EG,EG2406,D,20230814,09:01,1,1,4267.0,15,0,大商所,2023
20230814,XDCE,EG,EG2407,D,20230814,09:01,1,1,4276.0,15,0,大商所,2023
20230814,XDCE,J,J2402,N,20230811,21:01,2,1,2126.5,15,0,大商所,2023
20230814,XDCE,J,J2403,N,20230811,21:01,2,1,2114.0,15,0,大商所,2023
20230814,XDCE,J,J2404,D,20230814,10:48,93,50,2098.0,15,0,大商所,2023
20230814,XDCE,J,J2406,D,20230814,10:48,93,50,2069.0,15,0,大商所,2023
20230814,XDCE,J,J2407,D,20230814,10:48,93,50,2059.0,15,0,大商所,2023
20230814,XDCE,L,L2404,N,20230811,21:01,2,2,8129.5,15,0,大商所,2023
20230814,XDCE,P,P2308,D,20230814,15:00,225,46,7666.0,15,0,大商所,2023
20230814,XDCE,PG,PG2403,N,20230811,21:02,3,2,4355.0,15,0,大商所,2023
20230814,XDCE,V,V2308,D,20230814,15:00,225,815,6177.0,15,0,大商所,2023
20230830,XDCE,EG,EG2406,N,20230829,21:04,5,1,4227.0,15,0,大商所,2023
20230830,XDCE,EG,EG2407,N,20230829,21:04,5,1,4247.0,15,0,大商所,2023
20230830,XDCE,JM,JM2404,N,20230829,21:11,12,1,1436.0,15,0,大商所,2023
20230830,XDCE,PG,PG2404,N,20230829,21:01,2,2,4977.0,15,0,大商所,2023
20230830,XDCE,PG,PG2405,N,20230829,21:01,2,2,4803.0,15,0,大商所,2023
20230830,XDCE,PG,PG2407,D,20230830,11:12,117,1,4645.0,15,0,大商所,2023
20230830,XDCE,RR,RR2402,N,20230829,21:01,2,1,3668.0,15,0,大商所,2023
20230915,XDCE,B,B2402,N,20230914,21:01,2,2,4425.0,15,0,大商所,2023
20230915,XDCE,B,B2403,N,20230914,21:01,2,2,4311.0,15,0,大商所,2023
20230915,XDCE,B,B2404,N,20230914,21:01,2,4,4172.75,15,0,大商所,2023
20230915,XDCE,EG,EG2406,N,20230914,21:01,2,3,4486.0,15,0,大商所,2023
20230915,XDCE,RR,RR2401,N,20230914,21:01,2,1,3643.0,15,0,大商所,2023
20230915,XDCE,RR,RR2403,N,20230914,21:01,2,1,3661.0,15,0,大商所,2023
20230915,XDCE,RR,RR2404,N,20230914,21:01,2,3,3668.0,15,0,大商所,2023
20230915,XDCE,RR,RR2405,N,20230914,21:01,2,3,3686.33,15,0,大商所,2023
20230915,XDCE,RR,RR2406,N,20230914,21:01,2,2,3693.0,15,0,大商所,2023
20230915,XDCE,RR,RR2407,N,20230914,21:01,2,2,3702.0,15,0,大商所,2023
20230915,XDCE,RR,RR2408,N,20230914,21:01,2,1,3707.0,15,0,大商所,2023
20231011,XDCE,B,B2402,N,20231010,21:01,2,2,4228.0,15,0,大商所,2023
20231011,XDCE,B,B2403,N,20231010,21:01,2,1,4116.0,15,0,大商所,2023
20231011,XDCE,B,B2404,N,20231010,21:01,2,1,4000.0,15,0,大商所,2023
20231011,XDCE,EG,EG2407,N,20231010,21:29,30,1,4270.0,15,0,大商所,2023
20231011,XDCE,EG,EG2408,N,20231010,21:29,30,2,4291.0,15,0,大商所,2023
20231011,XDCE,EG,EG2409,N,20231010,21:29,30,1,4313.0,15,0,大商所,2023
20231011,XDCE,J,J2409,N,20231010,21:09,10,1,2168.5,15,0,大商所,2023
20231011,XDCE,JM,JM2402,N,20231010,21:01,2,1,1701.0,15,0,大商所,2023
20231011,XDCE,JM,JM2406,N,20231010,21:01,2,2,1566.75,15,0,大商所,2023
20231011,XDCE,JM,JM2407,N,20231010,21:01,2,1,1541.0,15,0,大商所,2023
20231011,XDCE,PG,PG2310,N,20231010,21:58,59,50,5312.0,15,0,大商所,2023
20231011,XDCE,PP,PP2406,N,20231010,21:02,3,2,7412.0,15,0,大商所,2023
20231011,XDCE,V,V2407,N,20231010,21:01,2,3,6027.0,15,0,大商所,2023
20231027,XDCE,J,J2409,N,20231026,21:19,20,1,2264.5,15,0,大商所,2023
20231027,XDCE,JM,JM2312,N,20231026,21:02,3,1,1770.5,15,0,大商所,2023
20231027,XDCE,JM,JM2402,N,20231026,21:02,3,1,1761.0,15,0,大商所,2023
20231027,XDCE,JM,JM2403,N,20231026,21:11,12,1,1741.5,15,0,大商所,2023
20231027,XDCE,PG,PG2406,N,20231026,22:11,72,1,4780.0,15,0,大商所,2023
20231027,XDCE,PG,PG2407,N,20231026,21:19,20,1,4728.0,15,0,大商所,2023
20231027,XDCE,PG,PG2408,N,20231026,21:19,20,1,4668.0,15,0,大商所,2023
20231027,XDCE,PP,PP2409,N,20231026,21:01,2,1,7440.0,15,0,大商所,2023
20231027,XDCE,RR,RR2409,N,20231026,21:47,48,1,3680.0,15,0,大商所,2023
20231027,XDCE,V,V2406,N,20231026,21:02,3,1,6182.0,15,0,大商所,2023
20231114,XDCE,J,J2311,D,20231114,15:00,225,50,2444.5,15,0,大商所,2023
20231114,XDCE,J,J2409,N,20231113,21:12,13,1,2419.5,15,0,大商所,2023
20231114,XDCE,L,L2311,D,20231114,15:00,225,35,8099.0,15,0,大商所,2023
20231114,XDCE,P,P2311,D,20231114,15:00,225,5,7258.0,15,0,大商所,2023
20231114,XDCE,P,P2407,N,20231113,21:01,2,1,7406.0,15,0,大商所,2023
20231114,XDCE,PG,PG2404,N,20231113,21:01,2,10,5168.3,15,0,大商所,2023
20231114,XDCE,PG,PG2405,N,20231113,21:01,2,5,5027.0,15,0,大商所,2023
20231114,XDCE,V,V2311,D,20231114,09:01,1,200,5950.0,15,0,大商所,2023
20231130,XDCE,EB,EB2407,N,20231129,21:01,2,1,7909.0,15,0,大商所,2023
20231130,XDCE,EB,EB2408,N,20231129,21:01,2,1,7899.0,15,0,大商所,2023
20231130,XDCE,EB,EB2410,D,20231130,13:58,163,2,7929.5,15,0,大商所,2023
20231130,XDCE,PP,PP2410,N,20231129,21:33,34,1,7401.0,15,0,大商所,2023
20231130,XDCE,V,V2408,N,20231129,21:35,36,18,6090.0,15,0,大商所,2023
20231218,XDCE,B,B2409,N,20231215,21:01,2,1,3993.0,15,0,大商所,2023
20231218,XDCE,B,B2410,N,20231215,21:42,43,1,3981.0,15,0,大商所,2023
20231218,XDCE,J,J2408,D,20231218,10:41,86,4,2531.5,15,0,大商所,2023
20231218,XDCE,P,P2408,N,20231215,21:01,2,4,7009.0,15,0,大商所,2023
20231218,XDCE,PG,PG2406,N,20231215,21:01,2,2,4664.5,15,0,大商所,2023
20231218,XDCE,PP,PP2408,N,20231215,21:38,39,1,7492.0,15,0,大商所,2023
20231218,XDCE,RR,RR2405,N,20231215,21:50,51,1,3578.0,15,0,大商所,2023
20240104,XGFE,LC,LC2401,D,20240104,09:01,2,8,102600.0,15,0,广期所,2024
20240104,XDCE,EG,EG2401,N,20240103,21:55,56,9,4429.0,15,0,大商所,2024
20240104,XDCE,P,P2407,N,20240103,21:01,2,4,6922.5,15,0,大商所,2024
20240104,XDCE,P,P2408,N,20240103,21:01,2,1,6894.0,15,0,大商所,2024
20240104,XDCE,PP,PP2407,N,20240103,21:23,24,3,7475.0,15,0,大商所,2024
20240104,XDCE,V,V2408,N,20240103,21:01,2,1,6028.0,15,0,大商所,2024
20240122,XDCE,B,B2406,N,20240119,21:02,3,2,3674.0,15,0,大商所,2024
20240122,XDCE,EB,EB2407,N,20240119,21:01,2,6,8583.5,15,0,大商所,2024
20240122,XDCE,EG,EG2410,N,20240119,21:01,2,1,4548.0,15,0,大商所,2024
20240122,XDCE,L,L2404,N,20240119,21:01,2,12,8206.08,15,0,大商所,2024
20240122,XDCE,L,L2407,N,20240119,21:01,2,1,8163.0,15,0,大商所,2024
20240122,XDCE,P,P2402,N,20240119,21:01,2,1,7634.0,15,0,大商所,2024
20240122,XDCE,P,P2407,N,20240119,21:01,2,2,7254.0,15,0,大商所,2024
20240207,XDCE,A,A2501,N,20240206,21:09,10,6,4627.0,15,0,大商所,2024
20240207,XDCE,B,B2407,N,20240206,21:01,2,4,3514.0,15,0,大商所,2024
20240207,XDCE,B,B2408,N,20240206,21:01,2,2,3584.0,15,0,大商所,2024
20240207,XDCE,EB,EB2411,D,20240207,14:07,172,1,8579.0,15,0,大商所,2024
20240207,XDCE,EG,EG2406,N,20240206,21:01,2,5,4588.4,15,0,大商所,2024
20240207,XDCE,EG,EG2407,N,20240206,21:01,2,3,4586.0,15,0,大商所,2024
20240207,XDCE,I,I2410,N,20240206,21:01,2,6,859.5,15,0,大商所,2024
20240207,XDCE,I,I2411,N,20240206,21:01,2,6,847.5,15,0,大商所,2024
20240207,XDCE,J,J2403,N,20240206,21:18,19,2,2200.5,15,0,大商所,2024
20240207,XDCE,J,J2404,N,20240206,21:18,19,2,2321.0,15,0,大商所,2024
20240207,XDCE,J,J2406,D,20240207,09:05,5,1,2324.0,15,0,大商所,2024
20240207,XDCE,JM,JM2406,N,20240206,21:20,21,5,1704.9,15,0,大商所,2024
20240207,XDCE,JM,JM2407,N,20240206,21:27,28,2,1700.25,15,0,大商所,2024
20240207,XDCE,JM,JM2410,N,20240206,21:36,37,1,1677.5,15,0,大商所,2024
20240207,XDCE,P,P2407,N,20240206,21:01,2,2,6911.0,15,0,大商所,2024
20240207,XDCE,V,V2404,N,20240206,21:01,2,8,5811.0,15,0,大商所,2024
20240304,XDCE,EB,EB2411,D,20240304,14:32,197,1,8752.0,15,0,大商所,2024
20240304,XDCE,P,P2407,N,20240301,21:01,2,1,7272.0,15,0,大商所,2024
20240304,XDCE,P,P2408,N,20240301,21:01,2,3,7169.33,15,0,大商所,2024
20240304,XDCE,P,P2410,N,20240301,21:06,7,2,6992.0,15,0,大商所,2024
20240304,XDCE,PG,PG2407,N,20240301,21:03,4,2,4492.5,15,0,大商所,2024
20240304,XDCE,PG,PG2412,D,20240304,09:59,59,1,4650.0,15,0,大商所,2024
20240304,XDCE,V,V2407,N,20240301,21:01,2,1,6027.0,15,0,大商所,2024
20240304,XDCE,V,V2410,N,20240301,21:01,2,1,6115.0,15,0,大商所,2024
20240304,XDCE,Y,Y2412,N,20240301,21:01,2,1,7394.0,15,0,大商所,2024
20240320,XDCE,EB,EB2403,D,20240320,09:49,49,28,9550.0,15,0,大商所,2024
20240320,XDCE,EB,EB2410,N,20240319,21:04,5,1,8925.0,15,0,大商所,2024
20240320,XDCE,EG,EG2407,N,20240319,21:01,2,2,4574.0,15,0,大商所,2024
20240320,XDCE,EG,EG2408,N,20240319,21:01,2,2,4600.0,15,0,大商所,2024
20240320,XDCE,I,I2412,N,20240319,21:01,2,8,768.25,15,0,大商所,2024
20240320,XDCE,JM,JM2408,N,20240319,21:21,22,1,1661.5,15,0,大商所,2024
20240320,XDCE,L,L2407,N,20240319,21:01,2,6,8368.0,15,0,大商所,2024
20240320,XDCE,L,L2408,N,20240319,21:01,2,7,8355.43,15,0,大商所,2024
20240320,XDCE,L,L2502,D,20240320,09:36,36,7,8304.29,15,0,大商所,2024
20240320,XDCE,P,P2410,N,20240319,21:01,2,5,7526.0,15,0,大商所,2024
20240320,XDCE,PG,PG2411,N,20240319,21:26,27,2,4842.0,15,0,大商所,2024
20240320,XDCE,PG,PG2412,N,20240319,21:26,27,2,4757.0,15,0,大商所,2024
20240320,XDCE,PP,PP2404,N,20240319,21:11,12,5,7575.0,15,0,大商所,2024
20240320,XDCE,PP,PP2408,N,20240319,21:01,2,9,7616.67,15,0,大商所,2024
20240320,XDCE,PP,PP2410,N,20240319,21:06,7,60,7632.0,15,0,大商所,2024
20240409,XGFE,SI,SI2404,D,20240409,14:09,175,1,12140.0,15,0,广期所,2024
20240409,XDCE,CS,CS2411,N,20240408,21:01,2,4,2773.0,15,0,大商所,2024
20240409,XDCE,CS,CS2501,N,20240408,21:01,2,4,2784.25,15,0,大商所,2024
20240409,XDCE,EG,EG2407,N,20240408,21:01,2,3,4493.0,15,0,大商所,2024
20240409,XDCE,J,J2406,N,20240408,21:06,7,1,2002.0,15,0,大商所,2024
20240409,XDCE,P,P2411,N,20240408,21:01,2,1,7656.0,15,0,大商所,2024
20240409,XDCE,P,P2412,N,20240408,21:01,2,1,7608.0,15,0,大商所,2024
20240409,XDCE,PP,PP2410,N,20240408,21:01,2,1,7606.0,15,0,大商所,2024
20240409,XDCE,Y,Y2412,N,20240408,21:01,2,1,7738.0,15,0,大商所,2024
20240409,XDCE,Y,Y2503,N,20240408,21:17,18,1,7694.0,15,0,大商所,2024
20240425,XDCE,CS,CS2411,N,20240424,21:01,2,3,2816.67,15,0,大商所,2024
20240425,XDCE,EB,EB2404,N,20240424,21:02,3,250,9593.0,15,0,大商所,2024
20240425,XDCE,EB,EB2410,N,20240424,21:05,6,5,9168.0,15,0,大商所,2024
20240425,XDCE,EG,EG2407,N,20240424,21:01,2,1,4384.0,15,0,大商所,2024
20240425,XDCE,L,L2502,D,20240425,09:49,49,1,8345.0,15,0,大商所,2024
20240425,XDCE,P,P2411,N,20240424,21:01,2,3,7448.0,15,0,大商所,2024
20240425,XDCE,PG,PG2412,D,20240425,09:04,4,1,4859.0,15,0,大商所,2024
20240425,XDCE,PG,PG2501,D,20240425,09:04,4,1,4800.0,15,0,大商所,2024
20240425,XDCE,V,V2410,N,20240424,21:01,2,1,5962.0,15,0,大商所,2024
20240425,XDCE,V,V2502,N,20240424,21:01,2,1,6077.0,15,0,大商所,2024
20240516,XDCE,EB,EB2412,N,20240515,21:30,31,1,8892.0,15,0,大商所,2024
20240516,XDCE,JM,JM2412,N,20240515,21:10,11,2,1730.0,15,0,大商所,2024
20240516,XDCE,L,L2411,N,20240515,21:01,2,2,8434.5,15,0,大商所,2024
20240516,XDCE,L,L2412,N,20240515,21:01,2,2,8436.0,15,0,大商所,2024
20240516,XDCE,M,M2405,D,20240516,11:07,112,500,3460.0,15,0,大商所,2024
20240516,XDCE,PG,PG2410,N,20240515,21:01,2,1,4852.0,15,0,大商所,2024
20240516,XDCE,PG,PG2503,N,20240515,21:09,10,1,4583.0,15,0,大商所,2024
20240516,XDCE,V,V2503,N,20240515,21:08,9,1,6260.0,15,0,大商所,2024
20240603,XDCE,CS,CS2501,N,20240531,21:02,3,3,2840.0,15,0,大商所,2024
20240603,XDCE,P,P2412,N,20240531,21:01,2,1,7922.0,15,0,大商所,2024
20240603,XDCE,PG,PG2412,N,20240531,21:05,6,1,5044.0,15,0,大商所,2024
20240603,XDCE,PP,PP2410,N,20240531,21:01,2,2,7833.0,15,0,大商所,2024
20240603,XDCE,V,V2412,N,20240531,21:01,2,2,6707.0,15,0,大商所,2024
20240620,XDCE,B,B2412,N,20240619,21:01,2,3,3960.0,15,0,大商所,2024
20240620,XDCE,B,B2501,N,20240619,21:01,2,3,3968.33,15,0,大商所,2024
20240620,XDCE,B,B2502,N,20240619,21:19,20,1,3915.0,15,0,大商所,2024
20240620,XDCE,B,B2503,N,20240619,22:30,91,2,3833.0,15,0,大商所,2024
20240620,XDCE,B,B2504,N,20240619,22:30,91,2,3762.5,15,0,大商所,2024
20240620,XDCE,EB,EB2412,N,20240619,21:06,7,1,8916.0,15,0,大商所,2024
20240620,XDCE,EB,EB2504,D,20240620,14:37,202,3,8802.0,15,0,大商所,2024
20240620,XDCE,EG,EG2411,N,20240619,22:47,108,1,4537.0,15,0,大商所,2024
20240620,XDCE,I,I2502,N,20240619,21:01,2,2,801.0,15,0,大商所,2024
20240620,XDCE,P,P2502,N,20240619,21:01,2,4,7677.5,15,0,大商所,2024
20240620,XDCE,PG,PG2412,N,20240619,21:03,4,2,5055.0,15,0,大商所,2024
20240620,XDCE,PG,PG2502,N,20240619,21:38,39,2,4899.5,15,0,大商所,2024
20240620,XDCE,PG,PG2503,N,20240619,21:01,2,1,4764.0,15,0,大商所,2024
20240620,XDCE,PP,PP2410,N,20240619,21:01,2,8,7743.0,15,0,大商所,2024
20240620,XDCE,PP,PP2411,N,20240619,21:01,2,1,7763.0,15,0,大商所,2024
20240620,XDCE,RR,RR2501,N,20240619,21:01,2,1,3560.0,15,0,大商所,2024
20240620,XDCE,RR,RR2502,N,20240619,21:01,2,1,3563.0,15,0,大商所,2024
20240620,XDCE,V,V2412,N,20240619,21:11,12,2,6283.0,15,0,大商所,2024
20240620,XDCE,V,V2503,N,20240619,21:01,2,1,6353.0,15,0,大商所,2024
20240620,XDCE,V,V2504,N,20240619,21:01,2,1,6576.0,15,0,大商所,2024
20240708,XDCE,B,B2412,N,20240705,21:01,2,4,3997.0,15,0,大商所,2024
20240708,XDCE,C,C2407,N,20240705,21:40,41,30,2445.0,15,0,大商所,2024
20240708,XDCE,EG,EG2407,N,20240705,21:01,2,17,4690.0,15,0,大商所,2024
20240708,XDCE,P,P2412,N,20240705,21:13,14,2,7842.0,15,0,大商所,2024
20240708,XDCE,PP,PP2502,N,20240705,21:01,2,2,7756.0,15,0,大商所,2024
20240708,XDCE,V,V2411,N,20240705,21:01,2,1,6112.0,15,0,大商所,2024
20240708,XDCE,V,V2502,N,20240705,21:01,2,4,6211.0,15,0,大商所,2024
20240724,XDCE,EG,EG2408,N,20240723,21:01,2,1,4644.0,15,0,大商所,2024
20240724,XDCE,PG,PG2408,N,20240723,21:07,8,1,4577.0,15,0,大商所,2024
20240724,XDCE,PP,PP2502,N,20240723,22:33,94,1,7600.0,15,0,大商所,2024
20240724,XDCE,Y,Y2408,N,20240723,21:01,2,20,7822.0,15,0,大商所,2024
20240809,XGFE,SI,SI2408,D,20240809,09:05,6,73,9895.62,15,0,广期所,2024
20240809,XDCE,B,B2412,N,20240808,21:01,2,2,3622.5,15,0,大商所,2024
20240809,XDCE,L,L2503,N,20240808,21:18,19,1,8096.0,15,0,大商所,2024
20240809,XDCE,V,V2502,N,20240808,21:01,2,3,5778.0,15,0,大商所,2024
20240827,XDCE,EB,EB2408,D,20240827,15:00,225,2,9389.0,15,0,大商所,2024
20240827,XDCE,EB,EB2505,N,20240826,21:06,7,1,8860.0,15,0,大商所,2024
20240827,XDCE,EB,EB2507,D,20240827,11:21,126,4,8779.25,15,0,大商所,2024
20240827,XDCE,EG,EG2502,N,20240826,21:01,2,1,4715.0,15,0,大商所,2024
20240827,XDCE,EG,EG2503,N,20240826,21:10,11,1,4663.0,15,0,大商所,2024
20240827,XDCE,EG,EG2504,N,20240826,21:10,11,2,4736.0,15,0,大商所,2024
20240827,XDCE,P,P2502,N,20240826,21:01,2,2,8052.0,15,0,大商所,2024
20240827,XDCE,PP,PP2502,N,20240826,21:01,2,1,7575.0,15,0,大商所,2024
20240827,XDCE,PP,PP2503,N,20240826,21:01,2,1,7572.0,15,0,大商所,2024
20240827,XDCE,RR,RR2502,D,20240827,09:01,1,1,3558.0,15,0,大商所,2024
20240912,XDCE,J,J2409,D,20240912,15:00,225,4,1661.5,15,0,大商所,2024
20240912,XDCE,L,L2503,N,20240911,21:07,8,2,7761.0,15,0,大商所,2024
20240912,XDCE,L,L2504,N,20240911,21:07,8,1,7776.0,15,0,大商所,2024
20240912,XDCE,P,P2502,N,20240911,21:04,5,4,7848.0,15,0,大商所,2024
20240912,XDCE,PG,PG2503,N,20240911,21:03,4,1,4150.0,15,0,大商所,2024
20240912,XDCE,PG,PG2504,N,20240911,21:35,36,1,4541.0,15,0,大商所,2024
20240912,XDCE,PG,PG2505,N,20240911,21:35,36,1,4416.0,15,0,大商所,2024
20240912,XDCE,PP,PP2411,N,20240911,21:01,2,1,7344.0,15,0,大商所,2024
20240912,XDCE,PP,PP2503,D,20240912,09:44,44,1,7204.0,15,0,大商所,2024
20240912,XDCE,V,V2506,N,20240911,21:01,2,1,5657.0,15,0,大商所,2024
20241009,XDCE,EB,EB2509,N,20241008,21:36,37,6,8709.0,15,0,大商所,2024
20241009,XDCE,EG,EG2410,N,20241008,21:15,16,15,4785.0,15,0,大商所,2024
20241009,XDCE,P,P2502,N,20241008,21:01,2,7,8668.0,15,0,大商所,2024
20241009,XDCE,PG,PG2508,N,20241008,21:16,17,1,4600.0,15,0,大商所,2024
20241009,XDCE,PG,PG2509,N,20241008,21:16,17,1,4560.0,15,0,大商所,2024
20241009,XDCE,V,V2506,N,20241008,21:01,2,3,5993.0,15,0,大商所,2024
20241009,XDCE,V,V2507,N,20241008,21:01,2,3,6014.0,15,0,大商所,2024
20241025,XDCE,EB,EB2506,N,20241024,21:57,58,3,8502.0,15,0,大商所,2024
20241025,XDCE,EB,EB2507,N,20241024,21:57,58,3,8507.0,15,0,大商所,2024
20241025,XDCE,L,L2502,N,20241024,21:01,2,8,8036.75,15,0,大商所,2024
20241025,XDCE,L,L2507,N,20241024,21:07,8,2,8017.5,15,0,大商所,2024
20241025,XDCE,L,L2508,N,20241024,21:07,8,2,8031.5,15,0,大商所,2024
20241025,XDCE,P,P2506,N,20241024,21:01,2,4,8830.0,15,0,大商所,2024
20241025,XDCE,P,P2507,N,20241024,21:01,2,1,8654.0,15,0,大商所,2024
20241025,XDCE,PG,PG2505,N,20241024,21:03,4,1,4608.0,15,0,大商所,2024
20241025,XDCE,PG,PG2506,N,20241024,21:56,57,2,4583.0,15,0,大商所,2024
20241025,XDCE,PG,PG2507,N,20241024,21:03,4,1,4504.0,15,0,大商所,2024
20241112,XDCE,EB,EB2411,D,20241112,13:53,158,10,8579.0,15,0,大商所,2024
20241112,XDCE,EB,EB2507,N,20241111,22:52,113,1,8396.0,15,0,大商所,2024
20241112,XDCE,L,L2510,N,20241111,21:23,24,1,8043.0,15,0,大商所,2024
20241112,XDCE,PP,PP2411,D,20241112,14:54,219,1,7360.0,15,0,大商所,2024
20241112,XDCE,V,V2504,N,20241111,21:01,2,4,5628.5,15,0,大商所,2024
20241128,XDCE,CS,CS2509,N,20241127,21:02,3,1,2680.0,15,0,大商所,2024
20241128,XDCE,EG,EG2412,D,20241128,09:02,2,2,4560.0,15,0,大商所,2024
20241128,XDCE,J,J2412,N,20241127,21:02,3,1,1853.0,15,0,大商所,2024
20241128,XDCE,PG,PG2508,N,20241127,21:32,33,1,4316.0,15,0,大商所,2024
20241128,XDCE,PG,PG2510,D,20241128,10:04,64,2,4697.0,15,0,大商所,2024
20241128,XDCE,PP,PP2412,N,20241127,21:24,25,1,7488.0,15,0,大商所,2024
20241128,XDCE,Y,Y2412,N,20241127,21:18,19,1,8102.0,15,0,大商所,2024
20241216,XDCE,EB,EB2510,N,20241213,21:03,4,1,8433.0,15,0,大商所,2024
20250102,XDCE,JM,JM2510,D,20250102,13:46,376,1,1276.5,15,0,大商所,2025
20250102,XDCE,P,P2506,D,20250102,09:01,226,1,8498.0,15,0,大商所,2025
20250102,XDCE,V,V2508,D,20250102,09:01,226,1,5400.0,15,0,大商所,2025
20250120,XDCE,B,B2507,N,20250117,21:01,2,4,3409.0,15,0,大商所,2025
20250120,XDCE,EB,EB2507,N,20250117,21:01,2,2,8506.5,15,0,大商所,2025
20250120,XDCE,EG,EG2507,D,20250120,09:20,20,2,4834.0,15,0,大商所,2025
20250120,XDCE,L,L2508,N,20250117,22:44,105,1,7867.0,15,0,大商所,2025
20250120,XDCE,PG,PG2508,N,20250117,21:03,4,2,4438.0,15,0,大商所,2025
20250120,XDCE,PG,PG2509,N,20250117,21:03,4,2,4355.0,15,0,大商所,2025
20250120,XDCE,PG,PG2510,N,20250117,21:04,5,1,4764.0,15,0,大商所,2025
20250120,XDCE,PP,PP2506,N,20250117,21:01,2,1,7461.0,15,0,大商所,2025
20250213,XGFE,LC,LC2502,D,20250213,09:08,9,119,75740.0,15,0,广期所,2025
20250213,XDCE,J,J2504,D,20250213,14:28,193,1,1716.5,15,0,大商所,2025
20250303,XDCE,L,L2506,N,20250228,21:03,4,1,7870.0,15,0,大商所,2025
20250303,XDCE,L,L2507,N,20250228,21:03,4,2,7857.5,15,0,大商所,2025
20250325,XDCE,J,J2602,D,20250325,10:52,97,1,1701.5,15,0,大商所,2025
20250325,XDCE,L,L2510,N,20250324,21:01,2,2,7642.0,15,0,大商所,2025
20250325,XDCE,L,L2511,N,20250324,21:01,2,2,7642.0,15,0,大商所,2025
20250325,XDCE,P,P2510,N,20250324,21:05,6,2,8216.0,15,0,大商所,2025
20250325,XDCE,PP,PP2504,N,20250324,21:05,6,2,7317.0,15,0,大商所,2025
20250325,XDCE,Y,Y2512,N,20250324,21:05,6,1,7852.0,15,0,大商所,2025
20250411,XGFE,SI,SI2504,D,20250411,09:01,2,30,9570.0,15,0,广期所,2025
20250411,XDCE,EB,EB2504,D,20250411,09:43,43,5,7092.0,15,0,大商所,2025
20250411,XDCE,J,J2511,N,20250410,22:35,96,1,1613.0,15,0,大商所,2025
20250411,XDCE,L,L2511,N,20250410,21:03,4,2,7221.0,15,0,大商所,2025
20250411,XDCE,L,L2512,N,20250410,21:03,4,2,7207.0,15,0,大商所,2025
20250411,XDCE,PG,PG2511,N,20250410,22:20,81,1,4389.0,15,0,大商所,2025
20250411,XDCE,PG,PG2512,N,20250410,21:46,47,1,4327.0,15,0,大商所,2025
20250411,XDCE,PG,PG2601,N,20250410,22:20,81,1,4260.0,15,0,大商所,2025
20250411,XDCE,PG,PG2602,N,20250410,21:46,47,1,4191.0,15,0,大商所,2025
20250411,XDCE,V,V2511,N,20250410,21:01,2,1,5119.0,15,0,大商所,2025
20250429,XDCE,PG,PG2512,N,20250428,21:15,16,1,4317.0,15,0,大商所,2025
20250520,XDCE,JM,JM2510,N,20250519,21:01,2,1,853.0,15,0,大商所,2025
20250520,XDCE,JM,JM2602,N,20250519,21:08,9,1,865.5,15,0,大商所,2025
20250520,XDCE,JM,JM2603,N,20250519,21:01,2,1,874.5,15,0,大商所,2025
20250520,XDCE,JM,JM2604,N,20250519,21:01,2,1,884.5,15,0,大商所,2025
20250520,XDCE,L,L2510,N,20250519,21:05,6,1,7198.0,15,0,大商所,2025
20250520,XDCE,PG,PG2511,N,20250519,22:18,79,3,4298.0,15,0,大商所,2025
20250520,XDCE,PG,PG2602,N,20250519,21:25,26,1,4086.0,15,0,大商所,2025
20250520,XDCE,PP,PP2510,N,20250519,21:01,2,1,7050.0,15,0,大商所,2025
20250606,XDCE,B,B2605,N,20250605,21:01,2,1,3338.0,15,0,大商所,2025
20250606,XDCE,EB,EB2603,N,20250605,21:27,28,1,6798.0,15,0,大商所,2025
20250606,XDCE,EB,EB2604,N,20250605,21:27,28,1,6812.0,15,0,大商所,2025
20250606,XDCE,EG,EG2602,N,20250605,21:43,44,1,4257.0,15,0,大商所,2025
20250606,XDCE,EG,EG2603,N,20250605,21:43,44,1,4262.0,15,0,大商所,2025
20250606,XDCE,J,J2602,N,20250605,21:04,5,1,1372.5,15,0,大商所,2025
20250606,XDCE,J,J2605,N,20250605,21:02,3,1,1371.5,15,0,大商所,2025
20250606,XDCE,L,L2508,N,20250605,21:01,2,4,7072.0,15,0,大商所,2025
20250606,XDCE,PP,PP2602,D,20250606,10:00,60,1,6870.0,15,0,大商所,2025
20250606,XDCE,PP,PP2603,D,20250606,10:00,60,1,6869.0,15,0,大商所,2025
20250606,XDCE,PP,PP2604,N,20250605,21:08,9,1,6859.0,15,0,大商所,2025
20250606,XDCE,PP,PP2605,N,20250605,21:04,5,3,6872.67,15,0,大商所,2025
20250606,XDCE,RR,RR2512,N,20250605,21:02,3,4,3626.0,15,0,大商所,2025
20250606,XDCE,V,V2506,N,20250605,21:08,9,296,4682.0,15,0,大商所,2025
20250625,XDCE,B,B2602,N,20250624,21:01,2,2,3656.0,15,0,大商所,2025
20250625,XDCE,J,J2510,N,20250624,21:55,56,1,1373.0,15,0,大商所,2025
20250625,XDCE,J,J2605,N,20250624,21:21,22,1,1420.0,15,0,大商所,2025
20250625,XDCE,L,L2602,N,20250624,21:33,34,2,7182.0,15,0,大商所,2025
20250625,XDCE,L,L2603,N,20250624,21:51,52,2,7175.0,15,0,大商所,2025
20250625,XDCE,L,L2604,N,20250624,21:44,45,2,7197.0,15,0,大商所,2025
20250625,XDCE,L,L2605,N,20250624,21:26,27,1,7182.0,15,0,大商所,2025
20250625,XDCE,P,P2512,N,20250624,21:01,2,5,8308.0,15,0,大商所,2025
20250625,XDCE,PG,PG2601,N,20250624,21:01,2,1,4275.0,15,0,大商所,2025
20250625,XDCE,PG,PG2604,N,20250624,21:24,25,6,4390.0,15,0,大商所,2025
20250711,XDCE,EG,EG2602,D,20250711,10:14,74,1,4362.0,15,0,大商所,2025
20250711,XDCE,EG,EG2603,D,20250711,10:14,74,1,4366.0,15,0,大商所,2025
20250711,XDCE,J,J2606,D,20250711,09:16,16,1,1580.5,15,0,大商所,2025
20250711,XDCE,L,L2602,D,20250711,09:32,32,2,7295.0,15,0,大商所,2025
20250711,XDCE,P,P2602,N,20250710,21:12,13,1,8580.0,15,0,大商所,2025
20250711,XDCE,P,P2603,N,20250710,21:01,2,1,8534.0,15,0,大商所,2025
20250711,XDCE,PG,PG2605,N,20250710,21:41,42,1,4317.0,15,0,大商所,2025
20250711,XDCE,PG,PG2606,N,20250710,21:41,42,1,4250.0,15,0,大商所,2025
20250731,XDCE,B,B2603,N,20250730,21:04,5,1,3628.0,15,0,大商所,2025
20250731,XDCE,EG,EG2508,N,20250730,21:37,38,1,4423.0,15,0,大商所,2025
20250731,XDCE,EG,EG2512,N,20250730,21:01,2,3,4481.0,15,0,大商所,2025
20250731,XDCE,J,J2508,D,20250731,09:14,14,1,1585.0,15,0,大商所,2025
20250731,XDCE,L,L2602,N,20250730,21:07,8,9,7457.0,15,0,大商所,2025
20250731,XDCE,P,P2508,N,20250730,21:13,14,2,8894.0,15,0,大商所,2025
20250731,XDCE,P,P2604,N,20250730,21:15,16,2,8842.0,15,0,大商所,2025
20250731,XDCE,PP,PP2604,N,20250730,21:20,21,17,7168.0,15,0,大商所,2025
20250731,XDCE,V,V2508,N,20250730,21:03,4,400,5106.0,15,0,大商所,2025
20250818,XDCE,CS,CS2607,N,20250815,21:15,16,2,2624.0,15,0,大商所,2025
20250818,XDCE,EB,EB2603,N,20250815,21:02,3,1,7367.0,15,0,大商所,2025
20250818,XDCE,P,P2604,N,20250815,21:05,6,2,9364.0,15,0,大商所,2025
20250818,XDCE,P,P2607,N,20250815,21:02,3,1,9090.0,15,0,大商所,2025
20250818,XDCE,V,V2606,N,20250815,21:06,7,1,5439.0,15,0,大商所,2025
20250904,XGFE,LC,LC2509,D,20250904,09:09,10,1,72080.0,15,0,广期所,2025
20250904,XDCE,B,B2606,N,20250903,21:07,8,1,3518.0,15,0,大商所,2025
20250904,XDCE,P,P2606,N,20250903,21:04,5,2,9058.0,15,0,大商所,2025
20250904,XDCE,PG,PG2607,N,20250903,21:08,9,2,4196.0,15,0,大商所,2025
20250904,XDCE,PP,PP2604,N,20250903,21:35,36,5,6957.0,15,0,大商所,2025
20250904,XDCE,Y,Y2603,N,20250903,21:01,2,4,8306.0,15,0,大商所,2025
20250922,XDCE,CS,CS2607,N,20250919,21:30,31,2,2572.0,15,0,大商所,2025
20250922,XDCE,EB,EB2606,N,20250919,21:11,12,2,7260.0,15,0,大商所,2025
20250922,XDCE,EG,EG2607,D,20250922,09:06,6,14,4322.0,15,0,大商所,2025
20250922,XDCE,J,J2510,N,20250919,21:06,7,1,1645.0,15,0,大商所,2025
20250922,XDCE,PP,PP2510,N,20250919,21:01,2,80,6821.0,15,0,大商所,2025
20250922,XDCE,PP,PP2604,N,20250919,21:11,12,1,6939.0,15,0,大商所,2025
20250922,XDCE,PP,PP2606,D,20250922,10:15,75,1,6924.0,15,0,大商所,2025
20251016,XGFE,LC,LC2510,D,20251016,09:05,6,15,73040.0,15,0,广期所,2025
20251016,XGFE,PS,PS2510,D,20251016,14:12,178,9,52160.0,15,0,广期所,2025
20251016,XDCE,FB,FB2511,D,20251016,09:03,4,10,1257.0,15,0,大商所,2025
20251016,XDCE,J,J2604,N,20251015,22:03,64,1,1759.0,15,0,大商所,2025
20251016,XDCE,P,P2604,N,20251015,21:10,11,3,9318.67,15,0,大商所,2025
20251016,XDCE,PG,PG2606,N,20251015,21:13,14,1,4023.0,15,0,大商所,2025
20251016,XDCE,PG,PG2609,N,20251015,21:55,56,1,3856.0,15,0,大商所,2025
20251016,XDCE,Y,Y2609,N,20251015,21:02,3,4,7972.0,15,0,大商所,2025
20251103,XDCE,EG,EG2607,D,20251103,10:54,99,1,4139.0,15,0,大商所,2025
20251103,XDCE,J,J2511,N,20251031,21:02,3,5,1716.5,15,0,大商所,2025
20251103,XDCE,JM,JM2610,N,20251031,21:24,25,2,1432.0,15,0,大商所,2025
20251103,XDCE,L,L2606,N,20251031,22:07,68,2,6990.0,15,0,大商所,2025
20251103,XDCE,P,P2511,N,20251031,21:05,6,10,8610.0,15,0,大商所,2025
20251103,XDCE,PP,PP2606,N,20251031,21:11,12,42,6650.0,15,0,大商所,2025
20251119,XDCE,CS,CS2611,D,20251119,09:24,24,1,2577.0,15,0,大商所,2025
20251119,XDCE,EB,EB2610,D,20251119,13:34,139,1,6937.0,15,0,大商所,2025
20251119,XDCE,J,J2512,N,20251118,21:06,7,1,1619.5,15,0,大商所,2025
20251119,XDCE,J,J2608,D,20251119,11:06,111,1,1869.0,15,0,大商所,2025
20251119,XDCE,J,J2609,N,20251118,21:01,2,1,1888.0,15,0,大商所,2025
20251119,XDCE,L,L2603,N,20251118,21:01,2,3,6806.33,15,0,大商所,2025
20251119,XDCE,PG,PG2606,N,20251118,21:01,2,3,4109.67,15,0,大商所,2025
20251205,XGFE,PD,PD2608,D,20251205,09:01,2,1,380.45,15,0,广期所,2025
20251205,XGFE,SI,SI2512,D,20251205,09:16,17,7,8960.0,15,0,广期所,2025
20251205,XDCE,EG,EG2610,N,20251204,22:46,107,2,4007.0,15,0,大商所,2025
20251205,XDCE,J,J2607,N,20251204,22:16,77,1,1810.0,15,0,大商所,2025
20251205,XDCE,LG,LG2607,D,20251205,09:01,2,2,795.0,15,0,大商所,2025
20251205,XDCE,M,M2512,N,20251204,21:57,58,15,3008.0,15,0,大商所,2025
20251205,XDCE,P,P2608,D,20251205,10:32,77,1,8600.0,15,0,大商所,2025
20251205,XDCE,PG,PG2607,N,20251204,21:23,24,1,4055.0,15,0,大商所,2025
20251205,XDCE,PG,PG2608,N,20251204,21:23,24,1,3978.0,15,0,大商所,2025
20251223,XDCE,EB,EB2512,D,20251223,15:00,225,78,6520.0,15,0,大商所,2025
20251223,XDCE,L,L2607,N,20251222,21:02,3,1,6277.0,15,0,大商所,2025
20251223,XDCE,L,L2610,N,20251222,21:03,4,1,6326.0,15,0,大商所,2025
20251223,XDCE,PG,PG2607,N,20251222,21:17,18,5,3939.6,15,0,大商所,2025
20251223,XDCE,RR,RR2607,D,20251223,09:08,8,2,3576.5,15,0,大商所,2025
20260112,XDCE,A,A2601,D,20260112,15:00,225,19,4333.0,15,0,大商所,2026
20260112,XDCE,P,P2612,D,20260112,09:44,44,2,8526.0,15,0,大商所,2026
20260112,XDCE,RR,RR2609,N,20260109,21:27,28,2,3607.0,15,0,大商所,2026
20260112,XDCE,RR,RR2610,N,20260109,21:27,28,2,3595.0,15,0,大商所,2026
20260112,XDCE,RR,RR2611,N,20260109,21:27,28,2,3605.5,15,0,大商所,2026
20260128,XDCE,EB,EB2610,N,20260127,22:14,75,4,7369.0,15,0,大商所,2026
20260128,XDCE,L,L2606,N,20260127,21:01,2,2,6907.0,15,0,大商所,2026
20260128,XDCE,L,L2608,D,20260128,09:20,20,3,6998.0,15,0,大商所,2026
20260128,XDCE,P,P2608,N,20260127,21:01,2,2,9204.0,15,0,大商所,2026
20260213,XDCE,EG,EG2610,N,20260212,21:02,3,2,3863.0,15,0,大商所,2026
20260213,XDCE,J,J2602,N,20260212,21:01,2,1,1518.0,15,0,大商所,2026
20260213,XDCE,J,J2603,N,20260212,21:01,2,1,1528.0,15,0,大商所,2026
20260213,XDCE,J,J2607,D,20260213,14:59,224,1,1726.5,15,0,大商所,2026
20260213,XDCE,J,J2701,N,20260212,21:11,12,1,1827.0,15,0,大商所,2026
20260213,XDCE,JM,JM2610,N,20260212,22:02,63,1,1223.5,15,0,大商所,2026
20260213,XDCE,L,L2602,D,20260213,15:00,225,274,6687.0,15,0,大商所,2026
20260213,XDCE,L,L2604,N,20260212,21:01,2,2,6696.0,15,0,大商所,2026
20260213,XDCE,PG,PG2612,N,20260212,21:13,14,1,4267.0,15,0,大商所,2026
20260213,XDCE,V,V2602,N,20260212,21:05,6,14,4660.0,15,0,大商所,2026
20260213,XDCE,V,V2612,N,20260212,21:09,10,1,5131.0,15,0,大商所,2026
20260313,XDCE,A,A2603,D,20260313,15:00,225,15,4660.0,15,0,大商所,2026
20260313,XDCE,B,B2603,D,20260313,15:00,225,10,3670.0,15,0,大商所,2026
20260313,XDCE,BZ,BZ2603,D,20260313,15:00,226,10,7800.0,15,0,大商所,2026
20260313,XDCE,BZ,BZ2610,D,20260313,09:00,1,2,7343.0,15,0,大商所,2026
20260313,XDCE,I,I2603,D,20260313,15:00,225,56,816.5,15,0,大商所,2026
20260313,XDCE,L,L2611,N,20260312,21:08,9,1,7867.0,15,0,大商所,2026
20260313,XDCE,M,M2603,D,20260313,15:00,225,677,3010.0,15,0,大商所,2026
20260313,XDCE,P,P2701,N,20260312,21:02,3,1,9466.0,15,0,大商所,2026
20260313,XDCE,PG,PG2612,D,20260313,10:56,101,1,5099.0,15,0,大商所,2026
20260313,XDCE,PG,PG2701,N,20260312,22:29,90,1,5025.0,15,0,大商所,2026
20260313,XDCE,PP,PP2603,D,20260313,15:00,225,220,6971.0,15,0,大商所,2026
20260313,XDCE,PP,PP2612,N,20260312,21:01,2,29,7459.1,15,0,大商所,2026
20260313,XDCE,Y,Y2603,D,20260313,15:00,225,37,8296.0,15,0,大商所,2026
20260403,XDCE,I,I2604,D,20260403,10:35,80,4,817.0,15,0,大商所,2026
20260403,XDCE,JM,JM2702,N,20260402,21:05,6,1,1517.0,15,0,大商所,2026
20260403,XDCE,L,L2604,D,20260403,09:03,3,100,8622.0,15,0,大商所,2026
20260403,XDCE,P,P2612,N,20260402,22:05,66,1,9828.0,15,0,大商所,2026
20260403,XDCE,V,V2604,N,20260402,21:01,2,200,5554.0,15,0,大商所,2026
20260427,XDCE,B,B2611,N,20260424,21:15,16,1,3792.0,15,0,大商所,2026
20260427,XDCE,B,B2612,N,20260424,21:15,16,1,3808.0,15,0,大商所,2026
20260427,XDCE,BZ,BZ2604,D,20260427,15:00,226,40,8561.0,15,0,大商所,2026
20260427,XDCE,EB,EB2604,D,20260427,15:00,225,21,9966.0,15,0,大商所,2026
20260427,XDCE,EB,EB2612,N,20260424,22:22,83,2,8799.0,15,0,大商所,2026
20260427,XDCE,EB,EB2701,N,20260424,21:01,2,5,8701.4,15,0,大商所,2026
20260427,XDCE,EB,EB2702,D,20260427,14:05,170,2,8700.5,15,0,大商所,2026
20260427,XDCE,EG,EG2702,N,20260424,21:08,9,2,4593.0,15,0,大商所,2026
20260427,XDCE,J,J2606,D,20260427,09:11,11,1,1769.0,15,0,大商所,2026
20260427,XDCE,PG,PG2604,D,20260427,15:00,225,7,6700.0,15,0,大商所,2026
20260427,XDCE,PG,PG2701,N,20260424,21:02,3,2,5308.0,15,0,大商所,2026
20260522,XGFE,PT,PT2610,D,20260522,09:01,2,1,494.9,15,0,广期所,2026
20260522,XDCE,EB,EB2702,N,20260521,21:56,57,4,8624.75,15,0,大商所,2026
20260522,XDCE,FB,FB2608,D,20260522,09:01,2,1,1294.0,15,0,大商所,2026
20260522,XDCE,FB,FB2609,D,20260522,09:01,2,1,1295.0,15,0,大商所,2026
20260522,XDCE,J,J2610,N,20260521,22:18,79,2,1800.5,15,0,大商所,2026
20260522,XDCE,L,L2611,N,20260521,21:04,5,65,7897.02,15,0,大商所,2026
20260522,XDCE,L,L2612,N,20260521,21:04,5,65,7871.0,15,0,大商所,2026
20260522,XDCE,L,L2703,N,20260521,21:43,44,1,7788.0,15,0,大商所,2026
20260522,XDCE,P,P2702,N,20260521,21:01,2,2,9695.5,15,0,大商所,2026
20260522,XDCE,P,P2703,N,20260521,21:01,2,15,9710.8,15,0,大商所,2026
20260522,XDCE,P,P2704,N,20260521,21:01,2,3,9690.67,15,0,大商所,2026
20260522,XDCE,PG,PG2612,N,20260521,22:13,74,1,5717.0,15,0,大商所,2026
20260522,XDCE,PG,PG2703,N,20260521,21:10,11,2,5227.0,15,0,大商所,2026
20260522,XDCE,PG,PG2704,N,20260521,21:10,11,2,5482.5,15,0,大商所,2026
20260522,XDCE,PP,PP2703,N,20260521,21:43,44,1,8056.0,15,0,大商所,2026
20260522,XDCE,PP,PP2704,N,20260521,21:43,44,1,8049.0,15,0,大商所,2026
20260616,XDCE,J,J2607,N,20260615,21:07,8,1,2031.5,15,0,大商所,2026
20260616,XDCE,J,J2610,N,20260615,22:00,61,1,2125.5,15,0,大商所,2026
20260616,XDCE,J,J2702,N,20260615,21:53,54,1,2144.5,15,0,大商所,2026
20260616,XDCE,J,J2703,N,20260615,21:53,54,1,2142.0,15,0,大商所,2026
20260616,XDCE,L,L2703,N,20260615,21:05,6,2,7380.0,15,0,大商所,2026
20260616,XDCE,P,P2704,N,20260615,21:01,2,1,9549.0,15,0,大商所,2026
20260616,XDCE,PG,PG2611,N,20260615,21:01,2,1,5061.0,15,0,大商所,2026
20260616,XDCE,PG,PG2701,N,20260615,22:01,62,1,4877.0,15,0,大商所,2026
20260616,XDCE,PP,PP2702,N,20260615,21:39,40,4,7596.0,15,0,大商所,2026
20260616,XDCE,V,V2612,N,20260615,21:01,2,1,4796.0,15,0,大商所,2026
20260703,XDCE,EB,EB2703,D,20260703,09:10,10,2,7215.0,15,0,大商所,2026
20260703,XDCE,EG,EG2702,D,20260703,14:27,192,2,3904.0,15,0,大商所,2026
20260703,XDCE,PP,PP2612,N,20260702,21:01,2,1,6826.0,15,0,大商所,2026
20260724,XGFE,PS,PS2608,D,20260724,09:01,2,29,33454.3,15,0,广期所,2026
20260724,XDCE,EB,EB2607,N,20260723,21:06,7,50,9167.0,15,0,大商所,2026
20260724,XDCE,EB,EB2703,N,20260723,21:16,17,1,8315.0,15,0,大商所,2026
20260724,XDCE,EG,EG2607,D,20260724,15:00,225,9,4231.0,15,0,大商所,2026
20260724,XDCE,I,I2704,N,20260723,21:01,2,80,731.875,15,0,大商所,2026
20260724,XDCE,PG,PG2704,N,20260723,21:03,4,1,5382.0,15,0,大商所,2026
20260724,XDCE,PG,PG2706,N,20260723,21:09,10,2,5112.5,15,0,大商所,2026
20260724,XDCE,PP,PP2702,N,20260723,21:07,8,5,7833.0,15,0,大商所,2026
20260724,XDCE,PP,PP2707,D,20260724,11:02,107,1,7521.0,15,0,大商所,2026
20160721,XDCE,PP,PP1705,D,20160721,09:01,2,67,6985.27,5,0,大商所,2016
20160721,XDCE,V,V1701,D,20160721,09:01,2,143,5258.67,5,0,大商所,2016
20160808,XDCE,JM,JM1701,N,20160805,21:01,2,316,828.611,5,0,大商所,2016
20160909,XDCE,M,M1609,D,20160909,11:09,114,81,3160.0,15,0,大商所,2016
20160929,XDCE,J,J1709,N,20160928,21:12,13,2,1174.5,15,0,大商所,2016
20161024,XDCE,JM,JM1709,N,20161021,21:02,3,8,1036.0,15,0,大商所,2016
20170117,XDCE,PP,PP1801,D,20170117,09:04,5,1,8956.0,15,0,大商所,2017
20170315,XDCE,J,J1801,N,20170314,21:01,2,2,1666.5,15,0,大商所,2017
20170315,XDCE,JM,JM1801,N,20170314,21:01,2,2,1194.25,15,0,大商所,2017
20170420,XDCE,PP,PP1801,D,20170420,09:01,2,13,7574.0,5,0,大商所,2017
20170509,XDCE,M,M1705,N,20170508,21:02,3,28,2871.0,15,0,大商所,2017
20170525,XDCE,L,L1805,D,20170525,09:07,8,1,9145.0,15,0,大商所,2017
20170630,XDCE,Y,Y1805,N,20170629,21:01,2,4,6144.0,15,0,大商所,2017
20170718,XDCE,P,P1805,N,20170717,21:01,2,4,5376.0,5,0,大商所,2017
20170718,XDCE,Y,Y1805,N,20170717,21:01,2,3,6290.67,5,0,大商所,2017
20170803,XDCE,A,A1805,N,20170802,21:01,2,3,3888.0,5,0,大商所,2017
20171017,XDCE,M,M1809,N,20171016,21:01,2,4,2809.25,5,0,大商所,2017
20171102,XDCE,A,A1809,N,20171101,21:01,2,3,3792.0,15,0,大商所,2017
20171102,XDCE,JM,JM1809,N,20171101,21:06,7,1,1104.0,15,0,大商所,2017
20171120,XDCE,JM,JM1809,N,20171117,21:01,2,1,1168.0,15,0,大商所,2017
20171120,XDCE,V,V1809,D,20171120,09:01,2,15,6198.67,5,0,大商所,2017
20171222,XDCE,A,A1809,N,20171221,21:01,2,1,3695.0,15,0,大商所,2017
20171222,XDCE,PP,PP1809,D,20171222,09:01,2,22,9180.86,5,0,大商所,2017
20180110,XDCE,Y,Y1801,D,20180110,10:08,68,2,5442.0,15,0,大商所,2018
20180126,XDCE,J,J1901,N,20180125,21:07,8,1,1962.5,15,0,大商所,2018
20180126,XDCE,JM,JM1901,N,20180125,21:26,27,1,1260.5,15,0,大商所,2018
20180213,XDCE,PP,PP1901,D,20180213,09:13,14,2,9131.0,15,0,大商所,2018
20180308,XDCE,B,B1809,N,20180307,21:01,2,10,3427.2,5,0,大商所,2018
20180308,XDCE,PP,PP1901,D,20180308,09:27,28,1,9244.0,15,0,大商所,2018
20180326,XDCE,L,L1901,D,20180326,09:01,2,72,9087.85,5,0,大商所,2018
20180521,XDCE,Y,Y1905,N,20180518,21:01,2,1,6040.0,15,0,大商所,2018
20180711,XDCE,B,B1901,N,20180710,21:01,2,26,3518.11,5,0,大商所,2018
20180711,XDCE,I,I1903,N,20180710,21:07,8,1,464.5,15,0,大商所,2018
20180711,XDCE,JM,JM1905,N,20180710,21:01,2,2,1112.0,15,0,大商所,2018
20180814,XDCE,J,J1905,N,20180813,21:01,2,12,2378.58,15,0,大商所,2018
20180814,XDCE,JM,JM1905,N,20180813,21:07,8,1,1244.0,15,0,大商所,2018
20180830,XDCE,J,J1905,N,20180829,21:01,2,20,2466.38,5,0,大商所,2018
20180917,XDCE,B,B1903,N,20180914,22:24,85,430,3380.0,15,0,大商所,2018
20180917,XDCE,B,B1907,N,20180914,22:35,96,844,3323.0,15,0,大商所,2018
20181011,XDCE,B,B1903,N,20181010,22:26,87,860,3598.49,15,0,大商所,2018
20181011,XDCE,B,B1907,N,20181010,22:21,82,1270,3419.0,15,0,大商所,2018
20181011,XDCE,I,I1907,N,20181010,21:01,2,1,513.5,15,0,大商所,2018
20181029,XDCE,L,L1909,D,20181029,09:01,2,1,8970.0,15,0,大商所,2018
20181114,XDCE,B,B1903,N,20181113,21:58,59,742,3329.0,15,0,大商所,2018
20181114,XDCE,B,B1907,N,20181113,23:02,123,1328,3273.0,15,0,大商所,2018
20181114,XDCE,PP,PP1811,D,20181114,15:00,226,1,10613.0,15,0,大商所,2018
20181130,XDCE,B,B1903,N,20181129,23:12,133,370,3209.0,15,0,大商所,2018
20181218,XDCE,B,B1907,N,20181217,22:43,104,2312,3068.0,15,0,大商所,2018
20181218,XDCE,B,B1911,N,20181217,22:47,108,1970,3175.0,15,0,大商所,2018
20181218,XDCE,M,M1911,N,20181217,21:01,2,1,2714.0,15,0,大商所,2018
20190107,XDCE,B,B1911,N,20190104,22:55,116,988,3080.0,15,0,大商所,2019
20190107,XDCE,C,C1911,D,20190107,09:01,2,1,1917.0,15,0,大商所,2019
20190107,XDCE,Y,Y1901,N,20190104,21:01,2,40,5070.0,15,0,大商所,2019
20190123,XDCE,B,B1907,N,20190122,22:42,103,708,3008.0,15,0,大商所,2019
20190123,XDCE,B,B1911,D,20190123,14:01,166,770,3036.0,15,0,大商所,2019
20190123,XDCE,J,J2001,N,20190122,21:03,4,1,1905.5,15,0,大商所,2019
20190123,XDCE,JM,JM2001,N,20190122,21:03,4,2,1272.25,15,0,大商所,2019
20190215,XDCE,EG,EG2001,D,20190215,10:15,76,1,5273.0,15,0,大商所,2019
20190215,XDCE,JM,JM2001,N,20190214,22:36,97,1,1321.0,15,0,大商所,2019
20190321,XDCE,JM,JM2001,N,20190320,21:22,23,1,1279.0,15,0,大商所,2019
20190321,XDCE,Y,Y2001,N,20190320,21:01,2,1,5836.0,15,0,大商所,2019
20190409,XDCE,PP,PP2001,N,20190408,21:01,2,51,8523.45,5,0,大商所,2019
20190425,XDCE,B,B1911,N,20190424,21:06,7,21,2947.0,15,0,大商所,2019
20190425,XDCE,B,B2003,D,20190425,14:47,212,2,3022.0,15,0,大商所,2019
20190425,XDCE,I,I1911,N,20190424,21:12,13,1,596.5,15,0,大商所,2019
20190425,XDCE,PP,PP1905,N,20190424,21:01,2,4,8824.0,5,0,大商所,2019
20190603,XDCE,M,M1911,N,20190531,21:01,2,20,2956.0,15,0,大商所,2019
20190620,XDCE,B,B2001,N,20190619,21:14,15,1,3175.0,15,0,大商所,2019
20190620,XDCE,CS,CS2005,N,20190619,21:10,11,11,2484.0,15,0,大商所,2019
20190620,XDCE,I,I2003,N,20190619,21:17,18,4,663.875,5,0,大商所,2019
20190620,XDCE,M,M1911,N,20190619,21:01,2,1,2913.0,15,0,大商所,2019
20190724,XDCE,I,I2003,N,20190723,21:17,18,7,703.0,5,0,大商所,2019
20190724,XDCE,I,I2007,N,20190723,21:01,2,3,648.5,5,0,大商所,2019
20190724,XDCE,V,V2005,N,20190723,21:30,31,1,6505.0,15,0,大商所,2019
20190827,XDCE,M,M2007,N,20190826,21:01,2,3,2782.0,15,0,大商所,2019
20190912,XDCE,I,I2003,N,20190911,21:04,5,1,611.5,15,0,大商所,2019
20191008,XDCE,V,V2009,D,20191008,09:01,2,1,6295.0,15,0,大商所,2019
20191024,XDCE,A,A2009,N,20191023,21:01,2,39,3745.61,5,0,大商所,2019
20191024,XDCE,C,C2007,N,20191023,21:01,2,1,1937.0,15,0,大商所,2019
20191024,XDCE,JD,JD2009,D,20191024,09:01,2,1,4342.0,15,0,大商所,2019
20191111,XDCE,B,B2005,N,20191108,21:03,4,1,3246.0,15,0,大商所,2019
20191111,XDCE,B,B2009,N,20191108,22:56,117,2,3279.0,15,0,大商所,2019
20191111,XDCE,CS,CS2009,N,20191108,21:01,2,1,2377.0,15,0,大商所,2019
20191127,XDCE,B,B2005,N,20191126,21:01,2,1,3185.0,15,0,大商所,2019
20191127,XDCE,I,I2007,N,20191126,21:02,3,1,589.0,15,0,大商所,2019
20191213,XDCE,B,B2009,N,20191212,21:06,7,1,3249.0,15,0,大商所,2019
20191213,XDCE,I,I2007,N,20191212,21:01,2,2,629.5,15,0,大商所,2019
20191213,XDCE,M,M2007,N,20191212,21:01,2,5,2799.0,15,0,大商所,2019
20191213,XDCE,V,V2009,N,20191212,21:01,2,15,6463.0,5,0,大商所,2019
20200117,XDCE,I,I2011,N,20200116,21:02,3,4,593.5,5,0,大商所,2020
20200117,XDCE,L,L2101,N,20200116,21:02,3,1,7390.0,15,0,大商所,2020
20200117,XDCE,Y,Y2101,N,20200116,21:01,2,1,6530.0,15,0,大商所,2020
20200212,XDCE,JM,JM2101,D,20200212,09:01,2,1,1174.0,15,0,大商所,2020
20200317,XDCE,V,V2101,D,20200317,09:01,2,256,6245.88,5,0,大商所,2020
20200402,XDCE,B,B2007,D,20200402,09:01,2,14,3068.64,5,0,大商所,2020
20200402,XDCE,I,I2103,D,20200402,09:01,2,1,515.0,15,0,大商所,2020
20200402,XDCE,J,J2101,D,20200402,09:01,2,17,1565.03,5,0,大商所,2020
20200421,XDCE,B,B2011,D,20200421,10:14,75,1,3075.0,15,0,大商所,2020
20200421,XDCE,I,I2011,D,20200421,09:01,2,16,593.781,5,0,大商所,2020
20200512,XDCE,EB,EB2101,N,20200511,21:01,2,5,5679.2,5,0,大商所,2020
20200512,XDCE,EG,EG2005,N,20200511,21:09,10,32,3402.0,15,0,大商所,2020
20200528,XDCE,CS,CS2105,N,20200527,21:02,3,1,2456.0,15,0,大商所,2020
20200528,XDCE,J,J2105,N,20200527,21:11,12,1,1729.5,15,0,大商所,2020
20200615,XDCE,EB,EB2101,N,20200612,21:01,2,28,5994.07,5,0,大商所,2020
20200615,XDCE,JM,JM2105,N,20200612,21:06,7,4,1106.0,15,0,大商所,2020
20200703,XDCE,M,M2103,N,20200702,21:04,5,2,2818.5,15,0,大商所,2020
20200721,XDCE,C,C2107,N,20200720,21:01,2,5,2191.0,15,0,大商所,2020
20200721,XDCE,M,M2107,N,20200720,21:14,15,5,2734.4,15,0,大商所,2020
20200806,XDCE,B,B2105,N,20200805,21:08,9,1,3206.0,15,0,大商所,2020
20200806,XDCE,B,B2107,N,20200805,21:08,9,1,3211.0,15,0,大商所,2020
20200806,XDCE,C,C2103,N,20200805,21:01,2,6,2273.17,5,0,大商所,2020
20200806,XDCE,EG,EG2010,N,20200805,21:01,2,69,3882.26,5,0,大商所,2020
20200806,XDCE,I,I2012,N,20200805,21:01,2,1,824.5,15,0,大商所,2020
20200806,XDCE,JM,JM2011,N,20200805,21:01,2,1,1237.0,15,0,大商所,2020
20200806,XDCE,M,M2107,N,20200805,21:09,10,2,2734.5,15,0,大商所,2020
20200824,XDCE,B,B2105,N,20200821,21:01,2,1,3224.0,15,0,大商所,2020
20200824,XDCE,C,C2107,N,20200821,21:01,2,24,2367.58,5,0,大商所,2020
20200824,XDCE,EB,EB2011,N,20200821,21:01,2,3,5475.33,15,0,大商所,2020
20200824,XDCE,EG,EG2012,N,20200821,21:01,2,4,3859.0,15,0,大商所,2020
20200824,XDCE,J,J2010,N,20200821,21:01,2,8,1963.19,5,0,大商所,2020
20200824,XDCE,J,J2011,N,20200821,21:01,2,3,1942.17,5,0,大商所,2020
20200824,XDCE,JM,JM2105,N,20200821,21:08,9,1,1166.5,15,0,大商所,2020
20200824,XDCE,V,V2010,N,20200821,21:01,2,8,6657.5,5,0,大商所,2020
20200824,XDCE,V,V2011,N,20200821,21:01,2,3,6646.67,5,0,大商所,2020
20200909,XDCE,EB,EB2011,N,20200908,21:01,2,33,5428.27,5,0,大商所,2020
20200909,XDCE,EB,EB2012,N,20200908,21:01,2,20,5520.75,5,0,大商所,2020
20200909,XDCE,EG,EG2102,N,20200908,21:01,2,6,4081.0,15,0,大商所,2020
20200909,XDCE,EG,EG2103,N,20200908,21:01,2,6,4116.0,15,0,大商所,2020
20200909,XDCE,I,I2104,N,20200908,21:01,2,7,786.5,15,0,大商所,2020
20200909,XDCE,J,J2103,N,20200908,21:02,3,1,1973.0,15,0,大商所,2020
20200909,XDCE,J,J2104,N,20200908,21:01,2,1,1944.0,15,0,大商所,2020
20200909,XDCE,JM,JM2102,N,20200908,21:01,2,30,1252.15,5,0,大商所,2020
20200909,XDCE,JM,JM2103,N,20200908,21:01,2,3,1234.5,15,0,大商所,2020
20200909,XDCE,JM,JM2104,N,20200908,21:01,2,2,1224.0,15,0,大商所,2020
20200909,XDCE,M,M2107,N,20200908,21:01,2,192,2856.96,5,0,大商所,2020
20200909,XDCE,M,M2108,N,20200908,21:01,2,1,2917.0,15,0,大商所,2020
20200909,XDCE,V,V2009,D,20200909,09:35,35,10,6635.0,15,0,大商所,2020
20200925,XDCE,EB,EB2011,N,20200924,21:01,2,9,5373.33,5,0,大商所,2020
20200925,XDCE,EB,EB2012,N,20200924,21:01,2,2,5478.5,15,0,大商所,2020
20200925,XDCE,I,I2104,N,20200924,21:01,2,9,723.278,5,0,大商所,2020
20200925,XDCE,J,J2012,N,20200924,21:05,6,1,1960.0,15,0,大商所,2020
20200925,XDCE,J,J2103,N,20200924,21:01,2,10,1877.5,15,0,大商所,2020
20200925,XDCE,M,M2108,N,20200924,21:01,2,8,2891.88,5,0,大商所,2020
20200925,XDCE,P,P2103,N,20200924,21:01,2,239,5788.86,5,0,大商所,2020
20200925,XDCE,P,P2104,N,20200924,21:22,23,56,5798.0,15,0,大商所,2020
20200925,XDCE,V,V2102,N,20200924,21:01,2,42,6482.74,5,0,大商所,2020
20200925,XDCE,Y,Y2107,N,20200924,21:01,2,112,6599.73,5,0,大商所,2020
20200925,XDCE,Y,Y2108,N,20200924,21:02,3,1,6574.0,15,0,大商所,2020
20201021,XDCE,EG,EG2012,N,20201020,21:01,2,10,3958.2,5,0,大商所,2020
20201021,XDCE,EG,EG2103,N,20201020,21:01,2,59,4027.24,5,0,大商所,2020
20201021,XDCE,I,I2104,N,20201020,21:01,2,34,745.853,5,0,大商所,2020
20201021,XDCE,JM,JM2103,N,20201020,21:01,2,3,1296.33,5,0,大商所,2020
20201021,XDCE,L,L2103,N,20201020,21:01,2,15,7245.0,15,0,大商所,2020
20201021,XDCE,L,L2104,N,20201020,21:01,2,2,7225.0,15,0,大商所,2020
20201021,XDCE,P,P2103,N,20201020,21:01,2,183,5848.69,15,0,大商所,2020
20201021,XDCE,PP,PP2104,N,20201020,21:47,48,1,7666.0,15,0,大商所,2020
20201021,XDCE,V,V2103,N,20201020,21:01,2,16,6625.31,5,0,大商所,2020
20201106,XDCE,B,B2103,N,20201105,21:01,2,6,3856.5,5,0,大商所,2020
20201106,XDCE,I,I2107,N,20201105,21:19,20,2,700.0,15,0,大商所,2020
20201106,XDCE,J,J2103,N,20201105,21:01,2,2,2185.5,15,0,大商所,2020
20201106,XDCE,JM,JM2103,N,20201105,21:01,2,1,1277.5,15,0,大商所,2020
20201106,XDCE,JM,JM2104,N,20201105,21:01,2,2,1279.0,15,0,大商所,2020
20201106,XDCE,L,L2103,N,20201105,21:01,2,1,7335.0,15,0,大商所,2020
20201106,XDCE,PP,PP2103,N,20201105,21:05,6,1,7795.0,15,0,大商所,2020
20201106,XDCE,V,V2103,N,20201105,21:01,2,4,6857.5,15,0,大商所,2020
20201106,XDCE,Y,Y2108,N,20201105,21:01,2,2,6834.0,15,0,大商所,2020
20201124,XDCE,EB,EB2103,N,20201123,21:01,2,37,6890.11,5,0,大商所,2020
20201124,XDCE,EB,EB2104,N,20201123,21:01,2,42,6856.17,5,0,大商所,2020
20201124,XDCE,EG,EG2102,N,20201123,21:01,2,151,3886.76,5,0,大商所,2020
20201124,XDCE,I,I2107,N,20201123,21:01,2,1,763.5,15,0,大商所,2020
20201124,XDCE,RR,RR2102,N,20201123,21:01,2,26,3595.19,5,0,大商所,2020
20201124,XDCE,V,V2104,N,20201123,21:01,2,2,6970.0,15,0,大商所,2020
20201124,XDCE,Y,Y2108,N,20201123,21:01,2,10,7224.8,5,0,大商所,2020
20201210,XDCE,EG,EG2102,N,20201209,21:01,2,142,3956.59,5,0,大商所,2020
20201210,XDCE,EG,EG2103,N,20201209,21:01,2,29,3990.14,5,0,大商所,2020
20201210,XDCE,J,J2103,N,20201209,21:01,2,1,2531.0,15,0,大商所,2020
20201210,XDCE,M,M2107,N,20201209,21:01,2,485,3085.77,5,0,大商所,2020
20201210,XDCE,M,M2108,N,20201209,21:01,2,54,3136.59,5,0,大商所,2020
20201228,XDCE,JM,JM2104,N,20201225,21:01,2,15,1657.27,5,0,大商所,2020
20201228,XDCE,L,L2102,N,20201225,21:01,2,184,7591.44,5,0,大商所,2020
20201228,XDCE,L,L2104,N,20201225,21:01,2,11,7682.27,5,0,大商所,2020
20201228,XDCE,M,M2108,N,20201225,21:02,3,173,3352.9,5,0,大商所,2020
20210114,XDCE,CS,CS2103,N,20210113,21:01,2,54,3271.68,5,0,大商所,2021
20210114,XDCE,EG,EG2109,N,20210113,21:01,2,9,4609.78,5,0,大商所,2021
20210114,XDCE,I,I2107,N,20210113,21:21,22,1,986.5,15,0,大商所,2021
20210114,XDCE,JM,JM2109,N,20210113,21:03,4,9,1573.61,5,0,大商所,2021
20210114,XDCE,M,M2108,N,20210113,21:01,2,52,3759.73,5,0,大商所,2021
20210114,XDCE,PG,PG2109,N,20210113,21:22,23,1,3891.0,15,0,大商所,2021
20210201,XDCE,L,L2102,N,20210129,21:03,4,2,8015.0,15,0,大商所,2021
20210201,XDCE,V,V2107,N,20210129,21:04,5,17,7420.0,15,0,大商所,2021
20210201,XDCE,Y,Y2108,N,20210129,21:01,2,3,7418.0,15,0,大商所,2021
20210224,XDCE,EG,EG2107,N,20210223,21:01,2,2,5003.0,15,0,大商所,2021
20210224,XDCE,J,J2107,N,20210223,21:01,2,2,2447.5,15,0,大商所,2021
20210224,XDCE,JM,JM2107,N,20210223,21:01,2,4,1438.0,15,0,大商所,2021
20210224,XDCE,L,L2107,N,20210223,21:01,2,20,8690.0,15,0,大商所,2021
20210224,XDCE,Y,Y2108,N,20210223,21:01,2,1,7926.0,15,0,大商所,2021
20210312,XDCE,EG,EG2111,N,20210311,21:01,2,1,4960.0,15,0,大商所,2021
20210312,XDCE,I,I2103,D,20210312,15:00,225,598,1264.5,15,0,大商所,2021
20210312,XDCE,J,J2108,D,20210312,13:57,162,325,2272.0,15,0,大商所,2021
20210312,XDCE,L,L2103,D,20210312,15:00,225,51,8850.0,15,0,大商所,2021
20210312,XDCE,L,L2106,N,20210311,21:01,2,69,8936.59,5,0,大商所,2021
20210312,XDCE,L,L2111,N,20210311,21:01,2,35,8776.57,15,0,大商所,2021
20210312,XDCE,P,P2111,N,20210311,21:01,2,1,7044.0,15,0,大商所,2021
20210312,XDCE,PG,PG2109,N,20210311,21:13,14,3,3942.0,15,0,大商所,2021
20210312,XDCE,PP,PP2103,D,20210312,15:00,225,25,9418.0,15,0,大商所,2021
20210312,XDCE,PP,PP2111,N,20210311,21:09,10,1,8811.0,15,0,大商所,2021
20210312,XDCE,V,V2107,N,20210311,21:01,2,1,8575.0,15,0,大商所,2021
20210330,XDCE,CS,CS2111,N,20210329,21:01,2,3,3069.0,5,0,大商所,2021
20210330,XDCE,EG,EG2111,N,20210329,21:01,2,2,4801.0,15,0,大商所,2021
20210330,XDCE,EG,EG2112,N,20210329,21:01,2,1,4813.0,15,0,大商所,2021
20210330,XDCE,P,P2111,N,20210329,21:01,2,26,6691.61,5,0,大商所,2021
20210330,XDCE,PP,PP2112,N,20210329,21:01,2,50,8421.0,15,0,大商所,2021
20210330,XDCE,V,V2112,N,20210329,21:03,4,2,8320.0,15,0,大商所,2021
20210330,XDCE,Y,Y2112,N,20210329,21:01,2,6,7865.33,15,0,大商所,2021
20210416,XDCE,EG,EG2111,N,20210415,21:01,2,11,4881.0,15,0,大商所,2021
20210416,XDCE,EG,EG2112,N,20210415,21:01,2,30,4914.93,5,0,大商所,2021
20210507,XDCE,EG,EG2112,N,20210506,21:01,2,17,4898.77,5,0,大商所,2021
20210507,XDCE,J,J2112,N,20210506,21:01,2,10,2759.9,15,0,大商所,2021
20210507,XDCE,JM,JM2201,N,20210506,21:01,2,4,1913.62,5,0,大商所,2021
20210507,XDCE,M,M2108,N,20210506,21:01,2,169,3670.34,5,0,大商所,2021
20210507,XDCE,V,V2112,N,20210506,21:01,2,2,8947.5,15,0,大商所,2021
20210525,XDCE,EG,EG2108,N,20210524,21:16,17,1,4800.0,15,0,大商所,2021
20210525,XDCE,JM,JM2106,N,20210524,21:04,5,1,1654.0,15,0,大商所,2021
20210525,XDCE,L,L2112,N,20210524,21:01,2,7,7755.0,5,0,大商所,2021
20210525,XDCE,PG,PG2109,N,20210524,21:01,2,1,4175.0,15,0,大商所,2021
20210525,XDCE,PP,PP2108,D,20210525,09:17,17,2,8363.0,15,0,大商所,2021
20210525,XDCE,V,V2112,N,20210524,21:01,2,9,8395.0,15,0,大商所,2021
20210610,XDCE,B,B2201,N,20210609,21:04,5,1,4350.0,15,0,大商所,2021
20210610,XDCE,EB,EB2201,N,20210609,21:11,12,2,7982.0,5,0,大商所,2021
20210610,XDCE,EG,EG2112,N,20210609,21:01,2,8,4802.0,15,0,大商所,2021
20210610,XDCE,M,M2108,N,20210609,21:01,2,10,3611.6,5,0,大商所,2021
20210610,XDCE,RR,RR2201,N,20210609,21:42,43,1,3627.0,15,0,大商所,2021
20210629,XDCE,EB,EB2201,N,20210628,21:01,2,1,8462.0,15,0,大商所,2021
20210629,XDCE,PP,PP2112,N,20210628,21:01,2,2,8530.0,15,0,大商所,2021
20210629,XDCE,V,V2108,D,20210629,11:13,118,1,8875.0,15,0,大商所,2021
20210629,XDCE,V,V2110,N,20210628,21:01,2,161,8570.4,5,0,大商所,2021
20210629,XDCE,V,V2112,N,20210628,21:01,2,31,8440.0,15,0,大商所,2021
20210715,XDCE,B,B2111,N,20210714,21:01,2,2,4428.0,15,0,大商所,2021
20210715,XDCE,CS,CS2205,N,20210714,21:28,29,1,3027.0,15,0,大商所,2021
20210715,XDCE,J,J2112,N,20210714,21:01,2,14,2459.71,5,0,大商所,2021
20210715,XDCE,M,M2112,N,20210714,21:01,2,5,3630.8,5,0,大商所,2021
20210715,XDCE,V,V2112,N,20210714,21:01,2,5,8745.0,15,0,大商所,2021
20210802,XDCE,B,B2111,N,20210730,21:01,2,12,4428.17,5,0,大商所,2021
20210818,XDCE,B,B2112,N,20210817,21:01,2,2,4511.0,5,0,大商所,2021
20210923,XDCE,EB,EB2205,D,20210923,10:13,73,1,8693.0,15,0,大商所,2021
20211018,XDCE,FB,FB2205,D,20211018,09:25,26,1,1440.5,15,0,大商所,2021
20211018,XDCE,L,L2110,N,20211015,21:01,2,10,9510.0,15,0,大商所,2021
20211018,XDCE,PP,PP2110,N,20211015,21:01,2,5,9800.0,15,0,大商所,2021
20211018,XDCE,PP,PP2203,N,20211015,21:01,2,70,9570.54,5,0,大商所,2021
20211018,XDCE,PP,PP2204,N,20211015,21:01,2,91,9569.48,5,0,大商所,2021
20211018,XDCE,V,V2203,N,20211015,21:01,2,55,11122.9,5,0,大商所,2021
20211103,XDCE,EG,EG2111,D,20211103,14:16,181,100,5693.0,15,0,大商所,2021
20211103,XDCE,L,L2111,N,20211102,21:09,10,30,8668.0,15,0,大商所,2021
20211103,XDCE,L,L2203,N,20211102,21:01,2,18,8718.17,5,0,大商所,2021
20211103,XDCE,L,L2204,N,20211102,21:01,2,12,8688.25,5,0,大商所,2021
20211103,XDCE,PP,PP2206,N,20211102,21:01,2,9,8549.78,15,0,大商所,2021
20211103,XDCE,V,V2204,N,20211102,21:01,2,26,8536.73,5,0,大商所,2021
20211119,XDCE,EG,EG2204,N,20211118,21:01,2,7,4934.0,15,0,大商所,2021
20211119,XDCE,L,L2202,N,20211118,21:01,2,153,8631.18,5,0,大商所,2021
20211119,XDCE,L,L2204,N,20211118,21:01,2,19,8563.9,5,0,大商所,2021
20211119,XDCE,PP,PP2202,N,20211118,21:01,2,83,8302.65,5,0,大商所,2021
20211119,XDCE,PP,PP2206,N,20211118,21:01,2,7,8230.0,5,0,大商所,2021
20211119,XDCE,V,V2112,N,20211118,21:48,49,4,9279.0,15,0,大商所,2021
20211207,XDCE,EG,EG2203,N,20211206,21:01,2,56,4797.04,5,0,大商所,2021
20211207,XDCE,L,L2203,N,20211206,21:01,2,5,8553.8,5,0,大商所,2021
20211207,XDCE,L,L2204,N,20211206,21:01,2,33,8516.85,5,0,大商所,2021
20211207,XDCE,P,P2203,N,20211206,21:01,2,26,8933.08,5,0,大商所,2021
20211207,XDCE,V,V2203,N,20211206,21:01,2,52,8506.29,5,0,大商所,2021
20211207,XDCE,V,V2204,N,20211206,21:01,2,151,8500.57,5,0,大商所,2021
20220111,XDCE,B,B2209,N,20220110,22:53,114,1,4083.0,15,0,大商所,2022
20220111,XDCE,J,J2201,N,20220110,21:03,4,19,3100.0,15,0,大商所,2022
20220111,XDCE,J,J2209,N,20220110,21:01,2,9,3027.33,15,0,大商所,2022
20220127,XDCE,L,L2209,N,20220126,21:01,2,4,8987.75,15,0,大商所,2022
20220221,XDCE,PG,PG2206,N,20220218,21:02,3,3,5207.0,15,0,大商所,2022
20220221,XDCE,PG,PG2209,N,20220218,21:14,15,1,5036.0,15,0,大商所,2022
20220221,XDCE,RR,RR2209,N,20220218,21:18,19,1,3543.0,15,0,大商所,2022
20220309,XDCE,A,A2209,N,20220308,21:01,2,3,6117.0,15,0,大商所,2022
20220325,XDCE,I,I2211,N,20220324,21:01,2,1,810.0,15,0,大商所,2022
20220325,XDCE,P,P2204,N,20220324,21:09,10,2,12490.0,15,0,大商所,2022
20220414,XDCE,B,B2208,N,20220413,21:01,2,1,5025.0,15,0,大商所,2022
20220414,XDCE,EB,EB2208,N,20220413,21:02,3,2,9645.0,15,0,大商所,2022
20220414,XDCE,PG,PG2204,D,20220414,09:15,15,1,6099.0,15,0,大商所,2022
20220414,XDCE,PP,PP2204,D,20220414,09:04,4,1,8688.0,15,0,大商所,2022
20220609,XDCE,L,L2206,N,20220608,21:01,2,5,9124.0,15,0,大商所,2022
20220627,XDCE,PG,PG2301,N,20220624,21:01,2,1,5416.0,15,0,大商所,2022
20220729,XDCE,PG,PG2211,N,20220728,21:01,2,1,5269.0,15,0,大商所,2022
20220901,XDCE,CS,CS2209,N,20220831,21:04,5,81,3038.0,15,0,大商所,2022
20220920,XDCE,PG,PG2305,N,20220919,22:08,69,1,5125.0,15,0,大商所,2022
20221014,XDCE,B,B2210,N,20221013,21:33,34,9,6127.0,15,0,大商所,2022
20221014,XDCE,EG,EG2210,D,20221014,09:40,40,6,4035.0,15,0,大商所,2022
20221014,XDCE,L,L2210,D,20221014,09:19,19,12,8398.0,15,0,大商所,2022
20221101,XDCE,B,B2305,N,20221031,21:01,2,1,4360.0,15,0,大商所,2022
20221101,XDCE,P,P2211,D,20221101,09:01,1,1,8132.0,15,0,大商所,2022
20221221,XDCE,PP,PP2303,N,20221220,21:01,2,1,7850.0,15,0,大商所,2022
20230109,XDCE,L,L2301,D,20230109,13:41,146,90,8034.0,15,0,大商所,2023
20230109,XDCE,V,V2301,N,20230106,21:17,18,1,6295.0,15,0,大商所,2023
20230201,XDCE,PP,PP2302,N,20230131,22:36,97,1,8066.0,15,0,大商所,2023
20230307,XDCE,EG,EG2307,N,20230306,21:01,2,2,4340.0,15,0,大商所,2023
20230307,XDCE,PP,PP2307,N,20230306,21:01,2,52,7894.64,15,0,大商所,2023
20230411,XDCE,P,P2304,N,20230410,21:42,43,30,7804.0,15,0,大商所,2023
20230605,XDCE,JM,JM2307,D,20230605,13:33,138,1,1300.5,15,0,大商所,2023
20230605,XDCE,V,V2306,N,20230602,21:30,31,6,5761.0,15,0,大商所,2023
20230712,XDCE,A,A2405,N,20230711,21:20,21,1,4954.0,15,0,大商所,2023
20230712,XDCE,EB,EB2403,N,20230711,21:18,19,1,7397.0,15,0,大商所,2023
20230712,XDCE,EB,EB2404,N,20230711,21:18,19,1,7397.0,15,0,大商所,2023
20230712,XDCE,JD,JD2404,D,20230712,09:01,2,2,3860.0,15,0,大商所,2023
20230712,XDCE,JM,JM2406,N,20230711,21:23,24,1,1300.5,15,0,大商所,2023
20230712,XDCE,PP,PP2406,N,20230711,21:29,30,2,7161.0,15,0,大商所,2023
20230712,XDCE,RR,RR2401,N,20230711,21:06,7,1,3626.0,15,0,大商所,2023
20230712,XDCE,RR,RR2402,N,20230711,21:32,33,20,3624.0,15,0,大商所,2023
20230712,XDCE,V,V2307,D,20230712,10:57,102,9,5840.0,15,0,大商所,2023
20230728,XDCE,B,B2402,N,20230727,21:29,30,2,4409.5,15,0,大商所,2023
20230728,XDCE,EB,EB2402,N,20230727,21:01,2,1,7816.0,15,0,大商所,2023
20230728,XDCE,EB,EB2403,N,20230727,21:01,2,2,7789.0,15,0,大商所,2023
20230728,XDCE,EB,EB2404,N,20230727,21:01,2,1,7778.0,15,0,大商所,2023
20230728,XDCE,JM,JM2404,N,20230727,21:01,2,1,1365.5,15,0,大商所,2023
20230728,XDCE,PP,PP2405,N,20230727,21:01,2,3,7296.0,15,0,大商所,2023
20230728,XDCE,RR,RR2312,N,20230727,21:01,2,2,3549.0,15,0,大商所,2023
20230728,XDCE,RR,RR2402,N,20230727,21:23,24,2,3612.0,15,0,大商所,2023
20230728,XDCE,RR,RR2403,N,20230727,21:23,24,2,3618.0,15,0,大商所,2023
20230815,XDCE,B,B2402,N,20230814,21:01,2,1,4243.0,15,0,大商所,2023
20230815,XDCE,EB,EB2404,N,20230814,21:01,2,2,7770.5,15,0,大商所,2023
20230815,XDCE,J,J2403,N,20230814,22:13,74,1,2070.0,15,0,大商所,2023
20230815,XDCE,JM,JM2403,N,20230814,21:01,2,3,1353.0,15,0,大商所,2023
20230815,XDCE,RR,RR2405,N,20230814,21:01,2,1,3656.0,15,0,大商所,2023
20230815,XDCE,RR,RR2406,N,20230814,21:01,2,1,3662.0,15,0,大商所,2023
20230831,XDCE,B,B2406,N,20230830,21:01,2,1,4189.0,15,0,大商所,2023
20230831,XDCE,B,B2407,N,20230830,21:01,2,1,4178.0,15,0,大商所,2023
20230831,XDCE,EB,EB2406,N,20230830,21:06,7,1,8007.0,15,0,大商所,2023
20230831,XDCE,EB,EB2407,N,20230830,21:06,7,1,7977.0,15,0,大商所,2023
20230831,XDCE,J,J2404,D,20230831,14:07,172,15,2193.5,15,0,大商所,2023
20230831,XDCE,J,J2406,N,20230830,22:43,104,26,2147.0,15,0,大商所,2023
20230918,XDCE,B,B2404,N,20230915,21:01,2,1,4253.0,15,0,大商所,2023
20230918,XDCE,EB,EB2405,N,20230915,21:01,2,1,8797.0,15,0,大商所,2023
20230918,XDCE,EB,EB2406,N,20230915,21:01,2,1,8755.0,15,0,大商所,2023
20230918,XDCE,PG,PG2404,N,20230915,21:07,8,2,5369.0,15,0,大商所,2023
20230918,XDCE,PG,PG2406,N,20230915,22:38,99,1,5084.0,15,0,大商所,2023
20230918,XDCE,RR,RR2402,N,20230915,21:01,2,1,3662.0,15,0,大商所,2023
20230918,XDCE,RR,RR2404,D,20230918,09:01,1,1,3676.0,15,0,大商所,2023
20230918,XDCE,RR,RR2406,N,20230915,21:01,2,2,3696.0,15,0,大商所,2023
20230918,XDCE,RR,RR2407,N,20230915,21:01,2,2,3707.0,15,0,大商所,2023
20231012,XDCE,B,B2408,N,20231011,21:38,39,8,3927.0,15,0,大商所,2023
20231012,XDCE,J,J2402,N,20231011,21:13,14,1,2354.0,15,0,大商所,2023
20231012,XDCE,J,J2403,N,20231011,21:12,13,2,2306.75,15,0,大商所,2023
20231012,XDCE,J,J2409,N,20231011,21:08,9,1,2168.0,15,0,大商所,2023
20231012,XDCE,JD,JD2404,D,20231012,09:08,9,1,4034.0,15,0,大商所,2023
20231012,XDCE,JM,JM2409,N,20231011,21:01,2,5,1518.0,15,0,大商所,2023
20231012,XDCE,L,L2403,N,20231011,21:01,2,4,7992.0,15,0,大商所,2023
20231012,XDCE,P,P2406,N,20231011,21:01,2,1,7082.0,15,0,大商所,2023
20231012,XDCE,P,P2407,N,20231011,21:01,2,2,7036.0,15,0,大商所,2023
20231012,XDCE,P,P2408,N,20231011,21:01,2,1,7000.0,15,0,大商所,2023
20231012,XDCE,PP,PP2310,D,20231012,09:22,22,11,7493.0,15,0,大商所,2023
20231012,XDCE,V,V2310,N,20231011,21:13,14,100,5823.0,15,0,大商所,2023
20231012,XDCE,V,V2406,N,20231011,21:01,2,2,6007.0,15,0,大商所,2023
20231012,XDCE,V,V2407,N,20231011,21:01,2,2,6037.0,15,0,大商所,2023
20231030,XDCE,A,A2407,N,20231027,21:01,2,1,4863.0,15,0,大商所,2023
20231030,XDCE,B,B2407,N,20231027,21:01,2,1,3990.0,15,0,大商所,2023
20231030,XDCE,B,B2408,N,20231027,21:01,2,1,3998.0,15,0,大商所,2023
20231030,XDCE,CS,CS2409,N,20231027,21:16,17,2,2881.0,15,0,大商所,2023
20231030,XDCE,J,J2311,D,20231030,09:34,34,2,2448.75,15,0,大商所,2023
20231030,XDCE,J,J2408,N,20231027,21:52,53,1,2320.5,15,0,大商所,2023
20231030,XDCE,J,J2409,N,20231027,21:08,9,1,2310.0,15,0,大商所,2023
20231030,XDCE,JM,JM2311,N,20231027,21:05,6,2,1815.0,15,0,大商所,2023
20231030,XDCE,JM,JM2409,N,20231027,21:07,8,3,1650.33,15,0,大商所,2023
20231030,XDCE,L,L2407,N,20231027,21:08,9,1,8138.0,15,0,大商所,2023
20231030,XDCE,L,L2408,N,20231027,21:08,9,1,8132.0,15,0,大商所,2023
20231030,XDCE,PG,PG2409,N,20231027,21:01,2,1,4652.0,15,0,大商所,2023
20231115,XDCE,B,B2404,N,20231114,21:01,2,2,4306.0,15,0,大商所,2023
20231115,XDCE,B,B2406,N,20231114,21:01,2,3,4119.33,15,0,大商所,2023
20231115,XDCE,JD,JD2410,D,20231115,09:19,20,1,4167.0,15,0,大商所,2023
20231115,XDCE,PG,PG2409,N,20231114,21:03,4,1,4778.0,15,0,大商所,2023
20231115,XDCE,PG,PG2410,N,20231114,21:03,4,1,5156.0,15,0,大商所,2023
20231115,XDCE,PP,PP2407,N,20231114,21:06,7,8,7646.0,15,0,大商所,2023
20231115,XDCE,PP,PP2410,D,20231115,10:46,91,1,7666.0,15,0,大商所,2023
20231201,XDCE,B,B2404,N,20231130,21:01,2,3,4164.0,15,0,大商所,2023
20231201,XDCE,J,J2409,N,20231130,21:07,8,1,2525.0,15,0,大商所,2023
20231201,XDCE,JM,JM2409,N,20231130,21:01,2,2,1976.5,15,0,大商所,2023
20231201,XDCE,PP,PP2410,N,20231130,22:17,78,1,7466.0,15,0,大商所,2023
20231201,XDCE,RR,RR2409,N,20231130,21:01,2,1,3655.0,15,0,大商所,2023
20231201,XDCE,RR,RR2410,N,20231130,21:01,2,1,3650.0,15,0,大商所,2023
20231219,XDCE,P,P2408,N,20231218,21:01,2,1,7050.0,15,0,大商所,2023
20231219,XDCE,V,V2407,N,20231218,21:17,18,2,6039.0,15,0,大商所,2023
20240105,XDCE,EB,EB2410,N,20240104,22:07,68,1,8376.0,15,0,大商所,2024
20240105,XDCE,EB,EB2411,N,20240104,22:08,69,2,8322.5,15,0,大商所,2024
20240105,XDCE,JD,JD2407,D,20240105,09:01,2,1,3700.0,15,0,大商所,2024
20240105,XDCE,JM,JM2408,D,20240105,14:37,202,1,1844.5,15,0,大商所,2024
20240105,XDCE,L,L2407,N,20240104,21:01,2,1,8123.0,15,0,大商所,2024
20240105,XDCE,PG,PG2407,N,20240104,21:08,9,2,4769.0,15,0,大商所,2024
20240105,XDCE,PG,PG2410,N,20240104,21:01,2,2,5034.0,15,0,大商所,2024
20240105,XDCE,PG,PG2411,N,20240104,21:01,2,2,4943.0,15,0,大商所,2024
20240105,XDCE,PP,PP2407,N,20240104,21:01,2,1,7458.0,15,0,大商所,2024
20240105,XDCE,PP,PP2410,N,20240104,21:29,30,3,7483.0,15,0,大商所,2024
20240123,XDCE,A,A2411,N,20240122,21:01,2,1,4626.0,15,0,大商所,2024
20240123,XDCE,B,B2408,N,20240122,21:01,2,2,3714.0,15,0,大商所,2024
20240123,XDCE,EB,EB2411,D,20240123,14:28,193,3,8410.0,15,0,大商所,2024
20240123,XDCE,EG,EG2402,N,20240122,21:01,2,1,4551.0,15,0,大商所,2024
20240123,XDCE,EG,EG2408,N,20240122,21:01,2,2,4555.0,15,0,大商所,2024
20240123,XDCE,I,I2407,N,20240122,21:01,2,3,911.5,15,0,大商所,2024
20240123,XDCE,J,J2406,N,20240122,21:07,8,1,2453.5,15,0,大商所,2024
20240123,XDCE,L,L2404,N,20240122,21:01,2,3,8268.0,15,0,大商所,2024
20240123,XDCE,PG,PG2406,N,20240122,21:04,5,2,4605.0,15,0,大商所,2024
20240123,XDCE,PP,PP2408,N,20240122,21:02,3,5,7410.0,15,0,大商所,2024
20240123,XDCE,PP,PP2410,N,20240122,22:49,110,5,7430.0,15,0,大商所,2024
20240123,XDCE,RR,RR2407,N,20240122,21:32,33,2,3566.0,15,0,大商所,2024
20240123,XDCE,RR,RR2411,N,20240122,21:45,46,2,3588.0,15,0,大商所,2024
20240123,XDCE,V,V2407,N,20240122,21:01,2,12,5893.92,15,0,大商所,2024
20240208,XGFE,SI,SI2402,D,20240208,09:20,21,20,13420.0,15,0,广期所,2024
20240208,XDCE,B,B2406,N,20240207,21:01,2,1,3464.0,15,0,大商所,2024
20240208,XDCE,B,B2407,N,20240207,21:01,2,1,3482.0,15,0,大商所,2024
20240208,XDCE,I,I2408,N,20240207,21:01,2,4,899.0,15,0,大商所,2024
20240208,XDCE,P,P2408,N,20240207,21:01,2,2,6830.0,15,0,大商所,2024
20240208,XDCE,PP,PP2406,N,20240207,21:01,2,6,7430.0,15,0,大商所,2024
20240208,XDCE,PP,PP2407,N,20240207,21:01,2,20,7414.0,15,0,大商所,2024
20240208,XDCE,PP,PP2408,N,20240207,21:01,2,14,7424.21,15,0,大商所,2024
20240208,XDCE,PP,PP2410,N,20240207,21:01,2,1,7438.0,15,0,大商所,2024
20240208,XDCE,V,V2402,N,20240207,21:12,13,200,5611.0,15,0,大商所,2024
20240208,XDCE,V,V2407,N,20240207,21:01,2,14,5959.5,15,0,大商所,2024
20240208,XDCE,V,V2408,N,20240207,21:01,2,1,5995.0,15,0,大商所,2024
20240305,XDCE,EB,EB2409,N,20240304,21:01,2,1,8790.0,15,0,大商所,2024
20240305,XDCE,EB,EB2410,N,20240304,21:05,6,1,8772.0,15,0,大商所,2024
20240305,XDCE,EB,EB2501,N,20240304,21:01,2,1,8629.0,15,0,大商所,2024
20240305,XDCE,EG,EG2407,N,20240304,21:01,2,1,4589.0,15,0,大商所,2024
20240305,XDCE,EG,EG2408,N,20240304,21:11,12,2,4591.0,15,0,大商所,2024
20240305,XDCE,FB,FB2404,D,20240305,09:01,2,1,1249.0,15,0,大商所,2024
20240305,XDCE,J,J2408,N,20240304,21:03,4,1,2336.0,15,0,大商所,2024
20240305,XDCE,JM,JM2501,N,20240304,21:08,9,1,1702.5,15,0,大商所,2024
20240305,XDCE,L,L2404,N,20240304,21:07,8,3,8221.0,15,0,大商所,2024
20240305,XDCE,L,L2406,N,20240304,21:01,2,6,8231.0,15,0,大商所,2024
20240305,XDCE,L,L2407,N,20240304,21:01,2,4,8221.0,15,0,大商所,2024
20240305,XDCE,L,L2408,N,20240304,21:01,2,4,8223.0,15,0,大商所,2024
20240305,XDCE,PG,PG2412,N,20240304,21:16,17,2,4626.0,15,0,大商所,2024
20240305,XDCE,PG,PG2501,N,20240304,21:17,18,2,4565.5,15,0,大商所,2024
20240305,XDCE,PP,PP2408,N,20240304,21:01,2,3,7484.0,15,0,大商所,2024
20240305,XDCE,PP,PP2411,D,20240305,09:25,25,3,7480.0,15,0,大商所,2024
20240305,XDCE,V,V2410,N,20240304,21:01,2,1,6120.0,15,0,大商所,2024
20240305,XDCE,Y,Y2412,N,20240304,21:01,2,2,7382.0,15,0,大商所,2024
20240321,XDCE,B,B2411,N,20240320,21:10,11,1,3921.0,15,0,大商所,2024
20240321,XDCE,EG,EG2404,N,20240320,21:01,2,24,4487.0,15,0,大商所,2024
20240321,XDCE,EG,EG2408,N,20240320,21:01,2,3,4597.0,15,0,大商所,2024
20240321,XDCE,EG,EG2411,N,20240320,21:01,2,2,4624.0,15,0,大商所,2024
20240321,XDCE,J,J2501,N,20240320,21:04,5,1,2224.0,15,0,大商所,2024
20240321,XDCE,JM,JM2404,D,20240321,09:38,38,2,1588.5,15,0,大商所,2024
20240321,XDCE,PP,PP2406,N,20240320,21:01,2,1,7617.0,15,0,大商所,2024
20240321,XDCE,PP,PP2407,N,20240320,21:01,2,5,7619.0,15,0,大商所,2024
20240321,XDCE,PP,PP2408,N,20240320,21:01,2,4,7634.5,15,0,大商所,2024
20240321,XDCE,RR,RR2409,N,20240320,21:01,2,3,3560.67,15,0,大商所,2024
20240410,XGFE,SI,SI2404,D,20240410,09:10,11,12,12110.0,15,0,广期所,2024
20240410,XDCE,B,B2404,D,20240410,14:27,192,67,3795.0,15,0,大商所,2024
20240410,XDCE,B,B2502,N,20240409,21:04,5,1,3912.0,15,0,大商所,2024
20240410,XDCE,EB,EB2412,N,20240409,21:23,24,1,8922.0,15,0,大商所,2024
20240410,XDCE,EB,EB2501,N,20240409,21:02,3,1,8831.0,15,0,大商所,2024
20240410,XDCE,EG,EG2411,N,20240409,21:02,3,1,4541.0,15,0,大商所,2024
20240410,XDCE,L,L2410,N,20240409,21:01,2,5,8399.0,15,0,大商所,2024
20240410,XDCE,PG,PG2411,N,20240409,21:15,16,2,4977.0,15,0,大商所,2024
20240410,XDCE,PP,PP2412,N,20240409,21:06,7,2,7601.5,15,0,大商所,2024
20240410,XDCE,RR,RR2405,N,20240409,21:08,9,1,3578.0,15,0,大商所,2024
20240410,XDCE,RR,RR2406,N,20240409,21:08,9,1,3514.0,15,0,大商所,2024
20240410,XDCE,RR,RR2407,N,20240409,21:01,2,1,3518.0,15,0,大商所,2024
20240410,XDCE,RR,RR2411,N,20240409,21:01,2,1,3604.0,15,0,大商所,2024
20240410,XDCE,RR,RR2412,N,20240409,21:01,2,1,3597.0,15,0,大商所,2024
20240410,XDCE,V,V2411,N,20240409,21:01,2,2,6087.0,15,0,大商所,2024
20240426,XDCE,B,B2502,N,20240425,21:56,57,1,3906.0,15,0,大商所,2024
20240426,XDCE,C,C2503,N,20240425,21:01,2,1,2393.0,15,0,大商所,2024
20240426,XDCE,EB,EB2410,N,20240425,21:01,2,3,9179.0,15,0,大商所,2024
20240426,XDCE,EG,EG2406,N,20240425,21:01,2,2,4351.0,15,0,大商所,2024
20240426,XDCE,EG,EG2407,N,20240425,21:01,2,2,4379.0,15,0,大商所,2024
20240426,XDCE,EG,EG2408,N,20240425,22:10,71,88,4412.0,15,0,大商所,2024
20240426,XDCE,J,J2501,N,20240425,21:02,3,3,2358.0,15,0,大商所,2024
20240426,XDCE,L,L2407,N,20240425,21:01,2,5,8348.6,15,0,大商所,2024
20240426,XDCE,P,P2412,N,20240425,21:01,2,10,7280.4,15,0,大商所,2024
20240426,XDCE,PG,PG2410,N,20240425,21:01,2,1,4958.0,15,0,大商所,2024
20240426,XDCE,PG,PG2411,N,20240425,21:01,2,1,4881.0,15,0,大商所,2024
20240426,XDCE,V,V2412,N,20240425,21:01,2,1,6043.0,15,0,大商所,2024
20240426,XDCE,V,V2502,N,20240425,21:02,3,1,6102.0,15,0,大商所,2024
20240517,XGFE,LC,LC2405,D,20240517,09:06,7,30,104150.0,15,0,广期所,2024
20240517,XDCE,EB,EB2502,N,20240516,22:59,120,2,8879.0,15,0,大商所,2024
20240517,XDCE,EG,EG2406,N,20240516,21:01,2,1,4362.0,15,0,大商所,2024
20240517,XDCE,EG,EG2408,N,20240516,21:16,17,1,4460.0,15,0,大商所,2024
20240517,XDCE,L,L2410,N,20240516,21:01,2,1,8470.0,15,0,大商所,2024
20240517,XDCE,P,P2411,N,20240516,21:01,2,4,7457.0,15,0,大商所,2024
20240517,XDCE,P,P2412,N,20240516,21:01,2,2,7462.0,15,0,大商所,2024
20240517,XDCE,P,P2502,N,20240516,21:01,2,3,7449.33,15,0,大商所,2024
20240517,XDCE,RR,RR2407,N,20240516,21:03,4,1,3498.0,15,0,大商所,2024
20240517,XDCE,Y,Y2503,N,20240516,21:01,2,3,7786.0,15,0,大商所,2024
20240604,XDCE,EB,EB2504,N,20240603,22:50,111,1,9069.0,15,0,大商所,2024
20240604,XDCE,EG,EG2408,N,20240603,21:03,4,2,4569.0,15,0,大商所,2024
20240604,XDCE,L,L2408,N,20240603,21:01,2,2,8501.0,15,0,大商所,2024
20240604,XDCE,PP,PP2410,N,20240603,21:20,21,6,7714.33,15,0,大商所,2024
20240604,XDCE,RR,RR2410,N,20240603,21:07,8,1,3552.0,15,0,大商所,2024
20240604,XDCE,RR,RR2503,D,20240604,14:10,175,1,3591.0,15,0,大商所,2024
20240621,XDCE,CS,CS2503,N,20240620,21:01,2,4,2815.5,15,0,大商所,2024
20240621,XDCE,EB,EB2412,N,20240620,21:01,2,5,8972.0,15,0,大商所,2024
20240621,XDCE,EG,EG2410,N,20240620,21:01,2,1,4526.0,15,0,大商所,2024
20240621,XDCE,EG,EG2503,N,20240620,21:16,17,2,4595.0,15,0,大商所,2024
20240621,XDCE,EG,EG2504,N,20240620,21:16,17,2,4602.5,15,0,大商所,2024
20240621,XDCE,EG,EG2505,N,20240620,21:16,17,2,4606.0,15,0,大商所,2024
20240621,XDCE,I,I2503,N,20240620,21:01,2,1,797.0,15,0,大商所,2024
20240621,XDCE,J,J2407,N,20240620,21:50,51,2,2199.0,15,0,大商所,2024
20240621,XDCE,J,J2408,N,20240620,21:50,51,2,2229.0,15,0,大商所,2024
20240621,XDCE,L,L2411,N,20240620,21:01,2,2,8587.0,15,0,大商所,2024
20240621,XDCE,L,L2412,N,20240620,21:01,2,1,8586.0,15,0,大商所,2024
20240621,XDCE,P,P2411,N,20240620,21:01,2,4,7682.0,15,0,大商所,2024
20240621,XDCE,P,P2412,N,20240620,21:01,2,4,7682.0,15,0,大商所,2024
20240621,XDCE,PG,PG2412,N,20240620,21:21,22,3,5061.33,15,0,大商所,2024
20240621,XDCE,PG,PG2502,D,20240621,13:42,147,1,4895.0,15,0,大商所,2024
20240621,XDCE,PG,PG2503,N,20240620,21:19,20,2,4754.0,15,0,大商所,2024
20240621,XDCE,PG,PG2504,N,20240620,21:19,20,2,5092.5,15,0,大商所,2024
20240621,XDCE,PP,PP2411,N,20240620,21:22,23,2,7752.5,15,0,大商所,2024
20240621,XDCE,PP,PP2502,N,20240620,22:00,61,1,7744.0,15,0,大商所,2024
20240621,XDCE,PP,PP2505,N,20240620,21:29,30,1,7772.0,15,0,大商所,2024
20240621,XDCE,V,V2412,N,20240620,21:01,2,2,6288.0,15,0,大商所,2024
20240621,XDCE,Y,Y2503,N,20240620,21:01,2,6,7752.33,15,0,大商所,2024
20240709,XGFE,SI,SI2407,D,20240709,09:05,6,5,11100.0,15,0,广期所,2024
20240709,XDCE,EB,EB2503,N,20240708,21:41,42,1,8794.0,15,0,大商所,2024
20240709,XDCE,EB,EB2504,N,20240708,21:41,42,1,8845.0,15,0,大商所,2024
20240709,XDCE,EB,EB2506,N,20240708,21:41,42,1,8770.0,15,0,大商所,2024
20240709,XDCE,I,I2504,N,20240708,21:01,2,1,805.0,15,0,大商所,2024
20240709,XDCE,L,L2407,N,20240708,22:53,114,2,8494.0,15,0,大商所,2024
20240709,XDCE,L,L2411,N,20240708,21:01,2,2,8477.0,15,0,大商所,2024
20240709,XDCE,P,P2412,N,20240708,21:01,2,3,7818.0,15,0,大商所,2024
20240709,XDCE,PG,PG2503,N,20240708,21:18,19,2,4647.0,15,0,大商所,2024
20240709,XDCE,PG,PG2504,N,20240708,21:18,19,2,4990.5,15,0,大商所,2024
20240709,XDCE,V,V2407,D,20240709,10:35,80,1,5859.0,15,0,大商所,2024
20240709,XDCE,V,V2502,N,20240708,21:01,2,1,6145.0,15,0,大商所,2024
20240725,XDCE,P,P2502,N,20240724,21:04,5,5,7660.0,15,0,大商所,2024
20240725,XDCE,P,P2504,N,20240724,21:06,7,1,7644.0,15,0,大商所,2024
20240725,XDCE,PG,PG2503,N,20240724,21:44,45,1,4515.0,15,0,大商所,2024
20240725,XDCE,PP,PP2503,D,20240725,09:28,28,2,7600.0,15,0,大商所,2024
20240725,XDCE,PP,PP2504,D,20240725,09:28,28,2,7616.0,15,0,大商所,2024
20240725,XDCE,V,V2502,N,20240724,21:01,2,3,5995.0,15,0,大商所,2024
20240812,XGFE,LC,LC2408,D,20240812,09:10,11,7,77800.0,15,0,广期所,2024
20240812,XDCE,B,B2503,N,20240809,21:42,43,1,3556.0,15,0,大商所,2024
20240812,XDCE,B,B2504,N,20240809,21:01,2,1,3519.0,15,0,大商所,2024
20240812,XDCE,EG,EG2411,N,20240809,21:01,2,3,4592.0,15,0,大商所,2024
20240812,XDCE,M,M2408,N,20240809,21:05,6,25,2970.0,15,0,大商所,2024
20240812,XDCE,PP,PP2503,D,20240812,09:30,30,1,7497.0,15,0,大商所,2024
20240812,XDCE,RR,RR2503,N,20240809,21:01,2,1,3554.0,15,0,大商所,2024
20240812,XDCE,RR,RR2504,N,20240809,21:01,2,1,3559.0,15,0,大商所,2024
20240812,XDCE,V,V2502,N,20240809,21:01,2,3,5756.0,15,0,大商所,2024
20240812,XDCE,V,V2503,N,20240809,21:05,6,1,5775.0,15,0,大商所,2024
20240828,XDCE,B,B2502,N,20240827,21:01,2,11,3535.09,15,0,大商所,2024
20240828,XDCE,EG,EG2504,N,20240827,21:19,20,5,4779.0,15,0,大商所,2024
20240828,XDCE,L,L2410,N,20240827,21:01,2,5,8140.0,15,0,大商所,2024
20240828,XDCE,L,L2411,N,20240827,21:01,2,5,8148.0,15,0,大商所,2024
20240828,XDCE,L,L2502,N,20240827,21:13,14,1,8123.0,15,0,大商所,2024
20240828,XDCE,L,L2504,N,20240827,21:13,14,1,8139.0,15,0,大商所,2024
20240828,XDCE,PG,PG2503,N,20240827,21:02,3,1,4523.0,15,0,大商所,2024
20240828,XDCE,PG,PG2504,N,20240827,21:02,3,1,4899.0,15,0,大商所,2024
20240828,XDCE,RR,RR2501,N,20240827,21:01,2,1,3548.0,15,0,大商所,2024
20240828,XDCE,RR,RR2502,N,20240827,21:01,2,1,3560.0,15,0,大商所,2024
20240828,XDCE,V,V2504,N,20240827,21:01,2,1,5880.0,15,0,大商所,2024
20240913,XGFE,SI,SI2409,D,20240913,15:00,226,101,9760.0,15,0,广期所,2024
20240913,XDCE,C,C2409,D,20240913,15:00,225,2,2292.0,15,0,大商所,2024
20240913,XDCE,EG,EG2409,D,20240913,09:24,24,2,4543.0,15,0,大商所,2024
20240913,XDCE,EG,EG2411,N,20240912,21:01,2,1,4403.0,15,0,大商所,2024
20240913,XDCE,EG,EG2412,N,20240912,21:01,2,1,4426.0,15,0,大商所,2024
20240913,XDCE,I,I2409,D,20240913,15:00,225,94,729.5,15,0,大商所,2024
20240913,XDCE,L,L2412,N,20240912,21:01,2,1,8024.0,15,0,大商所,2024
20240913,XDCE,L,L2502,N,20240912,21:01,2,1,7864.0,15,0,大商所,2024
20240913,XDCE,L,L2503,N,20240912,21:01,2,2,7835.5,15,0,大商所,2024
20240913,XDCE,L,L2504,N,20240912,21:01,2,2,7863.0,15,0,大商所,2024
20240913,XDCE,L,L2506,N,20240912,22:42,103,2,7815.0,15,0,大商所,2024
20240913,XDCE,L,L2507,N,20240912,22:42,103,2,7811.0,15,0,大商所,2024
20240913,XDCE,M,M2409,D,20240913,09:04,4,129,3049.0,15,0,大商所,2024
20240913,XDCE,P,P2409,D,20240913,15:00,225,14,8026.0,15,0,大商所,2024
20240913,XDCE,V,V2504,N,20240912,21:13,14,1,5621.0,15,0,大商所,2024
20241010,XDCE,J,J2410,N,20241009,21:22,23,6,2060.5,15,0,大商所,2024
20241010,XDCE,J,J2411,N,20241009,21:22,23,6,2100.5,15,0,大商所,2024
20241010,XDCE,J,J2412,N,20241009,22:08,69,1,2114.5,15,0,大商所,2024
20241010,XDCE,P,P2506,N,20241009,21:25,26,3,8216.0,15,0,大商所,2024
20241010,XDCE,P,P2507,N,20241009,21:03,4,1,8130.0,15,0,大商所,2024
20241010,XDCE,PG,PG2502,N,20241009,21:01,2,26,4673.42,15,0,大商所,2024
20241010,XDCE,PG,PG2503,N,20241009,21:01,2,26,4498.0,15,0,大商所,2024
20241010,XDCE,PG,PG2508,N,20241009,21:02,3,1,4591.0,15,0,大商所,2024
20241010,XDCE,PG,PG2509,N,20241009,21:02,3,1,4540.0,15,0,大商所,2024
20241010,XDCE,PP,PP2502,N,20241009,21:03,4,2,7627.0,15,0,大商所,2024
20241010,XDCE,V,V2410,N,20241009,21:03,4,6,5439.0,15,0,大商所,2024
20241010,XDCE,V,V2506,N,20241009,21:01,2,5,5841.2,15,0,大商所,2024
20241028,XDCE,EB,EB2410,D,20241028,15:00,225,3,8600.0,15,0,大商所,2024
20241028,XDCE,J,J2411,N,20241025,22:11,72,5,1924.5,15,0,大商所,2024
20241028,XDCE,J,J2504,D,20241028,11:14,119,1,2135.0,15,0,大商所,2024
20241028,XDCE,L,L2411,N,20241025,21:01,2,1,8289.0,15,0,大商所,2024
20241028,XDCE,L,L2412,N,20241025,21:01,2,1,8217.0,15,0,大商所,2024
20241028,XDCE,L,L2503,N,20241025,22:18,79,2,8037.0,15,0,大商所,2024
20241028,XDCE,L,L2508,D,20241028,10:01,61,1,8090.0,15,0,大商所,2024
20241028,XDCE,PG,PG2504,N,20241025,21:03,4,6,4712.0,15,0,大商所,2024
20241028,XDCE,PG,PG2506,N,20241025,21:33,34,3,4552.0,15,0,大商所,2024
20241028,XDCE,PP,PP2502,N,20241025,21:08,9,2,7496.0,15,0,大商所,2024
20241028,XDCE,RR,RR2503,D,20241028,09:32,32,1,3559.0,15,0,大商所,2024
20241113,XGFE,SI,SI2411,D,20241113,10:10,71,50,9910.0,15,0,广期所,2024
20241113,XDCE,EG,EG2504,N,20241112,21:01,2,2,4676.0,15,0,大商所,2024
20241113,XDCE,L,L2503,N,20241112,21:04,5,3,8039.0,15,0,大商所,2024
20241113,XDCE,L,L2508,D,20241113,09:07,7,2,8057.0,15,0,大商所,2024
20241113,XDCE,L,L2509,N,20241112,21:01,2,6,8036.0,15,0,大商所,2024
20241113,XDCE,P,P2504,N,20241112,21:03,4,1,9606.0,15,0,大商所,2024
20241113,XDCE,P,P2510,N,20241112,21:07,8,1,8596.0,15,0,大商所,2024
20241113,XDCE,V,V2504,N,20241112,21:01,2,1,5641.0,15,0,大商所,2024
20241129,XDCE,EG,EG2504,N,20241128,21:01,2,1,4696.0,15,0,大商所,2024
20241129,XDCE,EG,EG2508,N,20241128,21:20,21,2,4712.0,15,0,大商所,2024
20241129,XDCE,I,I2412,N,20241128,21:07,8,1,781.5,15,0,大商所,2024
20241129,XDCE,PG,PG2508,N,20241128,21:40,41,2,4320.0,15,0,大商所,2024
20241129,XDCE,PP,PP2506,D,20241129,10:44,89,44,7536.0,15,0,大商所,2024
20241129,XDCE,RR,RR2510,D,20241129,14:58,223,1,3560.0,15,0,大商所,2024
20241129,XDCE,V,V2506,N,20241128,21:01,2,1,5561.0,15,0,大商所,2024
20241129,XDCE,V,V2507,N,20241128,21:01,2,1,5600.0,15,0,大商所,2024
20241217,XDCE,B,B2508,N,20241216,21:01,2,4,3440.0,15,0,大商所,2024
20241217,XDCE,EB,EB2412,N,20241216,21:06,7,70,8561.0,15,0,大商所,2024
20241217,XDCE,J,J2509,N,20241216,21:05,6,1,1950.0,15,0,大商所,2024
20241217,XDCE,JM,JM2508,D,20241217,14:43,208,1,1285.0,15,0,大商所,2024
20241217,XDCE,PP,PP2504,N,20241216,21:35,36,1,7455.0,15,0,大商所,2024
20250103,XDCE,EB,EB2501,N,20250102,21:36,37,178,8237.0,15,0,大商所,2025
20250103,XDCE,P,P2508,N,20250102,21:11,12,4,8185.0,15,0,大商所,2025
20250103,XDCE,PG,PG2507,N,20250102,21:03,4,2,4466.0,15,0,大商所,2025
20250103,XDCE,PG,PG2508,N,20250102,21:03,4,2,4353.5,15,0,大商所,2025
20250103,XDCE,PP,PP2507,N,20250102,21:05,6,2,7484.0,15,0,大商所,2025
20250103,XDCE,PP,PP2511,N,20250102,21:29,30,1,7490.0,15,0,大商所,2025
20250121,XDCE,CS,CS2509,N,20250120,21:01,2,6,2705.5,15,0,大商所,2025
20250121,XDCE,LG,LG2509,D,20250121,09:01,2,1,892.0,15,0,大商所,2025
20250121,XDCE,PG,PG2506,N,20250120,21:01,2,1,4602.0,15,0,大商所,2025
20250121,XDCE,PG,PG2507,N,20250120,21:34,35,3,4503.0,15,0,大商所,2025
20250121,XDCE,PG,PG2508,N,20250120,21:34,35,1,4415.0,15,0,大商所,2025
20250121,XDCE,PG,PG2510,N,20250120,21:01,2,1,4732.0,15,0,大商所,2025
20250121,XDCE,PG,PG2511,N,20250120,21:01,2,1,4633.0,15,0,大商所,2025
20250214,XGFE,SI,SI2502,D,20250214,10:14,75,145,10705.0,15,0,广期所,2025
20250214,XDCE,J,J2506,D,20250214,09:50,50,1,1747.5,15,0,大商所,2025
20250214,XDCE,P,P2507,N,20250213,21:02,3,2,8646.0,15,0,大商所,2025
20250214,XDCE,PG,PG2508,N,20250213,21:01,2,3,4326.33,15,0,大商所,2025
20250214,XDCE,PG,PG2510,N,20250213,21:01,2,1,4719.0,15,0,大商所,2025
20250214,XDCE,PG,PG2511,N,20250213,21:01,2,1,4631.0,15,0,大商所,2025
20250214,XDCE,PP,PP2510,N,20250213,21:47,48,1,7396.0,15,0,大商所,2025
20250214,XDCE,PP,PP2511,N,20250213,21:47,48,1,7408.0,15,0,大商所,2025
20250304,XDCE,A,A2503,N,20250303,21:02,3,25,4207.0,15,0,大商所,2025
20250304,XDCE,EG,EG2504,N,20250303,21:01,2,1,4608.0,15,0,大商所,2025
20250304,XDCE,PG,PG2510,N,20250303,21:03,4,1,4568.0,15,0,大商所,2025
20250304,XDCE,PG,PG2512,N,20250303,21:31,32,4,4434.0,15,0,大商所,2025
20250304,XDCE,PG,PG2601,N,20250303,21:31,32,3,4373.0,15,0,大商所,2025
20250304,XDCE,PP,PP2510,N,20250303,22:36,97,4,7380.0,15,0,大商所,2025
20250326,XDCE,EB,EB2503,D,20250326,15:00,225,52,8109.0,15,0,大商所,2025
20250326,XDCE,J,J2510,N,20250325,21:40,41,1,1637.5,15,0,大商所,2025
20250326,XDCE,J,J2511,N,20250325,21:40,41,1,1667.5,15,0,大商所,2025
20250326,XDCE,L,L2511,D,20250326,13:36,141,2,7611.0,15,0,大商所,2025
20250326,XDCE,PG,PG2510,N,20250325,21:11,12,1,4554.0,15,0,大商所,2025
20250326,XDCE,PG,PG2601,N,20250325,21:04,5,2,4353.0,15,0,大商所,2025
20250326,XDCE,V,V2511,N,20250325,21:30,31,2,5325.0,15,0,大商所,2025
20250414,XGFE,PS,PS2508,D,20250414,09:01,2,1,40725.0,15,0,广期所,2025
20250414,XDCE,B,B2510,N,20250411,21:01,2,3,3727.0,15,0,大商所,2025
20250414,XDCE,EG,EG2510,N,20250411,21:01,2,4,4332.0,15,0,大商所,2025
20250414,XDCE,EG,EG2511,N,20250411,21:01,2,4,4340.0,15,0,大商所,2025
20250414,XDCE,EG,EG2601,N,20250411,21:01,2,1,4339.0,15,0,大商所,2025
20250414,XDCE,P,P2510,N,20250411,21:21,22,1,8184.0,15,0,大商所,2025
20250414,XDCE,PP,PP2508,N,20250411,21:02,3,4,7197.0,15,0,大商所,2025
20250430,XDCE,B,B2512,N,20250429,21:01,2,2,3647.0,15,0,大商所,2025
20250430,XDCE,J,J2510,N,20250429,21:52,53,1,1552.0,15,0,大商所,2025
20250430,XDCE,P,P2508,N,20250429,21:07,8,2,8188.0,15,0,大商所,2025
20250430,XDCE,P,P2511,N,20250429,21:01,2,5,8098.0,15,0,大商所,2025
20250521,XDCE,EG,EG2508,N,20250520,21:01,2,1,4443.0,15,0,大商所,2025
20250521,XDCE,I,I2602,N,20250520,21:01,2,36,684.5,15,0,大商所,2025
20250521,XDCE,JM,JM2512,N,20250520,21:03,4,1,852.5,15,0,大商所,2025
20250521,XDCE,L,L2511,N,20250520,21:08,9,2,7197.0,15,0,大商所,2025
20250521,XDCE,PG,PG2505,D,20250521,15:00,225,82,4400.0,15,0,大商所,2025
20250521,XDCE,PG,PG2601,N,20250520,21:02,3,1,4146.0,15,0,大商所,2025
20250521,XDCE,PG,PG2603,N,20250520,21:02,3,1,4006.0,15,0,大商所,2025
20250609,XGFE,LC,LC2506,D,20250609,13:36,142,110,60820.0,15,0,广期所,2025
20250609,XGFE,SI,SI2506,D,20250609,09:23,24,12,7295.0,15,0,广期所,2025
20250609,XDCE,EB,EB2604,N,20250606,21:22,23,1,6882.0,15,0,大商所,2025
20250609,XDCE,EG,EG2602,N,20250606,21:31,32,1,4264.0,15,0,大商所,2025
20250609,XDCE,EG,EG2603,N,20250606,21:31,32,1,4271.0,15,0,大商所,2025
20250609,XDCE,L,L2603,D,20250609,09:54,54,1,7044.0,15,0,大商所,2025
20250609,XDCE,PG,PG2601,N,20250606,21:10,11,1,4075.0,15,0,大商所,2025
20250609,XDCE,PG,PG2603,N,20250606,21:14,15,2,3914.5,15,0,大商所,2025
20250609,XDCE,PG,PG2604,N,20250606,21:21,22,1,4217.0,15,0,大商所,2025
20250609,XDCE,PG,PG2605,N,20250606,21:10,11,1,4085.0,15,0,大商所,2025
20250609,XDCE,PP,PP2602,D,20250609,09:54,54,2,6852.0,15,0,大商所,2025
20250609,XDCE,PP,PP2603,D,20250609,09:54,54,2,6851.0,15,0,大商所,2025
20250626,XDCE,J,J2510,N,20250625,22:43,104,2,1405.5,15,0,大商所,2025
20250626,XDCE,J,J2511,N,20250625,22:43,104,2,1420.5,15,0,大商所,2025
20250626,XDCE,J,J2604,N,20250625,21:46,47,1,1445.0,15,0,大商所,2025
20250626,XDCE,J,J2605,N,20250625,21:01,2,1,1458.5,15,0,大商所,2025
20250626,XDCE,JM,JM2603,N,20250625,21:05,6,1,864.0,15,0,大商所,2025
20250626,XDCE,JM,JM2604,N,20250625,21:05,6,1,868.0,15,0,大商所,2025
20250626,XDCE,L,L2603,D,20250626,10:01,61,10,7243.0,15,0,大商所,2025
20250626,XDCE,P,P2602,N,20250625,21:48,49,1,8310.0,15,0,大商所,2025
20250626,XDCE,PP,PP2605,N,20250625,21:24,25,4,7006.0,15,0,大商所,2025
20250626,XDCE,Y,Y2512,N,20250625,21:18,19,1,8002.0,15,0,大商所,2025
20250714,XDCE,I,I2507,N,20250711,21:03,4,1,768.5,15,0,大商所,2025
20250714,XDCE,L,L2602,N,20250711,21:05,6,2,7259.0,15,0,大商所,2025
20250714,XDCE,L,L2603,N,20250711,21:05,6,2,7255.0,15,0,大商所,2025
20250714,XDCE,M,M2507,D,20250714,15:00,225,16,2827.0,15,0,大商所,2025
20250714,XDCE,P,P2602,N,20250711,21:02,3,2,8632.0,15,0,大商所,2025
20250714,XDCE,P,P2603,N,20250711,21:02,3,2,8584.0,15,0,大商所,2025
20250714,XDCE,PG,PG2604,N,20250711,22:52,113,1,4398.0,15,0,大商所,2025
20250714,XDCE,PG,PG2606,D,20250714,09:47,47,1,4219.0,15,0,大商所,2025
20250801,XDCE,B,B2508,D,20250801,13:51,156,2,3550.0,15,0,大商所,2025
20250801,XDCE,B,B2606,N,20250731,21:17,18,1,3415.0,15,0,大商所,2025
20250801,XDCE,BZ,BZ2604,D,20250801,09:05,6,3,6283.0,15,0,大商所,2025
20250801,XDCE,BZ,BZ2605,D,20250801,09:05,6,3,6299.67,15,0,大商所,2025
20250801,XDCE,L,L2508,N,20250731,21:51,52,5,7314.0,15,0,大商所,2025
20250801,XDCE,L,L2602,N,20250731,21:01,2,2,7397.0,15,0,大商所,2025
20250801,XDCE,L,L2603,N,20250731,21:01,2,2,7397.0,15,0,大商所,2025
20250801,XDCE,P,P2606,N,20250731,21:35,36,1,8668.0,15,0,大商所,2025
20250801,XDCE,V,V2508,N,20250731,21:01,2,1,5012.0,15,0,大商所,2025
20250819,XDCE,J,J2602,D,20250819,09:15,15,1,1755.5,15,0,大商所,2025
20250819,XDCE,L,L2603,N,20250818,21:02,3,8,7321.0,15,0,大商所,2025
20250819,XDCE,L,L2604,N,20250818,21:02,3,4,7338.5,15,0,大商所,2025
20250819,XDCE,L,L2606,N,20250818,21:02,3,4,7312.0,15,0,大商所,2025
20250819,XDCE,P,P2602,N,20250818,21:10,11,1,9580.0,15,0,大商所,2025
20250819,XDCE,P,P2604,N,20250818,21:13,14,2,9419.0,15,0,大商所,2025
20250819,XDCE,PG,PG2605,N,20250818,21:01,2,2,4196.0,15,0,大商所,2025
20250819,XDCE,PG,PG2606,N,20250818,21:27,28,5,4117.0,15,0,大商所,2025
20250819,XDCE,PG,PG2607,N,20250818,21:27,28,1,4063.0,15,0,大商所,2025
20250905,XDCE,EG,EG2606,D,20250905,09:36,36,3,4430.0,15,0,大商所,2025
20250905,XDCE,EG,EG2607,D,20250905,09:20,20,8,4447.0,15,0,大商所,2025
20250905,XDCE,EG,EG2608,D,20250905,09:20,20,8,4434.0,15,0,大商所,2025
20250905,XDCE,J,J2606,D,20250905,10:03,63,1,1716.5,15,0,大商所,2025
20250905,XDCE,J,J2607,D,20250905,10:03,63,1,1727.0,15,0,大商所,2025
20250905,XDCE,P,P2604,N,20250904,21:34,35,1,9270.0,15,0,大商所,2025
20250905,XDCE,PG,PG2604,N,20250904,21:09,10,1,4377.0,15,0,大商所,2025
20250905,XDCE,PG,PG2607,N,20250904,21:09,10,1,4169.0,15,0,大商所,2025
20250905,XDCE,PP,PP2603,N,20250904,21:19,20,4,6912.0,15,0,大商所,2025
20250905,XDCE,PP,PP2604,N,20250904,21:19,20,4,6938.0,15,0,大商所,2025
20250905,XDCE,V,V2512,N,20250904,21:01,2,5,4844.0,15,0,大商所,2025
20250905,XDCE,Y,Y2603,N,20250904,21:01,2,2,8302.0,15,0,大商所,2025
20250923,XDCE,EG,EG2602,N,20250922,21:10,11,2,4241.0,15,0,大商所,2025
20250923,XDCE,L,L2603,N,20250922,21:05,6,2,7154.0,15,0,大商所,2025
20250923,XDCE,L,L2607,N,20250922,21:04,5,1,7207.0,15,0,大商所,2025
20250923,XDCE,L,L2608,N,20250922,21:04,5,1,7227.0,15,0,大商所,2025
20250923,XDCE,P,P2604,N,20250922,21:01,2,4,9224.0,15,0,大商所,2025
20251017,XDCE,A,A2609,N,20251016,21:01,2,2,4058.0,15,0,大商所,2025
20251017,XDCE,EB,EB2606,D,20251017,09:41,41,1,6906.0,15,0,大商所,2025
20251017,XDCE,P,P2602,N,20251016,21:15,16,1,9326.0,15,0,大商所,2025
20251017,XDCE,P,P2604,N,20251016,21:02,3,2,9315.0,15,0,大商所,2025
20251017,XDCE,P,P2606,N,20251016,21:02,3,2,9174.0,15,0,大商所,2025
20251104,XDCE,EB,EB2605,N,20251103,21:01,2,2,6740.0,15,0,大商所,2025
20251104,XDCE,EB,EB2606,N,20251103,21:01,2,2,6793.0,15,0,大商所,2025
20251104,XDCE,L,L2603,N,20251103,21:01,2,2,6911.0,15,0,大商所,2025
20251104,XDCE,LG,LG2511,D,20251104,15:00,226,60,743.0,15,0,大商所,2025
20251104,XDCE,LG,LG2605,D,20251104,09:01,2,1,808.5,15,0,大商所,2025
20251104,XDCE,P,P2511,N,20251103,21:44,45,50,8594.0,15,0,大商所,2025
20251104,XDCE,P,P2606,N,20251103,22:24,85,2,8690.0,15,0,大商所,2025
20251104,XDCE,P,P2607,N,20251103,22:24,85,2,8659.0,15,0,大商所,2025
20251104,XDCE,PP,PP2604,N,20251103,21:01,2,2,6644.0,15,0,大商所,2025
20251104,XDCE,PP,PP2609,N,20251103,21:02,3,1,6692.0,15,0,大商所,2025
20251120,XDCE,EB,EB2606,N,20251119,22:08,69,1,6841.0,15,0,大商所,2025
20251120,XDCE,EG,EG2602,N,20251119,21:01,2,2,3911.0,15,0,大商所,2025
20251120,XDCE,J,J2609,N,20251119,21:35,36,2,1897.0,15,0,大商所,2025
20251120,XDCE,PG,PG2608,D,20251120,13:45,150,1,3985.0,15,0,大商所,2025
20251120,XDCE,V,V2608,N,20251119,21:22,23,9,4910.0,15,0,大商所,2025
20251208,XGFE,SI,SI2512,D,20251208,13:46,152,7,8960.0,15,0,广期所,2025
20251208,XDCE,EB,EB2607,N,20251205,21:16,17,2,6763.5,15,0,大商所,2025
20251208,XDCE,L,L2512,D,20251208,15:00,225,6,6644.0,15,0,大商所,2025
20251208,XDCE,M,M2512,D,20251208,15:00,225,3,3018.0,15,0,大商所,2025
20251208,XDCE,V,V2608,N,20251205,21:10,11,3,4832.0,15,0,大商所,2025
20251224,XDCE,B,B2612,D,20251224,13:36,141,2,3568.5,15,0,大商所,2025
20251224,XDCE,L,L2607,N,20251223,21:03,4,2,6317.0,15,0,大商所,2025
20251224,XDCE,L,L2612,N,20251223,21:02,3,1,6392.0,15,0,大商所,2025
20260113,XDCE,EB,EB2606,N,20260112,21:01,2,2,7169.0,15,0,大商所,2026
20260113,XDCE,EB,EB2607,N,20260112,21:01,2,5,7171.0,15,0,大商所,2026
20260113,XDCE,EB,EB2609,N,20260112,21:01,2,1,7140.0,15,0,大商所,2026
20260113,XDCE,EB,EB2610,N,20260112,21:05,6,1,7194.0,15,0,大商所,2026
20260113,XDCE,L,L2610,N,20260112,21:04,5,1,6782.0,15,0,大商所,2026
20260113,XDCE,PG,PG2608,N,20260112,21:17,18,4,4007.0,15,0,大商所,2026
20260113,XDCE,PG,PG2610,N,20260112,22:05,66,2,4304.0,15,0,大商所,2026
20260113,XDCE,PP,PP2610,N,20260112,21:02,3,4,6545.0,15,0,大商所,2026
20260129,XDCE,EB,EB2611,N,20260128,21:05,6,1,7525.0,15,0,大商所,2026
20260129,XDCE,I,I2610,N,20260128,21:01,2,1,763.5,15,0,大商所,2026
20260129,XDCE,L,L2612,N,20260128,21:39,40,1,7036.0,15,0,大商所,2026
20260129,XDCE,L,L2701,N,20260128,21:01,2,1,7028.0,15,0,大商所,2026
20260129,XDCE,PG,PG2610,N,20260128,21:38,39,2,4504.0,15,0,大商所,2026
20260129,XDCE,PP,PP2602,N,20260128,21:01,2,2,6666.0,15,0,大商所,2026
20260129,XDCE,PP,PP2610,N,20260128,21:03,4,2,6782.0,15,0,大商所,2026
20260129,XDCE,V,V2608,N,20260128,21:01,2,2,5026.0,15,0,大商所,2026
20260224,XGFE,PD,PD2608,D,20260224,09:01,2,2,417.95,15,0,广期所,2026
20260224,XGFE,PD,PD2610,D,20260224,09:51,52,2,414.2,15,0,广期所,2026
20260224,XGFE,PD,PD2612,D,20260224,09:01,2,2,415.0,15,0,广期所,2026
20260224,XDCE,EG,EG2610,D,20260224,09:02,2,1,3864.0,15,0,大商所,2026
20260224,XDCE,JM,JM2611,D,20260224,09:07,7,1,1244.5,15,0,大商所,2026
20260224,XDCE,LG,LG2609,D,20260224,09:01,2,1,802.5,15,0,大商所,2026
20260224,XDCE,LG,LG2701,D,20260224,09:01,2,1,804.5,15,0,大商所,2026
20260224,XDCE,P,P2610,D,20260224,09:53,53,1,8888.0,15,0,大商所,2026
20260224,XDCE,PG,PG2602,D,20260224,15:00,225,11,4470.0,15,0,大商所,2026
20260224,XDCE,Y,Y2701,D,20260224,09:01,1,7,8062.0,15,0,大商所,2026
20260316,XGFE,PS,PS2604,D,20260316,09:38,39,12,43895.0,15,0,广期所,2026
20260316,XDCE,B,B2612,N,20260313,21:04,5,1,3852.0,15,0,大商所,2026
20260316,XDCE,BZ,BZ2603,D,20260316,15:00,226,20,7800.0,15,0,大商所,2026
20260316,XDCE,EB,EB2603,D,20260316,09:55,55,8,10265.0,15,0,大商所,2026
20260316,XDCE,J,J2604,N,20260313,21:18,19,1,1724.0,15,0,大商所,2026
20260316,XDCE,L,L2702,N,20260313,21:29,30,3,7871.0,15,0,大商所,2026
20260316,XDCE,P,P2610,N,20260313,22:15,76,10,9662.0,15,0,大商所,2026
20260316,XDCE,PG,PG2612,N,20260313,21:01,2,1,5172.0,15,0,大商所,2026
20260316,XDCE,PG,PG2701,N,20260313,21:01,2,1,5066.0,15,0,大商所,2026
20260316,XDCE,V,V2702,N,20260313,21:14,15,2,5743.0,15,0,大商所,2026
20260407,XGFE,PD,PD2610,D,20260407,09:01,2,1,378.6,15,0,广期所,2026
20260407,XGFE,PT,PT2612,D,20260407,09:44,45,2,503.1,15,0,广期所,2026
20260407,XDCE,BZ,BZ2611,D,20260407,11:09,115,1,7659.0,15,0,大商所,2026
20260407,XDCE,BZ,BZ2612,D,20260407,11:09,115,1,7466.0,15,0,大商所,2026
20260407,XDCE,EB,EB2604,D,20260407,14:08,173,9,10905.0,15,0,大商所,2026
20260407,XDCE,L,L2611,D,20260407,09:04,4,2,8462.5,15,0,大商所,2026
20260407,XDCE,V,V2604,D,20260407,09:19,19,50,5335.0,15,0,大商所,2026
20260428,XDCE,EB,EB2611,N,20260427,21:01,2,6,9035.0,15,0,大商所,2026
20260428,XDCE,L,L2611,N,20260427,21:05,6,2,8110.5,15,0,大商所,2026
20260428,XDCE,L,L2612,N,20260427,21:05,6,2,8064.0,15,0,大商所,2026
20260428,XDCE,P,P2702,N,20260427,21:04,5,2,9802.0,15,0,大商所,2026
20260428,XDCE,P,P2703,N,20260427,21:04,5,2,9774.0,15,0,大商所,2026
20260428,XDCE,PP,PP2702,N,20260427,21:05,6,3,8058.0,15,0,大商所,2026
20260428,XDCE,V,V2612,N,20260427,21:02,3,1,5306.0,15,0,大商所,2026
20260525,XGFE,PT,PT2612,D,20260525,09:01,2,1,497.05,15,0,广期所,2026
20260525,XDCE,BZ,BZ2701,D,20260525,11:03,109,1,7301.0,15,0,大商所,2026
20260525,XDCE,BZ,BZ2702,D,20260525,11:03,109,1,7274.0,15,0,大商所,2026
20260525,XDCE,CS,CS2703,N,20260522,21:12,13,1,2657.0,15,0,大商所,2026
20260525,XDCE,CS,CS2705,N,20260522,21:12,13,1,2678.0,15,0,大商所,2026
20260525,XDCE,EB,EB2612,N,20260522,21:09,10,2,8578.0,15,0,大商所,2026
20260525,XDCE,EG,EG2612,N,20260522,21:23,24,1,4460.0,15,0,大商所,2026
20260525,XDCE,J,J2606,N,20260522,21:08,9,1,1595.0,15,0,大商所,2026
20260525,XDCE,J,J2607,N,20260522,21:08,9,1,1656.5,15,0,大商所,2026
20260525,XDCE,L,L2611,N,20260522,21:03,4,5,7809.8,15,0,大商所,2026
20260525,XDCE,L,L2612,N,20260522,21:03,4,5,7785.0,15,0,大商所,2026
20260525,XDCE,PG,PG2606,N,20260522,21:01,2,2,6031.0,15,0,大商所,2026
20260525,XDCE,PG,PG2701,N,20260522,21:09,10,1,5493.0,15,0,大商所,2026
20260525,XDCE,PG,PG2702,N,20260522,21:14,15,1,5390.0,15,0,大商所,2026
20260525,XDCE,PP,PP2702,N,20260522,21:08,9,3,8067.33,15,0,大商所,2026
20260525,XDCE,PP,PP2704,N,20260522,21:43,44,2,7983.0,15,0,大商所,2026
20260617,XGFE,PT,PT2702,D,20260617,09:03,4,4,450.812,15,0,广期所,2026
20260617,XDCE,B,B2611,N,20260616,21:01,2,1,3688.0,15,0,大商所,2026
20260617,XDCE,BB,BB2607,D,20260617,15:00,226,10,147.7,15,0,大商所,2026
20260617,XDCE,J,J2704,N,20260616,21:32,33,1,2146.5,15,0,大商所,2026
20260617,XDCE,PG,PG2702,N,20260616,21:01,2,2,4646.0,15,0,大商所,2026
20260706,XGFE,SI,SI2607,D,20260706,09:08,9,1,8290.0,15,0,广期所,2026
20260706,XDCE,B,B2706,N,20260703,21:17,18,1,3503.0,15,0,大商所,2026
20260706,XDCE,EB,EB2607,N,20260703,21:01,2,400,7402.0,15,0,大商所,2026
20260706,XDCE,EG,EG2612,N,20260703,21:01,2,1,3923.0,15,0,大商所,2026
20260706,XDCE,I,I2612,N,20260703,21:01,2,20,728.0,15,0,大商所,2026
20260706,XDCE,J,J2704,N,20260703,21:47,48,2,2033.75,15,0,大商所,2026
20260706,XDCE,J,J2705,N,20260703,21:10,11,2,2029.5,15,0,大商所,2026
20260706,XDCE,P,P2704,N,20260703,21:18,19,1,9437.0,15,0,大商所,2026
20260706,XDCE,PG,PG2704,N,20260703,21:22,23,2,4600.0,15,0,大商所,2026
20260706,XDCE,PG,PG2705,D,20260706,09:03,3,4,4487.75,15,0,大商所,2026
20260727,XDCE,BZ,BZ2703,D,20260727,10:09,70,1,7102.0,15,0,大商所,2026
20260727,XDCE,CS,CS2705,N,20260724,21:01,2,3,2653.0,15,0,大商所,2026
20260727,XDCE,EB,EB2607,N,20260724,22:31,92,30,9014.0,15,0,大商所,2026
20260727,XDCE,J,J2705,N,20260724,21:20,21,1,1924.0,15,0,大商所,2026
20260727,XDCE,LG,LG2701,D,20260727,09:01,2,1,823.0,15,0,大商所,2026
20260727,XDCE,LG,LG2703,D,20260727,09:01,2,1,823.0,15,0,大商所,2026
20260727,XDCE,PG,PG2703,N,20260724,21:03,4,1,5035.0,15,0,大商所,2026
20260727,XDCE,PG,PG2704,N,20260724,21:03,4,1,5310.0,15,0,大商所,2026
20260727,XDCE,PG,PG2706,N,20260724,22:11,72,1,5072.0,15,0,大商所,2026
20150114,XDCE,A,A1605,N,20150113,21:02,3,1,4420.0,15,0,大商所,2015
20150130,XDCE,A,A1605,D,20150130,09:38,38,1,4381.0,15,0,大商所,2015
20160930,XDCE,J,J1709,N,20160929,21:14,15,1,1177.5,15,0,大商所,2016
20160930,XDCE,PP,PP1709,D,20160930,09:01,2,11,6740.82,5,0,大商所,2016
20160930,XDCE,Y,Y1709,N,20160929,21:01,2,2,6420.0,5,0,大商所,2016
20161025,XDCE,JM,JM1709,N,20161024,21:06,7,1,1048.5,15,0,大商所,2016
20161110,XDCE,JM,JM1709,N,20161109,21:01,2,12,1330.0,15,0,大商所,2016
20170118,XDCE,JM,JM1801,N,20170117,21:01,2,1,1051.0,15,0,大商所,2017
20170118,XDCE,Y,Y1801,N,20170117,21:08,9,9,7173.33,5,0,大商所,2017
20170210,XDCE,PP,PP1801,D,20170210,09:05,6,3,9221.0,15,0,大商所,2017
20170510,XDCE,Y,Y1705,D,20170510,14:54,219,8,5726.0,15,0,大商所,2017
20170526,XDCE,L,L1805,D,20170526,09:04,5,1,9080.0,15,0,大商所,2017
20170615,XDCE,P,P1805,N,20170614,21:02,3,8,5162.0,15,0,大商所,2017
20170615,XDCE,Y,Y1805,N,20170614,21:02,3,8,6084.0,15,0,大商所,2017
20170703,XDCE,V,V1805,D,20170703,09:12,13,5,6080.0,15,0,大商所,2017
20170925,XDCE,L,L1809,D,20170925,09:15,16,1,9460.0,15,0,大商所,2017
20170925,XDCE,PP,PP1809,D,20170925,09:42,43,9,8632.22,5,0,大商所,2017
20171018,XDCE,JM,JM1809,N,20171017,21:02,3,2,1110.0,15,0,大商所,2017
20171018,XDCE,V,V1809,D,20171018,09:01,2,1,6240.0,15,0,大商所,2017
20171103,XDCE,L,L1809,D,20171103,09:01,2,2,9632.5,15,0,大商所,2017
20171121,XDCE,PP,PP1809,D,20171121,09:01,2,9,9218.89,5,0,大商所,2017
20180214,XDCE,B,B1809,N,20180213,21:02,3,73,3386.0,15,0,大商所,2018
20180214,XDCE,J,J1901,N,20180213,21:35,36,1,1983.0,15,0,大商所,2018
20180309,XDCE,A,A1901,N,20180308,21:32,33,1,3805.0,15,0,大商所,2018
20180504,XDCE,A,A1901,N,20180503,21:01,2,3,3922.0,15,0,大商所,2018
20180504,XDCE,Y,Y1805,N,20180503,21:01,2,49,5564.0,15,0,大商所,2018
20180522,XDCE,B,B1905,N,20180521,21:35,36,20,3412.0,15,0,大商所,2018
20180607,XDCE,P,P1905,N,20180606,21:05,6,1,5244.0,15,0,大商所,2018
20180626,XDCE,A,A1901,N,20180625,21:01,2,77,3747.7,5,0,大商所,2018
20180730,XDCE,J,J1905,N,20180727,21:01,2,1,2114.5,15,0,大商所,2018
20180730,XDCE,JM,JM1905,N,20180727,21:03,4,1,1163.0,15,0,大商所,2018
20180815,XDCE,V,V1905,D,20180815,09:01,2,7,7266.43,5,0,大商所,2018
20180831,XDCE,B,B1809,N,20180830,21:30,31,100,3318.0,15,0,大商所,2018
20180831,XDCE,B,B1811,N,20180830,21:30,31,100,3617.0,15,0,大商所,2018
20180831,XDCE,B,B1903,D,20180831,13:42,147,678,3336.0,15,0,大商所,2018
20180918,XDCE,B,B1903,N,20180917,23:04,125,848,3380.75,15,0,大商所,2018
20180918,XDCE,B,B1907,N,20180917,23:00,121,1053,3323.0,15,0,大商所,2018
20180918,XDCE,B,B1909,N,20180917,21:02,3,4,3250.0,15,0,大商所,2018
20180918,XDCE,L,L1909,D,20180918,09:10,11,20,9191.0,5,0,大商所,2018
20181012,XDCE,B,B1903,D,20181012,09:47,47,1692,3592.0,15,0,大商所,2018
20181012,XDCE,B,B1907,D,20181012,09:33,33,1278,3419.0,15,0,大商所,2018
20181012,XDCE,I,I1907,N,20181011,21:01,2,1,509.5,15,0,大商所,2018
20181012,XDCE,I,I1909,N,20181011,21:01,2,2,511.0,5,0,大商所,2018
20181030,XDCE,A,A1909,N,20181029,21:01,2,1,3809.0,15,0,大商所,2018
20181030,XDCE,B,B1903,D,20181030,14:05,170,63,3437.54,5,0,大商所,2018
20181030,XDCE,B,B1907,D,20181030,13:46,151,220,3359.0,15,0,大商所,2018
20181030,XDCE,L,L1909,D,20181030,09:01,2,3,8895.0,5,0,大商所,2018
20181115,XDCE,B,B1903,N,20181114,22:44,105,1406,3291.0,15,0,大商所,2018
20181115,XDCE,B,B1907,N,20181114,22:35,96,985,3270.0,15,0,大商所,2018
20181115,XDCE,B,B1911,N,20181114,22:39,100,664,3303.0,15,0,大商所,2018
20181203,XDCE,B,B1903,N,20181130,21:06,7,1146,3246.0,15,0,大商所,2018
20181203,XDCE,B,B1907,N,20181130,21:51,52,778,3193.0,15,0,大商所,2018
20181203,XDCE,B,B1909,N,20181130,21:51,52,779,3156.0,15,0,大商所,2018
20181203,XDCE,B,B1911,N,20181130,21:57,58,1304,3118.0,15,0,大商所,2018
20181219,XDCE,B,B1903,D,20181219,14:14,179,88,3123.0,15,0,大商所,2018
20181219,XDCE,B,B1907,N,20181218,21:56,57,231,3081.0,15,0,大商所,2018
20181219,XDCE,B,B1911,N,20181218,22:53,114,1288,3175.0,15,0,大商所,2018
20190108,XDCE,B,B1911,D,20190108,10:56,101,1408,3080.0,15,0,大商所,2019
20190108,XDCE,Y,Y1901,D,20190108,09:11,11,1,5060.0,15,0,大商所,2019
20190124,XDCE,A,A1909,N,20190123,21:01,2,42,3442.19,5,0,大商所,2019
20190124,XDCE,A,A2001,N,20190123,21:01,2,4,3430.0,15,0,大商所,2019
20190124,XDCE,B,B1907,N,20190123,23:04,125,215,3014.0,15,0,大商所,2019
20190124,XDCE,B,B1911,D,20190124,13:53,158,440,3091.0,15,0,大商所,2019
20190124,XDCE,B,B2001,D,20190124,13:58,163,452,3074.0,15,0,大商所,2019
20190124,XDCE,J,J2001,N,20190123,21:01,2,1,1924.5,15,0,大商所,2019
20190124,XDCE,JM,JM2001,N,20190123,21:09,10,1,1286.5,15,0,大商所,2019
20190218,XDCE,B,B1907,N,20190215,23:16,137,135,3025.0,15,0,大商所,2019
20190218,XDCE,B,B1911,D,20190218,09:27,27,1978,3064.0,15,0,大商所,2019
20190218,XDCE,JM,JM2001,N,20190215,21:40,41,1,1322.5,15,0,大商所,2019
20190306,XDCE,EG,EG2001,D,20190306,10:10,71,1,5458.0,15,0,大商所,2019
20190306,XDCE,JM,JM2001,N,20190305,21:21,22,1,1339.5,15,0,大商所,2019
20190322,XDCE,B,B1907,D,20190322,10:42,87,20,3021.0,15,0,大商所,2019
20190322,XDCE,I,I1911,N,20190321,21:01,2,3,548.833,5,0,大商所,2019
20190322,XDCE,I,I2003,N,20190321,21:01,2,1,522.5,15,0,大商所,2019
20190410,XDCE,JM,JM2001,N,20190409,21:01,2,3,1303.0,15,0,大商所,2019
20190410,XDCE,M,M2003,N,20190409,22:00,61,1,2695.0,15,0,大商所,2019
20190426,XDCE,B,B1911,N,20190425,21:10,11,23,2978.0,15,0,大商所,2019
20190426,XDCE,M,M1911,N,20190425,21:03,4,1,2595.0,15,0,大商所,2019
20190426,XDCE,M,M2003,N,20190425,21:01,2,1,2650.0,15,0,大商所,2019
20190517,XDCE,B,B2001,N,20190516,21:06,7,1,3056.0,15,0,大商所,2019
20190517,XDCE,CS,CS2001,N,20190516,21:01,2,4,2457.25,5,0,大商所,2019
20190517,XDCE,M,M1911,N,20190516,21:01,2,4,2755.0,5,0,大商所,2019
20190517,XDCE,V,V1905,D,20190517,15:00,225,20,7345.0,15,0,大商所,2019
20190604,XDCE,P,P2005,N,20190603,21:02,3,3,4724.0,15,0,大商所,2019
20190604,XDCE,Y,Y2005,N,20190603,21:01,2,3,5661.33,15,0,大商所,2019
20190621,XDCE,EG,EG2005,N,20190620,21:40,41,2,4709.0,15,0,大商所,2019
20190621,XDCE,PP,PP2005,N,20190620,21:01,2,1,7749.0,15,0,大商所,2019
20190709,XDCE,B,B2005,D,20190709,09:46,46,1,3042.0,15,0,大商所,2019
20190709,XDCE,C,C1907,D,20190709,09:37,37,1,1917.0,15,0,大商所,2019
20190709,XDCE,C,C2003,N,20190708,21:03,4,5,2018.0,15,0,大商所,2019
20190709,XDCE,PP,PP2005,N,20190708,21:02,3,1,8052.0,15,0,大商所,2019
20190709,XDCE,V,V2005,N,20190708,21:01,2,1,6575.0,15,0,大商所,2019
20190725,XDCE,I,I2003,N,20190724,21:01,2,2,689.5,15,0,大商所,2019
20190812,XDCE,B,B2001,N,20190809,21:01,2,3,3268.67,15,0,大商所,2019
20190812,XDCE,P,P2005,N,20190809,21:01,2,13,4972.77,5,0,大商所,2019
20190828,XDCE,JM,JM2005,N,20190827,21:01,2,38,1247.24,5,0,大商所,2019
20190916,XDCE,FB,FB1909,D,20190916,15:00,226,7,60.3,15,0,大商所,2019
20190916,XDCE,P,P1909,D,20190916,15:00,226,8,4712.0,15,0,大商所,2019
20191025,XDCE,B,B2005,N,20191024,21:01,2,3,3290.67,15,0,大商所,2019
20191025,XDCE,B,B2009,N,20191024,21:44,45,1,3320.0,15,0,大商所,2019
20191025,XDCE,J,J2009,N,20191024,21:05,6,5,1731.3,15,0,大商所,2019
20191025,XDCE,JM,JM2009,N,20191024,21:16,17,1,1165.0,15,0,大商所,2019
20191112,XDCE,B,B2005,N,20191111,21:03,4,3,3221.0,15,0,大商所,2019
20191112,XDCE,EG,EG2009,N,20191111,21:01,2,2,4449.0,15,0,大商所,2019
20191216,XDCE,B,B2009,N,20191213,21:43,44,1,3234.0,15,0,大商所,2019
20200102,XDCE,EG,EG2001,D,20200102,09:05,5,5,4799.0,15,0,大商所,2020
20200120,XDCE,J,J2101,N,20200117,21:01,2,2,1796.25,5,0,大商所,2020
20200120,XDCE,RR,RR2009,D,20200120,14:15,180,2,3381.0,15,0,大商所,2020
20200213,XDCE,I,I2007,D,20200213,09:02,3,10,615.9,5,0,大商所,2020
20200302,XDCE,V,V2101,D,20200302,09:01,2,9,6277.22,5,0,大商所,2020
20200403,XDCE,B,B2007,D,20200403,09:01,2,9,3094.67,5,0,大商所,2020
20200513,XDCE,C,C2007,N,20200512,21:01,2,10,2020.1,5,0,大商所,2020
20200513,XDCE,I,I2103,N,20200512,21:06,7,3,570.833,15,0,大商所,2020
20200513,XDCE,M,M2103,N,20200512,21:03,4,2,2767.0,15,0,大商所,2020
20200529,XDCE,J,J2105,N,20200528,21:02,3,4,1721.88,15,0,大商所,2020
20200529,XDCE,JM,JM2105,N,20200528,21:02,3,2,1068.0,15,0,大商所,2020
20200529,XDCE,PP,PP2105,N,20200528,21:04,5,2,6880.0,15,0,大商所,2020
20200616,XDCE,EB,EB2105,N,20200615,21:18,19,1,6216.0,15,0,大商所,2020
20200706,XDCE,C,C2103,N,20200703,21:01,2,3,2134.67,15,0,大商所,2020
20200706,XDCE,C,C2105,N,20200703,21:01,2,4,2152.75,5,0,大商所,2020
20200722,XDCE,CS,CS2101,N,20200721,21:01,2,71,2515.21,5,0,大商所,2020
20200722,XDCE,L,L2105,N,20200721,21:01,2,12,7012.5,5,0,大商所,2020
20200722,XDCE,PP,PP2105,N,20200721,21:01,2,15,7175.0,15,0,大商所,2020
20200807,XDCE,EB,EB2010,N,20200806,21:01,2,2,5635.0,15,0,大商所,2020
20200807,XDCE,EB,EB2011,N,20200806,21:01,2,2,5727.0,15,0,大商所,2020
20200807,XDCE,EG,EG2011,N,20200806,21:01,2,1,3871.0,15,0,大商所,2020
20200807,XDCE,JM,JM2105,N,20200806,21:02,3,6,1186.5,15,0,大商所,2020
20200807,XDCE,L,L2010,N,20200806,21:01,2,18,7162.22,15,0,大商所,2020
20200807,XDCE,L,L2012,N,20200806,21:01,2,8,7120.0,15,0,大商所,2020
20200807,XDCE,PP,PP2011,N,20200806,21:01,2,27,7588.78,5,0,大商所,2020
20200807,XDCE,PP,PP2012,N,20200806,21:01,2,18,7522.61,5,0,大商所,2020
20200807,XDCE,V,V2010,N,20200806,21:01,2,30,6605.5,5,0,大商所,2020
20200807,XDCE,V,V2011,N,20200806,21:01,2,7,6564.29,5,0,大商所,2020
20200807,XDCE,V,V2012,N,20200806,21:01,2,24,6537.71,5,0,大商所,2020
20200825,XDCE,C,C2107,N,20200824,21:01,2,24,2332.0,15,0,大商所,2020
20200825,XDCE,EG,EG2012,N,20200824,21:01,2,6,3843.17,5,0,大商所,2020
20200825,XDCE,JM,JM2010,N,20200824,21:01,2,3,1214.5,15,0,大商所,2020
20200825,XDCE,JM,JM2011,N,20200824,21:01,2,3,1222.33,15,0,大商所,2020
20200825,XDCE,L,L2010,N,20200824,21:01,2,24,7091.25,5,0,大商所,2020
20200825,XDCE,L,L2011,N,20200824,21:01,2,24,7111.25,5,0,大商所,2020
20200825,XDCE,PP,PP2011,N,20200824,21:01,2,26,7685.81,15,0,大商所,2020
20200910,XDCE,B,B2105,N,20200909,21:03,4,1,3425.0,15,0,大商所,2020
20200910,XDCE,C,C2103,N,20200909,21:01,2,85,2363.41,5,0,大商所,2020
20200910,XDCE,EB,EB2010,N,20200909,21:11,12,2,5321.0,5,0,大商所,2020
20200910,XDCE,EB,EB2011,N,20200909,21:01,2,13,5418.39,5,0,大商所,2020
20200910,XDCE,EB,EB2012,N,20200909,21:01,2,8,5524.0,15,0,大商所,2020
20200910,XDCE,EG,EG2102,N,20200909,21:01,2,14,4024.0,15,0,大商所,2020
20200910,XDCE,EG,EG2103,N,20200909,21:01,2,14,4060.0,15,0,大商所,2020
20200910,XDCE,I,I2104,N,20200909,21:01,2,34,782.118,5,0,大商所,2020
20200910,XDCE,J,J2012,N,20200909,21:05,6,50,2001.0,15,0,大商所,2020
20200910,XDCE,J,J2102,N,20200909,21:01,2,62,1980.43,5,0,大商所,2020
20200910,XDCE,J,J2103,N,20200909,21:01,2,1,1961.5,15,0,大商所,2020
20200910,XDCE,JM,JM2012,N,20200909,21:52,53,40,1257.5,15,0,大商所,2020
20200910,XDCE,JM,JM2102,N,20200909,21:01,2,12,1248.0,5,0,大商所,2020
20200910,XDCE,JM,JM2104,N,20200909,21:01,2,3,1222.5,15,0,大商所,2020
20200910,XDCE,L,L2103,N,20200909,21:01,2,2,7465.0,15,0,大商所,2020
20200910,XDCE,M,M2108,N,20200909,21:01,2,7,2914.86,5,0,大商所,2020
20200910,XDCE,P,P2102,N,20200909,21:01,2,33,5834.55,5,0,大商所,2020
20200910,XDCE,PG,PG2102,N,20200909,21:09,10,2,3653.5,15,0,大商所,2020
20200910,XDCE,PP,PP2103,N,20200909,21:01,2,9,7683.89,15,0,大商所,2020
20200910,XDCE,PP,PP2104,N,20200909,21:01,2,4,7675.5,5,0,大商所,2020
20200910,XDCE,V,V2012,N,20200909,21:08,9,3,6588.33,15,0,大商所,2020
20200910,XDCE,V,V2102,N,20200909,21:01,2,46,6461.41,5,0,大商所,2020
20200910,XDCE,V,V2103,N,20200909,21:01,2,5,6380.0,15,0,大商所,2020
20200910,XDCE,V,V2104,N,20200909,21:01,2,1,6380.0,15,0,大商所,2020
20200910,XDCE,Y,Y2011,N,20200909,21:01,2,28,6786.64,5,0,大商所,2020
20200910,XDCE,Y,Y2107,N,20200909,21:01,2,4,6618.0,5,0,大商所,2020
20200928,XDCE,B,B2012,N,20200925,21:01,2,206,3634.32,5,0,大商所,2020
20200928,XDCE,B,B2105,N,20200925,21:01,2,2,3474.0,15,0,大商所,2020
20200928,XDCE,EB,EB2011,N,20200925,21:01,2,161,5447.92,5,0,大商所,2020
20200928,XDCE,EB,EB2012,N,20200925,21:01,2,119,5525.78,5,0,大商所,2020
20200928,XDCE,EG,EG2102,N,20200925,21:01,2,39,3778.1,5,0,大商所,2020
20200928,XDCE,EG,EG2104,D,20200928,09:58,58,4,3881.5,15,0,大商所,2020
20200928,XDCE,P,P2107,N,20200925,21:05,6,25,5660.0,15,0,大商所,2020
20200928,XDCE,V,V2103,N,20200925,21:01,2,21,6465.0,15,0,大商所,2020
20200928,XDCE,V,V2104,D,20200928,14:50,215,3,6465.0,15,0,大商所,2020
20200928,XDCE,Y,Y2107,N,20200925,21:01,2,31,6680.19,5,0,大商所,2020
20200928,XDCE,Y,Y2108,N,20200925,21:01,2,3,6636.67,15,0,大商所,2020
20201022,XDCE,EB,EB2102,N,20201021,21:01,2,76,6240.47,5,0,大商所,2020
20201022,XDCE,EG,EG2012,N,20201021,21:01,2,49,3939.0,15,0,大商所,2020
20201022,XDCE,EG,EG2102,N,20201021,21:01,2,72,3976.5,5,0,大商所,2020
20201022,XDCE,EG,EG2103,N,20201021,21:01,2,2,4004.0,15,0,大商所,2020
20201022,XDCE,P,P2103,N,20201021,21:01,2,37,5932.6,5,0,大商所,2020
20201022,XDCE,PG,PG2101,N,20201021,21:01,2,108,3791.09,5,0,大商所,2020
20201022,XDCE,PP,PP2010,D,20201022,15:00,225,269,8196.0,15,0,大商所,2020
20201022,XDCE,V,V2103,N,20201021,21:01,2,9,6597.78,15,0,大商所,2020
20201022,XDCE,Y,Y2011,N,20201021,21:01,2,2,7138.0,15,0,大商所,2020
20201109,XDCE,I,I2107,N,20201106,21:04,5,1,707.0,15,0,大商所,2020
20201109,XDCE,J,J2104,N,20201106,21:02,3,15,2205.5,15,0,大商所,2020
20201109,XDCE,JM,JM2103,N,20201106,21:01,2,2,1274.0,15,0,大商所,2020
20201109,XDCE,L,L2102,N,20201106,21:01,2,120,7387.58,5,0,大商所,2020
20201109,XDCE,L,L2103,N,20201106,21:01,2,29,7349.48,5,0,大商所,2020
20201109,XDCE,M,M2108,N,20201106,21:01,2,1,3140.0,15,0,大商所,2020
20201109,XDCE,P,P2103,N,20201106,21:01,2,11,6360.91,5,0,大商所,2020
20201109,XDCE,Y,Y2108,N,20201106,21:01,2,3,6838.0,5,0,大商所,2020
20201125,XDCE,I,I2104,N,20201124,21:01,2,4,811.625,5,0,大商所,2020
20201125,XDCE,P,P2104,N,20201124,21:01,2,92,6493.02,5,0,大商所,2020
20201125,XDCE,PG,PG2011,D,20201125,15:00,225,396,3458.0,15,0,大商所,2020
20201125,XDCE,V,V2103,N,20201124,21:01,2,9,6941.67,5,0,大商所,2020
20201125,XDCE,V,V2104,N,20201124,21:01,2,4,6967.5,15,0,大商所,2020
20201211,XDCE,L,L2103,N,20201210,21:01,2,4,7857.5,5,0,大商所,2020
20201229,XDCE,EB,EB2103,N,20201228,21:01,2,73,6236.84,5,0,大商所,2020
20201229,XDCE,EB,EB2104,N,20201228,21:01,2,5,6323.6,5,0,大商所,2020
20201229,XDCE,JM,JM2103,N,20201228,21:01,2,54,1655.65,5,0,大商所,2020
20201229,XDCE,L,L2104,N,20201228,21:01,2,15,7614.0,5,0,大商所,2020
20210115,XDCE,FB,FB2101,D,20210115,15:00,226,30,1283.5,15,0,大商所,2021
20210115,XDCE,I,I2107,N,20210114,21:23,24,1,1021.5,15,0,大商所,2021
20210115,XDCE,JM,JM2102,N,20210114,21:03,4,5,1705.4,15,0,大商所,2021
20210115,XDCE,Y,Y2101,D,20210115,11:22,127,100,8698.0,15,0,大商所,2021
20210115,XDCE,Y,Y2108,N,20210114,21:01,2,3,7410.0,15,0,大商所,2021
20210202,XDCE,B,B2104,N,20210201,21:01,2,240,4089.5,5,0,大商所,2021
20210202,XDCE,EB,EB2106,N,20210201,21:01,2,21,7352.95,5,0,大商所,2021
20210202,XDCE,EG,EG2107,N,20210201,21:01,2,12,4561.33,15,0,大商所,2021
20210202,XDCE,I,I2107,N,20210201,21:01,2,5,940.0,15,0,大商所,2021
20210202,XDCE,J,J2107,N,20210201,21:01,2,1,2421.0,15,0,大商所,2021
20210202,XDCE,L,L2107,N,20210201,21:01,2,2,7860.0,15,0,大商所,2021
20210202,XDCE,V,V2107,N,20210201,21:01,2,9,7263.33,15,0,大商所,2021
20210225,XDCE,JM,JM2107,N,20210224,21:01,2,2,1463.5,15,0,大商所,2021
20210225,XDCE,L,L2107,N,20210224,21:01,2,5,8635.0,15,0,大商所,2021
20210225,XDCE,P,P2106,N,20210224,21:01,2,5,7312.0,5,0,大商所,2021
20210315,XDCE,EB,EB2107,N,20210312,21:02,3,2,8395.0,15,0,大商所,2021
20210315,XDCE,EG,EG2110,N,20210312,21:01,2,10,4973.6,15,0,大商所,2021
20210315,XDCE,EG,EG2111,N,20210312,21:01,2,9,4989.11,15,0,大商所,2021
20210315,XDCE,J,J2108,D,20210315,09:23,23,1,2194.0,15,0,大商所,2021
20210315,XDCE,L,L2107,D,20210315,09:11,11,25,9015.0,15,0,大商所,2021
20210315,XDCE,P,P2111,N,20210312,21:01,2,8,7081.5,5,0,大商所,2021
20210315,XDCE,PP,PP2111,N,20210312,21:01,2,1,8874.0,15,0,大商所,2021
20210315,XDCE,PP,PP2112,N,20210312,21:02,3,2,8871.5,15,0,大商所,2021
20210315,XDCE,V,V2111,N,20210312,21:01,2,3,8465.0,15,0,大商所,2021
20210331,XDCE,EG,EG2106,N,20210330,21:02,3,6,4895.0,5,0,大商所,2021
20210331,XDCE,EG,EG2111,N,20210330,21:01,2,8,4880.25,15,0,大商所,2021
20210331,XDCE,EG,EG2112,N,20210330,21:01,2,1,4911.0,15,0,大商所,2021
20210331,XDCE,I,I2112,N,20210330,21:01,2,1,913.5,15,0,大商所,2021
20210331,XDCE,L,L2111,N,20210330,21:01,2,18,8402.5,5,0,大商所,2021
20210331,XDCE,P,P2111,N,20210330,21:01,2,15,6537.33,5,0,大商所,2021
20210331,XDCE,V,V2107,N,20210330,21:05,6,2,8580.0,15,0,大商所,2021
20210331,XDCE,Y,Y2112,N,20210330,21:01,2,20,7686.6,5,0,大商所,2021
20210331,XDCE,Y,Y2201,N,20210330,21:01,2,34,7672.88,5,0,大商所,2021
20210419,XDCE,EB,EB2108,N,20210416,21:01,2,15,8568.67,5,0,大商所,2021
20210419,XDCE,EG,EG2106,N,20210416,21:06,7,4,4991.25,15,0,大商所,2021
20210419,XDCE,EG,EG2112,N,20210416,21:01,2,9,4913.0,15,0,大商所,2021
20210510,XDCE,B,B2109,N,20210507,21:01,2,2,4468.0,5,0,大商所,2021
20210510,XDCE,EG,EG2112,N,20210507,21:01,2,11,4996.0,15,0,大商所,2021
20210510,XDCE,J,J2105,N,20210507,21:16,17,13,2726.85,15,0,大商所,2021
20210510,XDCE,JM,JM2108,N,20210507,21:01,2,100,1905.5,15,0,大商所,2021
20210510,XDCE,PP,PP2112,N,20210507,21:01,2,6,8765.0,15,0,大商所,2021
20210510,XDCE,RR,RR2108,N,20210507,21:01,2,2,3649.0,5,0,大商所,2021
20210510,XDCE,V,V2201,N,20210507,21:01,2,7,8936.43,5,0,大商所,2021
20210526,XDCE,EB,EB2105,D,20210526,15:00,225,340,10183.0,15,0,大商所,2021
20210526,XDCE,EG,EG2112,N,20210525,21:01,2,2,4894.0,15,0,大商所,2021
20210526,XDCE,L,L2110,N,20210525,21:01,2,84,7790.06,5,0,大商所,2021
20210526,XDCE,P,P2110,N,20210525,21:01,2,330,7465.48,5,0,大商所,2021
20210526,XDCE,PG,PG2105,D,20210526,15:00,225,5,4156.0,15,0,大商所,2021
20210526,XDCE,PG,PG2109,N,20210525,21:01,2,12,4147.0,5,0,大商所,2021
20210526,XDCE,PP,PP2108,D,20210526,09:08,8,1,8350.0,15,0,大商所,2021
20210526,XDCE,PP,PP2112,N,20210525,21:01,2,6,8318.0,15,0,大商所,2021
20210526,XDCE,PP,PP2201,N,20210525,21:03,4,1,8280.0,15,0,大商所,2021
20210611,XDCE,EG,EG2112,N,20210610,21:01,2,6,4821.33,15,0,大商所,2021
20210611,XDCE,J,J2112,N,20210610,21:01,2,2,2541.75,15,0,大商所,2021
20210611,XDCE,P,P2111,N,20210610,21:01,2,13,7598.31,5,0,大商所,2021
20210611,XDCE,PP,PP2112,N,20210610,21:01,2,6,8123.33,15,0,大商所,2021
20210611,XDCE,Y,Y2108,D,20210611,09:48,48,1,8806.0,15,0,大商所,2021
20210630,XDCE,EG,EG2112,N,20210629,21:01,2,12,4996.0,15,0,大商所,2021
20210630,XDCE,J,J2112,N,20210629,21:01,2,2,2529.0,15,0,大商所,2021
20210630,XDCE,L,L2112,N,20210629,21:03,4,5,8140.0,15,0,大商所,2021
20210716,XDCE,B,B2110,N,20210715,21:01,2,10,4469.8,5,0,大商所,2021
20210716,XDCE,J,J2112,N,20210715,21:01,2,2,2547.0,15,0,大商所,2021
20210716,XDCE,JD,JD2111,D,20210716,09:01,2,2,4484.5,15,0,大商所,2021
20210716,XDCE,V,V2108,D,20210716,14:56,221,2,9427.5,15,0,大商所,2021
20210716,XDCE,V,V2112,N,20210715,21:04,5,1,8915.0,15,0,大商所,2021
20210803,XDCE,PG,PG2108,N,20210802,21:03,4,100,5225.0,15,0,大商所,2021
20210803,XDCE,PG,PG2111,N,20210802,21:01,2,5,5042.2,5,0,大商所,2021
20210819,XDCE,EG,EG2112,N,20210818,21:01,2,29,5059.1,5,0,大商所,2021
20210819,XDCE,PG,PG2112,N,20210818,21:01,2,7,5138.57,15,0,大商所,2021
20210906,XDCE,EB,EB2112,N,20210903,21:01,2,84,8738.66,5,0,大商所,2021
20210906,XDCE,EG,EG2112,N,20210903,21:01,2,56,5217.21,5,0,大商所,2021
20210906,XDCE,L,L2205,N,20210903,21:01,2,2,8295.0,15,0,大商所,2021
20210906,XDCE,PP,PP2111,N,20210903,21:01,2,140,8446.38,5,0,大商所,2021
20210924,XDCE,EB,EB2112,N,20210923,21:01,2,89,8973.06,5,0,大商所,2021
20210924,XDCE,I,I2112,N,20210923,21:01,2,26,677.058,5,0,大商所,2021
20210924,XDCE,I,I2202,N,20210923,21:01,2,77,663.11,5,0,大商所,2021
20210924,XDCE,L,L2205,N,20210923,21:01,2,123,8812.28,5,0,大商所,2021
20211019,XDCE,CS,CS2205,N,20211018,21:01,2,11,3061.36,5,0,大商所,2021
20211104,XDCE,EG,EG2111,D,20211104,09:01,1,2,5520.0,15,0,大商所,2021
20211104,XDCE,EG,EG2203,N,20211103,21:01,2,9,5583.89,5,0,大商所,2021
20211104,XDCE,EG,EG2204,N,20211103,21:03,4,2,5548.0,15,0,大商所,2021
20211104,XDCE,L,L2203,N,20211103,21:01,2,40,8856.35,5,0,大商所,2021
20211104,XDCE,PP,PP2203,N,20211103,21:01,2,17,8713.76,15,0,大商所,2021
20211122,XDCE,EG,EG2203,N,20211119,21:01,2,68,5022.09,5,0,大商所,2021
20211122,XDCE,EG,EG2204,N,20211119,21:01,2,6,5011.0,5,0,大商所,2021
20211208,XDCE,EG,EG2203,N,20211207,21:01,2,20,4897.75,5,0,大商所,2021
20211208,XDCE,JD,JD2206,D,20211208,09:02,3,5,4137.0,15,0,大商所,2021
20211208,XDCE,P,P2203,N,20211207,21:01,2,66,9108.55,5,0,大商所,2021
20211208,XDCE,PP,PP2112,D,20211208,09:17,17,5,8100.0,15,0,大商所,2021
20220112,XDCE,EB,EB2209,N,20220111,22:01,62,1,8571.0,15,0,大商所,2022
20220112,XDCE,M,M2201,N,20220111,21:26,27,5,3472.0,15,0,大商所,2022
20220112,XDCE,V,V2201,N,20220111,22:06,67,22,8345.0,15,0,大商所,2022
20220112,XDCE,Y,Y2201,D,20220112,09:04,4,21,9344.0,15,0,大商所,2022
20220128,XDCE,PP,PP2202,N,20220127,21:01,2,5,8575.8,15,0,大商所,2022
20220328,XDCE,B,B2209,N,20220325,21:10,11,1,5161.0,15,0,大商所,2022
20220328,XDCE,EG,EG2204,N,20220325,21:25,26,5,5273.0,15,0,大商所,2022
20220328,XDCE,PP,PP2204,D,20220328,09:05,5,2,9060.0,15,0,大商所,2022
20220328,XDCE,V,V2204,N,20220325,21:03,4,4,9185.0,15,0,大商所,2022
20220415,XDCE,PP,PP2301,N,20220414,21:04,5,1,8715.0,15,0,大商所,2022
20220524,XDCE,B,B2301,N,20220523,21:11,12,1,5121.0,15,0,大商所,2022
20220524,XDCE,JM,JM2301,N,20220523,21:01,2,1,2424.0,15,0,大商所,2022
20220610,XDCE,PP,PP2305,N,20220609,21:02,3,1,8859.0,15,0,大商所,2022
20220628,XDCE,PP,PP2211,N,20220627,21:01,2,4,8438.0,15,0,大商所,2022
20220714,XDCE,FB,FB2207,D,20220714,15:00,226,6,1358.5,15,0,大商所,2022
20220714,XDCE,M,M2207,D,20220714,15:00,225,1625,4036.0,15,0,大商所,2022
20220801,XDCE,EG,EG2208,N,20220729,21:02,3,46,4402.0,15,0,大商所,2022
20220801,XDCE,PP,PP2208,D,20220801,09:20,20,100,8051.0,15,0,大商所,2022
20220817,XDCE,B,B2301,N,20220816,22:48,109,1,4582.0,15,0,大商所,2022
20220817,XDCE,RR,RR2211,N,20220816,21:10,11,1,3434.0,15,0,大商所,2022
20220902,XDCE,EB,EB2305,N,20220901,21:01,2,1,7990.0,15,0,大商所,2022
20220902,XDCE,EG,EG2209,N,20220901,21:09,10,100,4018.0,15,0,大商所,2022
20221017,XDCE,L,L2210,D,20221017,09:10,10,20,8398.0,15,0,大商所,2022
20221017,XDCE,PG,PG2305,N,20221014,21:34,35,2,4701.0,15,0,大商所,2022
20221102,XDCE,EB,EB2211,D,20221102,10:49,94,50,8165.0,15,0,大商所,2022
20221102,XDCE,P,P2211,N,20221101,21:22,23,1,8338.0,15,0,大商所,2022
20221102,XDCE,PG,PG2305,N,20221101,21:11,12,2,5030.0,15,0,大商所,2022
20230110,XDCE,B,B2301,D,20230110,10:36,81,9,5090.0,15,0,大商所,2023
20230202,XDCE,EG,EG2302,D,20230202,09:08,8,1,4278.0,15,0,大商所,2023
20230202,XDCE,PG,PG2302,N,20230201,21:02,3,18,5254.0,15,0,大商所,2023
20230220,XDCE,B,B2309,N,20230217,21:10,11,1,4521.0,15,0,大商所,2023
20230606,XDCE,L,L2402,N,20230605,21:01,2,7,7624.43,15,0,大商所,2023
20230606,XDCE,L,L2403,N,20230605,21:01,2,7,7612.0,15,0,大商所,2023
20230606,XDCE,V,V2306,D,20230606,09:21,21,49,5644.0,15,0,大商所,2023
20230713,XDCE,EB,EB2307,D,20230713,09:20,20,7,7678.0,15,0,大商所,2023
20230713,XDCE,EG,EG2406,N,20230712,21:14,15,3,4290.0,15,0,大商所,2023
20230713,XDCE,P,P2307,D,20230713,10:31,76,156,7566.0,15,0,大商所,2023
20230713,XDCE,P,P2406,N,20230712,21:03,4,5,7428.0,15,0,大商所,2023
20230713,XDCE,Y,Y2307,D,20230713,10:41,86,6,8036.0,15,0,大商所,2023
20230731,XDCE,EB,EB2406,N,20230728,22:44,105,1,7832.0,15,0,大商所,2023
20230731,XDCE,PG,PG2402,N,20230728,21:05,6,1,4520.0,15,0,大商所,2023
20230731,XDCE,PP,PP2404,N,20230728,21:01,2,3,7414.0,15,0,大商所,2023
20230816,XDCE,B,B2405,N,20230815,21:02,3,1,4035.0,15,0,大商所,2023
20230816,XDCE,EB,EB2404,N,20230815,21:32,33,1,7724.0,15,0,大商所,2023
20230816,XDCE,PG,PG2404,N,20230815,21:30,31,1,4747.0,15,0,大商所,2023
20230901,XDCE,B,B2402,N,20230831,21:01,2,2,4556.0,15,0,大商所,2023
20230901,XDCE,B,B2404,N,20230831,21:01,2,3,4364.33,15,0,大商所,2023
20230901,XDCE,B,B2406,N,20230831,21:01,2,1,4202.0,15,0,大商所,2023
20230919,XDCE,B,B2402,N,20230918,21:01,2,2,4456.0,15,0,大商所,2023
20230919,XDCE,B,B2404,N,20230918,21:02,3,1,4205.0,15,0,大商所,2023
20230919,XDCE,B,B2406,N,20230918,21:03,4,1,4053.0,15,0,大商所,2023
20230919,XDCE,EB,EB2406,N,20230918,21:01,2,1,8754.0,15,0,大商所,2023
20230919,XDCE,EB,EB2407,N,20230918,21:01,2,2,8606.0,15,0,大商所,2023
20230919,XDCE,EB,EB2408,N,20230918,21:01,2,2,8572.0,15,0,大商所,2023
20230919,XDCE,EG,EG2403,N,20230918,21:01,2,3,4456.67,15,0,大商所,2023
20230919,XDCE,J,J2312,N,20230918,21:01,2,2,2494.5,15,0,大商所,2023
20230919,XDCE,J,J2403,N,20230918,21:01,2,1,2499.0,15,0,大商所,2023
20230919,XDCE,RR,RR2402,N,20230918,21:03,4,1,3656.0,15,0,大商所,2023
20230919,XDCE,RR,RR2403,N,20230918,21:03,4,1,3658.0,15,0,大商所,2023
20230919,XDCE,RR,RR2407,N,20230918,21:19,20,1,3704.0,15,0,大商所,2023
20231013,XDCE,EB,EB2406,N,20231012,21:28,29,1,8178.0,15,0,大商所,2023
20231013,XDCE,EB,EB2407,N,20231012,21:36,37,1,7992.0,15,0,大商所,2023
20231013,XDCE,EG,EG2406,D,20231013,09:13,13,3,4216.0,15,0,大商所,2023
20231013,XDCE,EG,EG2407,D,20231013,14:52,217,1,4251.0,15,0,大商所,2023
20231013,XDCE,RR,RR2403,N,20231012,21:12,13,1,3613.0,15,0,大商所,2023
20231013,XDCE,RR,RR2404,N,20231012,21:12,13,1,3629.0,15,0,大商所,2023
20231013,XDCE,RR,RR2406,N,20231012,21:01,2,2,3670.0,15,0,大商所,2023
20231013,XDCE,RR,RR2407,N,20231012,21:01,2,2,3687.0,15,0,大商所,2023
20231031,XDCE,B,B2407,N,20231030,21:01,2,1,4020.0,15,0,大商所,2023
20231031,XDCE,B,B2408,N,20231030,21:01,2,1,4028.0,15,0,大商所,2023
20231031,XDCE,EB,EB2404,N,20231030,21:01,2,33,8476.0,15,0,大商所,2023
20231031,XDCE,RR,RR2401,N,20231030,21:01,2,1,3545.0,15,0,大商所,2023
20231116,XDCE,CS,CS2409,N,20231115,21:05,6,1,2959.0,15,0,大商所,2023
20231116,XDCE,EB,EB2406,N,20231115,21:01,2,2,8431.0,15,0,大商所,2023
20231116,XDCE,J,J2402,N,20231115,21:01,2,6,2576.5,15,0,大商所,2023
20231116,XDCE,J,J2403,N,20231115,21:01,2,6,2560.0,15,0,大商所,2023
20231116,XDCE,JM,JM2407,N,20231115,22:53,114,10,1843.0,15,0,大商所,2023
20231116,XDCE,RR,RR2406,N,20231115,22:55,116,1,3637.0,15,0,大商所,2023
20231204,XDCE,EG,EG2312,D,20231204,10:07,67,46,4067.0,15,0,大商所,2023
20231204,XDCE,J,J2404,D,20231204,10:15,75,2,2640.5,15,0,大商所,2023
20231204,XDCE,JM,JM2404,N,20231201,21:01,2,2,2107.5,15,0,大商所,2023
20231204,XDCE,JM,JM2410,N,20231201,21:43,44,1,1985.0,15,0,大商所,2023
20231204,XDCE,PG,PG2312,N,20231201,21:02,3,10,4785.0,15,0,大商所,2023
20231204,XDCE,PG,PG2406,N,20231201,21:02,3,4,4622.0,15,0,大商所,2023
20231204,XDCE,V,V2407,N,20231201,21:01,2,1,6076.0,15,0,大商所,2023
20231220,XDCE,A,A2407,N,20231219,21:01,2,14,4779.64,15,0,大商所,2023
20231220,XDCE,EB,EB2312,D,20231220,15:00,225,176,8400.0,15,0,大商所,2023
20231220,XDCE,EB,EB2408,N,20231219,22:08,69,1,8153.0,15,0,大商所,2023
20231220,XDCE,J,J2408,N,20231219,22:32,93,1,2531.5,15,0,大商所,2023
20231220,XDCE,P,P2408,N,20231219,21:01,2,8,7042.0,15,0,大商所,2023
20231220,XDCE,PG,PG2410,N,20231219,21:01,2,1,4852.0,15,0,大商所,2023
20231220,XDCE,PG,PG2411,N,20231219,21:01,2,1,4760.0,15,0,大商所,2023
20240108,XDCE,A,A2411,N,20240105,21:01,2,1,4742.0,15,0,大商所,2024
20240108,XDCE,PP,PP2407,N,20240105,21:01,2,11,7383.0,15,0,大商所,2024
20240108,XDCE,RR,RR2409,D,20240108,09:16,16,1,3569.0,15,0,大商所,2024
20240108,XDCE,V,V2408,N,20240105,21:01,2,1,5916.0,15,0,大商所,2024
20240124,XDCE,EB,EB2411,N,20240123,21:43,44,2,8447.0,15,0,大商所,2024
20240124,XDCE,EB,EB2412,N,20240123,21:43,44,2,8412.5,15,0,大商所,2024
20240124,XDCE,EG,EG2407,N,20240123,21:09,10,4,4623.0,15,0,大商所,2024
20240124,XDCE,EG,EG2408,N,20240123,21:48,49,1,4608.0,15,0,大商所,2024
20240124,XDCE,EG,EG2410,N,20240123,21:49,50,1,4583.0,15,0,大商所,2024
20240124,XDCE,J,J2403,N,20240123,21:21,22,1,2355.5,15,0,大商所,2024
20240124,XDCE,J,J2404,N,20240123,21:21,22,1,2469.0,15,0,大商所,2024
20240124,XDCE,J,J2406,N,20240123,22:27,88,1,2469.5,15,0,大商所,2024
20240124,XDCE,PG,PG2407,N,20240123,21:32,33,1,4542.0,15,0,大商所,2024
20240124,XDCE,PG,PG2411,N,20240123,22:16,77,1,4745.0,15,0,大商所,2024
20240124,XDCE,PG,PG2412,N,20240123,22:16,77,1,4685.0,15,0,大商所,2024
20240124,XDCE,PP,PP2410,N,20240123,21:01,2,2,7446.0,15,0,大商所,2024
20240124,XDCE,V,V2407,N,20240123,21:01,2,5,5977.0,15,0,大商所,2024
20240219,XGFE,SI,SI2402,D,20240219,09:25,26,64,13415.0,15,0,广期所,2024
20240219,XDCE,B,B2406,D,20240219,09:01,1,3,3492.0,15,0,大商所,2024
20240219,XDCE,B,B2408,D,20240219,09:03,3,2,3582.0,15,0,大商所,2024
20240219,XDCE,B,B2411,D,20240219,09:15,15,2,3633.5,15,0,大商所,2024
20240219,XDCE,JM,JM2403,D,20240219,09:07,7,2,1680.0,15,0,大商所,2024
20240219,XDCE,JM,JM2404,D,20240219,09:07,7,2,1685.0,15,0,大商所,2024
20240219,XDCE,L,L2408,D,20240219,09:01,1,1,8224.0,15,0,大商所,2024
20240219,XDCE,L,L2411,D,20240219,10:58,103,1,8180.0,15,0,大商所,2024
20240219,XDCE,PG,PG2410,D,20240219,09:01,1,1,4710.0,15,0,大商所,2024
20240219,XDCE,V,V2407,D,20240219,09:02,2,2,5956.0,15,0,大商所,2024
20240219,XDCE,V,V2411,D,20240219,09:01,1,1,6049.0,15,0,大商所,2024
20240306,XDCE,EG,EG2407,N,20240305,21:01,2,7,4571.71,15,0,大商所,2024
20240306,XDCE,P,P2407,N,20240305,21:01,2,3,7262.67,15,0,大商所,2024
20240306,XDCE,PG,PG2408,N,20240305,21:01,2,1,4384.0,15,0,大商所,2024
20240306,XDCE,PG,PG2412,N,20240305,21:26,27,1,4632.0,15,0,大商所,2024
20240306,XDCE,V,V2407,N,20240305,21:01,2,3,5980.0,15,0,大商所,2024
20240306,XDCE,Y,Y2412,N,20240305,21:01,2,3,7376.0,15,0,大商所,2024
20240322,XDCE,EB,EB2412,N,20240321,22:24,85,1,8804.0,15,0,大商所,2024
20240322,XDCE,EG,EG2407,N,20240321,21:01,2,1,4552.0,15,0,大商所,2024
20240322,XDCE,EG,EG2408,N,20240321,21:01,2,4,4575.75,15,0,大商所,2024
20240322,XDCE,J,J2501,N,20240321,21:02,3,1,2235.0,15,0,大商所,2024
20240322,XDCE,JM,JM2404,N,20240321,21:08,9,3,1583.5,15,0,大商所,2024
20240322,XDCE,L,L2404,D,20240322,09:23,23,1,8287.0,15,0,大商所,2024
20240322,XDCE,PP,PP2502,D,20240322,09:08,8,2,7595.0,15,0,大商所,2024
20240322,XDCE,V,V2410,N,20240321,21:01,2,1,6153.0,15,0,大商所,2024
20240322,XDCE,Y,Y2412,N,20240321,21:01,2,6,7814.0,15,0,大商所,2024
20240411,XGFE,SI,SI2404,D,20240411,10:10,71,29,12140.0,15,0,广期所,2024
20240411,XDCE,EG,EG2407,N,20240410,21:01,2,1,4484.0,15,0,大商所,2024
20240411,XDCE,EG,EG2501,N,20240410,21:01,2,2,4582.0,15,0,大商所,2024
20240411,XDCE,I,I2404,D,20240411,15:00,225,20,834.5,15,0,大商所,2024
20240411,XDCE,L,L2407,N,20240410,21:01,2,1,8374.0,15,0,大商所,2024
20240411,XDCE,L,L2408,N,20240410,21:01,2,1,8372.0,15,0,大商所,2024
20240411,XDCE,L,L2502,D,20240411,11:11,116,1,8314.0,15,0,大商所,2024
20240411,XDCE,L,L2503,D,20240411,11:11,116,1,8322.0,15,0,大商所,2024
20240411,XDCE,P,P2503,N,20240410,21:02,3,29,7728.0,15,0,大商所,2024
20240411,XDCE,PG,PG2410,N,20240410,21:03,4,2,5042.0,15,0,大商所,2024
20240411,XDCE,PP,PP2407,N,20240410,21:01,2,1,7571.0,15,0,大商所,2024
20240411,XDCE,Y,Y2503,N,20240410,21:02,3,29,7759.93,15,0,大商所,2024
20240429,XDCE,B,B2411,N,20240426,21:01,2,1,3957.0,15,0,大商所,2024
20240429,XDCE,EB,EB2410,N,20240426,21:15,16,8,9184.0,15,0,大商所,2024
20240429,XDCE,EG,EG2412,N,20240426,21:50,51,1,4521.0,15,0,大商所,2024
20240429,XDCE,I,I2411,N,20240426,21:01,2,2,867.5,15,0,大商所,2024
20240429,XDCE,I,I2412,N,20240426,21:01,2,2,858.5,15,0,大商所,2024
20240429,XDCE,J,J2501,N,20240426,21:08,9,1,2399.0,15,0,大商所,2024
20240429,XDCE,L,L2408,N,20240426,21:01,2,2,8451.0,15,0,大商所,2024
20240429,XDCE,P,P2502,N,20240426,21:03,4,1,7356.0,15,0,大商所,2024
20240520,XDCE,EG,EG2410,N,20240517,21:01,2,2,4541.5,15,0,大商所,2024
20240520,XDCE,J,J2406,N,20240517,21:03,4,13,2171.5,15,0,大商所,2024
20240520,XDCE,JM,JM2410,N,20240517,21:04,5,1,1756.0,15,0,大商所,2024
20240520,XDCE,L,L2406,N,20240517,21:01,2,3,8559.67,15,0,大商所,2024
20240520,XDCE,L,L2410,N,20240517,21:01,2,3,8606.0,15,0,大商所,2024
20240520,XDCE,L,L2411,N,20240517,21:01,2,3,8589.33,15,0,大商所,2024
20240520,XDCE,P,P2412,N,20240517,21:01,2,13,7640.61,15,0,大商所,2024
20240605,XDCE,B,B2406,D,20240605,13:36,141,3,3838.0,15,0,大商所,2024
20240605,XDCE,B,B2411,N,20240604,21:01,2,3,4017.0,15,0,大商所,2024
20240605,XDCE,B,B2504,D,20240605,09:10,10,1,3815.0,15,0,大商所,2024
20240605,XDCE,EB,EB2504,N,20240604,22:47,108,1,9059.0,15,0,大商所,2024
20240605,XDCE,EG,EG2411,N,20240604,21:18,19,4,4624.0,15,0,大商所,2024
20240605,XDCE,JM,JM2408,N,20240604,21:13,14,1,1543.5,15,0,大商所,2024
20240605,XDCE,L,L2410,N,20240604,21:01,2,1,8497.0,15,0,大商所,2024
20240605,XDCE,L,L2411,N,20240604,21:01,2,1,8509.0,15,0,大商所,2024
20240605,XDCE,RR,RR2501,N,20240604,21:01,2,1,3571.0,15,0,大商所,2024
20240605,XDCE,RR,RR2502,N,20240604,21:01,2,1,3575.0,15,0,大商所,2024
20240624,XDCE,EB,EB2503,N,20240621,22:25,86,1,8814.0,15,0,大商所,2024
20240624,XDCE,L,L2411,N,20240621,21:01,2,3,8660.67,15,0,大商所,2024
20240624,XDCE,PG,PG2502,D,20240624,09:34,34,2,4878.5,15,0,大商所,2024
20240624,XDCE,PG,PG2504,N,20240621,21:34,35,1,5095.0,15,0,大商所,2024
20240624,XDCE,PP,PP2412,N,20240621,21:06,7,4,7766.5,15,0,大商所,2024
20240624,XDCE,RR,RR2502,D,20240624,09:01,1,1,3559.0,15,0,大商所,2024
20240624,XDCE,V,V2411,N,20240621,21:01,2,3,6192.0,15,0,大商所,2024
20240624,XDCE,V,V2502,N,20240621,21:08,9,1,6282.0,15,0,大商所,2024
20240710,XGFE,SI,SI2407,D,20240710,09:39,40,1,11150.0,15,0,广期所,2024
20240710,XDCE,CS,CS2503,N,20240709,21:02,3,5,2778.0,15,0,大商所,2024
20240710,XDCE,EB,EB2407,N,20240709,21:46,47,14,9420.0,15,0,大商所,2024
20240710,XDCE,EB,EB2502,N,20240709,21:02,3,3,8754.33,15,0,大商所,2024
20240710,XDCE,EB,EB2503,N,20240709,21:02,3,2,8775.0,15,0,大商所,2024
20240710,XDCE,EB,EB2504,N,20240709,21:17,18,1,8845.0,15,0,大商所,2024
20240710,XDCE,EG,EG2504,N,20240709,21:31,32,2,4690.0,15,0,大商所,2024
20240710,XDCE,EG,EG2505,N,20240709,21:31,32,2,4680.0,15,0,大商所,2024
20240710,XDCE,I,I2503,N,20240709,21:01,2,1,815.0,15,0,大商所,2024
20240710,XDCE,J,J2410,D,20240710,10:42,87,1,2286.0,15,0,大商所,2024
20240710,XDCE,L,L2407,D,20240710,09:30,30,1,8365.0,15,0,大商所,2024
20240710,XDCE,L,L2411,N,20240709,21:01,2,5,8463.0,15,0,大商所,2024
20240710,XDCE,L,L2503,N,20240709,21:01,2,2,8448.0,15,0,大商所,2024
20240710,XDCE,L,L2504,N,20240709,21:01,2,2,8466.0,15,0,大商所,2024
20240710,XDCE,L,L2506,N,20240709,21:01,2,2,8454.0,15,0,大商所,2024
20240710,XDCE,P,P2412,N,20240709,21:01,2,2,7710.0,15,0,大商所,2024
20240710,XDCE,PG,PG2411,N,20240709,21:01,2,2,5138.0,15,0,大商所,2024
20240710,XDCE,PG,PG2502,D,20240710,10:47,92,2,4822.0,15,0,大商所,2024
20240710,XDCE,PG,PG2503,N,20240709,22:09,70,1,4646.0,15,0,大商所,2024
20240710,XDCE,PG,PG2504,N,20240709,22:09,70,1,4993.0,15,0,大商所,2024
20240710,XDCE,PP,PP2412,N,20240709,21:01,2,3,7762.0,15,0,大商所,2024
20240710,XDCE,V,V2411,N,20240709,21:01,2,1,6065.0,15,0,大商所,2024
20240726,XDCE,B,B2412,N,20240725,21:02,3,2,3789.0,15,0,大商所,2024
20240726,XDCE,EB,EB2407,D,20240726,15:00,225,23,9243.0,15,0,大商所,2024
20240726,XDCE,EB,EB2505,N,20240725,21:29,30,5,8397.4,15,0,大商所,2024
20240726,XDCE,EG,EG2411,N,20240725,21:01,2,5,4620.0,15,0,大商所,2024
20240726,XDCE,EG,EG2412,N,20240725,21:01,2,5,4625.6,15,0,大商所,2024
20240726,XDCE,EG,EG2502,N,20240725,21:02,3,5,4617.0,15,0,大商所,2024
20240726,XDCE,I,I2504,N,20240725,21:01,2,4,743.0,15,0,大商所,2024
20240726,XDCE,PG,PG2502,N,20240725,21:03,4,1,4627.0,15,0,大商所,2024
20240726,XDCE,PG,PG2503,N,20240725,21:03,4,1,4461.0,15,0,大商所,2024
20240726,XDCE,PP,PP2502,N,20240725,21:04,5,1,7557.0,15,0,大商所,2024
20240726,XDCE,Y,Y2408,N,20240725,21:16,17,1,7714.0,15,0,大商所,2024
20240813,XDCE,EB,EB2408,N,20240812,21:03,4,100,9429.0,15,0,大商所,2024
20240813,XDCE,EG,EG2410,N,20240812,21:01,2,9,4566.11,15,0,大商所,2024
20240813,XDCE,EG,EG2411,N,20240812,21:01,2,9,4584.44,15,0,大商所,2024
20240813,XDCE,EG,EG2502,N,20240812,21:01,2,3,4607.0,15,0,大商所,2024
20240813,XDCE,M,M2408,N,20240812,21:15,16,61,2969.0,15,0,大商所,2024
20240813,XDCE,RR,RR2503,N,20240812,21:01,2,1,3556.0,15,0,大商所,2024
20240813,XDCE,RR,RR2504,N,20240812,21:01,2,1,3566.0,15,0,大商所,2024
20240829,XDCE,L,L2502,N,20240828,21:01,2,1,8100.0,15,0,大商所,2024
20240829,XDCE,P,P2504,N,20240828,21:01,2,4,7928.0,15,0,大商所,2024
20240829,XDCE,PP,PP2502,N,20240828,21:25,26,1,7589.0,15,0,大商所,2024
20240829,XDCE,PP,PP2504,D,20240829,09:30,30,1,7578.0,15,0,大商所,2024
20240829,XDCE,RR,RR2503,N,20240828,21:01,2,1,3566.0,15,0,大商所,2024
20240829,XDCE,RR,RR2504,N,20240828,21:01,2,1,3584.0,15,0,大商所,2024
20240918,XDCE,EG,EG2412,D,20240918,09:01,1,7,4434.0,15,0,大商所,2024
20240918,XDCE,P,P2502,D,20240918,09:01,1,1,7746.0,15,0,大商所,2024
20240918,XDCE,P,P2504,D,20240918,09:01,1,1,7708.0,15,0,大商所,2024
20240918,XDCE,PG,PG2506,D,20240918,09:45,45,1,4362.0,15,0,大商所,2024
20240918,XDCE,PG,PG2507,D,20240918,09:45,45,1,4289.0,15,0,大商所,2024
20241011,XDCE,B,B2503,N,20241010,21:01,2,16,3604.0,15,0,大商所,2024
20241011,XDCE,B,B2507,N,20241010,21:01,2,1,3472.0,15,0,大商所,2024
20241011,XDCE,B,B2508,N,20241010,21:01,2,1,3530.0,15,0,大商所,2024
20241011,XDCE,I,I2410,D,20241011,11:18,123,1,786.0,15,0,大商所,2024
20241011,XDCE,I,I2508,N,20241010,21:01,2,1,754.5,15,0,大商所,2024
20241011,XDCE,L,L2504,N,20241010,22:35,96,2,8200.5,15,0,大商所,2024
20241011,XDCE,L,L2508,D,20241011,13:47,152,2,8176.5,15,0,大商所,2024
20241011,XDCE,P,P2410,N,20241010,21:18,19,20,8898.0,15,0,大商所,2024
20241011,XDCE,P,P2506,N,20241010,21:02,3,5,8302.4,15,0,大商所,2024
20241011,XDCE,P,P2507,N,20241010,21:02,3,1,8200.0,15,0,大商所,2024
20241011,XDCE,V,V2410,N,20241010,21:02,3,60,5444.0,15,0,大商所,2024
20241011,XDCE,V,V2506,N,20241010,21:01,2,5,5854.0,15,0,大商所,2024
20241011,XDCE,V,V2507,N,20241010,21:01,2,5,5885.2,15,0,大商所,2024
20241011,XDCE,Y,Y2507,N,20241010,21:01,2,1,7712.0,15,0,大商所,2024
20241029,XDCE,EB,EB2506,N,20241028,21:44,45,1,8577.0,15,0,大商所,2024
20241029,XDCE,JD,JD2508,D,20241029,09:03,4,1,4060.0,15,0,大商所,2024
20241029,XDCE,P,P2504,N,20241028,21:01,2,3,8998.0,15,0,大商所,2024
20241029,XDCE,P,P2506,N,20241028,21:01,2,3,8770.0,15,0,大商所,2024
20241029,XDCE,PG,PG2508,N,20241028,22:25,86,4,4426.5,15,0,大商所,2024
20241029,XDCE,PP,PP2508,N,20241028,21:57,58,2,7540.0,15,0,大商所,2024
20241029,XDCE,RR,RR2503,N,20241028,21:01,2,1,3560.0,15,0,大商所,2024
20241029,XDCE,RR,RR2504,N,20241028,21:01,2,1,3570.0,15,0,大商所,2024
20241029,XDCE,V,V2504,N,20241028,21:01,2,14,5829.0,15,0,大商所,2024
20241029,XDCE,V,V2506,N,20241028,21:01,2,14,5889.0,15,0,大商所,2024
20241029,XDCE,V,V2507,N,20241028,21:01,2,14,5927.0,15,0,大商所,2024
20241114,XDCE,B,B2506,N,20241113,21:01,2,2,3589.5,15,0,大商所,2024
20241114,XDCE,B,B2507,N,20241113,21:01,2,2,3604.0,15,0,大商所,2024
20241114,XDCE,FB,FB2411,D,20241114,15:00,226,1,1387.5,15,0,大商所,2024
20241114,XDCE,I,I2411,D,20241114,15:00,225,1,783.0,15,0,大商所,2024
20241114,XDCE,L,L2411,D,20241114,15:00,225,22,8215.0,15,0,大商所,2024
20241114,XDCE,PG,PG2508,N,20241113,21:30,31,2,4283.0,15,0,大商所,2024
20241114,XDCE,PP,PP2411,D,20241114,15:00,225,3,7377.0,15,0,大商所,2024
20241114,XDCE,PP,PP2508,N,20241113,21:01,2,1,7468.0,15,0,大商所,2024
20241114,XDCE,PP,PP2509,N,20241113,21:01,2,1,7457.0,15,0,大商所,2024
20241114,XDCE,V,V2411,D,20241114,09:51,51,80,5249.0,15,0,大商所,2024
20241202,XDCE,B,B2506,N,20241129,21:02,3,5,3456.0,15,0,大商所,2024
20241202,XDCE,B,B2507,N,20241129,21:02,3,5,3470.0,15,0,大商所,2024
20241202,XDCE,EG,EG2412,N,20241129,22:41,102,1,4821.0,15,0,大商所,2024
20241202,XDCE,P,P2506,N,20241129,21:01,2,5,9182.4,15,0,大商所,2024
20241202,XDCE,P,P2507,N,20241129,21:01,2,2,8976.0,15,0,大商所,2024
20241202,XDCE,PP,PP2412,N,20241129,22:14,75,1,7511.0,15,0,大商所,2024
20241202,XDCE,PP,PP2504,N,20241129,21:01,2,5,7533.0,15,0,大商所,2024
20241202,XDCE,RR,RR2503,N,20241129,21:01,2,2,3481.5,15,0,大商所,2024
20241202,XDCE,RR,RR2504,N,20241129,21:01,2,2,3500.5,15,0,大商所,2024
20241202,XDCE,RR,RR2505,N,20241129,21:01,2,2,3571.0,15,0,大商所,2024
20241202,XDCE,V,V2506,N,20241129,21:01,2,1,5557.0,15,0,大商所,2024
20241202,XDCE,V,V2507,N,20241129,21:01,2,1,5596.0,15,0,大商所,2024
20241218,XDCE,A,A2511,N,20241217,21:01,2,1,3878.0,15,0,大商所,2024
20241218,XDCE,EB,EB2412,N,20241217,21:02,3,30,8561.0,15,0,大商所,2024
20241218,XDCE,I,I2504,N,20241217,21:01,2,10,800.0,15,0,大商所,2024
20250106,XDCE,EG,EG2501,D,20250106,10:37,82,50,4616.0,15,0,大商所,2025
20250122,XDCE,B,B2510,N,20250121,21:01,2,2,3631.5,15,0,大商所,2025
20250122,XDCE,EB,EB2501,D,20250122,15:00,225,9,8409.0,15,0,大商所,2025
20250122,XDCE,EB,EB2508,N,20250121,21:57,58,1,8395.0,15,0,大商所,2025
20250122,XDCE,I,I2507,N,20250121,21:01,2,4,790.75,15,0,大商所,2025
20250122,XDCE,I,I2508,N,20250121,21:01,2,2,784.0,15,0,大商所,2025
20250122,XDCE,J,J2509,N,20250121,21:01,2,2,1831.0,15,0,大商所,2025
20250122,XDCE,RR,RR2507,N,20250121,21:01,2,1,3508.0,15,0,大商所,2025
20250122,XDCE,RR,RR2508,N,20250121,21:01,2,1,3516.0,15,0,大商所,2025
20250217,XGFE,SI,SI2502,D,20250217,13:45,151,76,10660.0,15,0,广期所,2025
20250217,XDCE,EB,EB2502,D,20250217,15:00,225,1,8394.0,15,0,大商所,2025
20250217,XDCE,I,I2502,D,20250217,09:12,12,1,820.0,15,0,大商所,2025
20250217,XDCE,L,L2601,N,20250214,21:01,2,4,7741.5,15,0,大商所,2025
20250217,XDCE,P,P2508,N,20250214,21:18,19,5,8636.0,15,0,大商所,2025
20250217,XDCE,PP,PP2601,N,20250214,21:05,6,1,7393.0,15,0,大商所,2025
20250217,XDCE,Y,Y2601,N,20250214,21:01,2,1,7868.0,15,0,大商所,2025
20250305,XDCE,M,M2503,N,20250304,21:11,12,6,3548.0,15,0,大商所,2025
20250305,XDCE,PG,PG2510,N,20250304,22:00,61,1,4557.0,15,0,大商所,2025
20250305,XDCE,PG,PG2512,N,20250304,22:00,61,1,4440.0,15,0,大商所,2025
20250305,XDCE,PP,PP2511,N,20250304,22:39,100,10,7350.0,15,0,大商所,2025
20250327,XDCE,L,L2507,N,20250326,21:01,2,1,7609.0,15,0,大商所,2025
20250327,XDCE,L,L2510,N,20250326,21:38,39,2,7594.0,15,0,大商所,2025
20250327,XDCE,L,L2511,N,20250326,21:38,39,2,7587.5,15,0,大商所,2025
20250327,XDCE,LG,LG2511,D,20250327,09:13,14,1,856.0,15,0,大商所,2025
20250327,XDCE,V,V2508,N,20250326,21:01,2,12,5211.5,15,0,大商所,2025
20250415,XGFE,LC,LC2504,D,20250415,09:16,17,100,71000.0,15,0,广期所,2025
20250415,XDCE,B,B2601,N,20250414,21:01,2,2,3717.0,15,0,大商所,2025
20250415,XDCE,I,I2504,D,20250415,15:00,225,9,790.0,15,0,大商所,2025
20250415,XDCE,JM,JM2511,N,20250414,21:12,13,1,1039.5,15,0,大商所,2025
20250415,XDCE,JM,JM2512,N,20250414,21:12,13,1,1049.5,15,0,大商所,2025
20250415,XDCE,L,L2508,N,20250414,21:01,2,4,7291.0,15,0,大商所,2025
20250415,XDCE,L,L2511,N,20250414,21:02,3,2,7246.0,15,0,大商所,2025
20250415,XDCE,P,P2504,D,20250415,15:00,225,12,9366.0,15,0,大商所,2025
20250415,XDCE,P,P2602,N,20250414,22:02,63,2,8102.0,15,0,大商所,2025
20250415,XDCE,PG,PG2601,N,20250414,21:04,5,2,4206.5,15,0,大商所,2025
20250415,XDCE,PP,PP2504,D,20250415,15:00,225,6,7244.0,15,0,大商所,2025
20250506,XDCE,EB,EB2511,D,20250506,09:01,1,7,6720.0,15,0,大商所,2025
20250506,XDCE,P,P2511,D,20250506,09:01,1,3,8116.0,15,0,大商所,2025
20250506,XDCE,V,V2602,D,20250506,09:17,17,4,5106.0,15,0,大商所,2025
20250522,XDCE,EG,EG2508,N,20250521,21:02,3,2,4424.5,15,0,大商所,2025
20250522,XDCE,J,J2510,N,20250521,22:11,72,1,1435.5,15,0,大商所,2025
20250522,XDCE,LG,LG2601,D,20250522,09:07,8,1,813.0,15,0,大商所,2025
20250522,XDCE,LG,LG2603,D,20250522,09:07,8,1,818.0,15,0,大商所,2025
20250522,XDCE,PG,PG2510,N,20250521,21:04,5,1,4405.0,15,0,大商所,2025
20250522,XDCE,PP,PP2508,N,20250521,21:01,2,2,7063.0,15,0,大商所,2025
20250522,XDCE,V,V2508,N,20250521,21:01,2,4,4936.0,15,0,大商所,2025
20250610,XDCE,B,B2602,N,20250609,21:12,13,1,3632.0,15,0,大商所,2025
20250610,XDCE,B,B2603,N,20250609,21:01,2,5,3536.0,15,0,大商所,2025
20250610,XDCE,B,B2604,N,20250609,21:01,2,5,3455.0,15,0,大商所,2025
20250610,XDCE,CS,CS2605,N,20250609,21:01,2,4,2667.0,15,0,大商所,2025
20250610,XDCE,EB,EB2602,N,20250609,21:01,2,2,6910.5,15,0,大商所,2025
20250610,XDCE,EB,EB2603,N,20250609,21:01,2,2,6907.5,15,0,大商所,2025
20250610,XDCE,EG,EG2602,N,20250609,22:04,65,1,4253.0,15,0,大商所,2025
20250610,XDCE,EG,EG2603,N,20250609,22:04,65,1,4258.0,15,0,大商所,2025
20250610,XDCE,J,J2507,N,20250609,21:05,6,1,1314.5,15,0,大商所,2025
20250610,XDCE,J,J2602,N,20250609,21:08,9,1,1381.0,15,0,大商所,2025
20250610,XDCE,J,J2603,N,20250609,21:08,9,1,1380.5,15,0,大商所,2025
20250610,XDCE,JD,JD2602,D,20250610,09:01,2,1,3144.0,15,0,大商所,2025
20250610,XDCE,JD,JD2603,D,20250610,09:01,2,1,3147.0,15,0,大商所,2025
20250610,XDCE,PG,PG2511,N,20250609,21:01,2,2,4189.5,15,0,大商所,2025
20250610,XDCE,PG,PG2512,N,20250609,21:01,2,7,4121.86,15,0,大商所,2025
20250610,XDCE,PG,PG2601,N,20250609,21:01,2,7,4047.0,15,0,大商所,2025
20250610,XDCE,PG,PG2602,N,20250609,21:01,2,4,3981.0,15,0,大商所,2025
20250627,XDCE,J,J2507,N,20250626,21:08,9,11,1339.0,15,0,大商所,2025
20250627,XDCE,J,J2605,N,20250626,21:06,7,1,1474.5,15,0,大商所,2025
20250627,XDCE,P,P2511,N,20250626,21:13,14,2,8353.0,15,0,大商所,2025
20250627,XDCE,P,P2602,N,20250626,21:01,2,2,8337.0,15,0,大商所,2025
20250627,XDCE,P,P2604,N,20250626,21:01,2,2,8267.0,15,0,大商所,2025
20250627,XDCE,PG,PG2602,N,20250626,21:35,36,1,4199.0,15,0,大商所,2025
20250627,XDCE,PG,PG2603,N,20250626,21:35,36,1,4103.0,15,0,大商所,2025
20250627,XDCE,PG,PG2604,N,20250626,21:03,4,1,4390.0,15,0,大商所,2025
20250627,XDCE,PG,PG2605,N,20250626,21:03,4,1,4288.0,15,0,大商所,2025
20250627,XDCE,V,V2604,N,20250626,21:02,3,4,5069.25,15,0,大商所,2025
20250715,XDCE,EB,EB2507,N,20250714,22:29,90,90,7508.0,15,0,大商所,2025
20250715,XDCE,EG,EG2602,N,20250714,21:05,6,1,4362.0,15,0,大商所,2025
20250715,XDCE,EG,EG2603,N,20250714,21:05,6,1,4364.0,15,0,大商所,2025
20250715,XDCE,L,L2603,N,20250714,21:13,14,2,7265.5,15,0,大商所,2025
20250715,XDCE,P,P2511,N,20250714,21:01,2,1,8740.0,15,0,大商所,2025
20250715,XDCE,P,P2512,N,20250714,21:09,10,2,8739.0,15,0,大商所,2025
20250715,XDCE,P,P2602,N,20250714,21:09,10,2,8688.0,15,0,大商所,2025
20250715,XDCE,P,P2603,N,20250714,21:09,10,3,8644.67,15,0,大商所,2025
20250715,XDCE,P,P2604,N,20250714,21:09,10,2,8582.0,15,0,大商所,2025
20250715,XDCE,P,P2606,N,20250714,21:01,2,1,8472.0,15,0,大商所,2025
20250804,XGFE,SI,SI2508,D,20250804,09:07,8,50,8500.0,15,0,广期所,2025
20250804,XDCE,B,B2603,N,20250801,21:07,8,1,3631.0,15,0,大商所,2025
20250804,XDCE,CS,CS2607,N,20250801,21:15,16,1,2629.0,15,0,大商所,2025
20250804,XDCE,EB,EB2603,N,20250801,21:10,11,1,7386.0,15,0,大商所,2025
20250804,XDCE,J,J2508,D,20250804,14:08,173,10,1598.0,15,0,大商所,2025
20250804,XDCE,L,L2508,D,20250804,13:31,136,50,7262.0,15,0,大商所,2025
20250804,XDCE,M,M2508,N,20250801,21:33,34,10,3004.0,15,0,大商所,2025
20250804,XDCE,P,P2603,N,20250801,21:03,4,2,8856.0,15,0,大商所,2025
20250804,XDCE,PG,PG2604,N,20250801,21:04,5,1,4373.0,15,0,大商所,2025
20250820,XDCE,PG,PG2602,N,20250819,21:03,4,3,4066.0,15,0,大商所,2025
20250820,XDCE,PG,PG2606,N,20250819,22:02,63,1,4111.0,15,0,大商所,2025
20250820,XDCE,PG,PG2607,N,20250819,22:02,63,1,4056.0,15,0,大商所,2025
20250908,XGFE,SI,SI2509,D,20250908,14:42,208,13,8825.0,15,0,广期所,2025
20250908,XDCE,A,A2509,D,20250908,15:00,225,8,4067.0,15,0,大商所,2025
20250908,XDCE,J,J2606,N,20250905,21:01,2,2,1741.5,15,0,大商所,2025
20250908,XDCE,J,J2607,N,20250905,21:01,2,2,1775.0,15,0,大商所,2025
20250908,XDCE,J,J2608,N,20250905,21:01,2,2,1759.5,15,0,大商所,2025
20250908,XDCE,M,M2509,D,20250908,09:10,10,1,3032.0,15,0,大商所,2025
20250908,XDCE,PG,PG2605,N,20250905,22:45,106,25,4295.0,15,0,大商所,2025
20250908,XDCE,PP,PP2606,N,20250905,22:03,64,7,6936.0,15,0,大商所,2025
20250908,XDCE,Y,Y2509,D,20250908,15:00,225,242,8420.0,15,0,大商所,2025
20250924,XDCE,EG,EG2512,N,20250923,21:03,4,1,4199.0,15,0,大商所,2025
20250924,XDCE,J,J2510,N,20250923,21:04,5,2,1622.5,15,0,大商所,2025
20250924,XDCE,JM,JM2608,N,20250923,21:02,3,2,1362.0,15,0,大商所,2025
20250924,XDCE,P,P2602,N,20250923,21:13,14,2,9046.0,15,0,大商所,2025
20251020,XGFE,LC,LC2510,D,20251020,09:21,22,1,76020.0,15,0,广期所,2025
20251020,XGFE,PS,PS2510,D,20251020,09:20,21,50,52545.0,15,0,广期所,2025
20251020,XDCE,I,I2510,D,20251020,15:00,225,200,806.0,15,0,大商所,2025
20251020,XDCE,J,J2602,N,20251017,21:01,2,1,1743.5,15,0,大商所,2025
20251020,XDCE,J,J2604,N,20251017,21:01,2,1,1808.0,15,0,大商所,2025
20251020,XDCE,L,L2510,D,20251020,09:51,51,1,6856.0,15,0,大商所,2025
20251020,XDCE,L,L2606,N,20251017,21:02,3,2,6930.5,15,0,大商所,2025
20251020,XDCE,P,P2606,N,20251017,21:32,33,2,9208.0,15,0,大商所,2025
20251020,XDCE,P,P2607,N,20251017,21:32,33,2,9108.0,15,0,大商所,2025
20251020,XDCE,PG,PG2604,N,20251017,21:01,2,5,4144.0,15,0,大商所,2025
20251020,XDCE,PG,PG2606,N,20251017,21:03,4,2,4003.5,15,0,大商所,2025
20251105,XGFE,PS,PS2511,D,20251105,09:33,34,3,51575.0,15,0,广期所,2025
20251105,XDCE,B,B2607,N,20251104,21:04,5,1,3496.0,15,0,大商所,2025
20251105,XDCE,B,B2608,N,20251104,21:04,5,1,3589.0,15,0,大商所,2025
20251105,XDCE,CS,CS2607,N,20251104,21:01,2,8,2561.0,15,0,大商所,2025
20251105,XDCE,L,L2608,N,20251104,21:34,35,4,6994.0,15,0,大商所,2025
20251105,XDCE,P,P2511,D,20251105,09:02,2,50,8492.0,15,0,大商所,2025
20251121,XDCE,CS,CS2607,N,20251120,21:02,3,1,2565.0,15,0,大商所,2025
20251121,XDCE,CS,CS2609,N,20251120,21:02,3,1,2608.0,15,0,大商所,2025
20251121,XDCE,I,I2611,N,20251120,21:01,2,5,719.9,15,0,大商所,2025
20251121,XDCE,J,J2512,D,20251121,09:15,15,1,1600.0,15,0,大商所,2025
20251121,XDCE,JM,JM2606,N,20251120,21:01,2,1,1202.0,15,0,大商所,2025
20251121,XDCE,LG,LG2609,D,20251121,11:26,132,1,815.5,15,0,大商所,2025
20251209,XGFE,PD,PD2608,D,20251209,09:01,2,2,384.35,15,0,广期所,2025
20251209,XDCE,B,B2608,N,20251208,21:01,2,1,3580.0,15,0,大商所,2025
20251209,XDCE,B,B2610,N,20251208,21:01,2,1,3625.0,15,0,大商所,2025
20251209,XDCE,B,B2611,N,20251208,21:53,54,1,3621.0,15,0,大商所,2025
20251209,XDCE,EB,EB2609,N,20251208,21:02,3,1,6885.0,15,0,大商所,2025
20251209,XDCE,L,L2512,N,20251208,21:01,2,5,6644.0,15,0,大商所,2025
20251209,XDCE,L,L2610,N,20251208,22:44,105,6,6753.0,15,0,大商所,2025
20251209,XDCE,P,P2606,N,20251208,21:22,23,1,8668.0,15,0,大商所,2025
20251209,XDCE,PG,PG2610,D,20251209,09:39,39,2,4268.0,15,0,大商所,2025
20251209,XDCE,Y,Y2611,N,20251208,21:24,25,1,7938.0,15,0,大商所,2025
20251225,XDCE,EG,EG2604,N,20251224,21:21,22,1,3826.0,15,0,大商所,2025
20251225,XDCE,PG,PG2606,N,20251224,21:01,2,1,4001.0,15,0,大商所,2025
20260114,XGFE,LC,LC2601,D,20260114,09:10,11,7,169380.0,15,0,广期所,2026
20260114,XDCE,EB,EB2611,N,20260113,21:02,3,3,7199.0,15,0,大商所,2026
20260114,XDCE,EB,EB2612,N,20260113,21:02,3,3,7240.0,15,0,大商所,2026
20260114,XDCE,EG,EG2608,N,20260113,21:01,2,1,3925.0,15,0,大商所,2026
20260114,XDCE,I,I2601,D,20260114,15:00,225,1,832.5,15,0,大商所,2026
20260114,XDCE,JM,JM2610,N,20260113,21:04,5,1,1285.5,15,0,大商所,2026
20260114,XDCE,L,L2610,N,20260113,21:01,2,1,6863.0,15,0,大商所,2026
20260114,XDCE,P,P2601,D,20260114,15:00,225,32,8680.0,15,0,大商所,2026
20260114,XDCE,P,P2607,N,20260113,21:01,2,6,8704.0,15,0,大商所,2026
20260114,XDCE,P,P2608,N,20260113,21:01,2,6,8686.0,15,0,大商所,2026
20260114,XDCE,P,P2610,N,20260113,21:58,59,2,8628.0,15,0,大商所,2026
20260114,XDCE,PG,PG2608,N,20260113,21:02,3,2,4091.0,15,0,大商所,2026
20260130,XGFE,PT,PT2612,D,20260130,09:01,2,1,707.1,15,0,广期所,2026
20260130,XDCE,CS,CS2701,N,20260129,21:03,4,2,2592.5,15,0,大商所,2026
20260130,XDCE,JD,JD2612,D,20260130,09:02,3,2,3808.0,15,0,大商所,2026
20260130,XDCE,JD,JD2701,D,20260130,09:02,3,2,3673.0,15,0,大商所,2026
20260130,XDCE,L,L2606,N,20260129,21:01,2,8,7075.0,15,0,大商所,2026
20260130,XDCE,P,P2602,N,20260129,21:34,35,1,9284.0,15,0,大商所,2026
20260130,XDCE,P,P2611,N,20260129,21:02,3,4,9250.0,15,0,大商所,2026
20260130,XDCE,P,P2612,N,20260129,21:02,3,6,9212.0,15,0,大商所,2026
20260130,XDCE,P,P2701,N,20260129,21:02,3,6,9168.0,15,0,大商所,2026
20260130,XDCE,PG,PG2607,N,20260129,21:02,3,2,4365.0,15,0,大商所,2026
20260225,XDCE,B,B2608,N,20260224,21:01,2,2,3587.5,15,0,大商所,2026
20260225,XDCE,B,B2610,N,20260224,21:01,2,2,3647.0,15,0,大商所,2026
20260225,XDCE,EB,EB2610,N,20260224,21:19,20,1,7446.0,15,0,大商所,2026
20260225,XDCE,EG,EG2610,N,20260224,21:02,3,1,3902.0,15,0,大商所,2026
20260225,XDCE,L,L2607,N,20260224,21:01,2,1,6848.0,15,0,大商所,2026
20260225,XDCE,PG,PG2608,N,20260224,21:06,7,4,4247.0,15,0,大商所,2026
20260225,XDCE,PG,PG2611,D,20260225,15:00,225,2,4430.0,15,0,大商所,2026
20260225,XDCE,PG,PG2612,D,20260225,10:57,102,6,4360.0,15,0,大商所,2026
20260225,XDCE,PP,PP2608,N,20260224,21:01,2,1,6737.0,15,0,大商所,2026
20260225,XDCE,PP,PP2610,N,20260224,21:01,2,1,6709.0,15,0,大商所,2026
20260225,XDCE,PP,PP2612,N,20260224,21:01,2,4,6696.5,15,0,大商所,2026
20260225,XDCE,PP,PP2701,N,20260224,21:01,2,3,6725.0,15,0,大商所,2026
20260225,XDCE,V,V2611,N,20260224,21:01,2,17,5139.71,15,0,大商所,2026
20260317,XDCE,EB,EB2603,D,20260317,14:56,221,5,10129.0,15,0,大商所,2026
20260317,XDCE,EB,EB2611,N,20260316,21:05,6,1,9003.0,15,0,大商所,2026
20260317,XDCE,EB,EB2612,N,20260316,21:18,19,2,8849.0,15,0,大商所,2026
20260317,XDCE,EB,EB2702,N,20260316,21:18,19,2,8780.0,15,0,大商所,2026
20260317,XDCE,L,L2612,N,20260316,21:09,10,2,8212.0,15,0,大商所,2026
20260317,XDCE,P,P2612,D,20260317,10:13,73,2,9688.0,15,0,大商所,2026
20260317,XDCE,P,P2702,D,20260317,10:13,73,2,9641.0,15,0,大商所,2026
20260317,XDCE,PG,PG2702,N,20260316,21:23,24,1,5080.0,15,0,大商所,2026
20260409,XGFE,PD,PD2610,D,20260409,10:01,62,2,387.825,15,0,广期所,2026
20260409,XDCE,EB,EB2604,N,20260408,21:45,46,84,10051.0,15,0,大商所,2026
20260409,XDCE,EG,EG2611,N,20260408,21:01,2,3,4825.0,15,0,大商所,2026
20260409,XDCE,EG,EG2612,N,20260408,21:01,2,3,4746.0,15,0,大商所,2026
20260409,XDCE,EG,EG2702,N,20260408,21:01,2,1,4630.0,15,0,大商所,2026
20260409,XDCE,FB,FB2607,D,20260409,09:01,2,2,1328.25,15,0,大商所,2026
20260409,XDCE,P,P2604,D,20260409,15:00,225,395,9900.0,15,0,大商所,2026
20260409,XDCE,PG,PG2604,D,20260409,15:00,225,7,7595.0,15,0,大商所,2026
20260409,XDCE,PG,PG2701,N,20260408,21:01,2,2,5183.5,15,0,大商所,2026
20260409,XDCE,PG,PG2702,N,20260408,21:01,2,2,5096.0,15,0,大商所,2026
20260409,XDCE,PG,PG2703,N,20260408,21:04,5,2,5091.0,15,0,大商所,2026
20260409,XDCE,PP,PP2604,D,20260409,09:22,22,50,9044.0,15,0,大商所,2026
20260409,XDCE,V,V2604,N,20260408,21:01,2,160,5355.0,15,0,大商所,2026
20260429,XDCE,FB,FB2607,D,20260429,09:03,4,4,1321.75,15,0,大商所,2026
20260429,XDCE,FB,FB2608,D,20260429,09:03,4,4,1326.0,15,0,大商所,2026
20260429,XDCE,FB,FB2609,D,20260429,09:03,4,4,1329.0,15,0,大商所,2026
20260429,XDCE,J,J2606,N,20260428,21:01,2,1,1735.0,15,0,大商所,2026
20260429,XDCE,LG,LG2703,D,20260429,09:07,8,1,822.0,15,0,大商所,2026
20260429,XDCE,PG,PG2612,N,20260428,21:16,17,1,5672.0,15,0,大商所,2026
20260526,XGFE,PT,PT2612,D,20260526,11:24,130,1,495.3,15,0,广期所,2026
20260526,XDCE,BZ,BZ2605,D,20260526,15:00,226,64,8330.0,15,0,大商所,2026
20260526,XDCE,CS,CS2705,N,20260525,21:14,15,1,2668.0,15,0,大商所,2026
20260526,XDCE,EB,EB2702,N,20260525,21:09,10,2,8320.5,15,0,大商所,2026
20260526,XDCE,EB,EB2703,N,20260525,21:09,10,2,8326.0,15,0,大商所,2026
20260526,XDCE,EG,EG2605,D,20260526,15:00,225,348,4908.0,15,0,大商所,2026
20260526,XDCE,FB,FB2609,D,20260526,09:01,2,6,1277.33,15,0,大商所,2026
20260526,XDCE,J,J2703,N,20260525,21:01,2,2,2073.0,15,0,大商所,2026
20260526,XDCE,J,J2704,N,20260525,21:01,2,4,2071.25,15,0,大商所,2026
20260526,XDCE,PP,PP2705,N,20260525,21:05,6,1,7818.0,15,0,大商所,2026
20260618,XDCE,B,B2702,N,20260617,21:08,9,1,3718.0,15,0,大商所,2026
20260618,XDCE,B,B2703,N,20260617,21:08,9,1,3665.0,15,0,大商所,2026
20260618,XDCE,EB,EB2612,N,20260617,21:01,2,1,7617.0,15,0,大商所,2026
20260618,XDCE,EG,EG2702,N,20260617,22:10,71,1,4087.0,15,0,大商所,2026
20260618,XDCE,J,J2610,D,20260618,09:25,25,1,2094.0,15,0,大商所,2026
20260618,XDCE,J,J2611,D,20260618,09:25,25,1,2101.5,15,0,大商所,2026
20260618,XDCE,JM,JM2702,N,20260617,21:01,2,22,1552.18,15,0,大商所,2026
20260618,XDCE,L,L2704,N,20260617,22:48,109,2,7162.0,15,0,大商所,2026
20260618,XDCE,PG,PG2702,N,20260617,22:16,77,2,4582.0,15,0,大商所,2026
20260618,XDCE,PP,PP2704,N,20260617,21:46,47,1,7235.0,15,0,大商所,2026
20260707,XDCE,BZ,BZ2607,D,20260707,09:01,2,30,6812.0,15,0,大商所,2026
20260707,XDCE,EB,EB2607,N,20260706,21:01,2,200,7381.0,15,0,大商所,2026
20260707,XDCE,EG,EG2612,N,20260706,21:01,2,5,3945.8,15,0,大商所,2026
20260707,XDCE,FB,FB2609,D,20260707,09:01,2,18,1317.0,15,0,大商所,2026
20260707,XDCE,FB,FB2610,D,20260707,09:01,2,18,1334.72,15,0,大商所,2026
20260707,XDCE,J,J2610,N,20260706,21:29,30,39,1973.72,15,0,大商所,2026
20260707,XDCE,J,J2611,N,20260706,21:29,30,39,1992.0,15,0,大商所,2026
20260707,XDCE,J,J2703,D,20260707,11:02,107,1,2032.5,15,0,大商所,2026
20260707,XDCE,J,J2704,D,20260707,11:01,106,1,2056.0,15,0,大商所,2026
20260707,XDCE,P,P2704,N,20260706,21:03,4,2,9565.0,15,0,大商所,2026
20260707,XDCE,P,P2706,N,20260706,21:05,6,2,9515.5,15,0,大商所,2026
20260707,XDCE,PG,PG2612,N,20260706,21:01,2,3,4563.0,15,0,大商所,2026
20260707,XDCE,PG,PG2701,N,20260706,21:01,2,3,4476.0,15,0,大商所,2026
20260707,XDCE,PG,PG2702,N,20260706,21:07,8,1,4378.0,15,0,大商所,2026
20260707,XDCE,PG,PG2704,N,20260706,21:18,19,1,4632.0,15,0,大商所,2026
20260707,XDCE,PP,PP2703,N,20260706,21:02,3,1,6865.0,15,0,大商所,2026
20260707,XDCE,PP,PP2705,N,20260706,21:02,3,1,6848.0,15,0,大商所,2026
20260728,XDCE,CS,CS2707,N,20260727,21:08,9,1,2649.0,15,0,大商所,2026
20260728,XDCE,EB,EB2607,D,20260728,15:00,225,345,8765.0,15,0,大商所,2026
20260728,XDCE,EB,EB2704,N,20260727,22:10,71,1,7693.0,15,0,大商所,2026
20260728,XDCE,EG,EG2607,D,20260728,15:00,225,135,4231.0,15,0,大商所,2026
20260728,XDCE,EG,EG2703,N,20260727,21:01,2,3,4370.0,15,0,大商所,2026
20260728,XDCE,JM,JM2703,N,20260727,21:02,3,2,1447.5,15,0,大商所,2026
20260728,XDCE,JM,JM2704,N,20260727,21:01,2,4,1440.5,15,0,大商所,2026
20260728,XDCE,L,L2702,N,20260727,21:01,2,1,7202.0,15,0,大商所,2026
20260728,XDCE,P,P2703,N,20260727,21:01,2,2,9712.0,15,0,大商所,2026
20260728,XDCE,P,P2704,N,20260727,21:01,2,2,9717.0,15,0,大商所,2026
20260728,XDCE,PG,PG2607,D,20260728,15:00,225,7,5524.0,15,0,大商所,2026
20260728,XDCE,PG,PG2703,N,20260727,21:01,2,1,4798.0,15,0,大商所,2026
20260728,XDCE,PG,PG2704,N,20260727,21:01,2,3,5094.0,15,0,大商所,2026
20260728,XDCE,PG,PG2705,N,20260727,21:01,2,2,4959.0,15,0,大商所,2026
20260728,XDCE,PG,PG2706,N,20260727,21:10,11,1,4876.0,15,0,大商所,2026
20260728,XDCE,PP,PP2706,N,20260727,21:01,2,7,7178.0,15,0,大商所,2026
20260728,XDCE,V,V2704,N,20260727,21:01,2,15,4917.0,15,0,大商所,2026
20150115,XDCE,A,A1605,N,20150114,21:01,2,2,4418.0,15,0,大商所,2015
20160707,XDCE,J,J1705,N,20160706,21:06,7,1,980.0,15,0,大商所,2016
20160725,XDCE,J,J1705,N,20160722,21:03,4,1,1004.5,15,0,大商所,2016
20160810,XDCE,V,V1705,D,20160810,09:01,2,11,5480.45,5,0,大商所,2016
20160826,XDCE,JM,JM1705,N,20160825,21:01,2,19,886.868,5,0,大商所,2016
20161111,XDCE,J,J1709,N,20161110,21:04,5,2,1788.0,15,0,大商所,2016
20170119,XDCE,V,V1801,D,20170119,09:17,18,1,6435.0,15,0,大商所,2017
20170317,XDCE,PP,PP1801,D,20170317,09:01,2,1,8527.0,15,0,大商所,2017
20170908,XDCE,JM,JM1805,N,20170907,21:01,2,21,1316.64,5,0,大商所,2017
20171019,XDCE,JM,JM1809,N,20171018,21:01,2,1,1140.0,15,0,大商所,2017
20171226,XDCE,A,A1809,N,20171225,21:01,2,7,3697.71,5,0,大商所,2017
20180130,XDCE,B,B1805,N,20180129,21:01,2,2,3291.0,15,0,大商所,2018
20180130,XDCE,B,B1809,N,20180129,21:01,2,2,3297.5,15,0,大商所,2018
20180130,XDCE,JM,JM1901,N,20180129,21:21,22,2,1251.5,15,0,大商所,2018
20180130,XDCE,Y,Y1901,N,20180129,21:01,2,1,6060.0,15,0,大商所,2018
20180222,XDCE,PP,PP1901,D,20180222,10:03,64,2,9260.0,15,0,大商所,2018
20180312,XDCE,Y,Y1901,N,20180309,21:01,2,7,5949.43,5,0,大商所,2018
20180328,XDCE,J,J1901,N,20180327,21:03,4,1,1721.5,15,0,大商所,2018
20180507,XDCE,Y,Y1805,D,20180507,09:11,11,20,5580.0,15,0,大商所,2018
20180523,XDCE,P,P1905,N,20180522,21:01,2,1,5312.0,15,0,大商所,2018
20180608,XDCE,PP,PP1905,D,20180608,09:02,3,5,9204.0,15,0,大商所,2018
20180627,XDCE,JM,JM1905,N,20180626,21:02,3,1,1141.5,15,0,大商所,2018
20180713,XDCE,A,A1807,D,20180713,15:00,225,10,3565.0,15,0,大商所,2018
20180713,XDCE,JM,JM1905,N,20180712,21:04,5,1,1116.0,15,0,大商所,2018
20180713,XDCE,L,L1807,D,20180713,15:00,226,4,8995.0,15,0,大商所,2018
20180731,XDCE,CS,CS1905,D,20180731,09:02,3,1,2352.0,15,0,大商所,2018
20180731,XDCE,I,I1903,N,20180730,21:52,53,1,491.0,15,0,大商所,2018
20180903,XDCE,C,C1903,D,20180903,09:01,2,19,1942.32,5,0,大商所,2018
20180919,XDCE,B,B1903,D,20180919,09:26,26,414,3380.0,15,0,大商所,2018
20180919,XDCE,B,B1907,D,20180919,09:16,16,211,3323.0,15,0,大商所,2018
20180919,XDCE,B,B1909,N,20180918,21:48,49,1,3229.0,15,0,大商所,2018
20180919,XDCE,I,I1907,N,20180918,21:01,2,1,514.5,15,0,大商所,2018
20181015,XDCE,B,B1811,D,20181015,14:08,173,98,3642.0,15,0,大商所,2018
20181015,XDCE,B,B1907,N,20181012,22:53,114,765,3419.0,15,0,大商所,2018
20181015,XDCE,J,J1909,N,20181012,21:11,12,1,2295.0,15,0,大商所,2018
20181015,XDCE,JM,JM1905,N,20181012,21:01,2,14,1289.54,5,0,大商所,2018
20181015,XDCE,P,P1909,N,20181012,21:01,2,1,5060.0,15,0,大商所,2018
20181031,XDCE,B,B1903,N,20181030,22:35,96,182,3427.0,15,0,大商所,2018
20181031,XDCE,M,M1811,N,20181030,21:14,15,2,3449.5,5,0,大商所,2018
20181116,XDCE,B,B1903,N,20181115,23:16,137,111,3291.26,15,0,大商所,2018
20181116,XDCE,B,B1907,N,20181115,22:53,114,1334,3286.0,15,0,大商所,2018
20181116,XDCE,B,B1911,N,20181115,22:57,118,540,3356.0,15,0,大商所,2018
20181204,XDCE,B,B1907,N,20181203,22:03,64,676,3204.0,15,0,大商所,2018
20181204,XDCE,B,B1911,N,20181203,22:08,69,774,3113.0,15,0,大商所,2018
20181204,XDCE,C,C1911,D,20181204,09:01,2,3,1958.0,15,0,大商所,2018
20181220,XDCE,B,B1911,D,20181220,09:20,20,999,3170.0,15,0,大商所,2018
20190109,XDCE,B,B1907,N,20190108,22:35,96,86,3001.0,15,0,大商所,2019
20190109,XDCE,B,B1911,N,20190108,23:03,124,860,3080.0,15,0,大商所,2019
20190125,XDCE,B,B1907,N,20190124,22:16,77,186,3015.0,15,0,大商所,2019
20190125,XDCE,M,M1907,N,20190124,21:01,2,11,2606.27,5,0,大商所,2019
20190219,XDCE,B,B1907,N,20190218,21:19,20,876,3056.0,15,0,大商所,2019
20190219,XDCE,B,B1911,N,20190218,22:20,81,1966,3070.0,15,0,大商所,2019
20190219,XDCE,B,B2001,N,20190218,22:27,88,876,3140.0,15,0,大商所,2019
20190219,XDCE,JM,JM2001,D,20190219,09:17,17,3,1314.5,15,0,大商所,2019
20190219,XDCE,P,P2001,N,20190218,21:05,6,1,4870.0,15,0,大商所,2019
20190325,XDCE,B,B2001,N,20190322,21:47,48,5,3084.0,15,0,大商所,2019
20190325,XDCE,JM,JM2001,N,20190322,21:06,7,1,1294.0,15,0,大商所,2019
20190411,XDCE,EG,EG2001,N,20190410,21:08,9,1,5104.0,15,0,大商所,2019
20190429,XDCE,B,B2001,D,20190429,09:42,42,3,2987.0,15,0,大商所,2019
20190429,XDCE,M,M2003,N,20190426,21:05,6,1,2654.0,15,0,大商所,2019
20190520,XDCE,PP,PP2005,N,20190517,21:08,9,2,8126.0,15,0,大商所,2019
20190624,XDCE,B,B2001,N,20190621,21:46,47,3,3199.0,5,0,大商所,2019
20190624,XDCE,B,B2005,N,20190621,21:06,7,1,3087.0,15,0,大商所,2019
20190624,XDCE,I,I2003,N,20190621,21:26,27,4,680.875,15,0,大商所,2019
20190624,XDCE,M,M1911,N,20190621,21:01,2,2,2910.5,5,0,大商所,2019
20190813,XDCE,B,B2005,N,20190812,21:04,5,1,3148.0,15,0,大商所,2019
20190829,XDCE,I,I2007,N,20190828,21:06,7,1,530.0,15,0,大商所,2019
20191010,XDCE,I,I2007,N,20191009,21:03,4,5,537.9,5,0,大商所,2019
20191010,XDCE,J,J2009,N,20191009,21:01,2,1,1774.5,15,0,大商所,2019
20191010,XDCE,JM,JM2009,N,20191009,21:01,2,2,1160.0,15,0,大商所,2019
20191010,XDCE,V,V2009,N,20191009,21:01,2,96,6235.31,5,0,大商所,2019
20191010,XDCE,Y,Y2009,N,20191009,21:01,2,7,6126.29,5,0,大商所,2019
20191028,XDCE,B,B2009,N,20191025,21:07,8,1,3331.0,15,0,大商所,2019
20191028,XDCE,EG,EG2009,N,20191025,21:06,7,1,4510.0,15,0,大商所,2019
20191113,XDCE,V,V2009,N,20191112,21:01,2,15,6271.0,5,0,大商所,2019
20191129,XDCE,EB,EB2009,N,20191128,21:08,9,1,7182.0,15,0,大商所,2019
20191129,XDCE,RR,RR2005,N,20191128,21:05,6,10,3500.0,15,0,大商所,2019
20191217,XDCE,B,B2009,N,20191216,21:03,4,1,3263.0,15,0,大商所,2019
20191217,XDCE,C,C2007,N,20191216,21:01,2,16,1920.19,5,0,大商所,2019
20191217,XDCE,M,M2007,N,20191216,21:01,2,1,2783.0,15,0,大商所,2019
20191217,XDCE,M,M2011,N,20191216,21:11,12,2,2817.0,15,0,大商所,2019
20200103,XDCE,I,I2007,N,20200102,21:01,2,2,630.0,15,0,大商所,2020
20200103,XDCE,Y,Y2001,N,20200102,21:26,27,35,6824.0,15,0,大商所,2020
20200121,XDCE,M,M2007,N,20200120,21:01,2,3,2715.33,5,0,大商所,2020
20200121,XDCE,V,V2101,N,20200120,21:09,10,4,6355.0,15,0,大商所,2020
20200214,XDCE,L,L2101,D,20200214,09:01,2,2,7037.5,5,0,大商所,2020
20200319,XDCE,C,C2011,D,20200319,09:01,2,50,2009.48,5,0,大商所,2020
20200407,XDCE,M,M2103,D,20200407,09:05,6,2,2817.0,15,0,大商所,2020
20200514,XDCE,B,B2101,N,20200513,21:03,4,1,3093.0,15,0,大商所,2020
20200601,XDCE,A,A2105,N,20200529,21:05,6,5,4015.0,15,0,大商所,2020
20200601,XDCE,B,B2105,N,20200529,21:01,2,1,3088.0,15,0,大商所,2020
20200601,XDCE,C,C2103,N,20200529,21:01,2,1,2134.0,15,0,大商所,2020
20200601,XDCE,C,C2105,N,20200529,21:01,2,3,2155.33,5,0,大商所,2020
20200601,XDCE,I,I2011,N,20200529,21:01,2,1,715.5,15,0,大商所,2020
20200601,XDCE,J,J2105,N,20200529,21:19,20,1,1735.5,15,0,大商所,2020
20200601,XDCE,L,L2105,N,20200529,21:01,2,5,6535.0,15,0,大商所,2020
20200601,XDCE,M,M2011,N,20200529,21:01,2,35,2832.26,5,0,大商所,2020
20200617,XDCE,B,B2011,N,20200616,21:36,37,1,3200.0,15,0,大商所,2020
20200617,XDCE,CS,CS2101,N,20200616,21:01,2,5,2464.2,5,0,大商所,2020
20200707,XDCE,CS,CS2105,N,20200706,21:01,2,4,2494.75,15,0,大商所,2020
20200707,XDCE,I,I2011,N,20200706,21:01,2,3,716.0,5,0,大商所,2020
20200707,XDCE,J,J2105,N,20200706,21:04,5,1,1769.5,15,0,大商所,2020
20200723,XDCE,EG,EG2105,N,20200722,21:31,32,1,3981.0,15,0,大商所,2020
20200810,XDCE,I,I2012,N,20200807,21:01,2,3,839.333,5,0,大商所,2020
20200810,XDCE,J,J2011,N,20200807,21:02,3,1,2048.5,15,0,大商所,2020
20200810,XDCE,L,L2010,N,20200807,21:01,2,4,7157.5,5,0,大商所,2020
20200810,XDCE,L,L2011,N,20200807,21:01,2,2,7137.5,5,0,大商所,2020
20200810,XDCE,PP,PP2010,N,20200807,21:01,2,15,7663.27,5,0,大商所,2020
20200810,XDCE,PP,PP2011,N,20200807,21:01,2,10,7593.6,5,0,大商所,2020
20200810,XDCE,PP,PP2012,N,20200807,21:01,2,2,7527.0,15,0,大商所,2020
20200810,XDCE,V,V2010,N,20200807,21:01,2,31,6561.45,5,0,大商所,2020
20200810,XDCE,V,V2011,N,20200807,21:01,2,6,6537.5,15,0,大商所,2020
20200810,XDCE,V,V2012,N,20200807,21:01,2,25,6494.8,5,0,大商所,2020
20200826,XDCE,EB,EB2010,N,20200825,21:01,2,5,5428.0,15,0,大商所,2020
20200826,XDCE,EB,EB2011,N,20200825,21:01,2,5,5518.2,15,0,大商所,2020
20200826,XDCE,EG,EG2010,N,20200825,21:01,2,64,3804.47,5,0,大商所,2020
20200826,XDCE,EG,EG2012,N,20200825,21:01,2,7,3875.43,5,0,大商所,2020
20200826,XDCE,EG,EG2105,N,20200825,21:09,10,1,4059.0,15,0,大商所,2020
20200826,XDCE,I,I2107,N,20200825,21:04,5,5,727.5,15,0,大商所,2020
20200826,XDCE,L,L2010,N,20200825,21:01,2,80,7187.12,5,0,大商所,2020
20200826,XDCE,L,L2011,N,20200825,21:01,2,19,7206.32,5,0,大商所,2020
20200826,XDCE,L,L2012,N,20200825,21:01,2,12,7224.58,5,0,大商所,2020
20200826,XDCE,L,L2105,N,20200825,21:01,2,24,7207.92,5,0,大商所,2020
20200826,XDCE,PP,PP2010,N,20200825,21:01,2,38,7787.97,5,0,大商所,2020
20200826,XDCE,PP,PP2011,N,20200825,21:01,2,7,7773.43,5,0,大商所,2020
20200826,XDCE,V,V2105,N,20200825,21:03,4,1,6540.0,15,0,大商所,2020
20200911,XDCE,C,C2103,N,20200910,21:01,2,8,2391.5,5,0,大商所,2020
20200911,XDCE,EG,EG2102,N,20200910,21:01,2,7,3964.14,5,0,大商所,2020
20200911,XDCE,EG,EG2103,N,20200910,21:01,2,4,3999.0,15,0,大商所,2020
20200911,XDCE,J,J2102,N,20200910,21:01,2,47,1951.32,5,0,大商所,2020
20200911,XDCE,J,J2103,N,20200910,21:01,2,3,1936.17,5,0,大商所,2020
20200911,XDCE,JM,JM2102,N,20200910,21:01,2,25,1240.66,5,0,大商所,2020
20200911,XDCE,JM,JM2103,N,20200910,21:01,2,8,1223.5,15,0,大商所,2020
20200911,XDCE,L,L2104,D,20200911,11:03,108,40,7390.0,15,0,大商所,2020
20200911,XDCE,M,M2107,N,20200910,21:01,2,76,2867.99,5,0,大商所,2020
20200911,XDCE,M,M2108,N,20200910,21:01,2,7,2911.29,15,0,大商所,2020
20200911,XDCE,PG,PG2101,N,20200910,21:01,2,146,3599.28,5,0,大商所,2020
20200911,XDCE,PP,PP2104,D,20200911,10:38,83,5,7662.0,15,0,大商所,2020
20200911,XDCE,V,V2012,N,20200910,22:23,84,1420,6670.0,15,0,大商所,2020
20200911,XDCE,V,V2102,N,20200910,21:01,2,35,6584.0,5,0,大商所,2020
20200911,XDCE,V,V2104,N,20200910,21:01,2,5,6525.0,15,0,大商所,2020
20200911,XDCE,Y,Y2011,N,20200910,21:01,2,36,6787.72,5,0,大商所,2020
20200929,XDCE,EB,EB2011,N,20200928,21:01,2,4,5477.75,5,0,大商所,2020
20200929,XDCE,EB,EB2012,N,20200928,21:01,2,3,5556.0,15,0,大商所,2020
20200929,XDCE,M,M2108,N,20200928,21:01,2,20,2923.65,5,0,大商所,2020
20200929,XDCE,P,P2103,N,20200928,21:01,2,55,5836.47,5,0,大商所,2020
20201023,XDCE,CS,CS2107,N,20201022,21:03,4,100,2929.0,15,0,大商所,2020
20201023,XDCE,EG,EG2012,N,20201022,21:01,2,7,3913.29,5,0,大商所,2020
20201023,XDCE,I,I2107,D,20201023,09:10,10,1,719.0,15,0,大商所,2020
20201023,XDCE,J,J2103,N,20201022,21:01,2,2,2048.5,15,0,大商所,2020
20201023,XDCE,L,L2103,N,20201022,21:01,2,15,7215.0,15,0,大商所,2020
20201023,XDCE,M,M2108,N,20201022,21:01,2,5,3078.0,15,0,大商所,2020
20201023,XDCE,P,P2102,N,20201022,21:01,2,261,6082.36,5,0,大商所,2020
20201023,XDCE,P,P2103,N,20201022,21:01,2,55,6029.27,15,0,大商所,2020
20201023,XDCE,V,V2103,N,20201022,21:01,2,55,6589.36,5,0,大商所,2020
20201023,XDCE,Y,Y2107,N,20201022,21:01,2,31,6796.06,5,0,大商所,2020
20201023,XDCE,Y,Y2108,N,20201022,21:01,2,3,6758.0,15,0,大商所,2020
20201110,XDCE,EB,EB2104,N,20201109,21:01,2,16,6883.31,15,0,大商所,2020
20201110,XDCE,I,I2107,N,20201109,21:11,12,2,732.5,15,0,大商所,2020
20201110,XDCE,JD,JD2104,D,20201110,09:01,2,3,3692.33,5,0,大商所,2020
20201110,XDCE,L,L2103,N,20201109,21:01,2,21,7406.43,5,0,大商所,2020
20201110,XDCE,L,L2104,N,20201109,21:01,2,18,7387.22,5,0,大商所,2020
20201110,XDCE,P,P2104,N,20201109,21:01,2,6,6292.0,15,0,大商所,2020
20201110,XDCE,PG,PG2102,N,20201109,21:01,2,44,3504.93,5,0,大商所,2020
20201110,XDCE,V,V2104,N,20201109,21:01,2,3,7013.33,5,0,大商所,2020
20201110,XDCE,Y,Y2108,N,20201109,21:01,2,6,6897.33,15,0,大商所,2020
20201126,XDCE,EB,EB2104,N,20201125,21:01,2,44,6749.41,5,0,大商所,2020
20201126,XDCE,I,I2104,N,20201125,21:01,2,11,825.409,5,0,大商所,2020
20201126,XDCE,J,J2103,N,20201125,21:01,2,6,2277.0,15,0,大商所,2020
20201126,XDCE,JM,JM2103,N,20201125,21:01,2,2,1389.5,15,0,大商所,2020
20201126,XDCE,P,P2104,N,20201125,21:02,3,7,6515.14,5,0,大商所,2020
20201126,XDCE,Y,Y2108,N,20201125,21:01,2,8,7158.25,5,0,大商所,2020
20201214,XDCE,I,I2107,N,20201211,21:09,10,2,965.75,5,0,大商所,2020
20201214,XDCE,PG,PG2104,N,20201211,21:02,3,1,3631.0,15,0,大商所,2020
20201214,XDCE,V,V2103,N,20201211,21:01,2,70,7978.07,5,0,大商所,2020
20201230,XDCE,CS,CS2107,N,20201229,21:01,2,84,3079.91,5,0,大商所,2020
20201230,XDCE,EG,EG2103,N,20201229,21:01,2,4,4133.0,5,0,大商所,2020
20201230,XDCE,EG,EG2104,N,20201229,21:01,2,3,4165.33,5,0,大商所,2020
20201230,XDCE,J,J2103,N,20201229,21:01,2,7,2882.57,5,0,大商所,2020
20201230,XDCE,P,P2104,N,20201229,21:02,3,26,7066.54,5,0,大商所,2020
20201230,XDCE,V,V2102,N,20201229,21:01,2,29,7106.03,5,0,大商所,2020
20201230,XDCE,V,V2103,N,20201229,21:01,2,5,7110.0,15,0,大商所,2020
20210118,XDCE,EB,EB2109,N,20210115,21:01,2,1,7025.0,15,0,大商所,2021
20210118,XDCE,L,L2102,N,20210115,21:01,2,2,7560.0,15,0,大商所,2021
20210118,XDCE,PP,PP2104,N,20210115,21:01,2,44,8006.23,5,0,大商所,2021
20210118,XDCE,Y,Y2108,N,20210115,21:01,2,2,7282.0,15,0,大商所,2021
20210203,XDCE,EG,EG2107,N,20210202,21:01,2,2,4678.5,15,0,大商所,2021
20210203,XDCE,I,I2107,N,20210202,21:01,2,8,898.062,5,0,大商所,2021
20210203,XDCE,JM,JM2107,N,20210202,21:01,2,1,1446.5,15,0,大商所,2021
20210203,XDCE,L,L2106,N,20210202,21:01,2,1,7835.0,15,0,大商所,2021
20210203,XDCE,L,L2107,N,20210202,21:01,2,1,7805.0,15,0,大商所,2021
20210203,XDCE,PG,PG2109,N,20210202,21:08,9,1,3652.0,15,0,大商所,2021
20210203,XDCE,RR,RR2105,N,20210202,21:04,5,5,3645.0,5,0,大商所,2021
20210203,XDCE,V,V2107,N,20210202,21:01,2,12,7265.42,15,0,大商所,2021
20210226,XDCE,JM,JM2107,N,20210225,21:01,2,2,1501.5,15,0,大商所,2021
20210226,XDCE,L,L2107,N,20210225,21:01,2,13,8788.08,15,0,大商所,2021
20210316,XDCE,EG,EG2107,N,20210315,21:09,10,1,5021.0,15,0,大商所,2021
20210316,XDCE,EG,EG2110,N,20210315,21:01,2,41,4862.17,5,0,大商所,2021
20210316,XDCE,PP,PP2111,N,20210315,21:01,2,2,8923.0,15,0,大商所,2021
20210401,XDCE,B,B2109,N,20210331,21:01,2,10,4006.5,5,0,大商所,2021
20210401,XDCE,EG,EG2111,N,20210331,21:03,4,4,4869.0,15,0,大商所,2021
20210401,XDCE,L,L2112,N,20210331,21:02,3,1,8350.0,15,0,大商所,2021
20210420,XDCE,B,B2108,N,20210419,21:01,2,24,4195.83,5,0,大商所,2021
20210420,XDCE,EG,EG2112,N,20210419,21:01,2,10,4853.6,15,0,大商所,2021
20210420,XDCE,PP,PP2112,N,20210419,21:01,2,25,8424.12,5,0,大商所,2021
20210420,XDCE,Y,Y2107,N,20210419,21:01,2,5,8477.6,5,0,大商所,2021
20210511,XDCE,EG,EG2112,N,20210510,21:01,2,8,5109.5,5,0,大商所,2021
20210511,XDCE,J,J2112,N,20210510,21:01,2,1,2921.5,15,0,大商所,2021
20210511,XDCE,M,M2105,N,20210510,21:14,15,40,3544.0,15,0,大商所,2021
20210511,XDCE,PP,PP2112,N,20210510,21:01,2,4,8708.0,15,0,大商所,2021
20210511,XDCE,PP,PP2201,N,20210510,21:01,2,44,8686.73,5,0,大商所,2021
20210511,XDCE,Y,Y2105,D,20210511,09:22,22,40,9450.0,15,0,大商所,2021
20210527,XDCE,B,B2201,N,20210526,21:09,10,1,4220.0,15,0,大商所,2021
20210527,XDCE,EG,EG2107,N,20210526,22:34,95,1,4981.0,15,0,大商所,2021
20210527,XDCE,EG,EG2112,N,20210526,21:02,3,11,5059.0,15,0,大商所,2021
20210527,XDCE,J,J2112,N,20210526,21:01,2,1,2319.0,15,0,大商所,2021
20210527,XDCE,L,L2106,N,20210526,21:06,7,3,7860.0,15,0,大商所,2021
20210527,XDCE,L,L2108,N,20210526,21:06,7,3,7900.0,15,0,大商所,2021
20210615,XDCE,EG,EG2112,D,20210615,09:01,2,3,4853.67,15,0,大商所,2021
20210615,XDCE,PP,PP2112,D,20210615,09:01,2,23,8199.87,5,0,大商所,2021
20210701,XDCE,J,J2112,N,20210630,21:01,2,1,2541.5,15,0,大商所,2021
20210701,XDCE,M,M2107,N,20210630,21:34,35,50,3440.0,15,0,大商所,2021
20210701,XDCE,V,V2112,N,20210630,21:01,2,1,8385.0,15,0,大商所,2021
20210701,XDCE,Y,Y2107,D,20210701,10:40,85,50,8868.0,15,0,大商所,2021
20210719,XDCE,EG,EG2112,N,20210716,21:01,2,1,5251.0,15,0,大商所,2021
20210719,XDCE,I,I2202,N,20210716,21:01,2,20,1110.83,5,0,大商所,2021
20210719,XDCE,J,J2112,N,20210716,21:01,2,1,2622.5,15,0,大商所,2021
20210719,XDCE,L,L2112,N,20210716,21:01,2,1,8345.0,15,0,大商所,2021
20210719,XDCE,M,M2112,N,20210716,21:01,2,38,3679.84,5,0,大商所,2021
20210719,XDCE,P,P2111,N,20210716,21:01,2,40,7867.8,5,0,大商所,2021
20210719,XDCE,V,V2112,N,20210716,21:01,2,9,9085.0,5,0,大商所,2021
20210804,XDCE,I,I2111,N,20210803,21:01,2,5,1010.4,5,0,大商所,2021
20210907,XDCE,P,P2109,N,20210906,21:02,3,170,9122.0,15,0,大商所,2021
20210927,XDCE,EG,EG2109,N,20210924,21:21,22,1,5345.0,15,0,大商所,2021
20210927,XDCE,J,J2110,N,20210924,21:02,3,1,4009.5,15,0,大商所,2021
20211020,XDCE,B,B2205,N,20211019,21:08,9,1,3955.0,15,0,大商所,2021
20211020,XDCE,L,L2110,D,20211020,14:58,223,61,9610.0,15,0,大商所,2021
20211105,XDCE,CS,CS2209,N,20211104,21:15,16,7,3186.29,5,0,大商所,2021
20211105,XDCE,EG,EG2203,N,20211104,21:01,2,36,5553.19,5,0,大商所,2021
20211105,XDCE,L,L2203,N,20211104,21:01,2,35,8770.11,5,0,大商所,2021
20211105,XDCE,PP,PP2206,N,20211104,21:01,2,7,8501.71,5,0,大商所,2021
20211105,XDCE,V,V2111,D,20211105,09:36,36,50,9200.0,15,0,大商所,2021
20211123,XDCE,EG,EG2204,N,20211122,21:01,2,31,5098.97,5,0,大商所,2021
20211123,XDCE,L,L2112,N,20211122,21:04,5,1,8800.0,15,0,大商所,2021
20211123,XDCE,L,L2203,N,20211122,21:01,2,58,8645.17,5,0,大商所,2021
20211123,XDCE,PP,PP2112,N,20211122,21:03,4,13,8221.15,15,0,大商所,2021
20211123,XDCE,PP,PP2203,N,20211122,21:01,2,14,8222.07,5,0,大商所,2021
20211123,XDCE,PP,PP2206,N,20211122,21:01,2,2,8167.5,5,0,大商所,2021
20211209,XDCE,B,B2205,N,20211208,21:02,3,1,3830.0,15,0,大商所,2021
20211209,XDCE,L,L2203,N,20211208,21:01,2,13,8385.54,15,0,大商所,2021
20211209,XDCE,L,L2204,N,20211208,21:01,2,70,8354.9,5,0,大商所,2021
20211209,XDCE,PG,PG2112,D,20211209,09:26,26,2,4624.0,15,0,大商所,2021
20220113,XDCE,B,B2204,N,20220112,21:01,2,1,4138.0,15,0,大商所,2022
20220113,XDCE,PG,PG2209,N,20220112,21:08,9,1,4770.0,15,0,大商所,2022
20220113,XDCE,V,V2201,N,20220112,21:47,48,1,8525.0,15,0,大商所,2022
20220207,XDCE,EB,EB2209,D,20220207,13:34,140,1,9255.0,15,0,大商所,2022
20220207,XDCE,PG,PG2206,D,20220207,09:02,3,2,5153.5,15,0,大商所,2022
20220223,XDCE,EB,EB2209,D,20220223,09:58,58,100,9051.0,15,0,大商所,2022
20220223,XDCE,PG,PG2202,D,20220223,15:00,225,62,5050.0,15,0,大商所,2022
20220311,XDCE,EG,EG2208,N,20220310,21:01,2,2,5547.0,15,0,大商所,2022
20220311,XDCE,PP,PP2301,N,20220310,21:01,2,1,9143.0,15,0,大商所,2022
20220329,XDCE,P,P2204,N,20220328,21:04,5,1,12672.0,15,0,大商所,2022
20220329,XDCE,V,V2204,N,20220328,21:04,5,3,9334.0,15,0,大商所,2022
20220418,XDCE,FB,FB2204,D,20220418,15:00,226,1,1333.5,15,0,大商所,2022
20220418,XDCE,I,I2204,D,20220418,15:00,225,700,941.5,15,0,大商所,2022
20220418,XDCE,L,L2207,N,20220415,21:01,2,10,8875.0,15,0,大商所,2022
20220509,XDCE,PP,PP2208,N,20220506,21:01,2,9,8824.0,15,0,大商所,2022
20220525,XDCE,B,B2301,N,20220524,21:17,18,1,5087.0,15,0,大商所,2022
20220613,XDCE,B,B2301,N,20220610,21:01,2,1,5227.0,15,0,大商所,2022
20220613,XDCE,PG,PG2210,N,20220610,21:01,2,1,5821.0,15,0,大商所,2022
20220613,XDCE,PG,PG2301,N,20220610,21:01,2,3,5764.33,15,0,大商所,2022
20220613,XDCE,PP,PP2305,N,20220610,21:17,18,1,8788.0,15,0,大商所,2022
20220629,XDCE,EB,EB2301,N,20220628,21:11,12,1,9785.0,15,0,大商所,2022
20220629,XDCE,L,L2301,N,20220628,21:01,2,3,8529.33,15,0,大商所,2022
20220802,XDCE,B,B2301,N,20220801,21:01,2,1,4548.0,15,0,大商所,2022
20220802,XDCE,M,M2208,D,20220802,10:04,64,29,4208.0,15,0,大商所,2022
20220802,XDCE,V,V2208,D,20220802,09:14,14,2,7052.0,15,0,大商所,2022
20220802,XDCE,Y,Y2208,N,20220801,21:39,40,11,9916.0,15,0,大商所,2022
20220905,XDCE,C,C2209,D,20220905,09:16,16,250,2724.4,15,0,大商所,2022
20220922,XDCE,EG,EG2305,N,20220921,21:01,2,2,4437.0,15,0,大商所,2022
20221018,XDCE,PG,PG2305,N,20221017,21:06,7,1,4590.0,15,0,大商所,2022
20221018,XDCE,PP,PP2309,N,20221017,21:01,2,1,7543.0,15,0,大商所,2022
20221018,XDCE,V,V2210,D,20221018,10:10,70,57,6081.0,15,0,大商所,2022
20221103,XDCE,L,L2211,D,20221103,09:35,35,12,7939.0,15,0,大商所,2022
20230111,XDCE,EG,EG2301,N,20230110,21:57,58,87,4075.0,15,0,大商所,2023
20230203,XDCE,L,L2302,D,20230203,09:08,8,17,8390.0,15,0,大商所,2023
20230203,XDCE,PP,PP2302,D,20230203,09:05,5,15,8055.0,15,0,大商所,2023
20230309,XDCE,B,B2309,N,20230308,21:01,2,2,4526.0,15,0,大商所,2023
20230327,XDCE,PP,PP2304,N,20230324,21:13,14,1,7560.0,15,0,大商所,2023
20230413,XGFE,SI,SI2310,D,20230413,09:03,4,1,15130.0,15,0,广期所,2023
20230413,XDCE,P,P2304,D,20230413,09:17,17,100,7840.0,15,0,大商所,2023
20230413,XDCE,V,V2304,D,20230413,09:57,57,10,6100.0,15,0,大商所,2023
20230607,XDCE,PG,PG2405,N,20230606,21:12,13,1,3875.0,15,0,大商所,2023
20230714,XDCE,A,A2307,D,20230714,15:00,225,79,5273.0,15,0,大商所,2023
20230714,XDCE,B,B2406,N,20230713,21:16,17,1,3887.0,15,0,大商所,2023
20230714,XDCE,EB,EB2402,N,20230713,21:04,5,1,7573.0,15,0,大商所,2023
20230714,XDCE,EB,EB2403,N,20230713,21:05,6,2,7574.5,15,0,大商所,2023
20230714,XDCE,EB,EB2404,N,20230713,21:05,6,1,7570.0,15,0,大商所,2023
20230714,XDCE,JM,JM2406,N,20230713,21:02,3,1,1317.5,15,0,大商所,2023
20230714,XDCE,L,L2307,D,20230714,15:00,225,3,7946.0,15,0,大商所,2023
20230714,XDCE,P,P2307,D,20230714,15:00,225,3,7668.0,15,0,大商所,2023
20230714,XDCE,PG,PG2311,N,20230713,21:01,2,1,4499.0,15,0,大商所,2023
20230714,XDCE,PG,PG2312,N,20230713,21:01,2,1,4412.0,15,0,大商所,2023
20230714,XDCE,PG,PG2406,D,20230714,09:01,1,1,4142.0,15,0,大商所,2023
20230714,XDCE,V,V2307,D,20230714,11:14,119,1,5998.0,15,0,大商所,2023
20230801,XDCE,B,B2403,N,20230731,21:49,50,2,4199.5,15,0,大商所,2023
20230801,XDCE,B,B2406,N,20230731,21:33,34,1,3955.0,15,0,大商所,2023
20230801,XDCE,EG,EG2406,N,20230731,21:06,7,3,4389.0,15,0,大商所,2023
20230801,XDCE,L,L2406,N,20230731,21:51,52,1,8104.0,15,0,大商所,2023
20230801,XDCE,PG,PG2406,N,20230731,21:33,34,1,4439.0,15,0,大商所,2023
20230817,XDCE,P,P2406,N,20230816,21:01,2,1,7366.0,15,0,大商所,2023
20230817,XDCE,P,P2407,N,20230816,21:01,2,1,7338.0,15,0,大商所,2023
20230817,XDCE,PG,PG2403,N,20230816,21:01,2,1,4269.0,15,0,大商所,2023
20230817,XDCE,PG,PG2404,N,20230816,21:01,2,1,4689.0,15,0,大商所,2023
20230817,XDCE,PG,PG2405,N,20230816,21:01,2,3,4482.0,15,0,大商所,2023
20230817,XDCE,PP,PP2404,N,20230816,21:01,2,14,7321.14,15,0,大商所,2023
20230817,XDCE,RR,RR2403,N,20230816,21:01,2,1,3650.0,15,0,大商所,2023
20230817,XDCE,RR,RR2404,N,20230816,21:01,2,1,3656.0,15,0,大商所,2023
20230904,XDCE,B,B2404,D,20230904,09:36,36,2,4335.0,15,0,大商所,2023
20230904,XDCE,EG,EG2309,N,20230901,21:22,23,12,4077.0,15,0,大商所,2023
20230904,XDCE,EG,EG2408,N,20230901,21:27,28,1,4405.0,15,0,大商所,2023
20230904,XDCE,J,J2406,D,20230904,11:22,127,1,2258.0,15,0,大商所,2023
20230920,XGFE,LC,LC2403,D,20230920,09:01,2,1,155700.0,15,0,广期所,2023
20230920,XDCE,B,B2405,N,20230919,21:01,2,1,4024.0,15,0,大商所,2023
20230920,XDCE,B,B2406,N,20230919,21:01,2,1,4008.0,15,0,大商所,2023
20230920,XDCE,P,P2406,N,20230919,21:01,2,1,7380.0,15,0,大商所,2023
20230920,XDCE,RR,RR2406,N,20230919,21:01,2,1,3668.0,15,0,大商所,2023
20230920,XDCE,RR,RR2407,N,20230919,21:01,2,1,3674.0,15,0,大商所,2023
20231016,XDCE,B,B2407,N,20231013,21:01,2,1,3977.0,15,0,大商所,2023
20231016,XDCE,B,B2408,N,20231013,21:01,2,1,3986.0,15,0,大商所,2023
20231016,XDCE,EB,EB2406,N,20231013,21:38,39,2,8080.0,15,0,大商所,2023
20231016,XDCE,EB,EB2407,N,20231013,21:38,39,2,8064.0,15,0,大商所,2023
20231016,XDCE,EG,EG2310,N,20231013,21:08,9,1,3991.0,15,0,大商所,2023
20231016,XDCE,J,J2311,N,20231013,22:09,70,1,2392.5,15,0,大商所,2023
20231016,XDCE,J,J2312,N,20231013,22:17,78,1,2373.0,15,0,大商所,2023
20231016,XDCE,J,J2409,N,20231013,21:02,3,2,2186.5,15,0,大商所,2023
20231016,XDCE,JM,JM2409,N,20231013,21:17,18,1,1528.5,15,0,大商所,2023
20231016,XDCE,PP,PP2406,N,20231013,21:01,2,1,7483.0,15,0,大商所,2023
20231016,XDCE,RR,RR2406,N,20231013,21:01,2,2,3661.0,15,0,大商所,2023
20231016,XDCE,RR,RR2407,N,20231013,21:01,2,2,3678.0,15,0,大商所,2023
20231016,XDCE,V,V2310,D,20231016,09:14,14,500,5840.0,15,0,大商所,2023
20231101,XDCE,B,B2406,N,20231031,21:01,2,2,3981.0,15,0,大商所,2023
20231101,XDCE,B,B2407,N,20231031,21:01,2,1,3981.0,15,0,大商所,2023
20231101,XDCE,B,B2408,N,20231031,21:01,2,1,3989.0,15,0,大商所,2023
20231101,XDCE,J,J2409,D,20231101,09:13,13,1,2308.0,15,0,大商所,2023
20231101,XDCE,JD,JD2408,D,20231101,09:05,6,1,4541.0,15,0,大商所,2023
20231101,XDCE,L,L2409,N,20231031,21:01,2,1,8130.0,15,0,大商所,2023
20231101,XDCE,P,P2403,N,20231031,21:01,2,4,7174.5,15,0,大商所,2023
20231101,XDCE,P,P2406,N,20231031,21:03,4,1,7138.0,15,0,大商所,2023
20231117,XDCE,B,B2409,N,20231116,21:04,5,1,4161.0,15,0,大商所,2023
20231117,XDCE,B,B2410,N,20231116,21:04,5,1,4153.0,15,0,大商所,2023
20231117,XDCE,EB,EB2409,N,20231116,21:01,2,1,8360.0,15,0,大商所,2023
20231117,XDCE,PG,PG2406,N,20231116,21:07,8,4,4973.0,15,0,大商所,2023
20231205,XDCE,B,B2407,N,20231204,21:01,2,1,3976.0,15,0,大商所,2023
20231205,XDCE,EG,EG2312,D,20231205,09:52,52,20,4005.0,15,0,大商所,2023
20231205,XDCE,M,M2312,D,20231205,13:31,136,10,3904.0,15,0,大商所,2023
20231205,XDCE,PG,PG2407,N,20231204,21:01,2,2,4448.0,15,0,大商所,2023
20231205,XDCE,PG,PG2409,N,20231204,21:01,2,2,4370.0,15,0,大商所,2023
20231221,XDCE,EB,EB2408,N,20231220,21:32,33,1,8332.0,15,0,大商所,2023
20231221,XDCE,JM,JM2406,N,20231220,21:01,2,1,1897.5,15,0,大商所,2023
20240109,XGFE,SI,SI2401,D,20240109,14:00,166,30,13985.0,15,0,广期所,2024
20240109,XDCE,EB,EB2408,N,20240108,21:01,2,1,8220.0,15,0,大商所,2024
20240109,XDCE,EB,EB2410,N,20240108,21:01,2,1,8159.0,15,0,大商所,2024
20240109,XDCE,I,I2408,N,20240108,21:01,2,1,930.5,15,0,大商所,2024
20240109,XDCE,L,L2407,D,20240109,11:13,118,1,8050.0,15,0,大商所,2024
20240109,XDCE,PG,PG2401,N,20240108,21:06,7,10,4609.0,15,0,大商所,2024
20240109,XDCE,PG,PG2412,D,20240109,14:24,189,1,4840.0,15,0,大商所,2024
20240109,XDCE,PP,PP2407,N,20240108,21:01,2,14,7336.0,15,0,大商所,2024
20240109,XDCE,V,V2407,N,20240108,21:01,2,2,5907.0,15,0,大商所,2024
20240109,XDCE,V,V2408,N,20240108,21:01,2,2,5929.0,15,0,大商所,2024
20240125,XDCE,B,B2407,N,20240124,21:09,10,1,3686.0,15,0,大商所,2024
20240125,XDCE,EB,EB2407,N,20240124,21:04,5,1,8687.0,15,0,大商所,2024
20240125,XDCE,EB,EB2408,N,20240124,21:18,19,8,8617.25,15,0,大商所,2024
20240125,XDCE,J,J2404,N,20240124,21:45,46,1,2498.5,15,0,大商所,2024
20240125,XDCE,J,J2406,D,20240125,09:16,16,3,2482.0,15,0,大商所,2024
20240125,XDCE,L,L2402,N,20240124,21:12,13,5,8203.0,15,0,大商所,2024
20240125,XDCE,L,L2404,N,20240124,21:01,2,3,8288.0,15,0,大商所,2024
20240125,XDCE,L,L2410,D,20240125,10:49,94,2,8239.0,15,0,大商所,2024
20240125,XDCE,P,P2402,N,20240124,21:08,9,1,7580.0,15,0,大商所,2024
20240125,XDCE,RR,RR2409,N,20240124,21:08,9,5,3580.0,15,0,大商所,2024
20240220,XDCE,CS,CS2501,N,20240219,21:06,7,1,2855.0,15,0,大商所,2024
20240220,XDCE,J,J2404,N,20240219,21:05,6,4,2268.0,15,0,大商所,2024
20240220,XDCE,L,L2404,N,20240219,21:01,2,12,8233.75,15,0,大商所,2024
20240220,XDCE,L,L2410,N,20240219,21:06,7,2,8174.0,15,0,大商所,2024
20240220,XDCE,L,L2411,N,20240219,21:06,7,2,8174.0,15,0,大商所,2024
20240220,XDCE,P,P2412,N,20240219,21:24,25,1,6776.0,15,0,大商所,2024
20240220,XDCE,PG,PG2407,N,20240219,21:23,24,3,4429.0,15,0,大商所,2024
20240220,XDCE,PP,PP2406,N,20240219,21:01,2,3,7466.0,15,0,大商所,2024
20240220,XDCE,PP,PP2407,N,20240219,21:01,2,1,7448.0,15,0,大商所,2024
20240220,XDCE,PP,PP2408,N,20240219,21:01,2,1,7454.0,15,0,大商所,2024
20240220,XDCE,V,V2408,N,20240219,21:01,2,2,5893.5,15,0,大商所,2024
20240220,XDCE,V,V2410,N,20240219,21:01,2,5,5933.6,15,0,大商所,2024
20240307,XDCE,J,J2404,N,20240306,22:17,78,3,2308.5,15,0,大商所,2024
20240307,XDCE,J,J2501,N,20240306,21:04,5,1,2264.0,15,0,大商所,2024
20240307,XDCE,JM,JM2406,N,20240306,21:01,2,1,1703.5,15,0,大商所,2024
20240307,XDCE,JM,JM2501,N,20240306,21:02,3,4,1678.0,15,0,大商所,2024
20240307,XDCE,M,M2403,D,20240307,10:03,63,30,3185.0,15,0,大商所,2024
20240307,XDCE,P,P2411,N,20240306,21:01,2,5,7085.2,15,0,大商所,2024
20240307,XDCE,PG,PG2407,N,20240306,21:01,2,6,4476.33,15,0,大商所,2024
20240307,XDCE,PG,PG2408,N,20240306,21:02,3,1,4385.0,15,0,大商所,2024
20240307,XDCE,PP,PP2407,N,20240306,21:01,2,3,7452.0,15,0,大商所,2024
20240307,XDCE,PP,PP2412,D,20240307,09:15,15,2,7457.0,15,0,大商所,2024
20240307,XDCE,V,V2404,N,20240306,21:01,2,40,5896.0,15,0,大商所,2024
20240307,XDCE,V,V2410,N,20240306,21:01,2,1,6092.0,15,0,大商所,2024
20240307,XDCE,V,V2412,N,20240306,21:23,24,2,6128.0,15,0,大商所,2024
20240325,XDCE,B,B2408,N,20240322,21:01,2,5,3929.2,15,0,大商所,2024
20240325,XDCE,EB,EB2410,D,20240325,10:32,77,2,8873.0,15,0,大商所,2024
20240325,XDCE,EG,EG2408,N,20240322,21:01,2,1,4570.0,15,0,大商所,2024
20240325,XDCE,EG,EG2501,N,20240322,21:01,2,1,4632.0,15,0,大商所,2024
20240325,XDCE,I,I2412,N,20240322,21:12,13,2,781.5,15,0,大商所,2024
20240325,XDCE,JM,JM2404,N,20240322,21:14,15,2,1589.5,15,0,大商所,2024
20240325,XDCE,L,L2404,N,20240322,21:22,23,2,8223.0,15,0,大商所,2024
20240325,XDCE,L,L2407,N,20240322,21:01,2,1,8288.0,15,0,大商所,2024
20240325,XDCE,PP,PP2407,N,20240322,21:01,2,3,7553.33,15,0,大商所,2024
20240325,XDCE,PP,PP2410,N,20240322,22:23,84,1,7549.0,15,0,大商所,2024
20240325,XDCE,PP,PP2501,N,20240322,21:37,38,10,7552.6,15,0,大商所,2024
20240325,XDCE,V,V2408,N,20240322,21:01,2,5,6058.0,15,0,大商所,2024
20240412,XGFE,SI,SI2404,D,20240412,09:23,24,55,12000.0,15,0,广期所,2024
20240412,XDCE,A,A2411,N,20240411,21:01,2,9,4747.0,15,0,大商所,2024
20240412,XDCE,B,B2404,D,20240412,09:28,28,84,3738.0,15,0,大商所,2024
20240412,XDCE,EB,EB2404,N,20240411,21:18,19,24,9490.0,15,0,大商所,2024
20240412,XDCE,EG,EG2408,N,20240411,21:01,2,2,4487.5,15,0,大商所,2024
20240412,XDCE,P,P2412,N,20240411,21:01,2,1,7732.0,15,0,大商所,2024
20240412,XDCE,PP,PP2408,N,20240411,21:01,2,4,7605.0,15,0,大商所,2024
20240412,XDCE,V,V2404,N,20240411,21:09,10,1,5788.0,15,0,大商所,2024
20240412,XDCE,V,V2411,N,20240411,21:01,2,2,6040.0,15,0,大商所,2024
20240412,XDCE,V,V2412,N,20240411,21:12,13,6,6076.0,15,0,大商所,2024
20240430,XDCE,B,B2410,N,20240429,21:42,43,2,3989.5,15,0,大商所,2024
20240430,XDCE,B,B2411,N,20240429,21:01,2,2,3960.0,15,0,大商所,2024
20240430,XDCE,EG,EG2407,N,20240429,21:01,2,3,4390.0,15,0,大商所,2024
20240430,XDCE,L,L2411,N,20240429,21:01,2,1,8470.0,15,0,大商所,2024
20240430,XDCE,P,P2412,N,20240429,21:01,2,3,7424.0,15,0,大商所,2024
20240430,XDCE,P,P2503,N,20240429,21:09,10,1,7398.0,15,0,大商所,2024
20240430,XDCE,PP,PP2406,N,20240429,21:01,2,6,7582.33,15,0,大商所,2024
20240430,XDCE,PP,PP2407,N,20240429,21:01,2,10,7601.0,15,0,大商所,2024
20240430,XDCE,PP,PP2408,N,20240429,21:01,2,10,7614.5,15,0,大商所,2024
20240430,XDCE,V,V2412,N,20240429,21:01,2,3,6093.0,15,0,大商所,2024
20240521,XDCE,B,B2411,N,20240520,21:01,2,4,4161.75,15,0,大商所,2024
20240521,XDCE,B,B2412,N,20240520,22:22,83,1,4192.0,15,0,大商所,2024
20240521,XDCE,B,B2502,N,20240520,21:01,2,1,4042.0,15,0,大商所,2024
20240521,XDCE,B,B2503,N,20240520,21:01,2,1,3967.0,15,0,大商所,2024
20240521,XDCE,EG,EG2407,N,20240520,21:01,2,3,4506.67,15,0,大商所,2024
20240521,XDCE,EG,EG2408,N,20240520,21:01,2,3,4534.0,15,0,大商所,2024
20240521,XDCE,P,P2411,N,20240520,21:01,2,1,7662.0,15,0,大商所,2024
20240521,XDCE,P,P2412,N,20240520,21:01,2,8,7660.75,15,0,大商所,2024
20240606,XDCE,JD,JD2504,D,20240606,09:01,2,1,3758.0,15,0,大商所,2024
20240606,XDCE,PG,PG2412,N,20240605,21:28,29,1,4849.0,15,0,大商所,2024
20240606,XDCE,PG,PG2504,N,20240605,21:05,6,3,4931.0,15,0,大商所,2024
20240606,XDCE,PP,PP2410,N,20240605,21:01,2,2,7654.0,15,0,大商所,2024
20240606,XDCE,PP,PP2412,N,20240605,21:04,5,23,7674.17,15,0,大商所,2024
20240606,XDCE,RR,RR2411,D,20240606,09:01,1,1,3549.0,15,0,大商所,2024
20240606,XDCE,RR,RR2412,D,20240606,09:01,1,1,3548.0,15,0,大商所,2024
20240606,XDCE,V,V2412,N,20240605,21:01,2,4,6419.0,15,0,大商所,2024
20240625,XDCE,B,B2502,N,20240624,21:01,2,4,3905.75,15,0,大商所,2024
20240625,XDCE,B,B2503,N,20240624,21:01,2,3,3823.0,15,0,大商所,2024
20240625,XDCE,CS,CS2505,N,20240624,21:01,2,5,2867.0,15,0,大商所,2024
20240625,XDCE,EB,EB2501,N,20240624,21:01,2,6,8820.0,15,0,大商所,2024
20240625,XDCE,EB,EB2502,N,20240624,21:01,2,6,8771.0,15,0,大商所,2024
20240625,XDCE,EB,EB2503,N,20240624,21:01,2,6,8748.0,15,0,大商所,2024
20240625,XDCE,I,I2503,N,20240624,21:01,2,1,771.5,15,0,大商所,2024
20240625,XDCE,I,I2504,N,20240624,21:12,13,3,771.0,15,0,大商所,2024
20240625,XDCE,J,J2407,N,20240624,22:25,86,1,2190.0,15,0,大商所,2024
20240625,XDCE,J,J2505,N,20240624,22:07,68,1,2290.0,15,0,大商所,2024
20240625,XDCE,L,L2407,N,20240624,21:04,5,5,8418.0,15,0,大商所,2024
20240625,XDCE,L,L2410,N,20240624,21:14,15,1,8495.0,15,0,大商所,2024
20240625,XDCE,P,P2411,N,20240624,21:01,2,1,7608.0,15,0,大商所,2024
20240625,XDCE,P,P2412,N,20240624,21:01,2,3,7610.0,15,0,大商所,2024
20240625,XDCE,PG,PG2406,D,20240625,15:00,225,10,5005.0,15,0,大商所,2024
20240625,XDCE,PG,PG2501,N,20240624,21:09,10,2,4945.5,15,0,大商所,2024
20240625,XDCE,PG,PG2502,N,20240624,21:09,10,3,4845.33,15,0,大商所,2024
20240625,XDCE,PG,PG2503,N,20240624,21:05,6,1,4720.0,15,0,大商所,2024
20240625,XDCE,PG,PG2504,N,20240624,21:05,6,1,5075.0,15,0,大商所,2024
20240625,XDCE,PG,PG2505,N,20240624,21:53,54,2,4926.5,15,0,大商所,2024
20240625,XDCE,PP,PP2408,N,20240624,21:01,2,11,7649.55,15,0,大商所,2024
20240625,XDCE,PP,PP2411,N,20240624,21:01,2,4,7694.0,15,0,大商所,2024
20240625,XDCE,PP,PP2412,N,20240624,21:01,2,11,7696.18,15,0,大商所,2024
20240625,XDCE,PP,PP2502,N,20240624,21:01,2,6,7673.83,15,0,大商所,2024
20240625,XDCE,RR,RR2410,N,20240624,22:39,100,1,3530.0,15,0,大商所,2024
20240625,XDCE,V,V2502,N,20240624,21:01,2,3,6209.0,15,0,大商所,2024
20240711,XDCE,EB,EB2407,N,20240710,21:13,14,176,9511.0,15,0,大商所,2024
20240711,XDCE,L,L2411,N,20240710,21:01,2,1,8411.0,15,0,大商所,2024
20240711,XDCE,PG,PG2503,N,20240710,21:09,10,2,4593.0,15,0,大商所,2024
20240711,XDCE,PG,PG2504,N,20240710,21:09,10,2,4943.5,15,0,大商所,2024
20240729,XDCE,B,B2504,N,20240726,22:05,66,1,3672.0,15,0,大商所,2024
20240729,XDCE,EB,EB2504,D,20240729,14:16,181,1,8538.0,15,0,大商所,2024
20240729,XDCE,EB,EB2506,N,20240726,22:27,88,1,8431.0,15,0,大商所,2024
20240729,XDCE,EG,EG2408,N,20240726,21:02,3,1,4623.0,15,0,大商所,2024
20240729,XDCE,EG,EG2411,N,20240726,21:01,2,11,4651.0,15,0,大商所,2024
20240729,XDCE,EG,EG2412,N,20240726,21:01,2,11,4656.91,15,0,大商所,2024
20240729,XDCE,J,J2408,D,20240729,13:56,161,1,2038.0,15,0,大商所,2024
20240729,XDCE,J,J2505,N,20240726,22:39,100,1,2213.5,15,0,大商所,2024
20240729,XDCE,JM,JM2505,N,20240726,21:01,2,2,1580.5,15,0,大商所,2024
20240729,XDCE,L,L2410,N,20240726,21:01,2,4,8297.0,15,0,大商所,2024
20240729,XDCE,P,P2411,N,20240726,21:01,2,3,7784.0,15,0,大商所,2024
20240729,XDCE,P,P2412,N,20240726,21:01,2,5,7764.0,15,0,大商所,2024
20240729,XDCE,P,P2502,N,20240726,21:01,2,1,7752.0,15,0,大商所,2024
20240729,XDCE,PG,PG2502,N,20240726,21:12,13,1,4652.0,15,0,大商所,2024
20240729,XDCE,PP,PP2411,N,20240726,21:01,2,1,7634.0,15,0,大商所,2024
20240729,XDCE,PP,PP2502,N,20240726,21:01,2,1,7579.0,15,0,大商所,2024
20240729,XDCE,Y,Y2412,N,20240726,21:01,2,1,7888.0,15,0,大商所,2024
20240814,XDCE,B,B2503,N,20240813,21:37,38,1,3438.0,15,0,大商所,2024
20240814,XDCE,B,B2504,N,20240813,21:37,38,1,3403.0,15,0,大商所,2024
20240814,XDCE,J,J2408,N,20240813,22:11,72,2,2017.5,15,0,大商所,2024
20240814,XDCE,JM,JM2412,N,20240813,21:16,17,1,1365.0,15,0,大商所,2024
20240814,XDCE,JM,JM2505,N,20240813,21:06,7,11,1377.5,15,0,大商所,2024
20240814,XDCE,L,L2408,D,20240814,15:00,225,3,8311.0,15,0,大商所,2024
20240814,XDCE,L,L2410,N,20240813,21:01,2,4,8174.25,15,0,大商所,2024
20240814,XDCE,L,L2506,N,20240813,22:07,68,1,8111.0,15,0,大商所,2024
20240814,XDCE,M,M2408,N,20240813,21:03,4,100,2969.0,15,0,大商所,2024
20240830,XDCE,B,B2502,N,20240829,21:01,2,4,3557.25,15,0,大商所,2024
20240830,XDCE,EB,EB2506,N,20240829,22:24,85,1,8899.0,15,0,大商所,2024
20240830,XDCE,JD,JD2504,D,20240830,09:01,2,2,3324.0,15,0,大商所,2024
20240830,XDCE,P,P2504,N,20240829,21:01,2,9,7915.33,15,0,大商所,2024
20240830,XDCE,PG,PG2506,D,20240830,10:01,61,2,4644.0,15,0,大商所,2024
20240830,XDCE,PG,PG2507,D,20240830,10:01,61,1,4548.0,15,0,大商所,2024
20240919,XDCE,CS,CS2505,N,20240918,21:01,2,3,2644.0,15,0,大商所,2024
20240919,XDCE,CS,CS2507,N,20240918,21:01,2,3,2639.0,15,0,大商所,2024
20240919,XDCE,EB,EB2506,N,20240918,21:12,13,1,8315.0,15,0,大商所,2024
20240919,XDCE,EB,EB2507,N,20240918,21:12,13,1,8309.0,15,0,大商所,2024
20240919,XDCE,JD,JD2506,D,20240919,09:01,2,4,3263.0,15,0,大商所,2024
20240919,XDCE,JM,JM2412,N,20240918,22:06,67,1,1210.5,15,0,大商所,2024
20240919,XDCE,L,L2502,N,20240918,21:13,14,8,7759.0,15,0,大商所,2024
20240919,XDCE,L,L2507,N,20240918,21:17,18,1,7730.0,15,0,大商所,2024
20240919,XDCE,L,L2508,N,20240918,21:17,18,1,7728.0,15,0,大商所,2024
20240919,XDCE,LH,LH2505,D,20240919,09:01,2,1,14785.0,15,0,大商所,2024
20240919,XDCE,PG,PG2506,D,20240919,09:58,58,2,4372.0,15,0,大商所,2024
20240919,XDCE,V,V2502,N,20240918,21:01,2,9,5240.67,15,0,大商所,2024
20241014,XDCE,L,L2502,N,20241011,21:01,2,7,8202.86,15,0,大商所,2024
20241014,XDCE,L,L2508,D,20241014,09:48,48,1,8172.0,15,0,大商所,2024
20241014,XDCE,P,P2410,D,20241014,13:51,156,40,8898.0,15,0,大商所,2024
20241014,XDCE,PG,PG2506,D,20241014,10:57,102,1,4721.0,15,0,大商所,2024
20241014,XDCE,PG,PG2507,D,20241014,10:57,102,1,4659.0,15,0,大商所,2024
20241014,XDCE,PP,PP2502,N,20241011,21:01,2,8,7633.0,15,0,大商所,2024
20241030,XDCE,EG,EG2411,N,20241029,21:05,6,1,4482.0,15,0,大商所,2024
20241030,XDCE,EG,EG2502,N,20241029,21:01,2,1,4555.0,15,0,大商所,2024
20241030,XDCE,J,J2504,N,20241029,22:15,76,1,2124.0,15,0,大商所,2024
20241030,XDCE,JD,JD2507,D,20241030,09:01,2,1,3434.0,15,0,大商所,2024
20241030,XDCE,L,L2503,N,20241029,21:04,5,2,8002.0,15,0,大商所,2024
20241030,XDCE,L,L2504,N,20241029,21:01,2,2,8062.0,15,0,大商所,2024
20241030,XDCE,L,L2506,N,20241029,21:33,34,2,8048.0,15,0,大商所,2024
20241030,XDCE,L,L2507,N,20241029,21:33,34,2,8064.0,15,0,大商所,2024
20241030,XDCE,L,L2509,N,20241029,21:29,30,1,8007.0,15,0,大商所,2024
20241030,XDCE,Y,Y2507,N,20241029,21:01,2,14,7887.43,15,0,大商所,2024
20241115,XDCE,JM,JM2504,D,20241115,10:52,97,1,1307.5,15,0,大商所,2024
20241115,XDCE,P,P2510,N,20241114,21:01,2,3,8246.0,15,0,大商所,2024
20241115,XDCE,V,V2504,N,20241114,21:01,2,1,5612.0,15,0,大商所,2024
20241115,XDCE,Y,Y2508,N,20241114,21:01,2,1,7826.0,15,0,大商所,2024
20241203,XDCE,LG,LG2511,D,20241203,09:01,2,1,841.5,15,0,大商所,2024
20241203,XDCE,M,M2412,D,20241203,13:49,154,1,2869.0,15,0,大商所,2024
20241203,XDCE,PG,PG2506,N,20241202,21:25,26,1,4501.0,15,0,大商所,2024
20241203,XDCE,PG,PG2507,N,20241202,21:25,26,1,4430.0,15,0,大商所,2024
20241203,XDCE,PP,PP2502,N,20241202,21:01,2,1,7505.0,15,0,大商所,2024
20241203,XDCE,Y,Y2412,D,20241203,10:43,88,54,8266.0,15,0,大商所,2024
20241219,XDCE,B,B2509,N,20241218,21:01,2,2,3368.0,15,0,大商所,2024
20241219,XDCE,EB,EB2412,D,20241219,11:22,127,34,8561.0,15,0,大商所,2024
20241219,XDCE,I,I2507,N,20241218,21:01,2,5,766.5,15,0,大商所,2024
20241219,XDCE,I,I2508,N,20241218,21:01,2,5,761.5,15,0,大商所,2024
20241219,XDCE,PG,PG2506,N,20241218,21:05,6,1,4422.0,15,0,大商所,2024
20241219,XDCE,PG,PG2509,N,20241218,21:27,28,1,4162.0,15,0,大商所,2024
20241219,XDCE,PG,PG2511,N,20241218,21:32,33,1,4507.0,15,0,大商所,2024
20241219,XDCE,V,V2504,N,20241218,21:01,2,1,5296.0,15,0,大商所,2024
20241219,XDCE,V,V2507,N,20241218,21:01,2,1,5422.0,15,0,大商所,2024
20250107,XDCE,EB,EB2501,N,20250106,21:05,6,1000,8249.0,15,0,大商所,2025
20250107,XDCE,EG,EG2503,N,20250106,21:02,3,1,4625.0,15,0,大商所,2025
20250107,XDCE,J,J2501,D,20250107,09:12,12,3,1712.0,15,0,大商所,2025
20250107,XDCE,P,P2508,N,20250106,21:10,11,1,8176.0,15,0,大商所,2025
20250107,XDCE,PG,PG2510,N,20250106,21:15,16,1,4711.0,15,0,大商所,2025
20250107,XDCE,PP,PP2504,N,20250106,21:01,2,2,7365.0,15,0,大商所,2025
20250107,XDCE,V,V2508,N,20250106,21:19,20,2,5286.0,15,0,大商所,2025
20250107,XDCE,Y,Y2511,N,20250106,21:20,21,2,7550.0,15,0,大商所,2025
20250123,XDCE,L,L2504,N,20250122,21:01,2,1,7793.0,15,0,大商所,2025
20250123,XDCE,PG,PG2506,N,20250122,21:07,8,2,4529.0,15,0,大商所,2025
20250123,XDCE,PG,PG2510,N,20250122,22:19,80,1,4677.0,15,0,大商所,2025
20250123,XDCE,V,V2510,N,20250122,22:42,103,1,5476.0,15,0,大商所,2025
20250123,XDCE,Y,Y2511,N,20250122,21:14,15,1,7674.0,15,0,大商所,2025
20250218,XGFE,LC,LC2502,D,20250218,10:03,64,4,75000.0,15,0,广期所,2025
20250218,XGFE,SI,SI2502,D,20250218,10:04,65,1,10570.0,15,0,广期所,2025
20250218,XDCE,A,A2601,N,20250217,21:01,2,6,4007.0,15,0,大商所,2025
20250218,XDCE,J,J2502,D,20250218,15:00,225,1,1745.5,15,0,大商所,2025
20250218,XDCE,JM,JM2508,N,20250217,21:01,2,2,1145.0,15,0,大商所,2025
20250218,XDCE,P,P2502,D,20250218,15:00,225,8,9792.0,15,0,大商所,2025
20250218,XDCE,P,P2508,N,20250217,22:16,77,2,8623.0,15,0,大商所,2025
20250218,XDCE,PG,PG2508,N,20250217,21:07,8,4,4299.0,15,0,大商所,2025
20250218,XDCE,PP,PP2502,D,20250218,15:00,225,129,7358.0,15,0,大商所,2025
20250218,XDCE,PP,PP2510,N,20250217,21:02,3,4,7412.0,15,0,大商所,2025
20250218,XDCE,PP,PP2512,N,20250217,21:03,4,2,7423.0,15,0,大商所,2025
20250218,XDCE,PP,PP2601,N,20250217,21:03,4,2,7402.0,15,0,大商所,2025
20250306,XGFE,PS,PS2508,D,20250306,09:01,2,1,43785.0,15,0,广期所,2025
20250306,XGFE,PS,PS2509,D,20250306,09:01,2,1,43830.0,15,0,广期所,2025
20250306,XDCE,P,P2506,N,20250305,21:01,2,2,8667.0,15,0,大商所,2025
20250306,XDCE,P,P2510,N,20250305,21:07,8,1,8286.0,15,0,大商所,2025
20250328,XDCE,EB,EB2512,N,20250327,21:18,19,2,7637.0,15,0,大商所,2025
20250328,XDCE,EG,EG2504,N,20250327,21:10,11,5,4435.0,15,0,大商所,2025
20250328,XDCE,J,J2601,N,20250327,21:01,2,1,1717.0,15,0,大商所,2025
20250328,XDCE,JM,JM2601,N,20250327,21:01,2,1,1148.5,15,0,大商所,2025
20250328,XDCE,LG,LG2601,D,20250328,09:56,57,1,860.0,15,0,大商所,2025
20250328,XDCE,PG,PG2512,N,20250327,21:42,43,2,4412.0,15,0,大商所,2025
20250328,XDCE,V,V2511,N,20250327,21:08,9,1,5334.0,15,0,大商所,2025
20250416,XDCE,L,L2508,N,20250415,21:46,47,2,7229.0,15,0,大商所,2025
20250416,XDCE,L,L2602,N,20250415,21:24,25,1,7133.0,15,0,大商所,2025
20250416,XDCE,P,P2510,D,20250416,10:13,73,2,8100.0,15,0,大商所,2025
20250416,XDCE,PP,PP2602,N,20250415,21:01,2,1,7077.0,15,0,大商所,2025
20250416,XDCE,PP,PP2603,N,20250415,21:01,2,1,7073.0,15,0,大商所,2025
20250507,XDCE,A,A2505,D,20250507,13:32,137,110,4204.91,15,0,大商所,2025
20250507,XDCE,C,C2505,N,20250506,21:08,9,1,2330.0,15,0,大商所,2025
20250507,XDCE,EG,EG2508,N,20250506,21:14,15,1,4182.0,15,0,大商所,2025
20250507,XDCE,EG,EG2510,N,20250506,21:01,2,2,4148.0,15,0,大商所,2025
20250507,XDCE,JD,JD2604,D,20250507,09:12,13,4,3265.5,15,0,大商所,2025
20250507,XDCE,L,L2511,N,20250506,21:01,2,2,6967.0,15,0,大商所,2025
20250507,XDCE,P,P2508,N,20250506,21:01,2,1,8032.0,15,0,大商所,2025
20250507,XDCE,PG,PG2601,N,20250506,21:01,2,1,4256.0,15,0,大商所,2025
20250507,XDCE,RR,RR2512,D,20250507,13:57,162,1,3590.0,15,0,大商所,2025
20250507,XDCE,V,V2511,N,20250506,21:01,2,2,4913.0,15,0,大商所,2025
20250507,XDCE,V,V2602,N,20250506,21:01,2,44,5014.0,15,0,大商所,2025
20250507,XDCE,V,V2603,N,20250506,21:02,3,2,5030.0,15,0,大商所,2025
20250523,XDCE,B,B2603,N,20250522,21:01,2,1,3512.0,15,0,大商所,2025
20250523,XDCE,B,B2604,N,20250522,21:01,2,1,3443.0,15,0,大商所,2025
20250523,XDCE,EB,EB2512,N,20250522,21:07,8,4,6912.0,15,0,大商所,2025
20250523,XDCE,J,J2511,D,20250523,09:12,12,1,1486.0,15,0,大商所,2025
20250523,XDCE,L,L2512,N,20250522,21:23,24,1,7112.0,15,0,大商所,2025
20250523,XDCE,L,L2603,N,20250522,21:25,26,3,7100.0,15,0,大商所,2025
20250523,XDCE,PG,PG2511,N,20250522,21:55,56,2,4296.0,15,0,大商所,2025
20250523,XDCE,PG,PG2604,N,20250522,21:30,31,2,4304.0,15,0,大商所,2025
20250523,XDCE,PP,PP2602,N,20250522,21:05,6,1,6923.0,15,0,大商所,2025
20250523,XDCE,V,V2511,N,20250522,21:23,24,5,4978.0,15,0,大商所,2025
20250523,XDCE,V,V2512,N,20250522,21:23,24,5,4997.0,15,0,大商所,2025
20250611,XDCE,BB,BB2509,D,20250611,09:03,4,7,166.5,15,0,大商所,2025
20250611,XDCE,BB,BB2511,D,20250611,09:03,4,7,148.9,15,0,大商所,2025
20250611,XDCE,FB,FB2511,D,20250611,09:01,2,1,1330.0,15,0,大商所,2025
20250611,XDCE,J,J2510,N,20250610,21:05,6,4,1364.5,15,0,大商所,2025
20250611,XDCE,J,J2511,D,20250611,09:05,5,1,1382.5,15,0,大商所,2025
20250611,XDCE,J,J2602,N,20250610,21:04,5,3,1379.5,15,0,大商所,2025
20250611,XDCE,JM,JM2604,N,20250610,21:02,3,1,818.5,15,0,大商所,2025
20250611,XDCE,PG,PG2506,D,20250611,15:00,225,258,4200.0,15,0,大商所,2025
20250611,XDCE,PG,PG2511,N,20250610,21:02,3,10,4209.0,15,0,大商所,2025
20250611,XDCE,PG,PG2512,N,20250610,21:09,10,2,4137.0,15,0,大商所,2025
20250611,XDCE,V,V2506,D,20250611,13:49,154,66,4738.0,15,0,大商所,2025
20250630,XDCE,B,B2507,N,20250627,21:19,20,5,3544.0,15,0,大商所,2025
20250630,XDCE,EG,EG2512,N,20250627,21:09,10,1,4294.0,15,0,大商所,2025
20250630,XDCE,EG,EG2602,N,20250627,21:09,10,1,4304.0,15,0,大商所,2025
20250630,XDCE,J,J2507,N,20250627,21:14,15,20,1362.0,15,0,大商所,2025
20250630,XDCE,L,L2603,N,20250627,21:55,56,2,7233.5,15,0,大商所,2025
20250630,XDCE,L,L2604,N,20250627,21:55,56,2,7265.0,15,0,大商所,2025
20250630,XDCE,P,P2511,N,20250627,21:01,2,5,8362.0,15,0,大商所,2025
20250630,XDCE,PG,PG2512,N,20250627,21:06,7,1,4368.0,15,0,大商所,2025
20250630,XDCE,Y,Y2603,N,20250627,21:11,12,1,7806.0,15,0,大商所,2025
20250716,XDCE,P,P2603,N,20250715,21:01,2,2,8637.0,15,0,大商所,2025
20250716,XDCE,P,P2604,N,20250715,21:01,2,2,8592.0,15,0,大商所,2025
20250716,XDCE,PG,PG2604,N,20250715,21:02,3,1,4344.0,15,0,大商所,2025
20250716,XDCE,PG,PG2605,N,20250715,21:02,3,1,4242.0,15,0,大商所,2025
20250716,XDCE,PP,PP2606,N,20250715,21:04,5,3,7000.33,15,0,大商所,2025
20250805,XGFE,SI,SI2508,D,20250805,14:44,210,17,8355.0,15,0,广期所,2025
20250805,XDCE,JD,JD2607,D,20250805,09:01,2,1,3516.0,15,0,大商所,2025
20250805,XDCE,L,L2508,N,20250804,22:08,69,70,7311.0,15,0,大商所,2025
20250805,XDCE,L,L2603,N,20250804,21:14,15,7,7389.0,15,0,大商所,2025
20250805,XDCE,L,L2604,N,20250804,21:14,15,5,7410.0,15,0,大商所,2025
20250805,XDCE,P,P2508,D,20250805,11:26,131,1,8856.0,15,0,大商所,2025
20250821,XDCE,B,B2604,N,20250820,21:02,3,4,3652.0,15,0,大商所,2025
20250821,XDCE,EB,EB2508,D,20250821,15:00,225,38,7200.0,15,0,大商所,2025
20250821,XDCE,J,J2512,N,20250820,22:32,93,2,1676.5,15,0,大商所,2025
20250821,XDCE,JM,JM2606,N,20250820,21:02,3,1,1217.0,15,0,大商所,2025
20250821,XDCE,P,P2604,N,20250820,22:23,84,2,9363.0,15,0,大商所,2025
20250821,XDCE,P,P2606,N,20250820,21:02,3,1,9128.0,15,0,大商所,2025
20250821,XDCE,P,P2607,N,20250820,21:02,3,1,9010.0,15,0,大商所,2025
20250909,XDCE,A,A2509,D,20250909,15:00,225,2,4067.0,15,0,大商所,2025
20250909,XDCE,CS,CS2607,N,20250908,21:02,3,3,2623.0,15,0,大商所,2025
20250909,XDCE,J,J2512,N,20250908,21:01,2,2,1588.75,15,0,大商所,2025
20250909,XDCE,PG,PG2604,N,20250908,21:06,7,1,4404.0,15,0,大商所,2025
20250909,XDCE,PG,PG2605,N,20250908,21:06,7,1,4326.0,15,0,大商所,2025
20250925,XDCE,EB,EB2509,D,20250925,15:00,225,3,6789.0,15,0,大商所,2025
20250925,XDCE,JD,JD2509,D,20250925,15:00,226,10,3220.0,15,0,大商所,2025
20250925,XDCE,LG,LG2509,D,20250925,15:00,226,2,772.0,15,0,大商所,2025
20250925,XDCE,LH,LH2509,D,20250925,15:00,226,1,13065.0,15,0,大商所,2025
20250925,XDCE,P,P2602,N,20250924,21:01,2,8,9153.75,15,0,大商所,2025
20250925,XDCE,P,P2604,N,20250924,21:01,2,8,9063.5,15,0,大商所,2025
20250925,XDCE,PP,PP2510,N,20250924,21:01,2,5,6786.2,15,0,大商所,2025
20250925,XDCE,PP,PP2604,D,20250925,09:34,34,3,6909.0,15,0,大商所,2025
20250925,XDCE,V,V2602,N,20250924,21:01,2,61,4962.0,15,0,大商所,2025
20251021,XGFE,PS,PS2510,D,20251021,09:20,21,9,52345.0,15,0,广期所,2025
20251021,XDCE,EG,EG2510,D,20251021,15:00,225,15,4057.0,15,0,大商所,2025
20251021,XDCE,P,P2606,N,20251020,21:01,2,2,9269.0,15,0,大商所,2025
20251021,XDCE,PG,PG2604,N,20251020,21:14,15,2,4137.0,15,0,大商所,2025
20251021,XDCE,PG,PG2608,N,20251020,21:11,12,1,3877.0,15,0,大商所,2025
20251021,XDCE,V,V2607,N,20251020,21:54,55,1,5086.0,15,0,大商所,2025
20251106,XDCE,EB,EB2605,N,20251105,21:01,2,5,6619.0,15,0,大商所,2025
20251106,XDCE,EB,EB2608,D,20251106,09:23,23,1,6749.0,15,0,大商所,2025
20251106,XDCE,P,P2610,N,20251105,21:11,12,1,8608.0,15,0,大商所,2025
20251124,XDCE,CS,CS2607,N,20251121,21:01,2,2,2584.0,15,0,大商所,2025
20251124,XDCE,EB,EB2606,N,20251121,21:07,8,3,6801.0,15,0,大商所,2025
20251124,XDCE,EB,EB2609,N,20251121,21:20,21,1,6860.0,15,0,大商所,2025
20251124,XDCE,J,J2606,N,20251121,21:41,42,1,1796.5,15,0,大商所,2025
20251124,XDCE,PG,PG2610,N,20251121,21:26,27,1,4260.0,15,0,大商所,2025
20251124,XDCE,RR,RR2604,N,20251121,21:01,2,4,3601.0,15,0,大商所,2025
20251124,XDCE,RR,RR2605,N,20251121,21:01,2,4,3587.0,15,0,大商所,2025
20251124,XDCE,RR,RR2606,N,20251121,21:01,2,4,3583.5,15,0,大商所,2025
20251210,XGFE,SI,SI2512,D,20251210,09:24,25,100,8415.0,15,0,广期所,2025
20251210,XDCE,B,B2512,D,20251210,13:47,152,78,3735.0,15,0,大商所,2025
20251210,XDCE,LG,LG2607,D,20251210,09:01,2,1,796.0,15,0,大商所,2025
20251210,XDCE,LG,LG2609,D,20251210,09:01,2,1,804.0,15,0,大商所,2025
20251210,XDCE,P,P2607,N,20251209,21:03,4,1,8578.0,15,0,大商所,2025
20251210,XDCE,PG,PG2606,N,20251209,21:01,2,1,4075.0,15,0,大商所,2025
20251210,XDCE,PG,PG2608,N,20251209,21:07,8,1,3930.0,15,0,大商所,2025
20251210,XDCE,PG,PG2610,N,20251209,21:04,5,2,4268.0,15,0,大商所,2025
20251226,XDCE,EG,EG2512,D,20251226,15:00,225,2,3716.0,15,0,大商所,2025
20251226,XDCE,JM,JM2610,N,20251225,21:01,2,3,1217.0,15,0,大商所,2025
20251226,XDCE,PG,PG2610,N,20251225,21:57,58,2,4139.0,15,0,大商所,2025
20251226,XDCE,PG,PG2611,N,20251225,21:57,58,2,4052.0,15,0,大商所,2025
20260115,XDCE,BZ,BZ2610,D,20260115,09:27,28,1,5912.0,15,0,大商所,2026
20260115,XDCE,EB,EB2601,D,20260115,15:00,225,3,6994.0,15,0,大商所,2026
20260115,XDCE,EB,EB2608,N,20260114,21:21,22,1,7244.0,15,0,大商所,2026
20260115,XDCE,P,P2601,D,20260115,09:13,13,1,8680.0,15,0,大商所,2026
20260115,XDCE,PG,PG2611,N,20260114,21:39,40,2,4305.5,15,0,大商所,2026
20260115,XDCE,V,V2612,N,20260114,21:06,7,1,5075.0,15,0,大商所,2026
20260202,XGFE,PS,PS2602,D,20260202,09:10,11,10,46665.0,15,0,广期所,2026
20260202,XDCE,EG,EG2607,N,20260130,21:01,2,4,3977.0,15,0,大商所,2026
20260202,XDCE,I,I2610,N,20260130,21:01,2,1,770.5,15,0,大商所,2026
20260202,XDCE,PG,PG2607,N,20260130,21:01,2,4,4345.5,15,0,大商所,2026
20260202,XDCE,PG,PG2608,N,20260130,21:01,2,4,4266.0,15,0,大商所,2026
20260202,XDCE,PG,PG2610,N,20260130,21:34,35,2,4511.0,15,0,大商所,2026
20260202,XDCE,PG,PG2611,N,20260130,21:34,35,2,4423.0,15,0,大商所,2026
20260202,XDCE,PP,PP2610,N,20260130,21:03,4,1,6855.0,15,0,大商所,2026
20260226,XDCE,J,J2701,N,20260225,21:01,2,3,1838.0,15,0,大商所,2026
20260226,XDCE,JM,JM2702,N,20260225,21:17,18,2,1395.5,15,0,大商所,2026
20260226,XDCE,L,L2608,N,20260225,21:02,3,1,6832.0,15,0,大商所,2026
20260226,XDCE,L,L2701,N,20260225,21:01,2,2,6880.5,15,0,大商所,2026
20260226,XDCE,P,P2612,N,20260225,22:00,61,4,8848.0,15,0,大商所,2026
20260226,XDCE,PG,PG2610,N,20260225,21:08,9,1,4560.0,15,0,大商所,2026
20260226,XDCE,PP,PP2610,N,20260225,21:02,3,1,6721.0,15,0,大商所,2026
20260226,XDCE,Y,Y2612,N,20260225,21:02,3,10,8172.0,15,0,大商所,2026
20260318,XGFE,PS,PS2604,D,20260318,09:37,38,10,42790.0,15,0,广期所,2026
20260318,XDCE,B,B2610,N,20260317,21:20,21,2,3831.0,15,0,大商所,2026
20260318,XDCE,B,B2611,N,20260317,21:20,21,2,3823.0,15,0,大商所,2026
20260318,XDCE,B,B2612,N,20260317,21:20,21,2,3845.5,15,0,大商所,2026
20260318,XDCE,BZ,BZ2603,D,20260318,15:00,226,66,7477.0,15,0,大商所,2026
20260318,XDCE,I,I2702,N,20260317,21:01,2,10,763.0,15,0,大商所,2026
20260318,XDCE,J,J2604,N,20260317,21:08,9,1,1713.5,15,0,大商所,2026
20260318,XDCE,JM,JM2703,D,20260318,10:36,81,2,1478.0,15,0,大商所,2026
20260318,XDCE,L,L2702,N,20260317,21:06,7,9,8045.22,15,0,大商所,2026
20260318,XDCE,P,P2611,N,20260317,21:07,8,2,9712.0,15,0,大商所,2026
20260318,XDCE,P,P2612,N,20260317,21:07,8,3,9647.33,15,0,大商所,2026
20260318,XDCE,P,P2702,N,20260317,21:07,8,2,9612.0,15,0,大商所,2026
20260318,XDCE,PP,PP2612,N,20260317,21:04,5,9,7826.0,15,0,大商所,2026
20260318,XDCE,Y,Y2703,N,20260317,21:05,6,2,8466.0,15,0,大商所,2026
20260410,XGFE,PD,PD2612,D,20260410,11:01,107,3,388.35,15,0,广期所,2026
20260410,XDCE,CS,CS2703,N,20260409,21:12,13,1,2724.0,15,0,大商所,2026
20260410,XDCE,EB,EB2612,N,20260409,21:03,4,2,8949.0,15,0,大商所,2026
20260410,XDCE,EG,EG2612,N,20260409,21:01,2,1,4832.0,15,0,大商所,2026
20260410,XDCE,EG,EG2702,N,20260409,21:06,7,6,4751.0,15,0,大商所,2026
20260410,XDCE,L,L2611,N,20260409,21:14,15,2,8175.0,15,0,大商所,2026
20260410,XDCE,P,P2611,N,20260409,21:04,5,1,9587.0,15,0,大商所,2026
20260410,XDCE,PG,PG2702,D,20260410,10:47,92,1,5051.0,15,0,大商所,2026
20260410,XDCE,PP,PP2604,N,20260409,21:01,2,100,9204.0,15,0,大商所,2026
20260410,XDCE,PP,PP2612,N,20260409,21:01,2,2,8107.0,15,0,大商所,2026
20260410,XDCE,Y,Y2703,N,20260409,21:03,4,5,8405.0,15,0,大商所,2026
20260430,XGFE,PS,PS2608,D,20260430,09:07,8,4,39000.0,15,0,广期所,2026
20260430,XDCE,I,I2612,N,20260429,21:02,3,20,773.5,15,0,大商所,2026
20260430,XDCE,J,J2701,N,20260429,21:01,2,2,1934.0,15,0,大商所,2026
20260430,XDCE,L,L2611,N,20260429,21:45,46,1,8311.0,15,0,大商所,2026
20260430,XDCE,L,L2702,N,20260429,21:17,18,1,8186.0,15,0,大商所,2026
20260430,XDCE,PP,PP2702,N,20260429,21:08,9,1,8282.0,15,0,大商所,2026
20260430,XDCE,RR,RR2608,N,20260429,22:43,104,2,3580.0,15,0,大商所,2026
20260527,XDCE,EB,EB2612,N,20260526,21:02,3,2,8205.0,15,0,大商所,2026
20260527,XDCE,EB,EB2705,D,20260527,10:07,67,1,8200.0,15,0,大商所,2026
20260527,XDCE,EG,EG2702,N,20260526,21:03,4,1,4367.0,15,0,大商所,2026
20260527,XDCE,EG,EG2703,N,20260526,21:03,4,1,4348.0,15,0,大商所,2026
20260527,XDCE,EG,EG2704,N,20260526,21:03,4,2,4348.0,15,0,大商所,2026
20260527,XDCE,JM,JM2702,N,20260526,21:01,2,1,1502.5,15,0,大商所,2026
20260527,XDCE,P,P2702,N,20260526,21:11,12,1,9692.0,15,0,大商所,2026
20260527,XDCE,P,P2704,N,20260526,21:12,13,2,9674.5,15,0,大商所,2026
20260622,XGFE,PD,PD2612,D,20260622,09:21,22,1,317.6,15,0,广期所,2026
20260622,XGFE,PT,PT2702,D,20260622,09:02,3,1,442.0,15,0,广期所,2026
20260622,XDCE,L,L2705,D,20260622,09:01,1,2,7099.5,15,0,大商所,2026
20260708,XGFE,PT,PT2702,D,20260708,09:01,2,1,407.5,15,0,广期所,2026
20260708,XDCE,J,J2704,N,20260707,21:01,2,1,2024.0,15,0,大商所,2026
20260708,XDCE,J,J2705,N,20260707,21:01,2,1,2034.0,15,0,大商所,2026
20260729,XGFE,LC,LC2608,D,20260729,09:09,10,8,143380.0,15,0,广期所,2026
20260729,XGFE,PD,PD2612,D,20260729,09:01,2,1,307.05,15,0,广期所,2026
20260729,XGFE,PD,PD2702,D,20260729,09:01,2,1,308.05,15,0,广期所,2026
20260729,XGFE,PT,PT2702,D,20260729,09:06,7,2,403.1,15,0,广期所,2026
20260729,XDCE,BZ,BZ2705,D,20260729,09:55,56,1,6756.0,15,0,大商所,2026
20260729,XDCE,BZ,BZ2706,D,20260729,09:55,56,1,6772.0,15,0,大商所,2026
20260729,XDCE,EB,EB2702,N,20260728,21:01,2,2,7758.0,15,0,大商所,2026
20260729,XDCE,EB,EB2705,N,20260728,21:15,16,3,7650.0,15,0,大商所,2026
20260729,XDCE,EG,EG2704,N,20260728,22:20,81,2,4387.0,15,0,大商所,2026
20260729,XDCE,J,J2608,D,20260729,09:36,36,1,1806.0,15,0,大商所,2026
20260729,XDCE,J,J2611,N,20260728,21:01,2,2,1874.5,15,0,大商所,2026
20260729,XDCE,J,J2612,N,20260728,21:01,2,2,1878.5,15,0,大商所,2026
20260729,XDCE,L,L2704,N,20260728,22:53,114,2,7154.0,15,0,大商所,2026
20260729,XDCE,L,L2706,N,20260728,21:03,4,2,7099.0,15,0,大商所,2026
20260729,XDCE,PG,PG2701,N,20260728,21:01,2,2,5087.5,15,0,大商所,2026
20260729,XDCE,PG,PG2702,N,20260728,21:01,2,2,4976.0,15,0,大商所,2026
20260729,XDCE,PP,PP2704,N,20260728,22:25,86,11,7297.0,15,0,大商所,2026
20260729,XDCE,Y,Y2608,N,20260728,21:01,2,3,8381.0,15,0,大商所,2026
